<Hierarchy>:
	<Frame>: 0 3 FlashBang
		<Transform>: -0.6596006 0.1121431 1.806967 0 0 0 1 1 1 0 0 0 1  
		<TransformMatrix>: 1 0 0 0 0 1 0 0 0 0 1 0 -0.6596006 0.1121431 1.806967 1  
		<Children>: 7
			<Frame>: 1 0 FlashBang00
				<Transform>: -0.01144202 0.09271099 0.006224547 2.504478E-06 0 0 1 1 1 2.185569E-08 0 0 1  
				<TransformMatrix>: 1 0 0 0 0 1 4.371139E-08 0 0 -4.371139E-08 1 0 -0.01144202 0.09271099 0.006224547 1  
				<Mesh>: 156 FlashBang00
					<Bounds>: 0 0 4.656613E-10 0.021764 0.00368 0.0064655
					<Positions>: 156 0.015843 0.002241001 -0.0006554991 0.015482 0.002602005 0.0002285016 0.018084 0.00368 0.0002285016 0.018084 0.003169002 -0.0006554985 0.016565 0.001519012 -0.0006554991 0.020326 0.002241001 -0.0006554991 0.020687 0.002602005 0.0002285016 0.021764 0 0.0002285004 0.018084 0.002147999 -0.0006554991 0.016926 0.001158009 0.000228501 0.018084 0.001638012 0.000228501 0.019243 0.001158009 0.000228501 0.019604 0.001519012 -0.0006554991 0.021254 0 -0.0006554997 0.020233 0 -0.0006554997 0.019722 0 0.0002285004 0.019243 -0.001157989 0.0002284998 0.020326 -0.002241001 -0.0006555003 0.020687 -0.002601986 0.0002284998 0.018084 -0.00368 0.0002284992 0.019604 -0.001518993 -0.0006555003 0.018084 -0.003168983 -0.0006555009 0.018084 -0.002147999 -0.0006555003 0.018084 -0.001637993 0.0002284998 0.016926 -0.001157989 0.0002284998 0.015843 -0.002241001 -0.0006555003 0.015482 -0.002601986 0.0002284998 0.014729 -0.0007819938 0.0002284998 0.014867 -0.0006099892 -0.0001354998 0.016565 -0.001518993 -0.0006555003 0.015936 0 -0.0006554997 0.016447 0 0.0002285004 0.016926 0.001158009 0.000228501 0.016565 0.001519012 -0.0006554991 0.014915 0 -0.0006554997 0.014818 0 -0.0004874998 0.014867 0.0006100083 -0.0001354992 0.015843 0.002241001 -0.0006554991 0.014738 0.0008060074 0.000228501 0.015482 0.002602005 0.0002285016 0.018084 0.00368 0.0002285016 0.015482 0.002602005 0.0002285016 0.015843 0.002241001 0.001112501 0.018084 0.003169002 0.001112502 0.016565 0.001519012 0.001112501 0.020326 0.002241001 0.001112501 0.020687 0.002602005 0.0002285016 0.021764 0 0.0002285004 0.018084 0.002147999 0.001112501 0.016926 0.001158009 0.000228501 0.018084 0.001638012 0.000228501 0.019243 0.001158009 0.000228501 0.019604 0.001519012 0.001112501 0.021254 0 0.0011125 0.020233 0 0.0011125 0.019722 0 0.0002285004 0.019243 -0.001157989 0.0002284998 0.020326 -0.002241001 0.0011125 0.020687 -0.002601986 0.0002284998 0.018084 -0.00368 0.0002284992 0.019604 -0.001518993 0.0011125 0.018084 -0.003168983 0.001112499 0.018084 -0.002147999 0.0011125 0.018084 -0.001637993 0.0002284998 0.016926 -0.001157989 0.0002284998 0.015843 -0.002241001 0.0011125 0.015482 -0.002601986 0.0002284998 0.014729 -0.0007819938 0.0002284998 0.014854 -0.0006099892 0.0005695003 0.016565 -0.001518993 0.0011125 0.015936 0 0.0011125 0.016447 0 0.0002285004 0.016926 0.001158009 0.000228501 0.016565 0.001519012 0.001112501 0.014915 0 0.0011125 0.014805 0 0.0009215003 0.014854 0.0006100083 0.0005695009 0.015843 0.002241001 0.001112501 0.014738 0.0008060074 0.000228501 0.015482 0.002602005 0.0002285016 -0.021537 -0.0006099892 0.006196501 -0.021311 0 0.0064655 -0.021537 0.0006100083 0.006196501 -0.021764 0.0006100083 0.005926501 -0.021764 -0.0006099892 0.005926501 -0.020528 0.0006220054 0.003147501 -0.020528 -0.0006219864 0.0031475 -0.017662 0.0006100083 0.001160501 -0.020263 -0.0006169891 0.0034125 -0.021537 -0.0006099892 0.006196501 -0.020165 0 0.0037305 -0.021311 0 0.0064655 -0.021537 0.0006100083 0.006196501 -0.017662 -0.0006099892 0.0011605 -0.015246 0.0005550003 0.0004085004 -0.017467 -0.0006099892 0.0014395 -0.015246 -0.0005559921 0.0004095 -0.012377 -0.0006099892 0.0002175003 -0.012377 0.0006100083 0.0002175009 -0.01508 -0.0006099892 0.0006615001 -0.020263 0.0006160164 0.003412501 -0.021764 0.0006100083 0.005926501 -0.020528 0.0006220054 0.003147501 -0.017662 0.0006100083 0.001160501 -0.017467 0.0006100083 0.001439501 -0.015246 0.0005550003 0.0004085004 -0.017272 0 0.0017175 -0.01508 0.0006100083 0.0006615007 -0.012377 0.0006100083 0.0002175009 -0.012377 -0.0006099892 0.0005695003 0.014729 -0.0007819938 0.0002284998 0.014854 -0.0006099892 0.0005695003 0.014805 0 0.0009215003 -0.014976 0 0.0009904999 -0.012377 0.0006100083 0.0005695009 0.014738 0.0008060074 0.000228501 0.014854 0.0006100083 0.0005695009 -0.012377 0 0.0009215003 -0.021264 0.0006100083 -0.006289499 -0.020959 0 -0.006465499 -0.021264 -0.0006099892 -0.006289499 -0.021569 -0.0006099892 -0.006113499 -0.021569 0.0006100083 -0.006113499 -0.020648 -0.0006099892 -0.0033755 -0.020648 0.0006100083 -0.0033755 -0.020387 -0.0006049919 -0.0036625 -0.021264 -0.0006099892 -0.006289499 -0.020179 0 -0.0039035 -0.020959 0 -0.006465499 -0.021264 0.0006100083 -0.006289499 -0.017768 -0.0006099892 -0.0011155 -0.017768 0.0006100083 -0.001115499 -0.01761 -0.0006099892 -0.0013895 -0.015256 -0.0006089973 -0.0002134997 -0.015255 0.0006070137 -0.0002134991 -0.012377 -0.0006099892 0.0002175003 -0.012377 0.0006100083 0.0002175009 -0.015183 -0.0006099892 -0.0003845 -0.020387 0.000605011 -0.003662499 -0.021569 0.0006100083 -0.006113499 -0.020648 0.0006100083 -0.0033755 -0.01761 0.0006100083 -0.001389499 -0.017768 0.0006100083 -0.001115499 -0.015255 0.0006070137 -0.0002134991 -0.017452 0 -0.0016625 -0.015183 0.0006100083 -0.0003844988 -0.012377 0.0006100083 0.0002175009 -0.012377 -0.0006099892 -0.0001354998 0.014729 -0.0007819938 0.0002284998 0.014867 -0.0006099892 -0.0001354998 0.014818 0 -0.0004874998 -0.015102 0 -0.0007064998 -0.012377 0.0006100083 -0.0001354992 0.014738 0.0008060074 0.000228501 0.014867 0.0006100083 -0.0001354992 -0.012377 0 -0.0004874998  
					<Colors>: 0  
					<TextureCoords0>: 156 0.012873 0.350932 0.010087 0.352448 0.007517 0.344109 0.010625 0.344016 0.015211 0.348842 0.012388 0.337123 0.009678 0.335554 0.016024 0.329438 0.013762 0.343873 0.017946 0.347438 0.016916 0.343825 0.017824 0.340276 0.015114 0.338696 0.017506 0.332202 0.018995 0.334975 0.020475 0.337742 0.024071 0.336955 0.02444 0.330681 0.024629 0.327551 0.032956 0.330458 0.024253 0.333823 0.031147 0.333013 0.029344 0.335576 0.027556 0.338138 0.029891 0.3409 0.035573 0.338553 0.038439 0.337366 0.039234 0.343449 0.037966 0.343936 0.032768 0.339765 0.033476 0.344878 0.030352 0.344317 0.028604 0.347484 0.030961 0.349267 0.036497 0.345542 0.036828 0.345625 0.037111 0.347651 0.032633 0.351734 0.037991 0.348646 0.034995 0.353787 0.00677 0.292635 0.010218 0.284617 0.012825 0.286425 0.00985 0.29306 0.014927 0.288753 0.010867 0.300103 0.008004 0.301373 0.013665 0.308132 0.012952 0.293536 0.017494 0.290442 0.016082 0.293922 0.016606 0.297549 0.013744 0.29883 0.015431 0.305543 0.017207 0.302943 0.018971 0.300349 0.022462 0.301512 0.022166 0.30779 0.022023 0.310923 0.030612 0.308908 0.022312 0.304646 0.02908 0.306176 0.027557 0.303438 0.026051 0.300704 0.028663 0.298204 0.034057 0.301131 0.036786 0.302606 0.038184 0.296631 0.037058 0.296024 0.031405 0.299634 0.032638 0.29462 0.029475 0.294856 0.028062 0.291526 0.030587 0.289996 0.035708 0.294272 0.036105 0.294216 0.03659 0.292222 0.032482 0.287717 0.037487 0.291344 0.035042 0.285918 0.030725 0.278233 0.028991 0.279517 0.027014 0.278658 0.02689 0.277574 0.030604 0.277145 0.025964 0.268291 0.029756 0.267997 0.025566 0.257625 0.030878 0.267945 0.031577 0.277341 0.033025 0.268313 0.033597 0.277562 0.035577 0.277089 0.029297 0.25755 0.025722 0.249942 0.030312 0.257386 0.029142 0.249935 0.029144 0.241192 0.025428 0.24119 0.030032 0.24962 0.035111 0.267712 0.03651 0.27669 0.036229 0.267599 0.035589 0.257325 0.034568 0.257233 0.035208 0.249878 0.032438 0.257173 0.034352 0.249565 0.035488 0.241241 0.03018 0.241283 0.029775 0.158254 0.030919 0.157902 0.033073 0.158086 0.032204 0.249489 0.034436 0.241292 0.036396 0.158269 0.035231 0.157927 0.032304 0.241342 0.018078 0.279011 0.01608 0.279825 0.014379 0.278494 0.014529 0.277416 0.018227 0.277935 0.015566 0.268766 0.019281 0.269138 0.014415 0.268838 0.013509 0.277316 0.012269 0.268846 0.011488 0.277215 0.009476 0.276946 0.016268 0.257799 0.019997 0.257957 0.01531 0.257789 0.016452 0.249741 0.020192 0.249848 0.016868 0.240885 0.020581 0.240995 0.015859 0.24968 0.010158 0.268483 0.008458 0.276773 0.009042 0.268181 0.011129 0.257536 0.010178 0.257435 0.011054 0.249599 0.013215 0.257702 0.011596 0.249554 0.010487 0.240893 0.015822 0.240993 0.0155 0.15796 0.014289 0.157576 0.012144 0.157761 0.013709 0.249636 0.011547 0.240972 0.008764 0.157964 0.009989 0.157588 0.01369 0.241061  
					<TextureCoords1>: 0  
					<Normals>: 156 -0.4529669 0.4254468 -0.7834641 -0.7071127 0.7071007 3.978172E-05 -6.330112E-05 1 1.85731E-07 -4.752792E-05 0.5819093 -0.8132537 0.192369 -0.2525902 -0.9482576 0.411588 0.4115453 -0.813158 0.707139 0.7070745 2.387857E-07 1 -8.751031E-07 0 4.570317E-05 -0.3952262 -0.9185839 0.7072167 -0.7069968 1.036726E-07 0.0001489834 -1 0 -0.7071114 -0.7071022 1.036741E-07 -0.2792962 -0.279297 -0.9186876 0.582114 -4.139742E-07 -0.8131073 -0.3950357 1.171997E-06 -0.9186658 -1 2.819995E-06 1.140439E-07 -0.7071121 0.7071015 0 0.4115876 -0.4115473 -0.8131571 0.7071412 -0.7070723 0 -6.33015E-05 -1 0 -0.279297 0.279298 -0.918687 -4.750366E-05 -0.5819077 -0.8132548 4.571352E-05 0.3952199 -0.9185866 0.0001489735 1 0 0.7072175 0.706996 0 -0.4530853 -0.4254803 -0.7833775 -0.7071822 -0.7070314 3.731235E-05 -0.5219463 -0.8529676 0.004274514 -0.400281 -0.4994014 -0.7683575 0.1923695 0.2525911 -0.9482571 0.523733 1.521637E-06 -0.8518824 1 2.819995E-06 0 0.7072167 -0.7069968 1.036726E-07 0.192369 -0.2525902 -0.9482576 -0.4645919 0 -0.8855249 -0.4217553 -4.318192E-06 -0.9067096 -0.3923595 0.4994355 -0.7724106 -0.4529669 0.4254468 -0.7834641 -0.5375385 0.8432267 0.004574043 -0.7071127 0.7071007 3.978172E-05 -6.330112E-05 1 1.85731E-07 -0.7071127 0.7071007 3.978172E-05 -0.4543344 0.4260176 0.7823613 -4.750381E-05 0.5819089 0.8132541 0.1898391 -0.2519208 0.9489452 0.411588 0.4115448 0.8131583 0.707139 0.7070745 2.387857E-07 1 -8.751031E-07 0 4.572936E-05 -0.3952266 0.9185837 0.7072167 -0.7069968 1.036726E-07 0.0001489834 -1 0 -0.7071114 -0.7071022 1.036741E-07 -0.2792958 -0.2792976 0.9186875 0.582114 -8.170431E-07 0.8131073 -0.3950356 5.572475E-07 0.9186658 -1 2.819995E-06 1.140439E-07 -0.7071121 0.7071015 0 0.4115874 -0.4115476 0.8131571 0.7071412 -0.7070723 0 -6.33015E-05 -1 0 -0.2792971 0.2792976 0.9186871 -4.750364E-05 -0.5819081 0.8132546 4.570305E-05 0.3952194 0.9185868 0.0001489735 1 0 0.7072175 0.706996 0 -0.4544525 -0.4260535 0.7822733 -0.7071822 -0.7070314 3.731235E-05 -0.5219463 -0.8529676 0.004274514 -0.403843 -0.5017284 0.7649703 0.18984 0.2519208 0.948945 0.523733 7.640241E-07 0.8518824 1 2.819995E-06 0 0.7072167 -0.7069968 1.036726E-07 0.1898391 -0.2519208 0.9489452 -0.4641894 -7.086379E-07 0.8857359 -0.4221526 -5.04504E-06 0.9065248 -0.3955515 0.5017937 0.7692477 -0.4543344 0.4260176 0.7823613 -0.5375385 0.8432267 0.004574043 -0.7071127 0.7071007 3.978172E-05 -0.03499852 -0.6744219 0.7375163 0.2665381 0.0001346813 0.9638244 -0.03451326 0.6744479 0.7375153 -0.7872145 0.6059394 0.1145898 -0.7875793 -0.605536 0.1142147 -0.5822768 0.6547304 -0.4819563 -0.5825683 -0.6542856 -0.482208 -0.3209558 0.6639864 -0.6753588 0.3410048 -0.8891649 0.3051254 -0.03499852 -0.6744219 0.7375163 0.8032394 0.0001686026 0.5956563 0.2665381 0.0001346813 0.9638244 -0.03451326 0.6744479 0.7375153 -0.3210565 -0.6640462 -0.675252 -0.1397886 0.644913 -0.7513629 0.2122976 -0.8926346 0.3976596 -0.1396509 -0.6459306 -0.750514 -0.06135231 -0.9979493 -0.01825331 -0.06206327 0.997916 -0.01765508 0.07551537 -0.9038723 0.4210846 0.3415045 0.8888398 0.3055134 -0.7872145 0.6059394 0.1145898 -0.5822768 0.6547304 -0.4819563 -0.3209558 0.6639864 -0.6753588 0.2123486 0.892706 0.3974721 -0.1397886 0.644913 -0.7513629 0.4393692 7.531603E-05 0.8983065 0.07538965 0.9042153 0.4203701 -0.06206327 0.997916 -0.01765508 0.002492127 -0.8447058 0.535225 -0.5219463 -0.8529676 0.004274514 -0.403843 -0.5017284 0.7649703 -0.4221526 -5.04504E-06 0.9065248 0.1643965 -7.370937E-06 0.9863943 0.002302423 0.8401665 0.5423235 -0.5375385 0.8432267 0.004574043 -0.3955515 0.5017937 0.7692477 0.01529533 -7.129943E-06 0.9998831 0.1221164 0.6783387 -0.7245303 0.4815797 -5.055076E-06 -0.8764024 0.1221112 -0.678341 -0.724529 -0.7541247 -0.590341 -0.2877382 -0.7541248 0.5903411 -0.2877382 -0.6207098 -0.6501486 0.438208 -0.6207098 0.6501485 0.4382081 0.3623267 -0.8957225 -0.2576831 0.1221112 -0.678341 -0.724529 0.8392557 -7.004114E-06 -0.5437371 0.4815797 -5.055076E-06 -0.8764024 0.1221164 0.6783387 -0.7245303 -0.3572319 -0.6737788 0.6468441 -0.3572219 0.6732461 0.6474041 0.2462974 -0.8769389 -0.4126934 -0.1779326 -0.684931 0.7065476 -0.178195 0.6834992 0.7078668 -0.06135231 -0.9979493 -0.01825331 -0.06206327 0.997916 -0.01765508 0.1110752 -0.8823007 -0.4573925 0.362331 0.8957199 -0.257686 -0.7541248 0.5903411 -0.2877382 -0.6207098 0.6501485 0.4382081 0.2461017 0.8774483 -0.4117262 -0.3572219 0.6732461 0.6474041 -0.178195 0.6834992 0.7078668 0.5130873 -6.384201E-06 -0.8583364 0.1106188 0.8833109 -0.4555496 -0.06206327 0.997916 -0.01765508 0.01906068 -0.8390739 -0.5436835 -0.5219463 -0.8529676 0.004274514 -0.400281 -0.4994014 -0.7683575 -0.4217553 -4.318192E-06 -0.9067096 0.2351487 -6.32969E-06 -0.9719594 0.01867402 0.8350314 -0.5498852 -0.5375385 0.8432267 0.004574043 -0.3923595 0.4994355 -0.7724106 0.04291462 -6.335707E-06 -0.9990788  
					<Tangents>: 156 0.01517024 -0.8749832 -0.4839156 -0.3336575 -0.3336134 -0.8816885 -0.02548672 0 -0.9996752 -0.04701871 -0.8123555 -0.581264 0.02112443 -0.9650158 0.2613396 -0.1024407 -0.8656914 -0.4899841 0.3821031 -0.3821377 -0.8414083 0 -0.9109035 -0.4126193 -0.02976993 -0.9181772 0.3950497 -0.2981355 -0.2982281 0.9067387 -0.01766617 0 0.999844 0.3790351 -0.3790398 0.8441927 -0.1601062 -0.9298218 0.3313569 -0.34441 -0.9058623 -0.2465671 -0.4140345 -0.8926802 0.178038 0 -0.9163357 0.4004108 -0.7061605 -0.706171 -0.05157402 -0.6751187 -0.7370445 0.03130801 -0.7061258 -0.7061946 0.05172467 -0.8570612 0 0.5152147 -0.6724716 -0.7398394 -0.02048181 -0.8505311 -0.4276873 0.3060725 -0.8324154 -0.5090216 -0.2190468 -0.8709638 0 -0.491347 -0.2828248 0.2829132 -0.9164989 -0.7972605 -0.1997739 0.5696193 -0.2915395 0.2916497 0.9110133 -0.3508032 0.2192253 0.910427 -0.7504054 -0.3026319 0.5876272 -0.9109619 -0.3133377 -0.2682685 -0.8316763 -0.2165087 -0.5113108 0 -0.2181546 -0.9759142 -0.396907 -0.3970306 -0.8275455 -0.9667118 -0.2149047 -0.1388679 -0.8657197 -0.2103109 0.4542011 -0.8935562 -0.1697132 0.4156379 -0.9139239 -0.1168139 0.3887126 -0.8912675 -0.194884 0.409466 -0.5439588 -0.3508964 0.7622207 -0.4454923 -0.4455436 0.7765485 -0.1461441 0 0.9892634 -0.3910168 -0.3910702 0.8331686 -0.08692656 -0.8952477 0.4370071 -0.1659537 -0.8019816 0.5738335 -0.09568322 -0.9666676 -0.2374839 -0.2043636 -0.8278391 0.5224155 0.3105785 -0.310607 0.8983676 0 -0.8654882 0.5009293 -0.1430911 -0.9091336 -0.3911535 -0.3586104 -0.358722 -0.8618103 -0.1410748 0 -0.989999 0.3086608 -0.308665 -0.8996969 -0.267589 -0.8962192 -0.3538182 -0.4161278 -0.85912 0.2979105 -0.4970273 -0.8410023 -0.2137263 0 -0.8729957 -0.4877279 -0.7064393 -0.7064499 -0.04326847 -0.7303005 -0.6826999 0.02412691 -0.7065225 -0.7065913 0.03943024 -0.9034905 0 -0.4286079 -0.7335703 -0.6794141 -0.01646404 -0.8983359 -0.3572454 -0.2556723 -0.8854561 -0.4268724 0.1837047 -0.9148824 0 0.4037205 -0.3554747 0.355586 0.8644052 -0.8346388 -0.1031502 -0.5410528 -0.3614868 0.3615185 -0.8594368 -0.4133294 0.2485338 -0.8760078 -0.8045979 -0.2031347 -0.5579951 -0.9487476 -0.2016576 0.2433354 -0.8473673 -0.102822 0.5209572 0 -0.0922056 0.9957401 -0.3386063 -0.3387116 0.8778498 -0.9806277 -0.09617412 0.1706454 -0.8797857 -0.1157171 -0.4610712 -0.9020442 -0.09929874 -0.4200667 -0.892892 -0.01391028 -0.450056 -0.8833327 -0.1017343 -0.4575735 -0.4976982 -0.3128836 -0.8089502 -0.3950657 -0.3950257 -0.829384 0.1443859 -0.7336382 -0.6640239 0.04576914 -0.9988735 -0.01251753 0.0649776 -0.7348794 0.6750779 -0.5777684 -0.7896584 0.2064536 0.5981408 -0.7066748 0.3779398 -0.5674356 -0.7518325 -0.3358044 0.4057449 -0.7481782 0.5249767 -0.3146812 -0.7473366 -0.5852039 0.5853284 0.4548149 0.6712184 0.6026305 0.574466 0.5539181 -0.03503922 0.9982817 0.04696764 -0.03507248 0.999339 0.009559386 -0.6855572 0.5209839 -0.5085146 0.2837194 -0.7476906 0.600385 -0.1230208 -0.7642457 -0.6330832 0.3810809 0.4503424 0.807446 0.1530433 -0.7629134 0.6281249 0.1895406 -0.02960356 0.9814265 -0.9590669 -0.06452783 -0.2757295 0.2022639 0.4273965 0.8811479 -0.6880959 0.457865 -0.5629241 -0.4881685 -0.4987731 -0.7161822 -0.5084015 -0.7558474 -0.4125806 -0.3983421 -0.7415856 -0.539791 -0.4517379 0.450355 -0.7701386 -0.1939216 -0.7619498 -0.6179214 -0.03374617 0.9992955 0.01642175 -0.2153253 0.4263858 -0.8785386 -0.05226472 -0.02091438 -0.9984143 0.06749466 0.5341483 0.8426922 -0.1927709 0.1228386 0.9735246 0.09153186 0.8098337 0.5794749 0.005098421 0.9999841 0.00237982 -0.01278554 0.999916 0.002138359 -0.04463639 0.5418708 -0.8392757 0.2356599 0.1554318 -0.9593255 -0.07250558 0.8178809 -0.570801 0.002380106 0.9999971 0 -0.243595 0.72815 0.6406709 -0.06304975 0.9974087 -0.03465132 -0.04281465 0.7257122 -0.6866648 -0.6548916 0.7087612 0.262249 0.5003451 0.800258 0.3305177 -0.4156811 0.7467801 0.5191615 0.5970221 0.7542222 -0.2733379 -0.632671 -0.439378 0.6377104 -0.6869087 -0.5846778 0.4316344 0.04896086 -0.9959368 0.0755837 0.05479395 -0.9980434 0.03011486 0.7937445 -0.5050052 -0.3390272 -0.3012218 0.7386463 0.6030481 0.3729944 0.7382955 -0.5619563 -0.4190777 -0.4803074 0.7705054 -0.1834622 0.728506 0.6600156 0.2059997 0.7293522 -0.6523875 -0.1492925 -0.008906906 0.988753 0.9701096 0.06447476 0.2339448 -0.2352189 -0.4705033 0.8504696 0.7622175 -0.4438756 -0.4711675 0.5997133 0.4404683 -0.6680804 0.5533029 0.7592244 -0.3426868 0.5360233 -0.477131 -0.6964374 0.4811661 0.726732 -0.4902447 0.2768459 0.7251458 -0.6304917 0.0543463 -0.9979932 0.032494 0.28041 -0.4674791 -0.8383517 0.07909685 -0.01271582 -0.9967859 -0.07846466 -0.5433605 0.8358246 0.1812093 -0.1059855 0.9777168 -0.09821137 -0.8102517 0.5777947 -0.002342664 -0.9999967 0.00109444 0.02995345 -0.999525 0.007253218 0.06964885 -0.5497315 -0.8324327 -0.223971 -0.1375428 -0.9648414 0.08212717 -0.8173726 -0.5702255 0.0055517 -0.9999846 0  
					<BiTangents>: 156 0.8913983 0.2310831 -0.3898843 0.6234294 0.6234665 -0.4718318 0.9996752 6.328528E-05 -0.02548672 0.998894 -0.03821051 -0.02739923 0.9810953 0.07030503 0.1803033 0.9055944 -0.284972 0.3141491 0.5949383 -0.5949928 0.5403999 -3.610844E-07 -0.4126193 0.9109036 0.9995568 -0.02732812 0.01180782 0.6410614 0.6412609 0.4216928 0.999844 0.0001489601 0.01766617 0.5969305 -0.5969383 -0.5360398 0.9467627 -0.2396342 -0.2149785 0.736563 -0.4235724 0.5273152 0.8200746 -0.4506907 -0.352641 -1.233659E-06 -0.4004108 -0.9163358 0.03646806 0.03646861 -0.9986692 0.6122177 -0.5360916 0.5812017 0.03657309 0.03657665 0.9986614 0.5152147 -3.261386E-05 0.8570612 0.6854014 -0.6120705 -0.3944549 0.5259247 -0.6917131 0.4949103 0.5541521 -0.7646556 -0.3289638 0.491347 -7.31977E-05 -0.8709639 0.6479611 -0.6481641 -0.4000372 0.3988602 -0.882642 0.248704 0.6441259 -0.6442415 0.412377 0.7775019 -0.4736945 0.4136476 0.5259913 -0.8117957 0.2536157 0.364887 -0.9154328 -0.1698243 0.1844407 -0.9762807 0.1133915 2.752073E-06 -0.9759142 0.2181546 -0.585072 -0.585254 0.5613987 0.1687083 -0.9434056 0.2855229 0.1862355 -0.9776345 -0.09770872 0.1538823 -0.9854935 -0.07157357 -0.1039086 -0.8584397 -0.5022792 -0.02152135 -0.8837507 -0.467463 -0.6443299 -0.407235 -0.647301 -0.5491158 -0.5490897 -0.6300575 -0.9892634 -6.259433E-05 -0.1461441 -0.5891498 -0.5891287 -0.553019 -0.8865799 -0.1305394 -0.4437741 -0.9861336 0.1349353 -0.09660804 -0.9771417 0.04571439 0.2076159 -0.8881615 0.3811998 0.2566238 -0.635213 0.6352707 0.4392445 4.383648E-07 0.5009294 0.8654882 -0.9897095 0.1314232 0.05659497 -0.6092972 -0.6094867 0.5072307 -0.9899989 -0.0001474934 0.1410748 -0.6361777 0.6361858 -0.4365152 -0.9221659 0.3446506 -0.1755733 -0.6985564 0.5117743 0.500106 -0.7726 0.5410315 -0.3322262 1.27583E-06 0.4877279 -0.8729957 0.0305952 0.03059566 -0.9990635 -0.5452128 0.6037793 0.5815441 0.02788003 0.02788275 0.9992223 -0.4286079 2.713153E-05 0.9034906 -0.6195706 0.6785199 -0.3946428 -0.4393092 0.730588 0.522732 -0.464723 0.8133766 -0.34993 -0.4037205 6.014367E-05 -0.9148824 -0.611131 0.6113225 -0.5027959 -0.311209 0.8987984 0.3087239 -0.6076353 0.6077919 0.5112419 -0.746144 0.4589958 0.4822779 -0.435354 0.8408359 0.321655 -0.2526633 0.9465042 -0.2007266 -0.08759262 0.9946998 0.05385061 -2.807981E-06 0.9957399 0.09220559 0.620637 0.6208301 0.4789361 -0.04827484 0.9629571 0.2652981 -0.1024951 0.9932822 -0.05371404 -0.09001888 0.9950576 -0.04191467 0.2151349 0.8648754 -0.4535499 0.1153413 0.8989767 -0.4225367 0.6806973 0.4371184 -0.5878594 0.5864424 0.5864838 -0.558679 -0.9889023 -0.08324708 -0.1230532 -0.962737 -0.04744982 0.2662441 -0.9972897 -0.07122113 0.01846092 -0.2155852 -0.09631689 -0.9717233 0.1481435 -0.365974 -0.9187581 0.5822118 -0.07794807 -0.809292 0.7042622 -0.1101813 -0.7013379 0.8932878 -0.02469816 -0.4488061 0.7355994 0.05029011 -0.6755475 0.7972525 -0.4638361 -0.3863218 0.5946249 0.05859759 -0.8018651 0.9631861 0.03635165 -0.2663667 0.7272002 0.5231595 -0.4443918 0.903563 -0.001175442 -0.4284538 0.9825096 -0.003935414 -0.1861706 0.8998373 0.01987837 -0.4357726 0.9783023 0.02714298 -0.2053969 0.9799542 -0.05675303 -0.1909682 0.2762942 0.0001802748 -0.9610731 0.9764153 -0.01863001 -0.2150957 0.6402333 0.01798136 -0.76797 0.3768086 0.6197281 -0.6884419 0.6344144 -0.004791195 -0.7729782 0.8592502 -0.09577481 -0.50251 0.8665107 0.01601536 -0.4989013 0.9710065 -0.05932715 -0.2315745 0.8976725 0.03752962 -0.4390623 0.973628 0.02428361 -0.2268455 0.9967028 0.06104211 -0.05345382 0.9977165 -0.03402474 -0.0583443 0.83091 -0.5073035 0.2285425 0.9102378 -0.3040361 0.2811216 0.9065105 -0.005626492 0.4221459 0.9863115 0.01296313 -0.1643826 0.9990007 0.022275 -0.03874962 0.8096399 0.5145966 0.2822654 0.9155774 0.281556 0.2871312 0.9998802 -0.002379828 -0.01529531 -0.9621586 -0.09825557 -0.254159 -0.8741314 -0.07194431 -0.4803314 -0.9915925 -0.1148699 -0.05957467 -0.04912138 -0.3862058 0.9211038 -0.4253829 -0.1052832 0.8988687 0.6647772 -0.1400939 0.7337882 0.5082165 -0.09195639 0.8563061 0.6844318 0.06803086 0.725896 0.7164114 -0.4449779 0.5373541 0.5415282 0.09005588 0.8358451 0.8746878 0.06252424 0.4806372 0.5958669 0.5336912 0.6000971 0.8841102 -0.02058446 0.4668249 0.8563105 -0.04073498 0.5148525 0.8739058 0.01682288 0.485804 0.9667893 0.01218652 0.2552839 0.9621906 -0.02956818 0.2707675 0.9868878 -0.06338735 0.1484399 -0.2345956 0.002607984 0.9720896 0.9655746 -0.01312129 0.259795 0.5364147 0.02569413 0.8435633 0.2676558 0.6763765 0.6862035 0.5554956 -0.02975276 0.830987 0.8075352 0.04930042 0.5877555 0.8005446 -0.1363828 0.5835479 0.9442472 -0.08361957 0.3184413 0.8566142 0.06331968 0.5120574 0.953485 0.03500319 0.2994012 0.9949331 0.06326025 0.07814284 0.9967346 -0.02672855 0.07619446 0.8335078 -0.5110903 -0.2098844 0.9111145 -0.3067417 -0.2752815 0.9067066 -0.002585702 -0.4217539 0.9714977 0.03081912 0.2350369 0.9973968 0.02275401 0.06842468 0.812951 0.5196639 -0.2627929 0.9161382 0.2871693 -0.2796867 0.9990634 0.005546585 0.04291392  
					<SubMeshes>: 1
						<SubMesh>: 0 618 0 1 2 2 3 0 3 4 0 5 3 2 2 6 5 5 6 7 3 8 4 9 4 8 8 10 9 11 10 8 12 8 3 3 5 12 8 12 11 7 13 5 12 5 13 11 12 14 13 14 12 14 15 11 16 15 14 17 13 7 7 18 17 17 18 19 20 14 13 14 20 16 17 20 13 19 21 17 20 17 21 16 20 22 21 22 20 22 23 16 24 23 22 25 21 19 19 26 25 27 25 26 27 28 25 29 22 21 21 25 29 22 29 24 28 29 25 24 29 30 30 31 24 32 31 30 30 33 32 29 28 34 34 30 29 33 30 34 28 35 34 34 35 36 34 36 33 33 36 37 37 36 38 37 38 39 40 41 42 42 43 40 42 44 43 40 43 45 45 46 40 47 46 45 44 48 43 48 44 49 49 50 48 48 50 51 43 48 52 52 45 43 51 52 48 45 53 47 53 45 52 54 52 51 52 54 53 51 55 54 54 55 56 47 53 57 57 58 47 59 58 57 53 54 60 56 60 54 53 60 57 57 61 59 61 57 60 62 60 56 60 62 61 56 63 62 62 63 64 59 61 65 65 66 59 66 65 67 68 67 65 69 61 62 61 69 65 64 69 62 68 65 69 70 69 64 64 71 70 70 71 72 72 73 70 74 68 69 69 70 74 74 70 73 74 75 68 76 75 74 76 74 73 73 77 76 77 78 76 77 79 78 80 81 82 80 82 83 83 84 80 84 83 85 85 86 84 87 86 85 84 86 88 88 89 84 88 90 89 91 89 90 92 91 90 87 93 86 93 88 86 94 93 87 88 93 95 90 88 95 94 96 93 95 93 96 97 96 94 94 98 97 96 99 95 99 96 97 92 90 100 100 101 92 101 100 102 102 100 103 100 104 103 104 100 90 103 104 105 95 106 90 90 106 104 106 95 99 107 105 104 104 106 107 105 107 108 97 109 99 109 97 110 110 111 109 109 111 112 106 99 113 113 107 106 113 99 109 114 108 107 107 113 114 115 108 114 114 116 115 112 116 114 112 117 109 113 109 117 114 117 112 117 114 113 118 119 120 118 120 121 122 118 121 122 121 123 122 123 124 121 125 123 125 121 126 126 127 125 127 126 128 127 128 129 124 123 130 124 130 131 132 123 125 123 132 130 132 125 127 131 130 133 130 132 133 131 133 134 134 133 135 135 136 134 137 133 132 133 137 135 129 138 127 129 139 138 139 140 138 141 138 140 127 138 141 142 141 140 141 142 143 127 144 132 141 144 127 137 132 144 143 145 141 144 141 145 145 143 146 147 135 137 148 135 147 147 149 148 150 149 147 144 151 137 145 151 144 147 137 151 146 152 145 152 151 145 152 146 153 153 154 152 152 154 150 147 155 150 151 155 147 150 155 152 152 155 151  
				</Mesh>
				<Materials>: 1
					<Material>: 0
						<AlbedoColor>: 1 1 1 1
						<EmissiveColor>: 0 0 0 1
						<Glossiness>: 0.5
						<Metallic>: 0
						<SpecularHighlight>: 1
						<GlossyReflection>: 1
						<AlbedoMap>: FlashBang_Base_color
						<MetallicMap>: FlashBang_Metallic
						<NormalMap>: FlashBang_Normal
						<EmissionMap>: null
						<DetailAlbedoMap>: null
						<DetailNormalMap>: null
				</Materials>
				<Children>: 0
			</Frame>
			<Frame>: 2 0 FlashBang01
				<Transform>: 0.01476821 0.07757766 0.01775841 329.9581 54.83278 353.9869 1 1 1 -0.2530719 0.4320416 0.0742044 0.8624317  
				<TransformMatrix>: 0.6156676 -0.0906827 -0.7827708 0 -0.3466676 0.8608966 -0.3723957 0 0.7076546 0.5006332 0.4985894 0 0.01476821 0.07757766 0.01775841 1  
				<Mesh>: 96 FlashBang01
					<Bounds>: 0.002150568 -0.02482107 -0.001500291 0.02403684 0.02881969 0.00425889
					<Positions>: 96 0.002480414 -0.0003774771 0.002130044 0.0008063643 -0.002040256 -0.002453472 0.001079167 -0.00228024 0.002113761 0.002207614 -0.0001374916 -0.002437191 0.001264847 0.002022744 -0.002267373 0.001537644 0.001782774 0.002299872 -0.001079169 0.002280216 -0.002113836 -0.0008063705 0.002040255 0.002453412 -0.002480418 0.0003774534 -0.002130119 -0.002207615 0.0001374778 0.002437118 -0.001264849 -0.002022758 0.0022673 -0.001537651 -0.001782782 -0.002299937 0.001079167 -0.00228024 0.002113761 0.0008063643 -0.002040256 -0.002453472 -0.009868133 -0.002452299 0.002758599 -0.002207615 0.0001374778 0.002437118 -0.0008063705 0.002040255 0.002453412 -0.001264849 -0.002022758 0.0022673 0.0002353291 0.003007062 0.002441984 0.001537644 0.001782774 0.002299872 0.01058442 -0.002810589 0.001518147 0.002480414 -0.0003774771 0.002130044 0.001079167 -0.00228024 0.002113761 -0.02078627 -0.02875864 0.002028503 -0.02154762 -0.02856125 0.001076052 0.02177981 -0.01972364 -3.922885E-05 -0.01048194 -0.001899419 0.001816021 0.01101857 -0.00222654 0.0005146092 0.02224656 -0.01918884 -0.001047298 0.0001841276 0.00386394 0.001481771 -0.01063505 -0.001764731 -0.0007473071 3.102208E-05 0.003998628 -0.001081555 -0.02170072 -0.02842657 -0.001487275 0.01086546 -0.002091852 -0.002048717 0.02209345 -0.01905415 -0.003610627 -0.02188627 -0.03829891 -0.001994922 0.0261874 -0.02233737 -0.001448124 0.0260343 -0.02220268 -0.00401145 0.02543711 -0.02264563 -0.0004112074 0.02304141 -0.03126149 -0.00172912 0.0228883 -0.03112679 -0.004292449 0.02238829 -0.03124328 -0.0006808563 -0.02173316 -0.0384336 0.0005684044 0.01930918 -0.04544701 -0.002251558 0.01915607 -0.04531232 -0.004814884 0.01093156 -0.05241603 -0.004696891 0.01875322 -0.04510235 -0.001191946 0.01088742 -0.05189621 -0.0010791 0.01108467 -0.05255071 -0.002133567 0.001082054 -0.05244692 -0.001530661 0.0009289481 -0.05231223 -0.004093987 -0.006310714 -0.05350607 -0.003724292 0.001090058 -0.05179455 -0.0004885665 -0.006157605 -0.05364076 -0.001160962 -0.01394155 -0.04615871 -0.002882448 -0.005862209 -0.05294099 -0.000133545 -0.01378845 -0.0462934 -0.0003191138 -0.02040832 -0.04399072 -0.002382273 -0.02096748 -0.03840063 0.001532698 -0.01335322 -0.04572827 0.0006928751 -0.01960938 -0.04363089 0.001176759 -0.02025521 -0.0441254 0.0001810524 -0.002480418 0.0003774534 -0.002130119 -0.01014093 -0.002212315 -0.001808633 -0.001079169 0.002280216 -0.002113836 -0.001537651 -0.001782782 -0.002299937 -3.746856E-05 0.00324703 -0.002125257 0.001264847 0.002022744 -0.002267373 0.01031163 -0.002570604 -0.003049087 0.002207614 -0.0001374916 -0.002437191 0.0008063643 -0.002040256 -0.002453472 -0.02105907 -0.02851866 -0.002538732 -0.02170072 -0.02842657 -0.001487275 -0.02188627 -0.03829891 -0.001994922 -0.02124028 -0.03816064 -0.003034537 -0.01063505 -0.001764731 -0.0007473071 3.102208E-05 0.003998628 -0.001081555 0.01086546 -0.002091852 -0.002048717 0.02209345 -0.01905415 -0.003610627 0.02150702 -0.01948365 -0.004606461 0.02516431 -0.02240564 -0.004978442 0.0260343 -0.02220268 -0.00401145 0.0228883 -0.03112679 -0.004292449 0.02211549 -0.0310033 -0.005248095 0.01848042 -0.04486236 -0.005759181 0.01915607 -0.04531232 -0.004814884 0.01061463 -0.05165624 -0.005646338 0.01093156 -0.05241603 -0.004696891 0.0009289481 -0.05231223 -0.004093987 0.0008172606 -0.05155456 -0.005055802 -0.006135008 -0.05270102 -0.004700779 -0.006310714 -0.05350607 -0.003724292 -0.01394155 -0.04615871 -0.002882448 -0.01362602 -0.04548829 -0.003874359 -0.01988218 -0.0433909 -0.003390477 -0.02040832 -0.04399072 -0.002382273  
					<Colors>: 0  
					<TextureCoords0>: 96 0.2893397 0.4156165 0.2960066 0.4051419 0.2960066 0.4156165 0.2893397 0.4051419 0.2826729 0.4051419 0.2826729 0.4156165 0.2749748 0.4051419 0.2749748 0.4156165 0.2683079 0.4051419 0.2683079 0.4156165 0.2616411 0.4156165 0.2616411 0.4051419 0.2539428 0.4156165 0.2539428 0.4051419 0.3301409 0.3630566 0.343641 0.3483261 0.3493382 0.3470683 0.3397031 0.3440209 0.3525624 0.3456832 0.3510977 0.3415055 0.3519866 0.3192934 0.3471598 0.3372003 0.3414625 0.3384581 0.2629591 0.3605667 0.2627096 0.3639391 0.321539 0.2754263 0.337727 0.3679915 0.3591507 0.317 0.3248443 0.273994 0.3572452 0.3481227 0.3417013 0.3722071 0.3591068 0.3517827 0.2638842 0.3701724 0.3664638 0.3158224 0.3290453 0.2716677 0.2324251 0.3578587 0.3191654 0.263056 0.3211598 0.2596011 0.3159702 0.2676128 0.2978959 0.2587044 0.2984695 0.2542622 0.2973284 0.261122 0.2357378 0.3530295 0.2621046 0.2537012 0.2627712 0.2492719 0.2389692 0.2521513 0.2617298 0.2577895 0.2411326 0.2646318 0.2398456 0.2588917 0.228152 0.2867683 0.2237809 0.2839211 0.2159976 0.3024758 0.2313832 0.2896261 0.2209438 0.3043336 0.2145088 0.3253171 0.2242889 0.3051775 0.221294 0.3252106 0.2171323 0.3457881 0.238157 0.3503856 0.2289002 0.327549 0.2304028 0.3419399 0.2227583 0.3437986 0.3204572 0.226931 0.3353533 0.2444564 0.3139576 0.2252392 0.3251722 0.2221481 0.3103084 0.2235071 0.3121729 0.2187644 0.3147936 0.1899617 0.316888 0.2139815 0.3233876 0.2156733 0.4163226 0.2454767 0.4166779 0.2474861 0.4429509 0.2375187 0.4419826 0.2357418 0.3346144 0.246452 0.3081748 0.2243362 0.3128705 0.1892175 0.3458704 0.1415404 0.3476978 0.142423 0.3515854 0.1299788 0.3500062 0.1276995 0.3768378 0.1258231 0.3774963 0.1286085 0.4179096 0.123547 0.4182588 0.1210807 0.4441357 0.1371607 0.4457334 0.1357315 0.4563837 0.162093 0.4542711 0.1631911 0.4646099 0.1803716 0.4671499 0.1799837 0.4558181 0.2082424 0.4533395 0.2079647 0.4543631 0.2264758 0.4568761 0.2273766  
					<TextureCoords1>: 0  
					<Normals>: 96 -0.4903719 0.01542052 0.8713768 -0.2672445 0.5418692 -0.7968426 -0.1673768 0.4540162 0.8751311 -0.5902373 0.103274 -0.8005962 -0.3729269 -0.394669 -0.8397391 -0.273057 -0.482516 0.8322369 0.1673791 -0.4540197 -0.8751287 0.2672386 -0.5418578 0.7968523 0.4903707 -0.0154214 -0.8713776 0.5902398 -0.1032778 0.8005939 0.3729278 0.3946682 0.8397391 0.2730601 0.4825195 -0.8322338 -0.1673768 0.4540162 0.8751311 -0.2672445 0.5418692 -0.7968426 -0.3336261 0.3024501 0.8928704 0.5902398 -0.1032778 0.8005939 0.2672386 -0.5418578 0.7968523 0.3729278 0.3946682 0.8397391 0.05614557 0.4862685 0.8720039 -0.273057 -0.482516 0.8322369 0.3960207 0.3256023 0.8585748 -0.4903719 0.01542052 0.8713768 -0.1673768 0.4540162 0.8751311 -0.4355458 0.05511609 0.8984777 -0.9159397 0.1771594 0.3600958 0.3648102 0.2370839 0.9003915 -0.688997 0.6225775 0.3710532 0.6681331 0.6843936 0.2918966 0.7190973 0.6249528 0.3038636 0.02828662 0.9356938 0.3516774 -0.7242755 0.6536123 -0.2195811 -0.007824609 0.9674602 -0.2529022 -0.9510864 0.2080777 -0.228338 0.6330142 0.7152878 -0.2960679 0.6818261 0.6577406 -0.3201413 -0.9645399 -0.09935499 -0.2445223 0.9310302 0.2487202 0.2670599 0.8942775 0.281051 -0.3482502 0.5667201 0.09961568 0.8178661 0.9269128 -0.2943989 0.2327269 0.8908774 -0.2626989 -0.3705762 0.4843705 -0.1769637 0.8567783 -0.929294 -0.1303609 0.3455699 0.8259853 -0.5195296 0.2187169 0.7909246 -0.4886867 -0.368271 0.3078144 -0.8797525 -0.3623338 0.4884086 -0.3159003 0.8134274 0.2286266 -0.533837 0.8140933 0.343157 -0.910842 0.2293689 0.08795702 -0.9637064 0.2520589 0.05140065 -0.9315482 -0.3599665 -0.3026816 -0.8938396 -0.3308091 0.08568034 -0.4850992 0.8702515 -0.2668404 -0.9253686 0.2692382 -0.5109814 -0.7928236 -0.3321578 -0.1076304 -0.5495645 0.8284894 -0.4728731 -0.826347 0.3058459 -0.7146018 -0.6345851 -0.2943569 -0.4334815 -0.1045474 0.8950775 -0.1544781 -0.391882 0.9069537 -0.3376922 -0.4068197 0.8488002 -0.6785507 -0.6662997 0.3092144 0.4903707 -0.0154214 -0.8713776 -0.4353659 0.3919507 -0.8104511 0.1673791 -0.4540197 -0.8751287 0.2730601 0.4825195 -0.8322338 -0.04473395 0.5750061 -0.8169252 -0.3729269 -0.394669 -0.8397391 0.2933239 0.4159452 -0.860785 -0.5902373 0.103274 -0.8005962 -0.2672445 0.5418692 -0.7968426 -0.5387697 0.1459223 -0.8297192 -0.9510864 0.2080777 -0.228338 -0.9645399 -0.09935499 -0.2445223 -0.5373403 -0.01321097 -0.843262 -0.7242755 0.6536123 -0.2195811 -0.007824609 0.9674602 -0.2529022 0.6330142 0.7152878 -0.2960679 0.6818261 0.6577406 -0.3201413 0.2568199 0.3320844 -0.9076142 0.4662343 0.1880108 -0.8644521 0.8942775 0.281051 -0.3482502 0.8908774 -0.2626989 -0.3705762 0.3781258 -0.08350074 -0.9219808 0.3864137 -0.2261753 -0.894164 0.7909246 -0.4886867 -0.368271 0.1270375 -0.4444705 -0.8867398 0.3078144 -0.8797525 -0.3623338 0.05140065 -0.9315482 -0.3599665 -0.02125911 -0.3910255 -0.9201342 -0.2086488 -0.4607233 -0.8626701 -0.3026816 -0.8938396 -0.3308091 -0.5109814 -0.7928236 -0.3321578 -0.4481967 -0.8001272 0.3986429 -0.4385931 -0.3180533 -0.8405225 -0.7146018 -0.6345851 -0.2943569  
					<Tangents>: 96 -0.1120141 -0.9926657 -0.04546959 -0.6919097 -0.6834525 -0.2327094 -0.6636415 -0.7083197 0.2405473 -0.1120142 -0.9926658 -0.04546805 0.8030205 -0.5906919 -0.07900091 0.8030211 -0.590691 -0.07900079 0.9150366 0.4019747 -0.03353387 0.9150377 0.4019721 -0.03353415 0.1120131 0.9926659 0.04546785 0.1120179 0.9926654 0.04546988 -0.8030199 0.5906928 0.07900169 -0.8030205 0.590692 0.07900137 -0.9835145 -0.01527238 -0.1801828 -0.955247 -0.04014181 0.2930729 0.5187792 0.8497257 -0.09399056 0.3132126 0.9433817 -0.1092191 0.5421568 0.7681795 0.3405384 0.2529727 0.8274934 -0.501258 0.5701742 0.701341 -0.4278109 0.6270928 0.5667667 0.5343502 0.07304721 0.9208863 -0.3829264 0.3767065 0.9053659 0.1959715 0.4807572 0.8125494 -0.3295997 0.377275 0.9174058 0.1266105 0.2802135 0.9246625 0.257837 0.2790177 0.8947583 -0.3486498 0.5619828 0.782213 -0.2689205 -0.1590539 0.5146202 -0.8425366 -0.1768299 0.5874404 -0.7897119 0.545936 0.2802515 -0.7895651 0.6850514 0.6459672 -0.3367952 0.4739485 -0.2191105 -0.852856 0.1400252 0.9492151 0.2817509 -0.3887797 -0.03698311 -0.9205881 -0.5387576 0.1554798 -0.8279892 -0.2361466 0.7386518 0.6313702 -0.07623222 0.8481891 -0.5241793 -0.4345105 0.7315364 -0.5254094 0.2215399 0.9376814 -0.2677197 0.3400581 0.9211999 -0.1890802 0.2026442 0.9599735 -0.1933553 0.4223632 0.9049416 -0.05186698 0.08805841 0.8304563 0.5500802 0.5278704 0.8490083 0.02318881 0.5235074 0.8519982 -0.006259886 0.8995584 0.1450532 0.4120125 0.4826726 0.8743861 0.04976149 0.7220854 0.6538563 0.2259751 0.8296881 0.4084124 0.3805481 0.5929005 0.2539845 0.7641733 0.4527236 -0.2995447 0.83983 0.2530125 -0.4099931 0.8762934 0.5308231 0.7613966 0.3721588 0.4009483 0.1474486 0.9041567 -0.1030963 -0.3270991 0.9393494 0.4595304 0.7114705 0.5316403 0.4772742 0.05156446 0.8772402 -0.3421738 -0.04992218 0.9383095 0.3411629 0.9002796 0.2703785 0.6541003 0.6474203 0.3911517 0.2832909 0.8160333 0.5038213 -0.0463929 0.4589889 0.8872299 -0.3037857 -0.9401597 -0.1543177 -0.3653036 -0.8997155 -0.2388835 -0.4713834 -0.8164696 0.3334293 -0.2678597 -0.7927624 -0.5475207 -0.3502487 -0.7748653 -0.5262221 -0.2059148 -0.8472564 0.4896486 -0.3557391 -0.7882448 -0.5021154 -0.2891738 -0.9530121 0.09025751 -0.5127271 -0.780107 -0.3585305 -0.3739456 -0.923966 0.08032026 -0.2582222 -0.9411966 0.2178771 -0.06953604 -0.7980549 0.5985592 -0.3648608 -0.897822 0.246561 -0.5256018 -0.7294792 -0.4377247 -0.3160313 -0.2423396 -0.9172763 -0.07993081 -0.3200128 -0.9440354 -0.07771593 -0.3700334 -0.9257621 -0.3696631 -0.8339481 -0.4097314 -0.3397076 -0.8641931 -0.3711726 -0.002276745 -0.7753226 -0.6315612 -0.3290896 -0.9355963 -0.1279046 -0.3673847 -0.9276775 -0.06665637 -0.3698749 -0.9260969 0.07441091 -0.4477932 -0.8724028 0.1959455 -0.3056344 -0.8680258 0.391304 -0.3455763 -0.4581936 0.8189235 -0.2663109 -0.3601765 0.8940645 -0.3428329 -0.8616889 0.3741092 -0.3195297 -0.801562 0.5053703 -0.1407213 -0.3013746 0.9430646 -0.0392526 -0.3644892 0.9303799 0.839898 -0.2242209 0.4942633 -0.312512 -0.8229312 0.4744688 0.03922955 -0.4564835 0.8888667  
					<BiTangents>: 96 -0.8642848 0.1199035 -0.4885027 0.6707021 -0.4891529 -0.5575735 -0.729085 0.5405113 -0.4198603 0.7994202 -0.06284121 -0.5974766 0.464848 0.7037894 -0.5372123 -0.529714 -0.6467321 -0.5487629 -0.3670046 0.7951618 -0.4827268 0.3021416 -0.7381115 -0.6032428 -0.8642856 0.1199018 -0.4885016 0.7994179 -0.06284273 -0.5974796 0.4648483 0.7037891 -0.5372121 -0.5297135 -0.6467286 -0.5487674 0.06844059 0.8908625 -0.4490878 -0.1268205 -0.8395037 -0.5283466 0.7871224 -0.4318449 0.4403955 0.7439858 -0.3152216 -0.5891694 0.796649 -0.3410138 -0.4990591 0.8927091 -0.3993641 -0.208755 0.8196029 -0.5212138 0.2378805 0.7295166 -0.6677978 -0.1478227 0.9153315 -0.2143633 -0.3409057 0.7858929 -0.4243523 0.449775 0.8607308 -0.3655582 0.3542735 0.8172904 -0.3941178 0.4203661 0.2872889 -0.3370668 0.8965775 0.888292 -0.3784162 -0.2602663 0.4576664 -0.02324013 0.8888201 0.7268426 -0.5164993 -0.4526902 0.6720344 -0.5141475 -0.5329372 0.8373492 -0.2143275 0.5029016 0.07829133 0.3943569 0.9156163 0.8805178 0.1265359 0.4568119 -0.275368 -0.2359964 0.9319218 0.669435 -0.6978506 -0.2546786 0.4948266 -0.7370233 -0.460373 -0.117887 -0.6667249 0.7359216 0.3568913 -0.4676682 -0.8086501 -0.1070908 -0.6211801 -0.7763162 0.7935669 -0.3329121 -0.509334 0.158723 -0.2544016 -0.9539847 -0.4065376 -0.09716076 -0.9084531 0.7661557 -0.3869945 -0.51307 0.3586897 -0.5416166 0.7602587 0.1977398 -0.09630057 -0.9755128 -0.3168254 0.1878415 -0.9296973 0.3099113 0.4527638 -0.8360382 0.7269692 -0.3683152 -0.5795341 0.6529339 -0.536181 -0.5349649 0.4402963 -0.0597169 -0.8958644 0.8004578 -0.08223142 -0.5937217 0.8901682 0.2061331 -0.4063371 0.9188952 -0.1815391 -0.35025 0.8431404 -0.4300629 -0.3227385 0.876377 -0.3492162 -0.3316797 0.8533869 -0.5142343 -0.08540437 0.8816164 -0.4379367 -0.1759657 0.7406756 -0.5607957 -0.3700107 0.6101322 -0.771239 0.181464 0.8340873 -0.4225713 0.3545869 0.7404656 -0.6536631 -0.1563179 0.8976136 -0.4105939 0.1603197 0.733087 -0.5876852 0.3423588 0.8168542 -0.3403849 0.4657115 0.8228061 -0.192059 -0.5348865 0.8658995 -0.3567121 0.3506773 0.9239531 -0.3724279 0.08722419 0.9355879 -0.262587 -0.2360579 0.9047235 -0.3555179 -0.2346965 0.8873617 -0.4534973 0.08324303 0.7536567 -0.2847848 -0.5923675 0.8158991 -0.3127475 -0.4863103 0.7549119 -0.353544 -0.5523719 0.1695756 -0.2661819 -0.9488896 0.2546121 -0.5943374 -0.7628472 0.7603565 -0.4401604 -0.4776158 0.4462821 0.201621 -0.8718837 0.9487165 -0.07274768 -0.3076439 0.7700026 -0.6212528 0.1453992 0.7273743 -0.6560889 0.2011815 0.8929685 -0.4407387 0.09141514 0.816838 -0.4667143 0.3390478 0.4475071 -0.5655838 0.6927137 0.3131094 -0.2359001 0.9199531 0.8497348 -0.3639261 0.3814556 0.8449125 -0.3019754 0.4415131 0.4170366 -0.009931182 0.9088354 0.9436361 -0.2213079 0.2461173 0.8864691 0.1268625 0.4450602 0.9625157 -0.04990749 0.2665947 0.9391558 -0.3234056 0.1157377 0.9243194 -0.3810936 -0.02003017 0.942646 -0.3320002 0.03456167 0.8586951 -0.4884449 -0.1551268 0.3060895 -0.5563466 -0.7725204 0.8425986 -0.4707721 -0.2615365 0.6984306 -0.6236382 -0.3510984  
					<SubMeshes>: 1
						<SubMesh>: 0 408 0 1 2 1 0 3 0 4 3 4 0 5 5 6 4 6 5 7 7 8 6 8 7 9 10 8 9 8 10 11 12 11 10 11 12 13 14 15 16 17 15 14 14 16 18 18 16 19 18 19 20 20 19 21 20 21 22 17 23 22 17 14 23 22 23 20 14 24 23 20 23 25 18 26 14 24 14 26 27 18 20 28 20 25 20 28 27 26 18 29 18 27 29 29 30 26 30 29 31 27 31 29 32 26 30 26 32 24 31 27 33 27 34 33 34 27 28 35 24 32 36 34 28 34 36 37 38 28 25 28 38 36 39 37 36 38 39 36 37 39 40 25 41 38 39 38 41 25 23 41 24 35 42 42 23 24 43 40 39 40 43 44 43 45 44 46 39 41 41 23 46 39 46 43 47 43 46 46 23 47 45 43 48 43 47 48 49 45 48 47 49 48 45 49 50 49 51 50 47 23 52 49 47 52 51 49 53 53 54 51 49 55 53 55 49 52 54 53 56 55 56 53 56 57 54 52 23 58 23 42 58 52 59 55 52 58 59 56 55 59 59 58 60 42 60 58 60 56 59 57 56 61 56 60 61 60 42 61 61 35 57 35 61 42 62 63 64 65 63 62 64 63 66 64 66 67 67 66 68 67 68 69 69 68 70 71 65 70 71 63 65 71 70 68 72 63 71 71 73 72 73 71 74 63 72 75 75 66 63 66 75 76 77 66 76 66 77 68 78 68 77 68 78 79 71 68 79 78 80 79 80 78 81 82 80 81 83 79 80 80 82 83 71 79 83 82 84 83 71 83 84 84 82 85 85 86 84 71 84 86 86 85 87 88 86 87 71 86 89 86 88 89 71 89 90 88 90 89 90 88 91 71 90 74 92 90 91 74 90 93 90 92 93 74 93 94 92 94 93 94 73 74 94 92 95 73 94 95  
				</Mesh>
				<Materials>: 1
					<Material>: 0
						<AlbedoColor>: 1 1 1 1
						<EmissiveColor>: 0 0 0 1
						<Glossiness>: 0.5
						<Metallic>: 0
						<SpecularHighlight>: 1
						<GlossyReflection>: 1
						<AlbedoMap>: @FlashBang_Base_color
						<MetallicMap>: @FlashBang_Metallic
						<NormalMap>: @FlashBang_Normal
						<EmissionMap>: null
						<DetailAlbedoMap>: null
						<DetailNormalMap>: null
				</Materials>
				<Children>: 0
			</Frame>
			<Frame>: 3 0 FlashBang02
				<Transform>: -0.01144202 0.099221 -0.02137945 2.504478E-06 0 0 1 1 1 2.185569E-08 0 0 1  
				<TransformMatrix>: 1 0 0 0 0 1 4.371139E-08 0 0 -4.371139E-08 1 0 -0.01144202 0.099221 -0.02137945 1  
				<Mesh>: 156 FlashBang02
					<Bounds>: 0 0 -1.164153E-09 0.021764 0.00368 0.0064655
					<Positions>: 156 0.015843 0.002241001 -0.0006554985 0.015482 0.002602005 0.0002285004 0.018084 0.00368 0.0002285004 0.018084 0.003169002 -0.0006554985 0.016565 0.001518993 -0.0006554985 0.020326 0.002241001 -0.0006554985 0.020687 0.002602005 0.0002285004 0.021764 0 0.0002285004 0.018084 0.002147999 -0.0006554985 0.016926 0.001157989 0.0002285004 0.018084 0.001637993 0.0002285004 0.019243 0.001157989 0.0002285004 0.019604 0.001518993 -0.0006554985 0.021254 0 -0.0006554985 0.020233 0 -0.0006554985 0.019722 0 0.0002285004 0.019243 -0.001158009 0.0002284956 0.020326 -0.002241001 -0.0006555032 0.020687 -0.002602005 0.0002284956 0.018084 -0.00368 0.0002284956 0.019604 -0.001518993 -0.0006555032 0.018084 -0.003169002 -0.0006555032 0.018084 -0.002147999 -0.0006555032 0.018084 -0.001637993 0.0002284956 0.016926 -0.001158009 0.0002284956 0.015843 -0.002241001 -0.0006555032 0.015482 -0.002602005 0.0002284956 0.014729 -0.0007819938 0.0002285004 0.014867 -0.0006100083 -0.0001355028 0.016565 -0.001518993 -0.0006555032 0.015936 0 -0.0006554985 0.016447 0 0.0002285004 0.016926 0.001157989 0.0002285004 0.016565 0.001518993 -0.0006554985 0.014915 0 -0.0006554985 0.014818 0 -0.0004874992 0.014867 0.0006099892 -0.0001355028 0.015843 0.002241001 -0.0006554985 0.014738 0.0008060074 0.0002285004 0.015482 0.002602005 0.0002285004 0.018084 0.00368 0.0002285004 0.015482 0.002602005 0.0002285004 0.015843 0.002241001 0.001112499 0.018084 0.003169002 0.001112499 0.016565 0.001518993 0.001112499 0.020326 0.002241001 0.001112499 0.020687 0.002602005 0.0002285004 0.021764 0 0.0002285004 0.018084 0.002147999 0.001112499 0.016926 0.001157989 0.0002285004 0.018084 0.001637993 0.0002285004 0.019243 0.001157989 0.0002285004 0.019604 0.001518993 0.001112499 0.021254 0 0.001112499 0.020233 0 0.001112499 0.019722 0 0.0002285004 0.019243 -0.001158009 0.0002284956 0.020326 -0.002241001 0.001112499 0.020687 -0.002602005 0.0002284956 0.018084 -0.00368 0.0002284956 0.019604 -0.001518993 0.001112499 0.018084 -0.003169002 0.001112499 0.018084 -0.002147999 0.001112499 0.018084 -0.001637993 0.0002284956 0.016926 -0.001158009 0.0002284956 0.015843 -0.002241001 0.001112499 0.015482 -0.002602005 0.0002284956 0.014729 -0.0007819938 0.0002285004 0.014854 -0.0006100083 0.0005695009 0.016565 -0.001518993 0.001112499 0.015936 0 0.001112499 0.016447 0 0.0002285004 0.016926 0.001157989 0.0002285004 0.016565 0.001518993 0.001112499 0.014915 0 0.001112499 0.014805 0 0.0009214973 0.014854 0.0006099892 0.0005695009 0.015843 0.002241001 0.001112499 0.014738 0.0008060074 0.0002285004 0.015482 0.002602005 0.0002285004 -0.021537 -0.0006100083 0.006195499 -0.021311 0 0.006465499 -0.021537 0.0006099892 0.0061955 -0.021764 0.0006099892 0.0059255 -0.021764 -0.0006100083 0.005925499 -0.020528 -0.0006220054 0.003147498 -0.020528 0.0006220054 0.003147499 -0.017662 0.0006099892 0.001160498 -0.020263 -0.0006170082 0.003412498 -0.021537 -0.0006100083 0.006195499 -0.020165 0 0.0037305 -0.021311 0 0.006465499 -0.021537 0.0006099892 0.0061955 -0.017662 -0.0006100083 0.001160498 -0.015246 0.0005550003 0.0004085016 -0.017467 -0.0006100083 0.001439499 -0.015246 -0.0005560112 0.0004094982 -0.012377 -0.0006100083 0.0002174997 -0.012377 0.0006099892 0.0002174997 -0.01508 -0.0006100083 0.0006614971 -0.020263 0.0006159973 0.003412499 -0.021764 0.0006099892 0.0059255 -0.020528 0.0006220054 0.003147499 -0.017662 0.0006099892 0.001160498 -0.017467 0.0006099892 0.0014395 -0.015246 0.0005550003 0.0004085016 -0.017272 0 0.001717501 -0.01508 0.0006099892 0.0006614971 -0.012377 0.0006099892 0.0002174997 -0.012377 -0.0006100083 0.0005695009 0.014729 -0.0007819938 0.0002285004 0.014854 -0.0006100083 0.0005695009 0.014805 0 0.0009214973 -0.014976 0 0.000989499 -0.012377 0.0006099892 0.0005695009 0.014738 0.0008060074 0.0002285004 0.014854 0.0006099892 0.0005695009 -0.012377 0 0.0009214973 -0.021264 0.0006100083 -0.006289501 -0.020959 0 -0.006465502 -0.021264 -0.0006099892 -0.006289501 -0.021569 -0.0006099892 -0.0061135 -0.021569 0.0006100083 -0.0061135 -0.020648 -0.0006099892 -0.003375502 -0.020648 0.0006100083 -0.003375502 -0.017768 0.0006099892 -0.001115498 -0.020387 -0.0006049919 -0.0036625 -0.021264 -0.0006099892 -0.006289501 -0.020179 0 -0.003903499 -0.020959 0 -0.006465502 -0.021264 0.0006100083 -0.006289501 -0.01761 -0.0006100083 -0.001389499 -0.017768 -0.0006100083 -0.001115498 -0.015256 -0.0006089973 -0.0002134991 -0.015255 0.0006069946 -0.0002134991 -0.012377 -0.0006100083 0.0002174997 -0.012377 0.0006099892 0.0002174997 -0.015183 -0.0006100083 -0.0003845024 -0.020387 0.000605011 -0.0036625 -0.021569 0.0006100083 -0.0061135 -0.020648 0.0006100083 -0.003375502 -0.01761 0.0006099892 -0.001389499 -0.017768 0.0006099892 -0.001115498 -0.015255 0.0006069946 -0.0002134991 -0.017452 0 -0.001662502 -0.015183 0.0006099892 -0.0003845024 -0.012377 0.0006099892 0.0002174997 -0.012377 -0.0006100083 -0.0001355028 0.014729 -0.0007819938 0.0002285004 0.014867 -0.0006100083 -0.0001355028 0.014818 0 -0.0004874992 -0.015102 0 -0.000706501 -0.012377 0.0006099892 -0.0001355028 0.014738 0.0008060074 0.0002285004 0.014867 0.0006099892 -0.0001355028 -0.012377 0 -0.0004874992  
					<Colors>: 0  
					<TextureCoords0>: 156 0.012873 0.350932 0.010087 0.352448 0.007517 0.344109 0.010625 0.344016 0.015211 0.348842 0.012388 0.337123 0.009678 0.335554 0.016024 0.329438 0.013762 0.343873 0.017946 0.347438 0.016916 0.343825 0.017824 0.340276 0.015114 0.338696 0.017506 0.332202 0.018995 0.334975 0.020475 0.337742 0.024071 0.336955 0.02444 0.330681 0.024629 0.327551 0.032956 0.330458 0.024253 0.333823 0.031147 0.333013 0.029344 0.335576 0.027556 0.338138 0.029891 0.3409 0.035573 0.338553 0.038439 0.337366 0.039234 0.343449 0.037966 0.343936 0.032768 0.339765 0.033476 0.344878 0.030352 0.344317 0.028604 0.347484 0.030961 0.349267 0.036497 0.345542 0.036828 0.345625 0.037111 0.347651 0.032633 0.351734 0.037991 0.348646 0.034995 0.353787 0.00677 0.292635 0.010218 0.284617 0.012825 0.286425 0.00985 0.29306 0.014927 0.288753 0.010867 0.300103 0.008004 0.301373 0.013665 0.308132 0.012952 0.293536 0.017494 0.290442 0.016082 0.293922 0.016606 0.297549 0.013744 0.29883 0.015431 0.305543 0.017207 0.302943 0.018971 0.300349 0.022462 0.301512 0.022166 0.30779 0.022023 0.310923 0.030612 0.308908 0.022312 0.304646 0.02908 0.306176 0.027557 0.303438 0.026051 0.300704 0.028663 0.298204 0.034057 0.301131 0.036786 0.302606 0.038184 0.296631 0.037058 0.296024 0.031405 0.299634 0.032638 0.29462 0.029475 0.294856 0.028062 0.291526 0.030587 0.289996 0.035708 0.294272 0.036105 0.294216 0.03659 0.292222 0.032482 0.287717 0.037487 0.291344 0.035042 0.285918 0.030725 0.278233 0.028991 0.279517 0.027014 0.278658 0.02689 0.277574 0.030604 0.277145 0.029756 0.267997 0.025964 0.268291 0.025566 0.257625 0.030878 0.267945 0.031577 0.277341 0.033025 0.268313 0.033597 0.277562 0.035577 0.277089 0.029297 0.25755 0.025722 0.249942 0.030312 0.257386 0.029142 0.249935 0.029144 0.241192 0.025428 0.24119 0.030032 0.24962 0.035111 0.267712 0.03651 0.27669 0.036229 0.267599 0.035589 0.257325 0.034568 0.257233 0.035208 0.249878 0.032438 0.257173 0.034352 0.249565 0.035488 0.241241 0.03018 0.241283 0.029775 0.158254 0.030919 0.157902 0.033073 0.158086 0.032204 0.249489 0.034436 0.241292 0.036396 0.158269 0.035231 0.157927 0.032304 0.241342 0.018078 0.279011 0.01608 0.279825 0.014379 0.278494 0.014529 0.277416 0.018227 0.277935 0.015566 0.268766 0.019281 0.269138 0.019997 0.257957 0.014415 0.268838 0.013509 0.277316 0.012269 0.268846 0.011488 0.277215 0.009476 0.276946 0.01531 0.257789 0.016268 0.257799 0.016452 0.249741 0.020192 0.249848 0.016868 0.240885 0.020581 0.240995 0.015859 0.24968 0.010158 0.268483 0.008458 0.276773 0.009042 0.268181 0.011129 0.257536 0.010178 0.257435 0.011054 0.249599 0.013215 0.257702 0.011596 0.249554 0.010487 0.240893 0.015822 0.240993 0.0155 0.15796 0.014289 0.157576 0.012144 0.157761 0.013709 0.249636 0.011547 0.240972 0.008764 0.157964 0.009989 0.157588 0.01369 0.241061  
					<TextureCoords1>: 0  
					<Normals>: 156 -0.4529656 0.4254456 -0.7834655 -0.7071133 0.7071002 3.982159E-05 -6.329451E-05 1 0 -4.750379E-05 0.5819088 -0.8132541 0.1923701 -0.2525907 -0.9482571 0.4115878 0.4115449 -0.8131583 0.707139 0.7070745 0 1 0 0 4.571352E-05 -0.3952194 -0.9185868 0.7072175 -0.7069961 0 0.0001489839 -1 0 -0.7071121 -0.7071014 0 -0.2792969 -0.2792976 -0.9186872 0.5821133 6.733806E-07 -0.8131077 -0.3950351 8.941308E-07 -0.9186659 -1 -9.538215E-07 2.280878E-07 -0.7071079 0.7071056 -1.586211E-06 0.411588 -0.4115442 -0.8131585 0.707139 -0.7070745 -1.074535E-06 -6.329445E-05 -1 -1.048053E-06 -0.2792979 0.2792995 -0.9186863 -4.750379E-05 -0.5819088 -0.8132541 4.571362E-05 0.3952229 -0.9185853 0.0001489834 1 -1.326877E-06 0.7072133 0.7070003 -1.586189E-06 -0.4530855 -0.4254777 -0.7833788 -0.7071796 -0.707034 3.638399E-05 -0.5219376 -0.852973 0.004275292 -0.4002856 -0.4993982 -0.7683573 0.1923714 0.2525928 -0.9482564 0.5237337 1.035868E-06 -0.851882 1 -9.64189E-07 2.177201E-07 0.7072175 -0.7069961 0 0.1923701 -0.2525907 -0.9482571 -0.4645917 1.131048E-06 -0.885525 -0.4217552 4.646632E-06 -0.9067097 -0.3923537 0.4994347 -0.7724141 -0.4529656 0.4254456 -0.7834655 -0.5375475 0.8432211 0.004575037 -0.7071133 0.7071002 3.982159E-05 -6.329451E-05 1 0 -0.7071133 0.7071002 3.982159E-05 -0.4543335 0.4260167 0.7823624 -4.750379E-05 0.5819088 0.8132541 0.18984 -0.2519208 0.948945 0.4115878 0.4115449 0.8131583 0.707139 0.7070745 0 1 0 0 4.571352E-05 -0.3952194 0.9185868 0.7072175 -0.7069961 0 0.0001489839 -1 0 -0.7071121 -0.7071014 0 -0.2792969 -0.2792976 0.9186872 0.5821133 -2.172383E-07 0.8131077 -0.3950356 -4.820923E-07 0.9186658 -1 -9.538215E-07 2.280878E-07 -0.7071079 0.7071056 -1.586211E-06 0.4115883 -0.4115456 0.8131577 0.707139 -0.7070745 -1.074535E-06 -6.329445E-05 -1 -1.048053E-06 -0.2792993 0.2792989 0.9186861 -4.750384E-05 -0.5819099 0.8132533 4.571887E-05 0.3952238 0.9185849 0.0001489834 1 -1.326877E-06 0.7072133 0.7070003 -1.586189E-06 -0.4544528 -0.4260519 0.7822739 -0.7071796 -0.707034 3.638399E-05 -0.5219376 -0.852973 0.004275292 -0.4038477 -0.5017256 0.7649696 0.1898428 0.2519224 0.948944 0.5237339 -6.530476E-07 0.8518819 1 -9.64189E-07 2.177201E-07 0.7072175 -0.7069961 0 0.18984 -0.2519208 0.948945 -0.4641908 4.482972E-07 0.8857352 -0.4221549 4.674585E-06 0.9065237 -0.3955465 0.5017934 0.7692505 -0.4543335 0.4260167 0.7823624 -0.5375475 0.8432211 0.004575037 -0.7071133 0.7071002 3.982159E-05 -0.03520678 -0.6745719 0.7373692 0.265759 0.0001442168 0.9640395 -0.03472126 0.6745999 0.7373665 -0.787224 0.6059349 0.1145477 -0.7875944 -0.6055259 0.1141638 -0.5825279 -0.6542981 -0.4822398 -0.5822299 0.6547529 -0.4819823 -0.3209521 0.6639946 -0.6753525 0.3409766 -0.8891758 0.3051251 -0.03520678 -0.6745719 0.7373692 0.8032055 0.0001816789 0.595702 0.265759 0.0001442168 0.9640395 -0.03472126 0.6745999 0.7373665 -0.3210565 -0.664046 -0.6752523 -0.1397864 0.6449263 -0.751352 0.2123826 -0.8925723 0.3977541 -0.1396507 -0.6459303 -0.7505143 -0.06135352 -0.9979493 -0.01824579 -0.06206239 0.9979162 -0.01764837 0.07558034 -0.9037433 0.42135 0.3414791 0.8888488 0.3055159 -0.787224 0.6059349 0.1145477 -0.5822299 0.6547529 -0.4819823 -0.3209521 0.6639946 -0.6753525 0.212434 0.8926422 0.3975698 -0.1397864 0.6449263 -0.751352 0.4394457 8.89826E-05 0.8982692 0.07545535 0.9040849 0.4206386 -0.06206239 0.9979162 -0.01764837 0.002448896 -0.8446209 0.5353594 -0.5219376 -0.852973 0.004275292 -0.4038477 -0.5017256 0.7649696 -0.4221549 4.674585E-06 0.9065237 0.1643661 6.791167E-06 0.9863994 0.002260338 0.8400766 0.542463 -0.5375475 0.8432211 0.004575037 -0.3955465 0.5017934 0.7692505 0.01520201 6.737854E-06 0.9998845 0.122116 0.6783386 -0.7245304 0.4815792 -5.135323E-06 -0.8764026 0.1221108 -0.678341 -0.7245291 -0.7541248 -0.5903412 -0.2877376 -0.7541248 0.5903412 -0.2877376 -0.6207113 -0.6501478 0.438207 -0.6207083 0.6501496 0.4382086 -0.3572211 0.6732455 0.6474053 0.3623264 -0.895722 -0.2576855 0.1221108 -0.678341 -0.7245291 0.8392556 -4.101971E-06 -0.5437372 0.4815792 -5.135323E-06 -0.8764026 0.122116 0.6783386 -0.7245304 0.2462949 -0.8769421 -0.412688 -0.3572332 -0.6737741 0.6468486 -0.1779357 -0.6849164 0.706561 -0.1781947 0.6834993 0.7078667 -0.06135352 -0.9979493 -0.01824579 -0.06206239 0.9979162 -0.01764837 0.1110721 -0.8823071 -0.4573807 0.3623314 0.8957206 -0.2576832 -0.7541248 0.5903412 -0.2877376 -0.6207083 0.6501496 0.4382086 0.2461011 0.8774507 -0.4117215 -0.3572211 0.6732455 0.6474053 -0.1781947 0.6834993 0.7078667 0.5130872 3.503021E-06 -0.8583364 0.1106177 0.8833132 -0.4555453 -0.06206239 0.9979162 -0.01764837 0.01905902 -0.8390779 -0.5436774 -0.5219376 -0.852973 0.004275292 -0.4002856 -0.4993982 -0.7683573 -0.4217552 4.646632E-06 -0.9067097 0.2351485 6.944928E-06 -0.9719595 0.01867383 0.8350305 -0.5498866 -0.5375475 0.8432211 0.004575037 -0.3923537 0.4994347 -0.7724141 0.04291474 6.788242E-06 -0.9990788  
					<Tangents>: 156 0.01516945 -0.8749844 -0.4839134 -0.3336579 -0.3336144 -0.881688 -0.02548678 0 -0.9996752 -0.04701856 -0.8123559 -0.5812634 0.02112422 -0.9650155 0.2613401 -0.1024389 -0.8656921 -0.489983 0.3821035 -0.3821383 -0.8414078 0 -0.9109035 -0.4126195 -0.02976993 -0.9181801 0.395043 -0.29814 -0.2982334 0.9067356 -0.01766619 0 0.999844 0.3790357 -0.3790415 0.8441917 -0.1601046 -0.9298219 0.3313574 -0.3444101 -0.9058621 -0.246568 -0.4140352 -0.8926799 0.1780382 0 -0.9163354 0.4004116 -0.7061643 -0.7061667 -0.05157943 -0.6751169 -0.7370462 0.03130638 -0.706128 -0.7061924 0.05172616 -0.8570613 0 0.5152144 -0.6724702 -0.7398407 -0.02048321 -0.8505324 -0.4276851 0.3060719 -0.8324132 -0.509024 -0.2190499 -0.8709639 0 -0.491347 -0.2828345 0.2829176 -0.9164946 -0.7972588 -0.1997793 0.5696197 -0.2915345 0.2916415 0.9110175 -0.3508138 0.2192276 0.9104224 -0.7504064 -0.3026274 0.5876282 -0.9109636 -0.3133315 -0.2682698 -0.8316763 -0.216506 -0.5113118 0 -0.2181568 -0.9759137 -0.3969049 -0.3970292 -0.8275471 -0.9667127 -0.214899 -0.1388707 -0.8657188 -0.2103167 0.4542 -0.8935578 -0.1697075 0.4156367 -0.913926 -0.1168064 0.3887101 -0.8912681 -0.19488 0.4094667 -0.5439497 -0.3508997 0.7622257 -0.4454924 -0.4455444 0.776548 -0.1461443 0 0.9892634 -0.3910167 -0.3910708 0.8331683 -0.08692679 -0.8952484 0.4370058 -0.1659534 -0.8019817 0.5738334 -0.0956823 -0.9666676 -0.2374842 -0.2043609 -0.8278401 0.5224147 0.3105787 -0.3106071 0.8983675 0 -0.8654884 0.5009292 -0.1430904 -0.9091368 -0.3911465 -0.3586147 -0.3587269 -0.8618065 -0.141075 0 -0.989999 0.3086621 -0.3086667 -0.8996958 -0.2675866 -0.89622 -0.3538181 -0.416128 -0.8591198 0.2979106 -0.4970283 -0.8410015 -0.2137276 0 -0.8729942 -0.4877307 -0.7064434 -0.7064459 -0.04326426 -0.7302989 -0.6827014 0.02412779 -0.7065246 -0.7065893 0.03942731 -0.9034901 0 -0.428609 -0.7335685 -0.6794161 -0.01646373 -0.8983365 -0.3572437 -0.2556723 -0.8854542 -0.4268749 0.1837082 -0.914882 0 0.4037215 -0.3554815 0.3555906 0.8644006 -0.8346371 -0.1031554 -0.5410543 -0.3614815 0.3615117 -0.8594419 -0.4133409 0.2485342 -0.8760023 -0.8045985 -0.2031288 -0.5579963 -0.9487485 -0.2016514 0.2433375 -0.8473669 -0.1028199 0.5209581 0 -0.09220786 0.9957398 -0.3386042 -0.3387102 0.8778512 -0.9806278 -0.09616816 0.1706481 -0.8797844 -0.1157231 -0.4610721 -0.9020443 -0.09929143 -0.4200682 -0.8928928 -0.01390155 -0.4500547 -0.8833326 -0.1017286 -0.457575 -0.4976887 -0.3128839 -0.8089559 -0.3950655 -0.3950261 -0.8293839 0.1446513 -0.7334965 -0.6641226 0.04577983 -0.9988737 -0.01247081 0.06482031 -0.7347378 0.6752473 -0.5783791 -0.7899298 0.2036877 0.5976335 -0.7055166 0.3808945 0.4043778 -0.7479562 0.5263459 -0.5644706 -0.7521988 -0.3399556 -0.3146846 -0.7473295 -0.5852113 0.5853312 0.4547955 0.6712291 0.6023678 0.5744152 0.5542567 -0.03504648 0.9982823 0.0469499 -0.03505681 0.99934 0.009514682 -0.6852647 0.5209862 -0.5089064 0.2837188 -0.7476909 0.6003849 -0.1230226 -0.7642347 -0.6330962 0.3810523 0.4504644 0.8073914 0.1530443 -0.7629136 0.6281244 0.1895136 -0.02959502 0.981432 -0.959096 -0.06452415 -0.2756296 0.2023786 0.4276669 0.8809903 -0.6880853 0.4578476 -0.5629511 -0.4881008 -0.4987319 -0.7162571 -0.5084466 -0.7558273 -0.4125618 -0.3983419 -0.7415788 -0.5398005 -0.4517067 0.450482 -0.7700824 -0.1939318 -0.761938 -0.6179328 -0.03375154 0.9992955 0.01641273 -0.2154569 0.4266585 -0.878374 -0.05226485 -0.02090764 -0.9984144 0.06750153 0.5342796 0.8426084 -0.1927467 0.1228221 0.9735314 0.09153652 0.8098332 0.5794751 0.005096534 0.9999843 0.002368215 -0.0127887 0.999916 0.002124146 -0.04464229 0.5420085 -0.8391865 0.2356811 0.15545 -0.9593173 -0.07250121 0.8178837 -0.5707974 0.002379426 0.9999973 0 -0.2435946 0.7281499 0.640671 -0.06304967 0.9974087 -0.03465137 -0.04281516 0.7257124 -0.6866647 -0.6548914 0.708761 0.2622498 0.5003453 0.8002579 0.3305174 -0.4181803 0.7473027 0.5163952 0.5991361 0.7538312 -0.2697676 0.3782991 0.7380292 -0.558751 -0.632672 -0.4393795 0.6377083 -0.6869081 -0.5846781 0.4316351 0.04896338 -0.9959366 0.07558226 0.05479404 -0.9980434 0.03011491 0.793744 -0.5050055 -0.3390279 -0.4190784 -0.4803015 0.7705088 -0.3036437 0.7387044 0.601761 -0.1834526 0.7285199 0.660003 0.206 0.7293519 -0.6523877 -0.1492592 -0.008901321 0.988758 0.9701268 0.06447206 0.2338747 -0.2352195 -0.4704912 0.8504763 0.7622195 -0.4438744 -0.4711654 0.5997128 0.440468 -0.6680812 0.5533068 0.7592233 -0.3426827 0.5360236 -0.4771269 -0.6964399 0.4811673 0.7267321 -0.4902433 0.2768381 0.7251465 -0.6304945 0.05435185 -0.9979932 0.03248582 0.2804077 -0.4674748 -0.8383548 0.07909604 -0.01270924 -0.996786 -0.07846438 -0.5433543 0.8358287 0.1811841 -0.1059668 0.9777235 -0.09821653 -0.8102512 0.5777945 -0.002341127 -0.9999967 0.001083843 0.02995717 -0.999525 0.00724047 0.06964894 -0.549733 -0.8324319 -0.2239939 -0.1375596 -0.9648337 0.08212346 -0.8173757 -0.5702216 0.005552684 -0.9999846 0  
					<BiTangents>: 156 0.8913989 0.2310809 -0.3898841 0.6234285 0.6234667 -0.4718328 0.9996752 6.327395E-05 -0.02548678 0.998894 -0.03821042 -0.0273991 0.9810951 0.07030523 0.1803044 0.9055947 -0.28497 0.3141501 0.5949381 -0.5949923 0.5404006 0 -0.4126195 0.9109035 0.9995568 -0.0273282 0.01180763 0.6410584 0.6412592 0.4216997 0.999844 0.0001489607 0.01766619 0.5969291 -0.5969382 -0.5360415 0.9467628 -0.2396332 -0.2149796 0.7365636 -0.4235729 0.5273141 0.8200744 -0.4506914 -0.3526403 1.729163E-07 -0.4004116 -0.9163354 0.03647323 0.03647111 -0.9986689 0.6122193 -0.5360917 0.5811998 0.03657501 0.03657683 0.9986613 0.5152144 -3.350846E-05 0.8570613 0.6854025 -0.6120682 -0.3944566 0.5259226 -0.6917135 0.494912 0.5541555 -0.7646524 -0.3289654 0.491347 -7.435821E-05 -0.8709639 0.6479614 -0.6481576 -0.4000471 0.3988634 -0.882642 0.2486987 0.6441309 -0.6442423 0.4123678 0.777503 -0.4736839 0.4136579 0.5259864 -0.8117993 0.2536142 0.3648817 -0.9154345 -0.1698269 0.1844381 -0.9762813 0.1133907 -9.884625E-07 -0.9759138 0.2181568 -0.5850726 -0.5852558 0.5613962 0.1687021 -0.9434068 0.2855228 0.1862402 -0.9776333 -0.09771238 0.1538735 -0.9854945 -0.07157917 -0.1039124 -0.8584412 -0.5022758 -0.02152403 -0.8837522 -0.46746 -0.6443302 -0.4072439 -0.6472952 -0.549115 -0.5490897 -0.6300581 -0.9892632 -6.261493E-05 -0.1461443 -0.5891491 -0.5891289 -0.5530194 -0.8865804 -0.1305381 -0.4437736 -0.9861336 0.134935 -0.0966078 -0.9771416 0.04571324 0.2076166 -0.8881622 0.3811973 0.2566252 -0.6352128 0.6352707 0.4392447 0 0.5009291 0.8654882 -0.9897097 0.131423 0.05659365 -0.6092938 -0.6094846 0.5072371 -0.9899989 -0.0001474939 0.141075 -0.6361762 0.6361859 -0.4365174 -0.9221662 0.3446486 -0.1755752 -0.6985568 0.5117746 0.5001051 -0.7725994 0.5410329 -0.3322253 -6.643273E-07 0.4877307 -0.8729941 0.03059353 0.03059138 -0.9990637 -0.5452142 0.6037789 0.5815432 0.02787881 0.02787984 0.9992225 -0.428609 2.618166E-05 0.9034901 -0.6195717 0.6785175 -0.3946452 -0.4393079 0.7305873 0.5227339 -0.4647267 0.8133732 -0.349933 -0.4037215 5.893387E-05 -0.914882 -0.6111319 0.611315 -0.5028039 -0.311213 0.8987985 0.3087195 -0.6076415 0.607793 0.5112334 -0.7461438 0.4589857 0.4822879 -0.4353484 0.8408389 0.3216546 -0.252658 0.9465051 -0.2007289 -0.08759009 0.9947 0.05385083 9.400059E-07 0.9957398 0.09220786 0.6206374 0.6208317 0.4789336 -0.04826849 0.9629577 0.2652972 -0.1024998 0.9932815 -0.05371799 -0.09000807 0.9950584 -0.04192058 0.2151407 0.8648757 -0.4535465 0.1153459 0.8989778 -0.4225331 0.6806972 0.4371291 -0.5878516 0.5864418 0.5864841 -0.5586792 -0.9888561 -0.08327977 -0.1234017 -0.9629519 -0.0474478 0.2654663 -0.9972927 -0.07124176 0.01821676 -0.2139061 -0.09409586 -0.9723118 0.150097 -0.3682185 -0.9175435 0.7050814 -0.1116041 -0.700289 0.5851335 -0.07413258 -0.8075415 0.893288 -0.0246982 -0.4488058 0.7356102 0.05027417 -0.675537 0.7974419 -0.463681 -0.386117 0.5946702 0.05858767 -0.8018321 0.9634019 0.03632476 -0.2655887 0.727466 0.5229611 -0.4441902 0.9035631 -0.001175669 -0.4284533 0.9825097 -0.003934998 -0.1861701 0.8998293 0.01991075 -0.4357875 0.9783022 0.0271439 -0.2053973 0.9799594 -0.05675649 -0.1909408 0.2761939 0.0001797494 -0.9611019 0.9763865 -0.01868671 -0.2152215 0.6402582 0.01798493 -0.7679492 0.3768766 0.6197656 -0.688371 0.6344215 -0.004856444 -0.7729721 0.8592517 -0.0957711 -0.5025082 0.8665061 0.01599323 -0.4989102 0.9710047 -0.05933242 -0.2315803 0.8976349 0.03753047 -0.4391391 0.9735938 0.02435149 -0.226985 0.9967029 0.0610416 -0.05345352 0.9977161 -0.03407412 -0.05832159 0.8309211 -0.5072986 0.2285132 0.9102352 -0.3040423 0.281123 0.9065094 -0.005619883 0.4221483 0.9863165 0.0129639 -0.1643524 0.9990005 0.02231995 -0.03872807 0.8096278 0.5146004 0.2822931 0.9155799 0.2815485 0.2871304 0.9998816 -0.002379151 -0.01520195 -0.9621587 -0.09825555 -0.2541584 -0.8741317 -0.07194427 -0.480331 -0.9915926 -0.11487 -0.05957402 -0.04912037 -0.3862061 0.9211037 -0.4253824 -0.1052832 0.8988689 0.6632065 -0.1372828 0.7357382 0.5057245 -0.09509961 0.8574373 0.8539806 -0.04531522 0.5183278 0.684431 0.06802822 0.725897 0.7164121 -0.4449776 0.5373534 0.5415282 0.09005605 0.8358452 0.874688 0.06252435 0.4806367 0.5958676 0.533691 0.6000965 0.8739063 0.01682376 0.4858033 0.8832808 -0.01855753 0.4684769 0.9667906 0.01218232 0.2552794 0.9621906 -0.02956848 0.2707675 0.9868928 -0.06338715 0.148407 -0.2345252 0.002606333 0.9721065 0.9655749 -0.01312066 0.2597943 0.5364116 0.02569315 0.8435653 0.2676566 0.6763766 0.6862031 0.5554932 -0.02975775 0.8309884 0.8075351 0.04929775 0.5877558 0.8005443 -0.136385 0.5835478 0.9442496 -0.08361367 0.3184359 0.8566139 0.06332023 0.5120578 0.9534858 0.03500153 0.2993988 0.9949332 0.06325884 0.07814246 0.9967347 -0.02672923 0.07619352 0.8335187 -0.5110853 -0.2098532 0.911112 -0.3067482 -0.2752827 0.9067067 -0.002579839 -0.4217538 0.9714977 0.03081974 0.235037 0.9973968 0.02275433 0.06842461 0.8129388 0.5196687 -0.2628212 0.916141 0.2871619 -0.2796851 0.9990634 0.005547569 0.04291412  
					<SubMeshes>: 1
						<SubMesh>: 0 618 0 1 2 2 3 0 3 4 0 5 3 2 2 6 5 5 6 7 3 8 4 9 4 8 8 10 9 11 10 8 12 8 3 3 5 12 8 12 11 7 13 5 12 5 13 11 12 14 13 14 12 14 15 11 16 15 14 17 13 7 7 18 17 17 18 19 20 14 13 14 20 16 17 20 13 19 21 17 20 17 21 16 20 22 21 22 20 22 23 16 24 23 22 25 21 19 19 26 25 27 25 26 27 28 25 29 22 21 21 25 29 22 29 24 28 29 25 24 29 30 30 31 24 32 31 30 30 33 32 29 28 34 34 30 29 33 30 34 28 35 34 34 35 36 34 36 33 33 36 37 37 36 38 37 38 39 40 41 42 42 43 40 42 44 43 40 43 45 45 46 40 47 46 45 44 48 43 48 44 49 49 50 48 48 50 51 43 48 52 52 45 43 51 52 48 45 53 47 53 45 52 54 52 51 52 54 53 51 55 54 54 55 56 47 53 57 57 58 47 59 58 57 53 54 60 56 60 54 53 60 57 57 61 59 61 57 60 62 60 56 60 62 61 56 63 62 62 63 64 59 61 65 65 66 59 66 65 67 68 67 65 69 61 62 61 69 65 64 69 62 68 65 69 70 69 64 64 71 70 70 71 72 72 73 70 74 68 69 69 70 74 74 70 73 74 75 68 76 75 74 76 74 73 73 77 76 77 78 76 77 79 78 80 81 82 80 82 83 83 84 80 85 84 83 83 86 85 87 85 86 84 85 88 88 89 84 88 90 89 91 89 90 92 91 90 87 93 85 93 88 85 94 93 87 88 93 95 90 88 95 94 96 93 95 93 96 97 96 94 94 98 97 96 99 95 99 96 97 92 90 100 100 101 92 101 100 102 102 100 103 100 104 103 104 100 90 103 104 105 95 106 90 90 106 104 106 95 99 107 105 104 104 106 107 105 107 108 97 109 99 109 97 110 110 111 109 109 111 112 106 99 113 113 107 106 113 99 109 114 108 107 107 113 114 115 108 114 114 116 115 112 116 114 112 117 109 113 109 117 114 117 112 117 114 113 118 119 120 118 120 121 122 118 121 122 121 123 122 123 124 125 124 123 121 126 123 126 121 127 127 128 126 128 127 129 128 129 130 131 123 126 131 126 128 123 132 125 123 131 132 125 132 133 132 131 133 125 133 134 134 133 135 135 136 134 137 133 131 133 137 135 130 138 128 130 139 138 139 140 138 141 138 140 128 138 141 142 141 140 141 142 143 128 144 131 141 144 128 137 131 144 143 145 141 144 141 145 145 143 146 147 135 137 148 135 147 147 149 148 150 149 147 144 151 137 145 151 144 147 137 151 146 152 145 152 151 145 152 146 153 153 154 152 152 154 150 147 155 150 151 155 147 150 155 152 152 155 151  
				</Mesh>
				<Materials>: 1
					<Material>: 0
						<AlbedoColor>: 1 1 1 1
						<EmissiveColor>: 0 0 0 1
						<Glossiness>: 0.5
						<Metallic>: 0
						<SpecularHighlight>: 1
						<GlossyReflection>: 1
						<AlbedoMap>: @FlashBang_Base_color
						<MetallicMap>: @FlashBang_Metallic
						<NormalMap>: @FlashBang_Normal
						<EmissionMap>: null
						<DetailAlbedoMap>: null
						<DetailNormalMap>: null
				</Materials>
				<Children>: 0
			</Frame>
			<Frame>: 4 0 FlashBang03
				<Transform>: 0.006569808 0.09896508 -0.0200907 340.4474 103.2631 352.2789 1 1 1 -0.1571805 0.7638004 0.09164366 0.6192775  
				<TransformMatrix>: -0.1835793 -0.1266034 -0.974818 0 -0.3536148 0.9337915 -0.05468178 0 0.9171996 0.3346716 -0.2161937 0 0.006569808 0.09896508 -0.0200907 1  
				<Mesh>: 225 FlashBang03
					<Bounds>: -0.0008863248 -0.01921664 -0.0003926498 0.02107905 0.0210661 0.00484308
					<Positions>: 225 0.01738848 -0.0170132 0.004356974 0.01661066 -0.01703363 0.002822939 0.01638649 -0.0227242 0.002761423 0.01715145 -0.02291089 0.004294802 0.01910606 -0.01694984 0.004450431 0.01445446 -0.02793434 0.002586909 0.01884164 -0.02325193 0.004382773 0.02004613 -0.01690748 0.003008603 0.01512328 -0.02838128 0.004110826 0.01150622 -0.03295349 0.003828646 0.01100902 -0.03228991 0.002317932 0.006652189 -0.03618149 0.003469317 0.006387705 -0.03536286 0.001975563 0.001039082 -0.03774532 0.003058891 0.001044837 -0.03685372 0.0015863 -0.004496569 -0.03661378 0.001178055 -0.004783713 -0.03749347 0.002630534 -0.005123582 -0.03918444 0.002564742 -0.009690242 -0.03466695 0.000782259 -0.01024524 -0.03544611 0.002214432 -0.01402805 -0.03120398 0.000427074 0.001238578 -0.03946088 0.0030327 0.007370592 -0.0377514 0.003481029 0.01267353 -0.03422474 0.003873081 0.01662515 -0.02922896 0.004181652 0.01976687 -0.02340627 0.00293737 0.01745917 -0.02962967 0.002728764 0.01334332 -0.03483184 0.00240806 0.007823666 -0.03850367 0.001998434 0.01900257 -0.02321894 0.001405459 0.01926746 -0.01692889 0.00147402 0.01679126 -0.02918396 0.001205643 0.01731238 -0.02287791 0.001317485 0.01754988 -0.01699227 0.00138056 0.01284722 -0.03416914 0.0008972299 0.01528843 -0.02833634 0.001134605 0.001441813 -0.04028273 0.001533229 0.007559917 -0.03768662 0.000506394 0.01167894 -0.03289794 0.0008525755 0.01445446 -0.02793434 0.002586909 0.01638649 -0.0227242 0.002761423 0.01100902 -0.03228991 0.002317932 0.006387705 -0.03536286 0.001975563 0.01661066 -0.01703363 0.002822939 0.006841384 -0.03611577 0.00049502 0.001044837 -0.03685372 0.0015863 0.01910606 -0.01694984 0.004450431 0.01738848 -0.0170132 0.004356974 0.02004613 -0.01690748 0.003008603 0.01926746 -0.01692889 0.00147402 0.001447628 -0.03938985 6.005524E-05 0.001248256 -0.03767522 8.591534E-05 -0.004496569 -0.03661378 0.001178055 -0.004887029 -0.03911555 -0.0004064875 -0.004547287 -0.03742365 -0.0003403609 -0.00997883 -0.03538905 -0.0007542921 -0.009690242 -0.03466695 0.000782259 -0.005175333 -0.03999565 0.001046689 -0.01082339 -0.03689038 -0.0008588867 -0.01451247 -0.0317711 -0.001125991 -0.01402805 -0.03120398 0.000427074 -0.01137814 -0.0376714 0.0005726193 -0.01577863 -0.03293605 -0.001264874 -0.01770415 -0.02692574 -0.00142967 -0.01708353 -0.02656729 0.0001356233 -0.01108973 -0.03694965 0.002110089 -0.01924119 -0.02133126 -0.001649772 -0.01855535 -0.02120644 -7.427809E-05 -0.0182997 -0.01565221 -0.0001942198 -0.01655803 -0.03353657 0.0001487342 -0.01480843 -0.03180457 0.001840463 -0.01926586 -0.02764137 -0.001598398 -0.01897415 -0.01553557 -0.001775738 -0.01634036 -0.01044611 -0.00022513 -0.01607348 -0.03297039 0.001701463 -0.01802409 -0.0269229 0.00153399 -0.01708353 -0.02656729 0.0001356233 -0.02020746 -0.02799832 -0.0001996636 -0.02196538 -0.02159803 -0.0004509481 -0.0209458 -0.02152721 -0.001837542 -0.01958599 -0.02763889 0.001366179 -0.01957486 -0.02127948 0.001312562 -0.01855535 -0.02120644 -7.427809E-05 -0.0182997 -0.01565221 -0.0001942198 -0.02127947 -0.02147543 0.001124794 -0.0193058 -0.01542662 0.00118615 -0.01634036 -0.01044611 -0.00022513 -0.02065513 -0.01519185 -0.001975311 -0.0209847 -0.01508371 0.0009866777 -0.01723976 -0.00993871 0.001153319 -0.01286839 -0.006100625 -0.000174966 -0.02166043 -0.01496656 -0.0005938089 -0.01872992 -0.009090473 0.00095095 -0.01842199 -0.009258964 -0.002009202 -0.01357668 -0.005354169 0.001206339 -0.008223798 -0.003040154 -6.388852E-05 -0.01932054 -0.008750581 -0.000630205 -0.01473142 -0.004085197 0.001008716 -0.01693098 -0.01010622 -0.001806285 -0.01286839 -0.006100625 -0.000174966 -0.008676167 -0.002125164 0.001323496 -0.002861704 -0.001566872 8.585587E-05 -0.01446727 -0.004308356 -0.00195293 -0.01331338 -0.00557831 -0.001755856 -0.01517659 -0.003563234 -0.0005712574 -0.009379999 -0.0005599798 0.001136256 -0.00301294 -0.0005680862 0.001481868 0.002694799 -0.00182375 0.0002452803 -0.008476109 -0.00239094 -0.001639061 -0.008223798 -0.003040154 -6.388852E-05 -0.009181097 -0.0008261646 -0.001825599 -0.009632436 9.015957E-05 -0.0004385838 -0.003197489 0.001139634 0.00130851 0.00285853 -0.0008398532 0.00164953 0.007899263 -0.003787233 0.0003838725 -0.002895148 -0.0008569929 -0.001483177 -0.002861704 -0.001566872 8.585587E-05 0.002694799 -0.00182375 0.0002452803 -0.003080676 0.0008506725 -0.001656752 -0.003231909 0.001849458 -0.0002607392 0.003210541 0.0008418619 0.001491769 0.009215604 -0.001423 0.001653695 0.008360798 -0.002915934 0.001796686 0.01295661 -0.006595384 0.001894364 0.0122439 -0.007265349 0.0004761894 0.003235026 0.000557971 -0.001474752 0.00339857 0.001541532 -6.957822E-05 0.009145751 -0.001672067 -0.001317193 0.002882292 -0.001125651 -0.001317871 0.007899263 -0.003787233 0.0003838725 0.01619328 -0.01151833 0.001917649 0.01530165 -0.01191506 0.0004970467 0.008292713 -0.003165235 -0.001172848 0.01280326 -0.006778288 -0.001077542 0.0122439 -0.007265349 0.0004761894 0.01597703 -0.01160373 -0.001054329 0.01530165 -0.01191506 0.0004970467 0.009609236 -0.0008006672 9.605007E-05 0.01423051 -0.005437324 0.001759571 0.01478987 -0.004950264 0.0002058399 0.014078 -0.00561923 -0.00121178 0.01750383 -0.01717091 -0.001123397 0.01677341 -0.01728322 0.0004315515 0.01651575 -0.0228419 0.0002702619 0.01843758 -0.01049715 0.0002311139 0.01754557 -0.01089459 -0.001187653 0.02019273 -0.01689743 0.0001525886 0.0177617 -0.01080825 0.001784663 0.01723733 -0.02293092 -0.001291027 0.01455433 -0.0280472 1.431973E-05 0.01921465 -0.01697761 -0.001263578 0.01775259 -0.01720393 0.001847596 0.01677341 -0.01728322 0.0004315515 0.01651575 -0.0228419 0.0002702619 0.01520627 -0.02832001 -0.001556531 0.01108198 -0.03238691 -0.0003269782 0.01892181 -0.02327262 -0.001445402 0.01946243 -0.01701066 0.001707204 0.01747909 -0.02309609 0.001675587 0.01455433 -0.0280472 1.431973E-05 0.01916473 -0.02343738 0.001520509 0.01988715 -0.02352542 -4.022823E-05 0.01670375 -0.02916108 -0.001735893 0.01161251 -0.03281151 -0.001908691 0.01539907 -0.02861518 0.001404676 0.01689673 -0.02945589 0.001224399 0.01171453 -0.03322011 0.001041859 0.01108198 -0.03238691 -0.0003269782 0.0175485 -0.02972905 -0.0003455327 0.01287927 -0.0344772 0.0008306662 0.006784983 -0.03645776 0.0006091843 0.00643986 -0.03543625 -0.0007341797 0.01340999 -0.03490144 -0.0007519664 0.007505193 -0.03800701 0.0003577467 0.001092715 -0.03800818 0.0001313876 0.001082004 -0.03689562 -0.001184083 -0.004462155 -0.03662197 -0.001648565 0.01277761 -0.0340679 -0.002121718 0.007879362 -0.03853349 -0.001237853 0.001498855 -0.04027279 -0.001774675 0.001301929 -0.03969706 -0.0001627745 0.007533391 -0.03751295 -0.002581765 -0.004802038 -0.03771719 -0.0003616986 -0.009651403 -0.03463984 -0.002096376 -0.005122978 -0.0393795 -0.0007004834 -0.01032233 -0.03560906 -0.0008380935 -0.01397405 -0.03114448 -0.002500365 0.00681434 -0.03596331 -0.002331031 0.00643986 -0.03543625 -0.0007341797 0.001488146 -0.03916024 -0.003090146 0.001279904 -0.03747129 -0.002795767 0.001082004 -0.03689562 -0.001184083 -0.004462155 -0.03662197 -0.001648565 -0.004765434 -0.03885084 -0.003611975 -0.004444312 -0.03718817 -0.003274105 -0.009651403 -0.03463984 -0.002096376 -0.009795906 -0.03514476 -0.003736231 -0.005104161 -0.03994565 -0.002325807 -0.01425115 -0.03154321 -0.004151986 -0.01397405 -0.03114448 -0.002500365 -0.01061049 -0.0366179 -0.004117246 -0.01113582 -0.0370831 -0.001219228 -0.01737128 -0.02673878 -0.004499645 -0.01700558 -0.0264784 -0.002837841 -0.01128032 -0.03758801 -0.00285908 -0.01547547 -0.03268479 -0.004573311 -0.01885311 -0.02120285 -0.004759619 -0.01844531 -0.02109884 -0.003090799 -0.01968698 -0.02118421 -0.001897089 -0.02050219 -0.02139501 -0.00523573 -0.02133504 -0.02137502 -0.002373565 -0.02174271 -0.02147995 -0.004042718 -0.01888351 -0.02743848 -0.004951062 -0.02050219 -0.02139501 -0.00523573 -0.02174271 -0.02147995 -0.004042718 -0.01642318 -0.03342741 -0.003340845 -0.02002887 -0.0278774 -0.003741374 -0.01614808 -0.03303008 -0.001689073 -0.01966336 -0.02761737 -0.00207865 -0.02133504 -0.02137502 -0.002373565 -0.01968698 -0.02118421 -0.001897089 -0.01492266 -0.03188938 -0.001267864 -0.01815113 -0.02691768 -0.001627234 -0.01700558 -0.0264784 -0.002837841 -0.01844531 -0.02109884 -0.003090799  
					<Colors>: 0  
					<TextureCoords0>: 225 0.182853 0.565059 0.177579 0.565059 0.177579 0.546562 0.182853 0.546562 0.188138 0.565059 0.177579 0.528122 0.188138 0.546562 0.19341 0.565059 0.182853 0.528122 0.182853 0.509682 0.177579 0.509682 0.182853 0.49124 0.177579 0.49124 0.182853 0.472799 0.177579 0.472799 0.177579 0.454357 0.182853 0.454357 0.188138 0.454357 0.177579 0.435915 0.182853 0.435915 0.177579 0.417472 0.188138 0.472799 0.188138 0.49124 0.188138 0.509682 0.188138 0.528122 0.19341 0.546562 0.19341 0.528122 0.19341 0.509682 0.19341 0.49124 0.198684 0.546562 0.198684 0.565059 0.198684 0.528122 0.20397 0.546562 0.20397 0.565059 0.198684 0.509682 0.20397 0.528122 0.19341 0.472799 0.198684 0.49124 0.20397 0.509682 0.209242 0.528122 0.209242 0.546562 0.209242 0.509682 0.209242 0.49124 0.209242 0.565059 0.20397 0.49124 0.209242 0.472799 0.209242 0.574184 0.211876 0.56962 0.203971 0.574187 0.201337 0.569624 0.198684 0.472799 0.20397 0.472799 0.209242 0.454357 0.198684 0.454357 0.20397 0.454357 0.20397 0.435915 0.209242 0.435915 0.19341 0.454357 0.198684 0.435915 0.20397 0.417472 0.209242 0.417472 0.19341 0.435915 0.198684 0.417472 0.20397 0.39903 0.209242 0.39903 0.188138 0.435915 0.20397 0.380586 0.209242 0.380586 0.209242 0.362143 0.19341 0.417472 0.182853 0.417472 0.198684 0.39903 0.20397 0.362143 0.209242 0.343698 0.188138 0.417472 0.182853 0.39903 0.177579 0.39903 0.19341 0.39903 0.19341 0.380586 0.198684 0.380586 0.188138 0.39903 0.182853 0.380586 0.177579 0.380586 0.177579 0.362143 0.188138 0.380586 0.182853 0.362143 0.177579 0.343698 0.198684 0.362143 0.188138 0.362143 0.182853 0.343698 0.177579 0.325254 0.19341 0.362143 0.188138 0.343698 0.198684 0.343698 0.182853 0.325254 0.177579 0.306811 0.19341 0.343698 0.188138 0.325254 0.20397 0.343698 0.209242 0.325254 0.182853 0.306811 0.177579 0.288366 0.198684 0.325254 0.20397 0.325254 0.19341 0.325254 0.188138 0.306811 0.182853 0.288366 0.177579 0.26992 0.20397 0.306811 0.209242 0.306811 0.198684 0.306811 0.19341 0.306811 0.188138 0.288366 0.182853 0.26992 0.177579 0.251475 0.20397 0.288366 0.209242 0.288366 0.209242 0.26992 0.198684 0.288366 0.19341 0.288366 0.188138 0.26992 0.188138 0.251475 0.182853 0.251475 0.182853 0.233027 0.177579 0.233027 0.198684 0.26992 0.19341 0.26992 0.198684 0.251475 0.20397 0.26992 0.209242 0.251475 0.182853 0.214581 0.177579 0.214581 0.20397 0.251475 0.20397 0.233027 0.209242 0.233027 0.20397 0.214581 0.209242 0.214581 0.19341 0.251475 0.188138 0.233027 0.19341 0.233027 0.198684 0.233027 0.20397 0.196134 0.209242 0.196134 0.209242 0.177686 0.19341 0.214581 0.198684 0.214581 0.19341 0.196134 0.188138 0.214581 0.20397 0.177686 0.209242 0.159238 0.198684 0.196134 0.182853 0.196134 0.177579 0.196134 0.177579 0.177686 0.20397 0.159238 0.209242 0.14079 0.198684 0.177686 0.188138 0.196134 0.182853 0.177686 0.177579 0.159238 0.188138 0.177686 0.19341 0.177686 0.198684 0.159238 0.20397 0.14079 0.182853 0.159238 0.188138 0.159238 0.182853 0.14079 0.177579 0.14079 0.19341 0.159238 0.188138 0.14079 0.182853 0.122342 0.177579 0.122342 0.19341 0.14079 0.188138 0.122342 0.182853 0.103892 0.177579 0.103892 0.177579 0.08544201 0.198684 0.14079 0.19341 0.122342 0.19341 0.103892 0.188138 0.103892 0.198684 0.122342 0.182853 0.08544201 0.177579 0.06699097 0.188138 0.08544201 0.182853 0.06699097 0.177579 0.04853803 0.20397 0.122342 0.209242 0.122342 0.198684 0.103892 0.20397 0.103892 0.209242 0.103892 0.209242 0.08544201 0.198684 0.08544201 0.20397 0.08544201 0.209242 0.06699097 0.20397 0.06699097 0.19341 0.08544201 0.20397 0.04853803 0.209242 0.04853803 0.198684 0.06699097 0.188138 0.06699097 0.20397 0.03008699 0.209242 0.03008699 0.19341 0.06699097 0.198684 0.04853803 0.203971 0.01163501 0.209241 0.01163501 0.211868 0.007055998 0.201326 0.007055998 0.209223 0.002480984 0.203953 0.002480984 0.198684 0.03008699 0.198684 0.01163501 0.19341 0.01163501 0.19341 0.04853803 0.19341 0.03008699 0.188138 0.04853803 0.188138 0.03008699 0.188138 0.01163501 0.182853 0.01163501 0.182853 0.04853803 0.182853 0.03008699 0.177579 0.03008699 0.177579 0.01163501  
					<TextureCoords1>: 0  
					<Normals>: 225 -0.4356902 0.6042743 0.6671032 -0.7914848 0.6100052 -0.0380178 -0.9791245 0.1969784 -0.05014802 -0.4978337 0.08081374 0.8634991 0.357436 0.6041183 0.7122363 -0.8702029 0.4910424 -0.04030321 0.4773515 -0.1152091 0.8711271 0.7916971 0.6090826 0.04726533 -0.4494308 0.2123601 0.8677068 -0.3627028 0.3219372 0.8745302 -0.6761876 0.7363074 -0.02493661 -0.2474505 0.3986865 0.8830727 -0.4160503 0.9093251 -0.005478329 -0.115491 0.4357013 0.8926511 -0.1153275 0.9931839 0.01688997 0.1965868 0.9796631 0.04017226 0.01998863 0.4298541 0.9026771 -0.1721208 -0.5429795 0.821917 0.4888075 0.8701351 0.0627068 0.1453564 0.3828644 0.9122974 0.732754 0.6753991 0.0831126 0.002066627 -0.5508451 0.8346049 0.1688936 -0.5046456 0.846645 0.3123207 -0.4095903 0.8571415 0.4185072 -0.2754694 0.8654296 0.9787899 -0.1983028 0.05144272 0.8701292 -0.4910667 0.04157865 0.6761182 -0.7363114 0.02664074 0.4158912 -0.9093842 0.007403179 0.5694327 -0.09689105 -0.8163078 0.4313543 0.6147092 -0.660353 0.5129246 -0.2502752 -0.8211399 -0.402207 0.1002861 -0.9100397 -0.3617696 0.6149483 -0.7006863 0.4115164 -0.3786318 -0.8290308 -0.3511447 0.2394318 -0.9051905 0.1150022 -0.9932628 -0.01425936 0.2763487 -0.4687711 -0.8389786 -0.2593834 0.3555445 -0.8979468 -0.8702029 0.4910424 -0.04030321 -0.9791245 0.1969784 -0.05014802 -0.6761876 0.7363074 -0.02493661 -0.4160503 0.9093251 -0.005478329 -0.7914848 0.6100052 -0.0380178 -0.1353282 0.4380091 -0.8887262 -0.1153275 0.9931839 0.01688997 0.357436 0.6041183 0.7122363 -0.4356902 0.6042743 0.6671032 0.7916971 0.6090826 0.04726533 0.4313543 0.6147092 -0.660353 0.1211261 -0.5121582 -0.8503074 0.009469545 0.4784847 -0.8780448 0.1965868 0.9796631 0.04017226 -0.0383965 -0.5054436 -0.8620049 0.1610341 0.4720978 -0.8667132 0.3046949 0.4181429 -0.8557556 0.4888075 0.8701351 0.0627068 -0.1968068 -0.9797456 -0.03695765 -0.1865796 -0.4500706 -0.8732837 0.4260386 0.3213302 -0.8457174 0.732754 0.6753991 0.0831126 -0.4890942 -0.8702189 -0.0592107 -0.3091033 -0.3526408 -0.8832325 0.512683 0.1901411 -0.8372589 0.9044629 0.4146797 0.09993713 -0.3368389 -0.4811591 0.8093364 0.5547851 0.03665707 -0.8311857 0.9871824 0.1133465 0.1123543 0.9727536 -0.1985625 0.1196803 -0.7331361 -0.6755018 -0.07879568 0.2484616 0.3003744 0.920892 -0.3943952 -0.2233515 -0.8913847 0.5474029 -0.1242337 -0.8275965 0.862713 -0.4908345 0.1216866 -0.4754176 -0.3701648 0.7980953 0.3201026 0.1915123 0.927824 0.9044629 0.4146797 0.09993713 -0.9050121 -0.4146694 -0.09488134 -0.9878452 -0.1132846 -0.1064353 -0.4353199 -0.07572988 -0.897085 -0.5738209 -0.2203441 0.7887827 0.354018 0.0677079 0.9327844 0.9871824 0.1133465 0.1123543 0.9727536 -0.1985625 0.1196803 -0.6215036 -0.04567891 0.7820784 0.348174 -0.05851557 0.9356018 0.862713 -0.4908345 0.1216866 -0.4287834 0.07570229 -0.9002301 -0.6127372 0.1370253 0.7783169 0.3044633 -0.1749978 0.9363108 0.6679223 -0.7345915 0.119395 -0.9735371 0.1987886 -0.112733 -0.5475528 0.3097443 0.7773317 -0.3764113 0.2158566 -0.9009554 0.2282549 -0.2704951 0.9352711 0.4075806 -0.9060822 0.113547 -0.8635 0.4912497 -0.1141992 -0.4308979 0.4552994 0.7791209 0.4899347 -0.2769263 -0.826605 0.6679223 -0.7345915 0.119395 0.12814 -0.3363111 0.9329925 0.1071918 -0.9886001 0.1057339 -0.2844665 0.3313539 -0.8996018 0.386819 -0.4059241 -0.8280077 -0.6686952 0.7351628 -0.1112765 -0.2735363 0.5586619 0.7829909 0.01467945 -0.3673211 0.9299784 -0.2037245 -0.9741628 0.09748423 0.2472635 -0.4979504 -0.8312076 0.4075806 -0.9060822 0.113547 -0.1630938 0.4114617 -0.896716 -0.4081559 0.9068796 -0.1047764 -0.09008863 0.6087738 0.7882122 -0.1004265 -0.362062 0.9267285 -0.4947214 -0.8643782 0.09000593 0.08406051 -0.5429413 -0.8355529 0.1071918 -0.9886001 0.1057339 -0.2037245 -0.9741628 0.09748423 -0.02482016 0.4496105 -0.8928798 -0.1075082 0.9895516 -0.09607106 0.1016708 0.5994989 0.7938917 0.2830024 0.5307356 0.7988925 -0.2061736 -0.3224713 0.9238532 -0.2925544 -0.2535307 0.9220272 -0.7372879 -0.670172 0.08530016 0.1162268 0.4434955 -0.8887087 0.2036774 0.9751916 -0.08669959 0.2463412 0.3947145 -0.8851646 -0.08710812 -0.5351558 -0.8402503 -0.4947214 -0.8643782 0.09000593 -0.3519003 -0.1632376 0.9216939 -0.9077683 -0.4108919 0.08440743 -0.2495247 -0.4737502 -0.8445699 -0.3867847 -0.3640797 -0.8472564 -0.7372879 -0.670172 0.08530016 -0.4846865 -0.215344 -0.8477653 -0.9077683 -0.4108919 0.08440743 0.4950447 0.8652906 -0.07875775 0.4359544 0.4081822 0.8020792 0.7379172 0.670882 -0.07345495 0.3535383 0.3095138 -0.8827298 -0.532396 -0.04152371 -0.8454763 -0.9897608 -0.1118999 0.08861138 -0.975426 0.1972227 0.09822062 0.9087108 0.4111936 -0.07186415 0.4275928 0.1973224 -0.8821725 0.9908931 0.111779 -0.07507443 0.5444829 0.2426455 0.8029082 -0.5238655 0.140601 -0.8401169 -0.8664929 0.4862082 0.1131001 0.4627676 0.06985935 -0.8837227 -0.3796392 -0.06147599 0.9230898 -0.9897608 -0.1118999 0.08861138 -0.975426 0.1972227 0.09822062 -0.4589401 0.3133169 -0.8313883 -0.6740434 0.7267026 0.1325478 0.4570152 -0.05978385 -0.8874475 0.5969778 0.04968268 0.8007179 -0.3748595 0.04137924 0.9261578 -0.8664929 0.4862082 0.1131001 0.5871907 -0.1518837 0.7950713 0.9766132 -0.1980104 -0.08377711 0.4125036 -0.1789255 -0.8932113 -0.3424517 0.4591776 -0.8196845 -0.3396176 0.1351387 0.9308048 0.515066 -0.3423567 0.785811 -0.2788812 0.2112999 0.9367912 -0.6740434 0.7267026 0.1325478 0.8674847 -0.4877586 -0.09778477 0.3863699 -0.5026392 0.7733513 -0.199666 0.2633248 0.9438186 -0.4170989 0.8954197 0.1557304 0.6745096 -0.729032 -0.1164008 0.2128555 -0.6162883 0.7582092 -0.1109963 0.2875195 0.9513215 -0.1213062 0.975947 0.1811419 0.1842219 0.9608055 0.2071597 0.3348817 -0.2765118 -0.900775 0.4170002 -0.8982591 -0.1387134 0.1201545 -0.9792139 -0.1634108 0.01087255 -0.6709785 0.7413972 0.2331098 -0.3438767 -0.90962 -0.02194854 0.2831258 0.9588316 0.4696015 0.8517761 0.2322755 -0.200196 -0.6602161 0.7239035 0.05868708 0.2522381 0.9658839 0.7067655 0.6599484 0.2548541 -0.1846554 0.5627754 -0.8057209 -0.4170989 0.8954197 0.1557304 0.1178589 -0.3755901 -0.9192613 -0.0004832699 0.6130255 -0.790063 -0.1213062 0.975947 0.1811419 0.1842219 0.9608055 0.2071597 0.001067316 -0.3701233 -0.928982 0.1925504 0.6035431 -0.7737314 0.4696015 0.8517761 0.2322755 0.3753255 0.533856 -0.7577127 -0.1865807 -0.964149 -0.1886912 0.5293791 0.4095118 -0.743006 0.7067655 0.6599484 0.2548541 -0.1056652 -0.3295573 -0.9382041 -0.3994986 -0.583792 0.7068152 0.6386644 0.2413546 -0.7306542 0.8726028 0.4044496 0.2738338 -0.4731316 -0.8548466 -0.2130347 -0.1927595 -0.2595859 -0.946287 0.4584967 0.6791798 -0.5731454 0.6395643 0.7448481 0.1901544 0.0817759 0.6648278 0.742507 -0.287945 0.5332662 -0.7954338 -0.6698201 0.5209547 0.5291005 -0.8560615 0.4561643 -0.2430492 -0.2525403 -0.1683819 -0.9528227 -0.287945 0.5332662 -0.7954338 -0.8560615 0.4561643 -0.2430492 -0.7114378 -0.6623037 -0.2349681 -0.878215 -0.4058218 -0.2530755 -0.5670314 -0.448095 0.6911486 -0.6852531 -0.2652124 0.6782997 -0.6698201 0.5209547 0.5291005 0.0817759 0.6648278 0.742507 0.1236625 0.1997227 0.9720177 0.1679194 0.1321524 0.9769027 0.8726028 0.4044496 0.2738338 0.6395643 0.7448481 0.1901544  
					<Tangents>: 225 0.8450328 0.01935632 0.534364 0.1601338 0.2670006 0.9502988 -0.05126184 0 0.9986853 0.8452696 -0.1776378 0.5039486 0.8867257 0.01988259 -0.461868 -0.05500063 -0.0155268 0.9983656 0.8546208 -0.1696784 -0.4907469 0.05401723 0.007272877 -0.9985135 0.7471374 -0.4431024 0.4954252 0.5693698 -0.666356 0.4814433 -0.06842921 -0.02906852 0.9972324 0.3349717 -0.8200138 0.4640811 -0.07659259 -0.02903955 0.9966395 0.05683704 -0.8942936 0.4438565 -0.07036548 -0.02512909 0.9972046 -0.06468225 -0.02792478 0.9975152 -0.2185126 -0.8791521 0.4234902 -0.1239517 -0.8157996 -0.5648956 -0.0773413 -0.02837343 0.9966009 -0.4704417 -0.7844356 0.4041601 -0.100808 -0.01305101 0.9948202 0.1543578 -0.8244282 -0.5445107 0.4032508 -0.7484251 -0.526544 0.6169714 -0.5986315 -0.5108685 0.7680889 -0.4011454 -0.4991209 0.05474981 0.01122651 -0.998437 0.05297995 0.009328571 -0.998552 0.04932349 0.009155551 -0.998741 0.05197465 0.01564086 -0.9985259 -0.7963847 0.1811201 -0.5770329 -0.831575 -0.01295722 -0.5552612 -0.7052122 0.4225714 -0.5693059 -0.8948496 0.1671049 0.4139084 -0.8530464 0.08483928 0.5148924 -0.5448794 0.6269534 -0.5568085 -0.79459 0.4351985 0.4233545 0.06422445 0.02175907 -0.9976982 -0.3232459 0.7767772 -0.5404897 -0.6120701 0.6586848 0.4376123 -0.06161996 -0.02731002 0.997726 -0.05539785 -0.02122885 0.9982387 -0.06768283 -0.02838072 0.9973031 -0.075409 -0.02849747 0.9967453 -0.2607673 -0.2807806 0.923668 -0.3799517 0.8054615 0.454828 -0.08323149 -0.02660562 0.9961749 -0.7415789 -0.2799866 0.609646 -0.3289512 -0.796775 0.506893 -0.2442713 0.2446937 0.9383265 -0.3339562 0.7887511 0.5160862 -0.07302415 0.8496959 -0.522192 -0.1145527 0.8728225 0.4744034 -0.08009101 -0.02479001 0.9964792 0.201965 0.8409125 -0.502072 0.1378383 0.8588098 0.493403 0.3753996 0.7730235 0.5113803 -0.07888874 -0.02749698 0.9965042 0.08579576 0.02034047 -0.9961052 0.4664405 0.7417381 -0.4819314 0.5912024 0.608711 0.5291037 -0.0924705 -0.02217628 0.9954684 0.09970985 0.0116569 -0.9949483 0.6810403 0.5661536 -0.4643858 0.7449779 0.386249 0.543893 -0.1042459 -0.0122951 0.9944755 -0.3823823 -0.7155865 -0.584568 0.8230069 0.12226 0.554718 -0.1150771 0.01775045 0.993198 -0.1118803 0.05008903 0.9924585 0.1015929 0.005781307 -0.9948093 -0.6874857 -0.6150511 0.3861033 0.8296296 0.3306003 -0.4499091 0.8108914 -0.1657446 0.5612342 -0.1006009 0.06924143 0.9925146 -0.5796584 -0.5506185 -0.6006792 -0.8441575 -0.3868928 0.3710959 -0.116239 0.01419019 0.99312 0.1046654 0 -0.9945075 0.1091263 -0.01780668 -0.9938684 0.8948823 0.07251214 -0.4403723 -0.7156327 -0.333437 -0.6137505 -0.9270642 -0.1061748 0.3595539 -0.1149126 0.01627572 0.9932422 -0.1177242 0.02167105 0.9928098 -0.7770076 -0.09143946 -0.6228146 -0.9138889 0.2010753 0.3526697 -0.1147438 0.04435566 0.9924044 0.8820757 -0.1801843 -0.4352885 -0.7652718 0.1429491 -0.6276341 -0.8035727 0.4806051 0.3511262 -0.1028827 0.06774908 0.9923837 0.1074444 -0.03722877 -0.9935138 -0.68436 0.3687775 -0.6290107 0.7937963 -0.4262939 -0.4337753 -0.6184466 0.7016458 0.3538603 -0.08373823 0.08673447 0.9927059 0.09938486 -0.0562509 -0.9934579 -0.5285007 0.5724972 -0.6268443 0.708262 -0.4263843 0.5626377 -0.09122258 0.07840884 0.9927389 -0.3734964 0.8551214 0.3595385 -0.05586043 0.1001905 0.993399 0.6266935 -0.6458417 -0.4360546 0.5420166 -0.6263469 0.5602745 0.08055448 -0.07714727 -0.9937602 -0.316637 0.7163651 -0.6217411 -0.0916496 0.925669 0.3670656 -0.02296839 0.1043008 0.9942806 0.3246889 -0.7656679 0.5552745 -0.07983796 0.08850972 0.9928705 0.3990049 -0.803735 -0.4413676 0.05310887 -0.09098957 -0.9944347 -0.08311135 0.7840744 -0.6150771 0.1986576 0.9053848 0.3752511 0.02613637 0.08872271 0.9957135 0.06379385 -0.8338683 0.5482646 -0.0403466 0.1019338 0.9939726 0.00479476 0.09857836 0.9951177 0.1326113 -0.8837811 -0.4487151 0.03102783 -0.09324453 -0.9951597 0.1585675 0.7780585 -0.6078497 0.4069497 0.6878055 -0.6010953 0.4505 0.8068449 0.3821663 0.6641161 0.6398736 0.3866672 0.06708936 0.05300666 0.996338 -0.1468442 -0.8772668 -0.4569901 0.006821141 -0.08996721 -0.9959214 -0.4299006 -0.774043 -0.4648042 -0.2033576 -0.8161435 0.540884 0.02596029 0.08882281 0.9957091 0.8312582 0.3981822 0.3878926 0.08559603 0.01554182 0.9962087 -0.4279758 -0.7284064 0.5350336 -0.6172906 -0.5803413 0.531184 0.04833427 0.07361183 0.996115 -0.7638431 -0.3680252 0.5301898 0.07374299 0.04176828 0.9964023 -0.02074463 -0.07884753 -0.9966708 0.6096427 0.5216569 -0.5968332 -0.04538114 -0.05926897 -0.99721 -0.6635374 -0.5821772 -0.4698807 -0.8377479 -0.1173714 0.5332938 0.09026941 -0.009828007 0.9958689 0.08656354 -0.0669025 0.9939973 -0.06576653 -0.02897799 -0.9974141 -0.8132933 -0.3420303 -0.4707114 -0.07688774 0.01199459 -0.9969676 0.738157 0.3159677 -0.5960608 -0.8290647 0.1421922 0.5407709 0.06648318 -0.1121489 0.9914649 -0.880946 -0.07497243 -0.4672402 0.9169915 0.1070906 0.3842633 0.0903723 -0.0107539 0.99585 0.09194538 -0.04074945 0.9949299 -0.7424175 0.3787835 0.5525751 0.04006191 -0.1432093 0.9888813 -0.8651773 0.2016591 -0.4591315 0.7960189 0.0875482 -0.5989066 0.9056312 -0.1973108 0.375367 0.07161967 -0.1031388 0.9920852 0.7822136 -0.1461762 -0.605619 -0.07381549 0.05717863 -0.9956315 -0.7586184 0.4753598 -0.4455685 -0.5817156 0.5814736 0.5687667 0.8068355 -0.4667575 0.3621517 0.6963053 -0.3675156 -0.6165155 0.621705 -0.7037559 0.3438177 0.02658428 -0.1554555 0.9874851 -0.06072211 0.09127437 -0.9939727 0.5535873 -0.5442724 -0.6303243 0.3627525 -0.8749126 0.3208408 -0.0222758 -0.181367 0.9831632 -0.03490032 0.1260041 -0.9914156 0.3667172 -0.6688749 -0.6466257 0.06591073 -0.9529992 0.2957168 -0.06153259 -0.1895321 0.9799445 -0.1048122 -0.1903615 0.9761029 -0.5803291 0.6926202 -0.4283637 0.009421208 0.1568792 -0.9875729 0.0636463 0.1718629 -0.9830627 0.148637 -0.7321194 -0.6647617 -0.3506422 0.8427429 -0.4084538 -0.2294105 -0.934898 0.2708072 -0.1658943 -0.1732723 0.9708016 -0.08956149 -0.7234358 -0.6845578 -0.4968424 -0.8318247 0.2474171 -0.2328317 -0.1231857 0.9646837 -0.3662517 0.7213615 0.5877902 0.003132681 -0.1699293 0.9854513 -0.08114468 0.9189748 -0.3858767 -0.1230257 0.7840249 0.6084157 -0.0616691 -0.1895469 0.9799331 -0.1307596 -0.1849359 0.9740127 0.2126591 0.9078173 -0.3614466 0.113663 0.7694612 0.6284983 -0.1812898 -0.164452 0.9695822 0.3245049 0.6900575 0.6469291 0.1225354 0.167726 -0.9781886 0.5113635 0.5447986 0.6646066 -0.2270312 -0.1296067 0.9652249 0.4961955 0.8001588 -0.336951 -0.3175915 -0.6351314 -0.7040907 0.6463712 0.3469279 0.6795921 -0.2678918 -0.07247908 0.9607189 0.179136 0.1434119 -0.9733157 0.7277179 0.6090955 -0.3153241 0.6110161 0.2273945 0.7582553 -0.007237148 -0.2415144 0.9703704 0.276442 -0.7309009 0.6239901 0.007526252 0.8318473 0.5549536 0.5372372 -0.1518638 0.8296466 -0.1257656 0.272266 0.9539677 0.8870437 0.3530561 -0.2974976 0.9546009 0.09363585 -0.2827888 0.2729173 0 -0.9620375 0.2212849 0.1062192 -0.9694073 0.2505967 0.06024226 -0.9662154 -0.4937846 -0.4866776 -0.7206398 -0.6114014 -0.2965925 -0.7336355 -0.6631938 -0.09927008 -0.7418351 -0.9668401 -0.1279304 0.2210294 -0.7251981 -0.650426 0.2259061 -0.8888381 -0.4082856 0.2080136 -0.2788793 -0.04770499 0.9591406 -0.522281 0.2395131 0.8184472  
					<BiTangents>: 225 -0.3099898 -0.7965412 0.519065 -0.589838 -0.7460592 0.3090094 -0.1967194 -0.9804078 -0.01009747 -0.194116 -0.9807721 -0.02012467 0.293184 -0.7966465 0.5285805 -0.4896141 -0.8709973 -0.04051911 -0.20435 -0.9787421 -0.01746382 0.608521 -0.7930735 0.02714304 -0.4896915 -0.8709555 -0.04048169 -0.737743 -0.6725519 -0.05838791 -0.7335447 -0.6760226 -0.07004071 -0.9091547 -0.4106415 -0.06936414 -0.9061102 -0.4150718 -0.08172949 -0.9916811 -0.1019971 -0.0785189 -0.9908321 -0.1138167 -0.07278395 -0.9783505 0.1986968 -0.05787716 -0.9756294 0.2057113 -0.07635549 -0.9772463 0.1991083 -0.07311284 -0.8689566 0.4919958 -0.05342823 -0.8703769 0.4879299 -0.06609263 -0.6729854 0.7373369 -0.05852247 -0.9880129 -0.1299531 -0.08332346 -0.8993685 -0.4303402 -0.0770945 -0.7223587 -0.6883866 -0.06574052 -0.4846556 -0.8736126 -0.04370275 -0.1974153 -0.9800765 -0.02184544 -0.4899678 -0.8710721 -0.03413375 -0.7351404 -0.6765809 -0.04250768 -0.9079279 -0.415663 -0.05376982 -0.203759 -0.9786765 -0.02597315 0.3498805 -0.7886474 -0.5055877 -0.4894734 -0.8710889 -0.04025013 -0.1935813 -0.9808255 -0.02253024 -0.376078 -0.7839903 -0.4938872 -0.7305892 -0.6808577 -0.05169296 -0.4953021 -0.867914 -0.03743246 -0.9912869 -0.1138217 -0.0662941 -0.9050654 -0.4205601 -0.06313302 -0.7470545 -0.6631158 -0.04676629 -0.4888251 -0.8707075 -0.05402327 -0.1955668 -0.9801779 -0.03169787 -0.7336139 -0.6760518 -0.06902606 -0.9062095 -0.4151093 -0.08042768 -0.5527677 -0.7409831 -0.381303 -0.9150535 -0.3992241 -0.05742062 -0.9898344 -0.1134806 -0.08573254 -0.5677149 0.7460889 -0.3479241 -0.8378336 -0.001403905 -0.5459239 -0.5599528 0.7544159 -0.3425047 -0.8380971 0.002086954 -0.5455171 -0.9899474 -0.125344 -0.06552041 -0.9933721 -0.09609006 -0.06307697 -0.9772098 0.1991122 -0.07358883 -0.9786398 0.1933726 -0.0697938 -0.9772761 0.198921 -0.07322454 -0.8753492 0.4770653 -0.07856567 -0.8688174 0.4920456 -0.05520312 -0.9766812 0.199211 -0.08005485 -0.8646509 0.4972534 -0.07153793 -0.6848145 0.7254087 -0.06936321 -0.6741816 0.7371189 -0.04620474 -0.866513 0.4925273 -0.08106808 -0.6638067 0.7450601 -0.06516263 -0.4268069 0.9025841 -0.0563724 -0.4136176 0.9098844 -0.0321082 -0.8604205 0.5063812 -0.05705066 -0.1219551 0.9918209 -0.03765903 -0.1105812 0.993397 -0.03056651 0.2030597 0.9788074 -0.02650904 -0.672451 0.7373357 -0.06438768 -0.6823711 0.7290319 -0.05368653 -0.3951798 0.916961 -0.05491184 0.2068939 0.9783122 -0.01001096 0.4955862 0.868497 -0.01035709 -0.6617963 0.7481961 -0.04720458 -0.4300378 0.9020183 -0.03782116 -0.4104085 0.9098568 -0.06103646 -0.4123918 0.9099721 -0.04340154 -0.1106948 0.993403 -0.02995258 -0.09839889 0.9944882 -0.03620335 -0.3982455 0.9166614 -0.03364768 -0.1233828 0.9920396 -0.02518177 -0.1107519 0.9934222 -0.02909205 0.1997284 0.9798486 0.002295027 -0.09996232 0.9947624 -0.0213371 0.2087631 0.9778265 -0.01653245 0.4925039 0.870123 0.018054 0.1951597 0.9807154 -0.01048489 0.1972615 0.9801987 -0.01727141 0.511442 0.8592989 -0.005703153 0.7370855 0.6751188 0.03032563 0.2016961 0.9793351 -0.01488486 0.4814949 0.8763913 -0.01005149 0.477705 0.8784528 0.01088435 0.7519465 0.6591856 0.007132703 0.9093217 0.414116 0.04052243 0.4944597 0.8692005 0.0002501344 0.7314464 0.6818719 0.006061846 0.5082607 0.8611087 0.0127641 0.7386192 0.673964 0.01464032 0.9187386 0.3945406 0.01603572 0.9926679 0.1123906 0.04448403 0.7254888 0.6878176 0.02393704 0.746049 0.6655187 0.02226536 0.7391602 0.6734865 0.007632647 0.9082505 0.4179927 0.01905885 0.9956831 0.09062047 0.02007652 0.9787588 -0.2003202 0.04362357 0.9129282 0.4071831 0.02764277 0.9096724 0.4137402 0.03626491 0.9023278 0.4297784 0.03309106 0.9113661 0.411449 0.01102542 0.9924598 0.1209208 0.02004018 0.9749101 -0.2217869 0.01899825 0.8686585 -0.4949531 0.02130131 0.9944165 0.09939054 0.03545908 0.9934194 0.1108117 0.0289602 0.9790165 -0.2031973 0.01541195 0.9908573 0.1295432 0.03768786 0.9937199 0.1099687 0.02067909 0.9820995 -0.187686 0.01595521 0.8685054 -0.4952205 0.02133204 0.8686439 -0.4949885 0.02107676 0.6880129 -0.7254543 0.01882405 0.6722392 -0.7403106 -0.00588024 0.9823076 -0.1836162 0.03683719 0.9790143 -0.2022553 0.02497621 0.8686205 -0.4950332 0.02099065 0.9752219 -0.2179867 0.03773528 0.8686638 -0.4949352 0.02150304 0.4303208 -0.9026651 0.004427864 0.4106459 -0.9115516 -0.02106234 0.8686622 -0.4949595 0.02099827 0.6850911 -0.7284573 0.000275826 0.6738474 -0.7385464 0.02188084 0.4261722 -0.9045355 -0.01388784 0.4129391 -0.9107268 0.007615531 0.8686198 -0.4950305 0.02108293 0.6620268 -0.7491738 0.02142671 0.6733638 -0.7391918 0.01329021 0.6593397 -0.751845 0.0004479502 0.1213791 -0.9922196 -0.02770168 0.1105668 -0.9936708 -0.01982852 -0.20261 -0.9780732 -0.04818615 0.4122128 -0.9110873 -0.0007101662 0.3946117 -0.9187378 -0.01423125 0.1105396 -0.9936607 -0.02047979 0.3983245 -0.9172173 0.007071472 -0.195491 -0.9798024 -0.04207776 -0.4947424 -0.8666165 -0.06485151 0.09889593 -0.9947356 -0.0268475 0.1224772 -0.9923469 -0.01571716 0.1104826 -0.9936613 -0.02075644 -0.2002252 -0.9795114 -0.02161436 -0.4880473 -0.8708361 -0.05877295 -0.7376046 -0.671859 -0.06741618 -0.2064105 -0.9776295 -0.04043766 0.0998567 -0.9949206 -0.01271599 -0.1982733 -0.9794673 -0.0364895 -0.494025 -0.867735 -0.05454696 -0.2082042 -0.9775295 -0.03297215 -0.2019357 -0.9785308 -0.04122517 -0.5043203 -0.861405 -0.06035143 -0.7377898 -0.6715984 -0.06798413 -0.4834008 -0.8739994 -0.04948436 -0.4998659 -0.8647104 -0.04909006 -0.7319209 -0.678292 -0.06489809 -0.7382132 -0.6691315 -0.0854649 -0.493744 -0.8681939 -0.0495614 -0.7377394 -0.6716557 -0.06796423 -0.910244 -0.4064335 -0.07916855 -0.9085881 -0.4066073 -0.09559418 -0.7374408 -0.6727818 -0.05954752 -0.905655 -0.4156863 -0.08362984 -0.9916328 -0.09552573 -0.08682872 -0.9907061 -0.1077272 -0.08304396 -0.9772803 0.2015325 -0.06563542 -0.7423425 -0.666197 -0.07147799 -0.9088576 -0.4105113 -0.07388137 -0.9907129 -0.107719 -0.08297345 -0.9888321 -0.1174267 -0.09177224 -0.9070336 -0.4141658 -0.07587394 -0.9730822 0.2140222 -0.08547168 -0.8671526 0.4944231 -0.05993589 -0.9756538 0.2018796 -0.08569901 -0.8658541 0.4944123 -0.07650524 -0.6680359 0.7411433 -0.06659353 -0.9120099 -0.4036353 -0.07291419 -0.9088556 -0.4115185 -0.06807227 -0.9897095 -0.1200722 -0.07783224 -0.9924034 -0.0974921 -0.07503901 -0.9906976 -0.1077011 -0.08317897 -0.974148 0.2065226 -0.09156527 -0.9771259 0.1971707 -0.07967901 -0.974682 0.2089622 -0.07955959 -0.8640651 0.4974264 -0.07719142 -0.8682323 0.4886905 -0.08575728 -0.974768 0.2056325 -0.08684795 -0.6769528 0.731775 -0.07899559 -0.6700294 0.7400474 -0.05822732 -0.8617569 0.5011367 -0.07897595 -0.8599631 0.5057618 -0.06832667 -0.417507 0.9063051 -0.06556581 -0.4084096 0.9116838 -0.04510329 -0.8625872 0.4986686 -0.08528106 -0.6582328 0.7494117 -0.07149638 -0.6453218 0.6978586 0.3107302 -0.7687035 0.6219904 0.1490734 -0.957545 -0.1542328 0.2435564 -0.9576173 -0.1538095 0.2435398 -0.5125595 -0.8399665 0.1781548 -0.50134 -0.8472221 0.1757067 -0.3864931 0.9203255 -0.06020116 0.07632057 0.8407493 0.5360183 0.4388471 0.8898956 0.1244951 -0.6670002 0.7416679 -0.0709895 -0.4073571 0.9119647 -0.04879196 -0.6592816 0.7499039 -0.05469907 -0.3957479 0.9174395 -0.04108968 0.3339387 0.8477923 -0.411987 -0.2419357 0.7359605 -0.6323205 -0.6773443 0.7328416 -0.06440522 -0.4263449 0.9032378 -0.04890301 -0.4009873 0.9133153 -0.07116512 -0.5640745 0.6227638 -0.5422041  
					<SubMeshes>: 1
						<SubMesh>: 0 1104 0 1 2 2 3 0 3 4 0 3 2 5 4 3 6 7 4 6 5 8 3 6 3 8 8 5 9 10 9 5 11 9 10 10 12 11 13 11 12 12 14 13 13 14 15 15 16 13 13 16 17 16 15 18 18 19 16 19 17 16 19 18 20 11 13 21 17 21 13 9 11 22 21 22 11 8 9 23 22 23 9 23 24 8 6 8 24 25 6 24 7 6 25 26 24 23 24 26 25 22 27 23 26 23 27 21 28 22 27 22 28 7 25 29 29 30 7 25 26 31 27 31 26 31 29 25 30 29 32 33 30 32 27 34 31 34 27 28 31 35 29 32 29 35 35 31 34 21 36 28 36 21 17 28 37 34 37 28 36 34 38 35 38 34 37 32 35 39 39 40 32 32 40 33 39 35 41 38 41 35 42 41 38 43 33 40 44 42 38 37 44 38 45 42 44 46 33 43 43 47 46 46 48 33 48 49 33 44 37 50 36 50 37 44 51 45 50 51 44 52 45 51 53 50 36 51 50 53 51 54 52 53 54 51 55 52 54 55 54 53 52 55 56 36 57 53 17 57 36 53 58 55 58 53 57 56 55 59 55 58 59 59 60 56 57 17 61 57 61 58 62 59 58 62 58 61 60 59 63 59 62 63 63 64 60 17 65 61 17 19 65 64 63 66 66 67 64 68 67 66 61 69 62 69 61 65 70 65 19 20 70 19 71 63 62 66 63 71 66 72 68 73 68 72 65 74 69 65 70 74 75 70 20 74 70 75 20 76 75 62 69 77 77 69 74 77 71 62 71 77 78 79 66 71 72 66 79 78 79 71 74 80 77 74 75 80 78 77 80 81 75 76 80 75 81 76 82 81 81 82 83 80 81 84 80 84 78 83 85 81 85 84 81 85 83 86 87 72 79 87 79 78 78 84 88 84 85 88 86 89 85 89 86 90 78 91 87 88 91 78 92 88 85 85 89 92 91 88 92 72 87 93 93 87 91 90 94 89 95 94 90 92 96 91 91 96 93 97 92 89 89 94 97 96 92 97 93 98 72 72 98 73 99 73 98 94 95 100 100 95 101 102 93 96 98 93 102 98 103 99 102 103 98 96 104 102 96 97 104 105 97 94 94 100 105 100 101 106 106 101 107 99 103 108 108 109 99 103 102 110 102 104 110 110 108 103 111 104 97 104 111 110 97 105 111 112 105 100 100 106 112 107 113 106 113 107 114 109 108 115 115 116 109 117 116 115 108 110 118 118 110 111 118 115 108 119 111 105 105 112 119 111 119 118 120 112 106 106 113 120 119 112 120 121 120 113 114 122 113 113 122 121 114 123 122 121 122 123 124 123 114 115 118 125 125 118 119 120 126 119 126 120 121 119 126 125 127 125 126 125 128 115 128 125 127 115 128 117 129 117 128 130 123 124 124 131 130 128 132 129 127 132 128 129 132 133 133 132 127 133 134 129 134 133 135 135 136 134 126 137 127 121 137 126 123 138 121 130 138 123 139 137 121 139 127 137 121 138 139 140 133 127 127 139 140 135 133 140 136 135 141 141 142 136 143 142 141 144 139 138 140 139 144 140 145 135 141 135 145 144 145 140 145 144 146 138 147 144 146 144 147 138 130 147 141 148 143 149 143 148 145 150 141 146 150 145 141 150 148 151 147 130 151 130 131 131 152 151 151 152 153 148 154 149 149 154 155 156 148 150 156 150 146 148 156 154 147 151 157 147 157 146 153 158 151 158 157 151 158 153 159 146 157 160 157 158 160 146 161 156 160 161 146 162 154 156 162 156 161 163 155 154 163 154 162 159 164 158 160 158 164 161 160 165 160 164 165 164 159 166 165 164 166 167 166 159 165 168 161 161 168 162 168 165 169 166 169 165 170 166 167 167 171 170 172 162 168 168 169 172 173 169 166 166 170 173 174 170 171 171 175 174 174 175 176 172 177 162 162 177 163 178 172 169 177 172 178 169 173 178 179 178 173 180 173 170 170 174 180 173 180 179 178 181 177 163 177 181 181 178 179 176 182 174 182 176 183 184 180 174 174 182 184 179 180 184 183 185 182 185 184 182 185 183 186 181 187 163 155 163 187 187 188 155 187 181 189 179 189 181 188 187 190 189 190 187 190 191 188 192 191 190 193 189 179 190 189 193 190 194 192 193 194 190 195 192 194 194 196 195 196 194 193 179 197 193 184 197 179 195 196 198 198 199 195 193 200 196 200 193 197 196 200 198 197 184 201 184 185 201 199 198 202 202 203 199 197 204 200 201 204 197 205 198 200 205 200 204 198 205 202 203 202 206 206 207 203 208 207 206 206 209 208 209 210 208 211 210 209 206 202 212 212 202 205 212 213 206 214 213 212 204 215 205 215 204 201 216 212 205 212 216 214 205 215 216 201 217 215 216 215 217 214 216 218 217 218 216 218 219 214 218 220 219 201 221 217 221 201 185 186 221 185 217 222 218 217 221 222 186 222 221 218 222 220 223 222 186 220 222 223 223 224 220  
				</Mesh>
				<Materials>: 1
					<Material>: 0
						<AlbedoColor>: 1 1 1 1
						<EmissiveColor>: 0 0 0 1
						<Glossiness>: 0.5
						<Metallic>: 0
						<SpecularHighlight>: 1
						<GlossyReflection>: 1
						<AlbedoMap>: @FlashBang_Base_color
						<MetallicMap>: @FlashBang_Metallic
						<NormalMap>: @FlashBang_Normal
						<EmissionMap>: null
						<DetailAlbedoMap>: null
						<DetailNormalMap>: null
				</Materials>
				<Children>: 0
			</Frame>
			<Frame>: 5 0 FlashBang04
				<Transform>: -0.01090703 0.1055159 0.0245608 2.504478E-06 0 0 1 1 1 2.185569E-08 0 0 1  
				<TransformMatrix>: 1 0 0 0 0 1 4.371139E-08 0 0 -4.371139E-08 1 0 -0.01090703 0.1055159 0.0245608 1  
				<Mesh>: 260 FlashBang04
					<Bounds>: 4.656613E-10 -0.0724739 -0.03503625 0.01397 0.079101 0.0396605
					<Positions>: 260 0.012957 0.003482094 0.00462425 0.012957 0.003744106 0.003801248 0.004845 0.003482094 0.00462425 0.004845 0.003744106 0.003801248 0.012957 0.001115093 0.00287725 0.012957 0.003482094 0.00462425 0.012957 0.0003850937 0.003387248 0.004845 0.001115093 0.00287725 0.004845 0.003482094 0.00462425 0.004845 0.0003850937 0.003387248 0.004845 8.010864E-05 0.001136248 0.004845 -0.0008218956 0.001215248 0.012957 8.010864E-05 0.001136248 0.012957 -0.0008218956 0.001215248 0.004845 -0.0003309059 -0.0008227491 0.004845 -0.001145897 -0.0008227491 0.004845 -6.589889E-05 -0.00363975 0.012957 -0.0003309059 -0.0008227491 0.012957 -0.001145897 -0.0008227491 0.012957 -6.589889E-05 -0.00363975 0.004845 0.0007840919 -0.00333075 0.004845 0.002811108 -0.006111748 0.012957 0.0007840919 -0.00333075 0.012957 0.002811108 -0.006111748 0.004845 0.003451099 -0.005471747 0.004845 0.005813103 -0.008526747 0.012957 0.003451099 -0.005471747 0.012957 0.005813103 -0.008526747 0.004845 0.006597099 -0.008074746 0 0.005813103 -0.008526747 0.012957 0.006597099 -0.008074746 0.01297 0.006569099 -0.01322275 0 0.006627102 -0.01322275 0.012957 0.0057831 -0.01322275 0.01297 0.006569099 -0.04668374 0 0.006597099 -0.008074746 -0.004845 0.006597099 -0.008074746 -0.004845 0.005813103 -0.008526747 -0.004845 0.003451099 -0.005471747 -0.004845 0.002811108 -0.006111748 -0.004845 0.0007840919 -0.00333075 -0.004845 -6.589889E-05 -0.00363975 -0.004845 -0.0003309059 -0.0008227491 -0.004845 -0.001145897 -0.0008227491 -0.004845 -0.0008218956 0.001215248 -0.004845 8.010864E-05 0.001136248 -0.004845 0.0003850937 0.003387248 -0.004845 0.001115093 0.00287725 -0.004845 0.003482094 0.00462425 -0.004845 0.003744106 0.003801248 -0.012957 0.001115093 0.00287725 -0.012957 8.010864E-05 0.001136248 -0.012957 -0.0003309059 -0.0008227491 -0.012957 0.0007840919 -0.00333075 -0.012957 0.003744106 0.003801248 -0.004845 0.003482094 0.00462425 -0.012957 0.003482094 0.00462425 -0.012957 0.003482094 0.00462425 -0.012957 0.0003850937 0.003387248 -0.012957 -0.0008218956 0.001215248 -0.012957 -0.001145897 -0.0008227491 -0.012957 -6.589889E-05 -0.00363975 -0.012957 0.002811108 -0.006111748 -0.012957 0.003451099 -0.005471747 -0.012957 0.005813103 -0.008526747 -0.012957 0.006597099 -0.008074746 -0.01297 0.006569099 -0.01322275 -0.012957 0.0057831 -0.01322275 -0.01297 0.006569099 -0.04668374 0 0.006627102 -0.04668374 -0.01297 0.006365108 -0.04746775 -0.012957 0.005722103 -0.04701675 -0.012957 0.0057831 -0.04668374 -0.012957 0.005514107 -0.04720275 -0.01297 0.0057831 -0.04794174 0.01297 0.006365108 -0.04746775 0 0.006413097 -0.04750075 0 0.005803108 -0.04799575 0.012957 0.005722103 -0.04701675 0.012957 0.0057831 -0.04668374 0.012957 0.005514107 -0.04720275 0.01297 0.0057831 -0.04794174 0 -0.02476588 -0.05912276 -0.01297 -0.02478589 -0.05906775 0.01297 -0.02478589 -0.05906775 0 -0.02546788 -0.05938676 -0.01297 -0.02549687 -0.05933676 -0.012957 -0.02505488 -0.05832976 -0.012957 -0.02588789 -0.05865976 0.01297 -0.02549687 -0.05933676 0.012957 -0.02505488 -0.05832976 0.012957 -0.02588789 -0.05865976 -0.01297 -0.02616089 -0.05968576 -0.012957 -0.02666589 -0.05908376 -0.012957 -0.04373789 -0.07352176 0 -0.02612389 -0.05973076 0.01297 -0.02616089 -0.05968576 0.012957 -0.02666589 -0.05908376 0.012957 -0.04373789 -0.07352176 0 -0.04319588 -0.07416776 -0.01297 -0.04323289 -0.07412376 0.01297 -0.04323289 -0.07412376 -0.01297 -0.04408588 -0.07449476 -0.012957 -0.04434889 -0.07376776 0 -0.04406689 -0.07454775 0 -0.04501389 -0.07469676 0.01297 -0.04408588 -0.07449476 0.012957 -0.04434889 -0.07376776 -0.01297 -0.04501389 -0.07463875 -0.012957 -0.04501389 -0.07385276 0.01297 -0.04501389 -0.07463875 0.012957 -0.04501389 -0.07385276 -0.01297 -0.1515749 -0.0687708 -0.012957 -0.1515749 -0.0679848 0.01297 -0.1515749 -0.0687708 0.012957 -0.1515749 -0.0679848 0 -0.1515749 -0.0688288 -0.012957 -0.1515749 -0.0679848 0.012957 -0.1515749 -0.0679848 0 -0.1515749 -0.0679848 0.004845 0.003482094 0.00462425 0.012957 0.0003850937 0.003387248 0.012957 0.003482094 0.00462425 0.004845 0.0003850937 0.003387248 0.012957 -0.0008218956 0.001215248 0.004845 -0.0008218956 0.001215248 0.012957 -0.001145897 -0.0008227491 0.004845 -0.001145897 -0.0008227491 0.004845 -6.589889E-05 -0.00363975 0.012957 -6.589889E-05 -0.00363975 0.012957 0.002811108 -0.006111748 0.004845 0.002811108 -0.006111748 0.004845 0.005813103 -0.008526747 0.012957 0.005813103 -0.008526747 0.012957 0.0057831 -0.01322275 0 0.0057831 -0.01322275 0 0.005813103 -0.008526747 -0.004845 0.005813103 -0.008526747 0 0.0057831 -0.04668374 -0.012957 0.0057831 -0.01322275 -0.012957 0.005813103 -0.008526747 -0.012957 0.002811108 -0.006111748 -0.004845 0.002811108 -0.006111748 -0.004845 -6.589889E-05 -0.00363975 -0.012957 -6.589889E-05 -0.00363975 -0.012957 -0.001145897 -0.0008227491 -0.004845 -0.001145897 -0.0008227491 -0.004845 -0.0008218956 0.001215248 -0.012957 -0.0008218956 0.001215248 -0.004845 0.0003850937 0.003387248 -0.012957 0.0003850937 0.003387248 -0.004845 0.003482094 0.00462425 -0.012957 0.003482094 0.00462425 -0.012924 0.003805103 -0.01353775 -0.012924 0.003805103 -0.04537575 -0.012957 0.0057831 -0.04668374 0 0.005722103 -0.04701675 -0.012957 0.005722103 -0.04701675 0.012957 0.0057831 -0.04668374 0.012924 0.003805103 -0.04537575 0.012924 0.003805103 -0.01353775 0.012957 0.005722103 -0.04701675 0 0.005514107 -0.04720275 -0.012957 0.005514107 -0.04720275 0 -0.02505488 -0.05832976 0.012957 0.005514107 -0.04720275 -0.012957 -0.02505488 -0.05832976 -0.01281 -0.006146908 -0.04217675 -0.01281 -0.0144849 -0.04423575 -0.01281 -0.0108699 -0.04170075 -0.012957 -0.02588789 -0.05865976 0.012957 -0.02505488 -0.05832976 0.01281 -0.006146908 -0.04217675 0.01281 -0.0108699 -0.04170075 0.01281 -0.0144849 -0.04423575 0.012957 -0.02588789 -0.05865976 0 -0.02588789 -0.05865976 0 -0.02666589 -0.05908376 -0.012957 -0.02666589 -0.05908376 0 -0.04373789 -0.07352176 0.012957 -0.02666589 -0.05908376 -0.012957 -0.04373789 -0.07352176 0.012957 -0.04373789 -0.07352176 -0.012957 -0.04434889 -0.07376776 0.012957 -0.04434889 -0.07376776 0 -0.04434889 -0.07376776 0 -0.04501389 -0.07385276 -0.012957 -0.04501389 -0.07385276 0.012957 -0.04501389 -0.07385276 0 -0.1515749 -0.0679848 -0.012957 -0.1515749 -0.0679848 0.012957 -0.1515749 -0.0679848 0.01397 0.006552105 -0.01322275 0.01297 0.006569099 -0.01322275 0.012957 0.0057831 -0.01322275 0.013957 0.005766105 -0.01322275 0.013924 0.003789101 -0.01353775 0.012924 0.003805103 -0.01353775 0.013924 0.003789101 -0.04537575 0.012924 0.003805103 -0.01353775 0.012924 0.003805103 -0.04537575 0.013957 0.005766105 -0.04668374 0.012957 0.0057831 -0.04668374 0.012924 0.003805103 -0.04537575 0.01397 0.006552105 -0.04668374 0.01297 0.006569099 -0.04668374 0.01297 0.006569099 -0.04668374 0.01297 0.006569099 -0.01322275 0.01297 0.0057831 -0.04794174 0.012957 0.005514107 -0.04720275 0.013957 0.005508098 -0.04718675 0.01397 0.005777092 -0.04792575 0.013957 -0.02505988 -0.05831376 0.01397 -0.02479089 -0.05905276 0.01297 -0.02478589 -0.05906775 0.01297 0.0057831 -0.04794174 0.01297 -0.02478589 -0.05906775 0.012957 -0.02505488 -0.05832976 0.01381 -0.0108749 -0.04168475 0.01381 -0.006151905 -0.04216175 0.012957 0.005514107 -0.04720275 0.01281 -0.006146908 -0.04217675 0.01281 -0.0108699 -0.04170075 0.01281 -0.0144849 -0.04423575 0.012957 -0.02505488 -0.05832976 0.01381 -0.0144899 -0.04421975 -0.012957 0.0057831 -0.01322275 -0.01297 0.006569099 -0.01322275 -0.01397 0.006552105 -0.01322275 -0.013957 0.005766105 -0.01322275 -0.013924 0.003789101 -0.01353775 -0.012924 0.003805103 -0.01353775 -0.013924 0.003789101 -0.04537575 -0.012924 0.003805103 -0.01353775 -0.012924 0.003805103 -0.04537575 -0.013957 0.005766105 -0.04668374 -0.012957 0.0057831 -0.04668374 -0.012924 0.003805103 -0.04537575 -0.01397 0.006552105 -0.04668374 -0.01297 0.006569099 -0.04668374 -0.01297 0.006569099 -0.04668374 -0.01297 0.006569099 -0.01322275 -0.01297 0.0057831 -0.04794174 -0.013957 0.005508098 -0.04718675 -0.012957 0.005514107 -0.04720275 -0.01397 0.005777092 -0.04792575 -0.013957 -0.02505988 -0.05831376 -0.01397 -0.02479089 -0.05905276 -0.01297 -0.02478589 -0.05906775 -0.01297 0.0057831 -0.04794174 -0.01297 -0.02478589 -0.05906775 -0.012957 -0.02505488 -0.05832976 -0.01381 -0.0108749 -0.04168475 -0.01381 -0.006151905 -0.04216175 -0.012957 0.005514107 -0.04720275 -0.01281 -0.006146908 -0.04217675 -0.01281 -0.0108699 -0.04170075 -0.01281 -0.0144849 -0.04423575 -0.012957 -0.02505488 -0.05832976 -0.01381 -0.0144899 -0.04421975  
					<Colors>: 0  
					<TextureCoords0>: 260 0.171125 0.004683971 0.170853 0.007313013 0.146364 0.002785027 0.146228 0.005424976 0.170342 0.01605898 0.17337 0.007147014 0.172906 0.01686502 0.145379 0.01415002 0.143771 0.004875004 0.142724 0.01454902 0.145005 0.02076 0.142384 0.021312 0.169672 0.02263302 0.172174 0.02358699 0.144419 0.02727097 0.142055 0.026815 0.141148 0.03516901 0.169222 0.02913499 0.17163 0.02904701 0.171234 0.03740299 0.143709 0.036075 0.140278 0.04635799 0.168558 0.03790802 0.170451 0.04859102 0.142954 0.04674101 0.140827 0.057661 0.167673 0.04847997 0.169113 0.060947 0.14202 0.05956298 0.126802 0.05704403 0.166726 0.06050098 0.166611 0.075688 0.126818 0.07549602 0.169057 0.07551497 0.166667 0.178038 0.126804 0.05973399 0.111584 0.05957699 0.112776 0.05766797 0.110611 0.04675299 0.113285 0.04636198 0.10982 0.03608698 0.112377 0.03517401 0.109081 0.02728498 0.111443 0.02682102 0.111096 0.02131897 0.108475 0.02077502 0.110739 0.01455802 0.108084 0.014166 0.10967 0.004886985 0.107212 0.005442977 0.083125 0.01613998 0.083813 0.02271199 0.084282 0.02921301 0.084976 0.03798503 0.082594 0.007395029 0.10707 0.002803028 0.082314 0.004764974 0.080076 0.007234991 0.080563 0.01695198 0.081313 0.023673 0.081874 0.02913302 0.082298 0.03748697 0.083118 0.04867101 0.085896 0.048554 0.084492 0.061019 0.086878 0.06056899 0.087028 0.07575202 0.084581 0.07558602 0.087135 0.178089 0.126901 0.177961 0.08737 0.180488 0.085125 0.18035 0.084841 0.179218 0.084953 0.181323 0.087119 0.182699 0.166435 0.180445 0.126903 0.180442 0.126904 0.182744 0.168679 0.180304 0.168963 0.17917 0.168853 0.181279 0.166689 0.182664 0.126935 0.282283 0.087272 0.282273 0.166598 0.282253 0.126934 0.284584 0.087202 0.284597 0.084951 0.282012 0.084796 0.284678 0.166666 0.284584 0.168921 0.282002 0.169071 0.284668 0.087166 0.286956 0.084752 0.287204 0.084916 0.355747 0.126933 0.286855 0.1667 0.286948 0.169113 0.287196 0.168955 0.355742 0.126936 0.355239 0.087262 0.355364 0.16661 0.35536 0.087238 0.358049 0.084895 0.358173 0.126936 0.35802 0.126936 0.360828 0.166636 0.358048 0.168979 0.358171 0.087213 0.360778 0.084814 0.360606 0.166663 0.360781 0.169063 0.360607 0.087201 0.687433 0.084803 0.687506 0.166596 0.687437 0.16899 0.68751 0.1269 0.687481 0.087226 0.689837 0.166571 0.689841 0.126899 0.690061 0.90712 0.318119 0.882472 0.328769 0.88229 0.318562 0.907302 0.328328 0.882608 0.33637 0.907438 0.335937 0.882719 0.342679 0.90755 0.342259 0.907706 0.351502 0.882876 0.351903 0.883062 0.3635 0.907894 0.363125 0.908071 0.374936 0.883235 0.375275 0.883423 0.389629 0.923089 0.389145 0.922917 0.374766 0.937756 0.374597 0.924342 0.491579 0.962757 0.388685 0.96259 0.374314 0.962456 0.362525 0.937624 0.362801 0.937498 0.351186 0.96233 0.35092 0.962234 0.341689 0.937401 0.341947 0.937337 0.335628 0.96217 0.335376 0.937261 0.328017 0.962095 0.327773 0.937163 0.317806 0.961996 0.317565 0.968827 0.389579 0.970008 0.487041 0.964002 0.491121 0.924357 0.492613 0.96402 0.49219 0.884684 0.492045 0.878583 0.488124 0.877374 0.390662 0.884694 0.493041 0.924369 0.493466 0.964034 0.493079 0.925274 0.593051 0.884706 0.493855 0.964938 0.592669 0.990966 0.521122 0.99401 0.547239 0.997399 0.534154 0.964968 0.595397 0.885607 0.593434 0.858293 0.52237 0.852096 0.535515 0.855721 0.548536 0.885638 0.596185 0.925303 0.595791 0.925332 0.598502 0.964996 0.598096 0.926049 0.666946 0.885668 0.598907 0.965713 0.666535 0.886384 0.667354 0.965735 0.668554 0.886405 0.669365 0.92607 0.66896 0.926091 0.671013 0.965756 0.670612 0.886426 0.671414 0.929363 0.997717 0.969026 0.997319 0.889699 0.998116 0.004944 0.89242 0.005145 0.889286 0.007605 0.889427 0.007319 0.89243 0.01336 0.89328 0.013745 0.890207 0.01407 0.990806 0.016422 0.893289 0.017133 0.990754 0.008037 0.994683 0.009279 0.997308 0.01566 0.99351 0.005776 0.995 0.00683 0.998116 0.002711 0.994951 0.001884 0.892519 0.304524 0.002610981 0.306931 0.002605975 0.306948 0.005684972 0.304528 0.005680025 0.308144 0.105191 0.305728 0.105266 0.302662 0.105301 0.30146 0.005720973 0.305811 0.108337 0.308214 0.108273 0.340074 0.04664898 0.333759 0.033916 0.309342 0.003713012 0.336263 0.03226799 0.342793 0.04636198 0.339589 0.06053698 0.310875 0.106646 0.336806 0.059434 0.988306 0.274931 0.985846 0.275082 0.985633 0.271948 0.988009 0.271929 0.994048 0.271056 0.994443 0.274128 0.994347 0.173528 0.997112 0.271036 0.997406 0.173568 0.9883 0.169674 0.989534 0.167045 0.995928 0.17082 0.986039 0.169365 0.987082 0.166245 0.982973 0.169426 0.982572 0.271862 0.881105 0.892384 0.878706 0.89548 0.878697 0.8924 0.881122 0.895454 0.878201 0.994991 0.880621 0.995046 0.883689 0.99506 0.884187 0.895474 0.880561 0.998116 0.878157 0.998073 0.845868 0.936674 0.852093 0.923897 0.876297 0.893521 0.849578 0.922266 0.843146 0.936406 0.846449 0.950558 0.875482 0.996466 0.849224 0.949436  
					<TextureCoords1>: 0  
					<Normals>: 260 0.5736688 0.3498352 0.7406209 0.5789314 0.7297849 -0.3636654 -0.5736688 0.3498352 0.7406209 -0.5789314 0.7297849 -0.3636654 0.7925575 0.3863744 -0.4717704 0.5736688 0.3498352 0.7406209 0.6388726 -0.5083103 0.5774621 -0.7925575 0.3863744 -0.4717704 -0.5736688 0.3498352 0.7406209 -0.6388726 -0.5083103 0.5774621 -0.745957 0.6205436 -0.2418136 -0.6699826 -0.7017317 0.2422724 0.745957 0.6205436 -0.2418136 0.6699826 -0.7017317 0.2422724 -0.7832994 0.6181712 0.06562434 -0.6532115 -0.753067 -0.07877056 -0.6559111 -0.6171684 -0.4346074 0.7832994 0.6181712 0.06562434 0.6532115 -0.753067 -0.07877056 0.6559111 -0.6171684 -0.4346074 -0.7642236 0.5109459 0.3935688 -0.7034823 -0.4543881 -0.5464833 0.7642236 0.5109459 0.3935688 0.7034823 -0.4543881 -0.5464833 -0.7054452 0.4477721 0.5494061 -0.3674495 -0.9295686 0.0297165 0.7054452 0.4477721 0.5494061 0.8189427 -0.5189546 -0.2449877 -0.274024 0.7631867 0.5851981 0 -0.8642699 0.5030285 0.6219624 0.7092105 0.3319386 0.3100816 0.9016331 0.301508 0 0.999999 0.001381897 0.03191973 -0.7341726 0.6782123 0.2600066 0.8893562 -0.3760879 0 0.4990641 0.8665652 0.274024 0.7631867 0.5851981 0.3674495 -0.9295686 0.02971653 0.7054452 0.4477721 0.5494061 0.7034823 -0.4543881 -0.5464833 0.7642236 0.5109459 0.3935688 0.6559111 -0.6171684 -0.4346074 0.7832994 0.6181712 0.06562434 0.6532115 -0.753067 -0.07877055 0.6699826 -0.7017317 0.2422725 0.745957 0.6205436 -0.2418136 0.6388726 -0.5083103 0.5774621 0.7925575 0.3863744 -0.4717704 0.5736688 0.3498352 0.7406209 0.5789314 0.7297849 -0.3636654 -0.7925575 0.3863744 -0.4717704 -0.745957 0.6205436 -0.2418136 -0.7832994 0.6181712 0.06562434 -0.7642236 0.5109459 0.3935688 -0.5789314 0.7297849 -0.3636654 0.5736688 0.3498352 0.7406209 -0.5736688 0.3498352 0.7406209 -0.5736688 0.3498352 0.7406209 -0.6388726 -0.5083103 0.5774621 -0.6699826 -0.7017317 0.2422725 -0.6532115 -0.753067 -0.07877055 -0.6559111 -0.6171684 -0.4346074 -0.7034823 -0.4543881 -0.5464833 -0.7054452 0.4477721 0.5494061 -0.8189427 -0.5189545 -0.2449879 -0.6219625 0.7092105 0.3319384 -0.3100814 0.9016335 0.3015072 -0.03191976 -0.7341714 0.6782134 -0.2600064 0.8893565 -0.3760873 0 0.9918644 -0.1272988 -0.6502011 0.6388718 -0.411195 -0.7814703 -0.5440303 0.305508 -0.1557646 -0.8287566 -0.537494 -0.2444069 0.1031857 0.9641671 -0.2448348 0.6768707 -0.6941917 0.6502021 0.6388711 -0.4111945 0 0.8409115 -0.5411726 0 0.4931852 -0.8699243 0.7814692 -0.5440316 0.3055088 0.1557645 -0.8287575 -0.5374928 0.2443416 0.1029196 0.964212 0.2448349 0.676871 -0.6941913 0 0.3474923 -0.9376828 -0.3124313 0.02741823 -0.9495447 0.3124315 0.02741728 -0.9495445 0 0.4096395 -0.9122475 -0.7286269 0.2805299 -0.6248246 -0.1817086 -0.7416021 0.6457618 -0.6878521 -0.3078757 0.6573218 0.728628 0.2805294 -0.6248236 0.1817335 -0.7416048 0.6457516 0.687851 -0.3078761 0.6573228 -0.7399729 0.3757891 -0.5578734 -0.6793149 -0.414686 0.6054476 -0.7385032 -0.3479472 0.5775341 0 0.5585863 -0.8294464 0.739974 0.3757884 -0.5578723 0.6793137 -0.4146866 0.6054485 0.7385021 -0.3479479 0.5775352 0 0.5281865 -0.8491284 -0.6829646 0.385676 -0.6203331 0.6829658 0.3856755 -0.6203324 -0.686697 0.2029835 -0.6980293 -0.7307348 -0.1722753 0.6605662 0 0.2791821 -0.9602382 0 0.04996563 -0.9987509 0.686698 0.2029832 -0.6980283 0.7307337 -0.1722756 0.6605675 -0.6916535 0.03620412 -0.7213215 -0.7220752 -0.02507508 0.69136 0.6916546 0.03620408 -0.7213205 0.7220742 -0.02507515 0.6913612 -0.5867348 -0.5906914 -0.5539188 -0.5693926 -0.5633836 0.5986576 0.5867358 -0.5906912 -0.5539179 0.5693916 -0.5633837 0.5986584 0 -0.7253084 -0.6884241 -0.5693926 -0.5633836 0.5986576 0.5693916 -0.5633837 0.5986584 0 -0.6873946 0.7262842 -0.5736688 0.3498352 0.7406209 0.6388726 -0.5083103 0.5774621 0.5736688 0.3498352 0.7406209 -0.6388726 -0.5083103 0.5774621 0.6699826 -0.7017317 0.2422724 -0.6699826 -0.7017317 0.2422724 0.6532115 -0.753067 -0.07877056 -0.6532115 -0.753067 -0.07877056 -0.6559111 -0.6171684 -0.4346074 0.6559111 -0.6171684 -0.4346074 0.7034823 -0.4543881 -0.5464833 -0.7034823 -0.4543881 -0.5464833 -0.3674495 -0.9295686 0.0297165 0.8189427 -0.5189546 -0.2449877 0.03191973 -0.7341726 0.6782123 0 -0.9999949 0.003194436 0 -0.8642699 0.5030285 0.3674495 -0.9295686 0.02971653 0 -0.9959002 0.09045865 -0.03191976 -0.7341714 0.6782134 -0.8189427 -0.5189545 -0.2449879 -0.7034823 -0.4543881 -0.5464833 0.7034823 -0.4543881 -0.5464833 0.6559111 -0.6171684 -0.4346074 -0.6559111 -0.6171684 -0.4346074 -0.6532115 -0.753067 -0.07877055 0.6532115 -0.753067 -0.07877055 0.6699826 -0.7017317 0.2422725 -0.6699826 -0.7017317 0.2422725 0.6388726 -0.5083103 0.5774621 -0.6388726 -0.5083103 0.5774621 0.5736688 0.3498352 0.7406209 -0.5736688 0.3498352 0.7406209 0.5961423 -0.6066619 0.5259047 0.6257958 -0.6847184 -0.373551 -0.1557646 -0.8287566 -0.537494 0 -0.8721741 0.4891956 -0.7814703 -0.5440303 0.305508 0.1557645 -0.8287575 -0.5374928 -0.6257953 -0.6847188 -0.3735511 -0.5961419 -0.6066623 0.5259047 0.7814692 -0.5440316 0.3055088 0 -0.5135852 0.8580385 -0.2444069 0.1031857 0.9641671 0 -0.3552089 0.934787 0.2443416 0.1029196 0.964212 -0.1817086 -0.7416021 0.6457618 0.684881 0.1886374 0.7038138 0.6831018 -0.5111116 0.5216673 0.6461447 -0.1928539 0.7384472 -0.6878521 -0.3078757 0.6573218 0.1817335 -0.7416048 0.6457516 -0.6847806 0.1881634 0.7040386 -0.6474584 -0.1915741 0.7376293 -0.6885771 -0.5067804 0.5186861 0.687851 -0.3078761 0.6573228 0 -0.4242072 0.9055652 0 -0.5650493 0.8250572 -0.6793149 -0.414686 0.6054476 0 -0.5161766 0.8564822 0.6793137 -0.4146866 0.6054485 -0.7385032 -0.3479472 0.5775341 0.7385021 -0.3479479 0.5775352 -0.7307348 -0.1722753 0.6605662 0.7307337 -0.1722756 0.6605675 0 -0.2521943 0.9676766 0 -0.03605272 0.9993499 -0.7220752 -0.02507508 0.69136 0.7220742 -0.02507515 0.6913612 0 -0.6873946 0.7262842 -0.5693926 -0.5633836 0.5986576 0.5693916 -0.5633837 0.5986584 0.5869359 0.5675784 0.5773742 0.3100816 0.9016331 0.301508 0.03191973 -0.7341726 0.6782123 0.6887467 -0.06857952 0.7217512 0.5759259 -0.6258346 0.5259662 -0.5961419 -0.6066623 0.5259047 0.6029477 -0.7049159 -0.3735608 -0.5961419 -0.6066623 0.5259047 -0.6257953 -0.6847188 -0.3735511 0.6439488 -0.2302116 -0.7296112 0.1557645 -0.8287575 -0.5374928 -0.6257953 -0.6847188 -0.3735511 0.5869359 0.5675784 -0.5773742 0.2600066 0.8893562 -0.3760879 0.2600066 0.8893562 -0.3760879 0.3100816 0.9016331 0.301508 0.2448349 0.676871 -0.6941913 0.2443416 0.1029196 0.964212 0.6226038 0.5626891 0.543825 0.5867622 0.7367882 -0.3359365 0.6078288 -0.7841559 0.1250752 0.5870069 -0.3479333 -0.731003 0.3124315 0.02741728 -0.9495445 0.2448349 0.676871 -0.6941913 0.3124315 0.02741728 -0.9495445 0.1817335 -0.7416048 0.6457516 0.6249205 -0.1979115 0.7551856 0.6549754 0.1857781 0.7324574 0.2443416 0.1029196 0.964212 -0.6847806 0.1881634 0.7040386 -0.6474584 -0.1915741 0.7376293 -0.6885771 -0.5067804 0.5186861 0.1817335 -0.7416048 0.6457516 0.6578442 -0.5218166 0.5430916 -0.03191976 -0.7341714 0.6782134 -0.3100814 0.9016335 0.3015072 -0.5869355 0.5675789 0.5773743 -0.6887468 -0.06857864 0.7217513 -0.5759263 -0.6258342 0.5259662 0.5961423 -0.6066619 0.5259047 -0.6029481 -0.7049155 -0.3735609 0.5961423 -0.6066619 0.5259047 0.6257958 -0.6847184 -0.373551 -0.643949 -0.2302109 -0.7296112 -0.1557646 -0.8287566 -0.537494 0.6257958 -0.6847184 -0.373551 -0.5869355 0.5675789 -0.5773743 -0.2600064 0.8893565 -0.3760873 -0.2600064 0.8893565 -0.3760873 -0.3100814 0.9016335 0.3015072 -0.2448348 0.6768707 -0.6941917 -0.6226041 0.5626892 0.5438244 -0.2444069 0.1031857 0.9641671 -0.5867617 0.7367883 -0.3359368 -0.6078292 -0.7841556 0.1250748 -0.5870065 -0.3479331 -0.7310033 -0.3124313 0.02741823 -0.9495447 -0.2448348 0.6768707 -0.6941917 -0.3124313 0.02741823 -0.9495447 -0.1817086 -0.7416021 0.6457618 -0.6249206 -0.1979115 0.7551856 -0.6549754 0.1857781 0.7324574 -0.2444069 0.1031857 0.9641671 0.684881 0.1886374 0.7038138 0.6461447 -0.1928539 0.7384472 0.6831018 -0.5111116 0.5216673 -0.1817086 -0.7416021 0.6457618 -0.6578442 -0.5218166 0.5430917  
					<Tangents>: 260 0.8172774 -0.3045531 -0.4891883 0.7596565 -0.3207061 0.5657468 0.8175686 0.1895248 0.543748 0.7925008 0.3987175 -0.4614833 0.6083264 -0.4472627 0.6556638 -0.372026 -0.6942706 0.6161047 -0.7693011 -0.4179979 0.4831704 0.6044018 0.6004176 -0.5236384 -0.289706 0.7590954 -0.5829618 -0.7509435 0.5750946 -0.3245766 0.6639988 0.7210521 -0.1979636 -0.7365359 0.6691751 -0.09858719 0.6601751 -0.6410843 0.3913818 -0.7387384 -0.5979271 0.3110447 0.6182323 0.7636008 0.186287 -0.7492577 0.6278681 0.2107002 -0.7541838 0.5118527 0.4113558 0.6184667 -0.7856013 0.01815479 -0.7533761 -0.6568159 0.03189547 -0.7431368 -0.6289563 -0.2283893 0.6432605 0.5596921 0.5224564 -0.7097663 0.4094917 0.5731915 0.6393263 -0.680575 -0.3578822 -0.6966236 -0.5931956 -0.4035277 0.7064862 0.38214 0.5956898 0.6392382 -0.2292184 0.7340528 0.6997311 -0.5633597 -0.4393202 -0.5722346 -0.7707096 -0.2802753 0.9453101 0.101807 0.3098778 1 0 0 0.7807201 -0.5942972 -0.1930984 0.9406718 -0.3369339 0.04015068 1 0 0 -0.05250368 -0.6788527 -0.7323949 0.964414 -0.2198248 0.1469109 1 0 0 0.945044 -0.1008513 -0.3109996 0.639645 0.2293922 -0.733644 0.7062692 -0.3791187 -0.5978735 -0.709609 -0.4062262 -0.5757042 0.6430865 -0.5573144 -0.5252051 -0.7540537 -0.5094867 -0.4145192 0.6179649 -0.762843 -0.190236 -0.7486721 -0.6268235 -0.2158294 -0.7361215 -0.6702405 0.09435525 0.6637973 -0.7222228 0.1943381 -0.7503161 -0.5774776 0.3217847 0.6041251 -0.6027763 0.5212423 -0.2884579 -0.7599886 0.5824169 0.7929379 -0.3999883 0.459629 0.6081851 0.4446282 -0.657584 0.6598527 0.639445 -0.3945942 0.6182113 0.7857003 -0.02213585 0.6390285 0.6823862 0.354953 0.7590182 0.3194079 -0.5673358 0.8174686 -0.1877108 -0.5445271 0.8171521 0.306559 0.4881435 -0.3733605 0.6931185 -0.6165944 -0.7692817 0.4153719 -0.4854606 -0.7384369 0.5963634 -0.3147404 -0.752961 0.6570121 -0.03721313 -0.7426396 0.6307091 0.2251501 -0.6962088 0.5951362 0.4013802 0.699366 0.565582 0.4370402 -0.5721542 0.7713834 0.2785805 0.780566 0.5952489 0.1907764 0.9403189 0.3376211 -0.04256937 -0.0527369 0.6788511 0.7323797 0.9643539 0.2193294 -0.1480407 1 0 0 0.7597557 0.5445065 -0.3553644 -0.6237724 0.6697693 -0.4028858 -0.1157846 0.5557031 -0.8232788 -0.1410963 0.9799549 -0.1406418 0.9660691 0.2310521 -0.1154364 0.7597589 -0.5454057 0.3539757 1 0 0 1 0 0 -0.6237863 -0.6702047 0.4021397 -0.1156992 -0.5556959 0.8232957 -0.1407328 -0.9800599 0.1402744 0.9659656 -0.2319239 0.1145499 1 0 0 0.932012 0.2021325 -0.3008259 0.932104 -0.2016406 0.3008708 1 0 0 0.684249 0.3382383 -0.6460635 -0.4344533 -0.5285829 -0.7292808 -0.721977 0.3836374 -0.5758225 0.6842813 -0.3372279 0.6465574 -0.4313581 0.5300109 0.7300812 -0.7220796 -0.382448 0.5764845 0.6725441 0.3995865 -0.6229085 -0.733789 0.3734634 -0.5675199 -0.6726714 0.3216386 -0.6663795 1 0 0 0.6725429 -0.3995951 0.6229043 -0.7337908 -0.3735428 0.5674654 -0.6727023 -0.3222033 0.6660756 1 0 0 0.7303587 0.3470211 -0.5883473 0.7303621 -0.3473586 0.5881438 0.7262214 0.2343503 -0.6462835 -0.6826614 0.1843393 -0.7071014 1 0 0 1 0 0 0.7262092 -0.2346801 0.6461776 -0.6826627 -0.185 0.7069277 0.7215453 0.07810149 -0.6879481 -0.6912743 0.06563462 -0.7196054 0.7215301 -0.07854559 0.6879134 -0.6912478 -0.06662986 0.7195393 0.7611908 -0.1689323 -0.6261393 -0.4170469 -0.4295997 -0.8009468 0.761207 0.1689813 0.6261065 -0.4170424 0.4296055 0.8009462 1 0 0 0.8220565 -0.3936743 0.4113922 0.8220574 0.3936122 -0.4114499 1 0 0 -0.8189995 -0.2582358 -0.5124003 -0.7691299 -0.4383791 0.4650408 -0.8189956 0.2314478 0.5250507 -0.7691332 0.4058198 -0.4937047 -0.7421754 -0.6407345 0.1965579 -0.7421833 0.6256819 -0.2401793 -0.7570005 -0.6472803 -0.08932195 -0.7569996 0.6517587 0.04650047 -0.7546771 0.5480592 0.360685 -0.7546753 -0.5242133 -0.3945447 -0.7105548 -0.4334599 -0.5542783 -0.7105527 0.4659757 0.5272395 -0.9299741 0.3668441 -0.02395002 -0.5737432 -0.7312394 -0.3689275 -0.9993827 -0.01348187 0.03244119 -0.9999306 0 -0.01177632 -0.9999509 -0.004985062 -0.008565002 -0.9299872 -0.367592 0 -0.9999323 -0.00105313 -0.01159439 -0.9989616 0.001362871 -0.04554029 -0.5737837 0.7480862 0.3333757 -0.7106263 0.4616934 0.530895 -0.7106258 -0.4376902 -0.5508524 -0.7547664 -0.5282996 -0.3888794 -0.7547665 0.5441573 0.366361 -0.7571087 0.6509914 0.05474212 -0.757109 -0.6482317 -0.08112659 -0.7423084 -0.6376752 0.2057872 -0.7423112 0.6289039 -0.2312007 -0.7692554 -0.4312386 0.4714651 -0.7692573 0.4130994 -0.4874341 -0.81906 0.2375993 0.5221947 -0.819061 -0.2522707 -0.5152655 -0.4383129 -0.7947133 -0.419896 -0.5894969 -0.7288045 0.3483352 -0.9866085 0.1038762 0.1257513 -0.9999439 -0.005183519 -0.00924156 -0.6238726 0.6739801 -0.3956436 -0.9855521 -0.09374907 -0.1410602 -0.5733984 0.7285233 -0.3747906 -0.4528019 0.7949556 0.4037527 -0.6238607 -0.6892847 0.3683534 -0.9999493 -0.008640705 -0.005171956 -0.9672245 -0.09655462 -0.2348486 -0.999952 -0.009163215 -0.003481922 -0.9682803 0.07947881 0.236889 -0.9829674 0.1553586 -0.09817773 -0.4992771 -0.5820308 0.6418433 -0.6101429 -0.006833432 0.7922618 -0.7537155 -0.313419 0.5776517 -0.7257824 0.2793016 -0.6286736 -0.9823236 -0.1668771 0.08480693 -0.5098134 0.5666394 -0.6473099 -0.7553015 0.2903045 -0.5875738 -0.5959972 -0.01196168 -0.8028973 -0.7257845 -0.3040628 0.6170759 -0.9999508 -0.008985071 -0.004209008 -0.9999497 -0.008279161 -0.005670072 -0.7337757 0.3723398 -0.5682749 -0.9999487 -0.00867875 -0.005230428 -0.7337778 -0.3952427 0.5525879 -0.6741725 0.3680745 -0.6403223 -0.6741745 -0.393978 0.6247161 -0.6825862 0.1700261 -0.7107511 -0.6825873 -0.1987523 0.7032582 -0.9999486 -0.009815299 -0.002558047 -0.9999489 -0.01011338 0 -0.6917416 0.01165087 -0.7220511 -0.6917422 -0.04072014 0.7209955 -0.9999762 -0.005019033 -0.004750284 -0.8220363 0.3840471 -0.4204333 -0.8220374 -0.3963182 0.4088843 0.6035326 -0.7820727 0.1552765 0.5482562 -0.428681 0.7180862 -0.1675211 -0.6728888 -0.7205257 -0.05410348 -0.9976022 -0.04316097 -0.6396772 -0.7456125 -0.1867485 0.2652417 -0.7670586 -0.5841815 -0.6820816 -0.6983655 0.216911 -0.8027833 0.4605182 -0.3787639 -0.779664 0.5629206 0.274307 -0.224086 -0.9685848 0.1078377 -0.5969187 -0.5125179 0.6172629 -0.1607307 -0.3554349 0.9207777 0.5398078 -0.8058285 -0.2434093 -0.2332263 -0.3201106 -0.9182237 0.9655806 -0.2365976 0.108054 0.9503798 -0.2856146 -0.1232992 0.4379749 0.5615593 0.7020178 -0.4546209 -0.8661399 0.2076573 -0.2913879 -0.4782726 0.8284615 0.6054078 -0.123644 0.7862529 -0.4012752 -0.1674065 0.9005294 0.5926697 -0.4304251 0.6807913 0.949815 -0.02524992 0.3117914 0.9695503 -0.1748343 0.1714794 0.5969975 -0.7831866 0.1738184 -0.3779097 0.553584 0.7421113 -0.7747531 -0.2762725 0.5687101 -0.5831809 -0.4921215 0.6463099 -0.7570733 -0.6010816 0.2560096 -0.5544956 -0.761415 -0.3358302 -0.754383 0.02370946 -0.6560062 -0.648492 0.7504357 -0.1276893 -0.8617394 0.1962236 0.4678693 -0.6710051 -0.07858787 0.7372761 0.1726469 -0.6724093 -0.719763 -0.5418994 -0.4281975 0.7231818 -0.6016937 -0.7829431 0.1580026 0.0560495 -0.9975734 -0.04129999 0.6413278 -0.7448651 -0.1840509 -0.2625452 -0.7663117 -0.5863756 0.6805272 -0.6988253 0.2202859 0.8027365 0.4627051 -0.3761889 0.7797554 0.5608687 0.2782227 0.2219997 -0.9688491 0.1097613 0.5939754 -0.5133545 0.6194032 0.1577983 -0.357876 0.9203393 -0.5417945 -0.8052672 -0.2408391 0.2250507 -0.3229436 -0.9192713 -0.9655475 -0.2351387 0.1114806 -0.9504763 -0.286971 -0.1193415 0.4236974 -0.5693067 -0.7045355 -0.2963821 0.4736176 -0.8293636 -0.4670771 0.8588408 -0.2103131 0.6015849 0.1189333 -0.7899053 -0.3960477 0.1628536 -0.9036731 0.5964304 0.4247155 -0.6810928 0.9498984 0.01840465 -0.3120164 0.9695644 0.1702548 -0.1759495 0.6083403 0.7734979 -0.1778286 -0.3641151 -0.5592749 -0.7447361 -0.775593 0.2677275 -0.5716446 -0.5869421 0.4854172 -0.6479729 -0.7607008 0.5962142 -0.2566374 -0.5581236 0.7567755 0.3402777 -0.7563319 -0.03214868 0.6533977 -0.651309 -0.7494981 0.1185299 -0.8580855 -0.2011583 -0.4724668 -0.6679036 0.07094955 -0.7408582  
					<BiTangents>: 260 -0.05442309 -0.8859248 0.460625 -0.2962438 0.6037894 0.7400527 -0.04985615 -0.9174398 0.3947388 0.1917838 0.5553723 0.8091851 -0.0423264 0.8066417 0.5895232 -0.7297265 0.6289703 0.2681337 0.004222569 0.7529265 0.658091 -0.08093877 0.7001525 0.7093909 0.7661425 0.5489894 0.3341201 0.1671098 0.6410045 0.7491245 -0.05151512 0.3082363 0.949914 0.09294093 0.2444941 0.9651863 -0.08784661 0.4515933 0.8878887 0.0734087 0.3873705 0.9189969 -0.06504641 -0.1864895 0.9803013 0.1092139 -0.1966513 0.9743719 0.03142085 -0.5975868 0.8011883 -0.06277733 -0.02636584 0.9976792 0.07575718 -0.03850938 0.9963824 0.1323944 -0.4727759 0.8711801 -0.04666964 -0.6524408 0.7564013 0.03667098 -0.7911054 0.6105796 -0.08499461 -0.5251209 0.8467727 0.1408133 -0.6645678 0.7338401 -0.05678321 -0.8083743 0.5859237 0.6755409 -0.2887232 -0.678442 -0.112798 -0.6943529 0.7107395 0.04336422 -0.3697198 0.9281308 -0.1769173 -0.6381076 0.7493457 0 -0.5030285 -0.8642698 -0.06032279 -0.3792511 0.9233254 -0.1377895 -0.2711701 0.9526179 0 -0.001381897 0.999999 -0.9981104 0.01223079 0.06021554 -0.04798268 0.4009022 0.9148633 0 -0.866565 0.499064 0.1783328 -0.6382594 0.7488807 -0.6751558 -0.2885851 -0.678884 0.05942096 -0.8097957 0.5836952 -0.03959729 -0.7927873 0.6082109 0.04900987 -0.654473 0.7544953 -0.03440149 -0.5996051 0.7995563 0.06753733 -0.1895653 0.9795426 -0.1131588 -0.1999556 0.9732486 -0.09616873 0.2415583 0.9656092 0.05404807 0.3054831 0.9506624 -0.1699049 0.6388586 0.750328 0.08297738 0.6981229 0.7111534 -0.7666134 0.5477524 0.335069 -0.1899684 0.5544578 0.8102399 0.04431118 0.8080969 0.5873806 0.0902364 0.4539116 0.8864657 0.06524481 -0.02323071 0.9975989 0.08720414 -0.5227652 0.8480047 0.2978755 0.6044772 0.7388353 0.05147222 -0.9178126 0.3936631 0.05627421 -0.8852326 0.4617319 0.7290445 0.6302397 0.2670058 -0.006903097 0.7543785 0.6564035 -0.07638092 0.3897735 0.9177377 -0.07977718 -0.03500311 0.9961979 -0.1351553 -0.4704351 0.8720229 -0.1428496 -0.6628304 0.7350168 0.1150398 -0.6925439 0.7121438 -0.04440899 -0.3683124 0.9286408 0.06228535 -0.3777556 0.923808 0.1401772 -0.270313 0.9525132 0.9980982 0.01238949 0.06038669 0.04917399 0.4011728 0.9146815 0 0.1272988 0.9918644 0.003133937 0.543466 0.8394253 -0.01456216 0.5054108 0.862756 -0.9809849 0.06600416 0.1825161 0.9593524 0.1704142 0.2249486 -0.0822589 0.6988999 0.7104734 -0.001876981 0.5425645 0.8400121 0 0.5411726 0.8409115 0 0.8699244 0.4931852 0.01402325 0.504832 0.8631037 0.980995 0.06605276 0.1824442 -0.9594225 0.1699712 0.2249853 0.083464 0.6986107 0.7106172 0 0.9376828 0.3474923 -0.1836857 0.9789743 0.08870663 0.1832177 0.9790758 0.08855464 0 0.9122475 0.4096395 -0.03009949 0.898275 0.4384018 -0.8821748 0.41307 0.2261434 0.07489145 0.870652 0.486165 0.02932958 0.8986549 0.4376746 0.8836873 0.4112304 0.2235765 -0.07390601 0.8711749 0.4853784 0.01116357 0.8361299 0.5484179 -0.009230022 0.8297955 0.5579913 -0.04610762 0.8806142 0.4715854 0 0.8294464 0.5585863 -0.01115716 0.8361261 0.5484239 0.00915939 0.8297595 0.5580459 0.04567586 0.8804075 0.4720132 0 0.8491284 0.5281865 0.01164273 0.8548861 0.518685 -0.01135487 0.8547493 0.5189168 -0.03239847 0.9507248 0.3083386 -4.777757E-05 0.9676467 0.2523089 0 0.9602382 0.2791821 0 0.9987509 0.04996563 0.03265015 0.9506435 0.3085627 -0.0004185837 0.9675205 0.2527919 -0.03142972 0.9962878 0.08014207 0.02733298 0.9975286 0.06472689 0.03175127 0.9962529 0.08044876 -0.02802274 0.9974627 0.06544484 -0.2762803 0.7890155 -0.5487472 -0.7084236 0.7057216 -0.009653473 0.2762338 0.7890052 -0.5487856 0.708427 0.705718 -0.00965885 0 0.6884241 -0.7253084 -0.003904517 -0.7263741 -0.6872885 0.003835092 -0.7264077 -0.6872532 0 -0.7262842 -0.6873946 -0.01199912 0.9005163 -0.4346567 -0.01676228 0.7412452 0.671025 -0.01226611 0.9077704 -0.4192879 -0.01660959 0.7595597 0.6502255 -0.01730138 0.311499 0.950089 -0.01695595 0.3407265 0.9400095 -0.01627878 -0.1179755 0.9928831 -0.01632143 -0.09000392 0.9958076 -0.01558723 -0.5645655 0.825241 -0.01567358 -0.5867738 0.8095992 -0.01497883 -0.7782313 0.6277991 -0.01507658 -0.7592089 0.6506724 -0.01136187 0.036436 0.9992714 -0.01231199 -0.4426906 0.8965899 0.01467386 0.6788291 0.7341497 -0.01177626 0.003194214 0.9999256 -0.009910101 0.5030038 0.8642274 -0.01092356 0.02763599 0.9995583 -0.01164212 0.09045252 0.9958327 -0.03251006 0.6789628 0.7334526 -0.01026526 -0.4135857 0.9104074 -0.01107536 -0.7618207 0.6476933 -0.01111036 -0.7758601 0.6308073 -0.01040114 -0.5830975 0.8123357 -0.01038835 -0.5683274 0.8227369 -0.01005447 -0.09539606 0.9953886 -0.01003218 -0.1126307 0.9935862 -0.0100837 0.3177148 0.9481327 -0.009874782 0.334742 0.9422581 -0.009373392 0.745422 0.666527 -0.009218542 0.7556252 0.6549393 -0.00671107 0.9061798 -0.4228394 -0.006578906 0.9022055 -0.4312562 -0.6726784 -0.01980694 0.7396699 0.5107573 -0.002220441 0.8597221 0.04838435 -0.5498838 0.8338386 -0.010596 0.4891682 0.8721251 -0.009335778 0.4997818 0.866101 -0.06651523 -0.5516993 0.8313866 -0.5287669 0.0203486 0.8485232 0.6630123 -0.002563246 0.7486041 -0.0101867 0.4784518 0.8780547 -0.0100703 0.8579951 0.5135592 -0.06886178 0.9899647 -0.1234023 -0.009802463 0.934742 0.3551918 0.05225391 0.9915093 -0.119075 0.02751583 0.6526026 0.7572006 -0.530717 0.7909843 0.3044395 0.4013695 0.8594872 0.3165191 -0.120041 0.9298257 0.347871 -0.009962301 0.9095071 0.415569 -0.04486796 0.6497494 0.7588232 0.520736 0.8021934 0.2920955 0.1015732 0.9375621 0.3326563 -0.413097 0.8619922 0.2938032 -0.009884454 0.901531 0.4326016 -0.009922058 0.9055206 0.4241863 -0.01003465 0.8250156 0.5650208 -0.01022336 0.8303003 0.5572225 -0.01013302 0.8564382 0.5161501 -0.01014831 0.8196452 0.5727816 -0.0102228 0.8622377 0.5064006 -0.0101675 0.8507136 0.5255311 -0.01013137 0.9702641 0.2418368 -0.01013509 0.9647895 0.2628282 -0.01014316 0.9676268 0.2521813 -0.0101068 0.9992989 0.03605088 -0.01005055 0.9996177 0.02575829 -0.01007326 0.9988559 0.0467485 -0.006910564 0.7262669 0.6873782 -0.006952521 0.7315099 0.6817954 -0.006900453 0.7249349 0.6887828 -0.5396801 -0.2573268 0.8015786 -0.776701 0.05736167 0.627252 -0.9853516 0.09061588 0.1444678 -0.7229806 0.009322278 0.6908056 -0.5090407 0.2288952 0.8297497 -0.7578006 0.2087632 -0.6181879 0.413786 -0.124013 0.901888 0.01240686 0.6479845 0.7615525 -0.02245646 -0.4629044 0.8861237 0.7315158 -0.09405364 0.6753062 0.7870359 -0.2246918 0.5745329 0.763247 -0.6362596 -0.1123741 0.6034184 0.1688054 0.779353 0.9370176 -0.3264578 -0.1241904 -0.007117023 0.391238 0.920262 0.02505552 -0.3247799 0.9454576 -0.8650051 0.4759168 0.1589632 -0.8565145 0.4890903 0.1648447 -0.7262628 0.6742672 0.1338135 -0.5377653 0.6647221 0.5186069 0.685217 0.5975572 0.4164168 0.551512 0.8328726 0.04645297 0.01542745 0.9993051 0.03393022 0.005299008 0.7150375 0.699066 0.7389049 0.6211821 0.2610602 0.907831 0.3789023 0.1796549 -0.09608272 0.940481 0.3259809 -0.4805283 0.8504722 0.2139852 -0.6059185 0.792533 0.06895162 -0.4728745 0.6203562 -0.6257379 -0.108185 0.9811918 0.1598711 0.3245301 0.4242877 0.8453757 0.4736858 0.6414971 0.6034096 0.3420425 0.8494301 0.4018402 -0.9844664 -0.09411678 -0.1482156 -0.7811496 -0.06085863 -0.6213708 -0.5417301 0.2546651 -0.8010456 -0.7228322 -0.01200856 -0.6909193 -0.5069591 -0.231317 -0.8303522 -0.7587387 -0.2114895 0.616107 0.4163368 0.1213974 -0.9010696 0.0151193 -0.646425 -0.7628278 -0.01900892 0.465389 -0.8849021 0.7321514 0.09129281 -0.6749962 0.7892596 0.2227771 -0.5722235 0.7638582 0.6348902 0.1159099 0.6016358 -0.1714612 -0.7801509 0.9390149 0.3236551 0.1161829 -0.01071333 -0.3921158 -0.9198535 0.02107851 0.323581 -0.9459656 0.8720874 0.4666221 0.1474023 0.7242388 0.677545 0.1281053 0.8497671 0.5017422 0.1617109 0.542039 0.6655808 0.5130263 -0.6882514 0.5988145 0.4095502 -0.5474432 0.8357986 0.04179292 -0.0089211 0.9994546 0.03179472 0.0009055855 0.7161421 0.6979539 -0.7295951 0.6332055 0.2583446 -0.9134562 0.3704566 0.1684035 0.08904886 0.9429491 0.3208072 0.4759266 0.8543165 0.2088954 0.6013314 0.7961667 0.06722546 0.46844 0.6258649 -0.6235842 0.1022702 0.9807007 0.1666343 -0.3304066 0.4207346 0.8448751 -0.4802827 0.6399701 0.5998057 -0.34806 0.8501022 0.3951969  
					<SubMeshes>: 1
						<SubMesh>: 0 948 0 1 2 3 2 1 1 4 3 4 1 5 6 4 5 7 3 4 8 3 7 8 7 9 9 7 10 10 7 4 10 11 9 12 4 6 10 4 12 13 12 6 14 11 10 14 10 12 14 15 11 15 14 16 12 13 17 14 12 17 18 17 13 19 17 18 14 20 16 20 14 17 16 20 21 17 19 22 20 17 22 22 19 23 24 21 20 24 20 22 21 24 25 23 26 22 24 22 26 26 23 27 28 25 24 25 28 29 26 30 24 27 30 26 28 24 30 30 27 31 31 28 30 32 28 31 33 31 27 34 32 31 35 29 28 32 35 28 36 29 35 36 35 32 36 37 29 37 36 38 38 39 37 39 38 40 40 41 39 42 41 40 41 42 43 43 42 44 45 44 42 44 45 46 45 47 46 46 47 48 49 48 47 50 47 45 49 47 50 45 42 51 45 51 50 42 40 52 52 51 42 40 38 53 53 52 40 49 50 54 54 55 49 54 56 55 57 54 50 57 50 58 51 58 50 58 51 59 52 59 51 52 60 59 60 52 61 52 53 61 61 53 62 63 62 53 63 53 38 62 63 64 65 63 38 65 64 63 65 38 36 65 66 64 36 66 65 67 64 66 66 36 32 68 66 32 69 68 32 32 34 69 70 68 69 71 68 70 68 71 72 73 71 70 70 74 73 34 75 69 70 69 76 76 69 75 70 76 77 77 74 70 77 76 75 75 34 78 34 79 78 78 80 75 80 81 75 75 81 77 74 77 82 82 77 81 82 83 74 81 84 82 83 82 85 84 85 82 85 86 83 87 83 86 87 86 88 84 89 85 90 89 84 91 89 90 88 86 92 93 88 92 94 93 92 86 85 95 95 85 89 95 92 86 91 96 89 89 96 95 97 96 91 98 96 97 92 95 99 99 95 96 100 94 92 99 100 92 96 98 101 96 101 99 102 94 100 102 103 94 100 99 104 101 104 99 104 102 100 102 104 105 106 101 98 101 106 104 105 104 106 98 107 106 103 102 108 105 108 102 108 109 103 106 107 110 106 110 105 107 111 110 109 108 112 108 105 112 112 113 109 114 110 111 105 110 114 111 115 114 105 116 112 114 116 105 117 112 116 114 118 116 117 116 119 119 116 118 120 121 122 120 123 121 123 124 121 123 125 124 125 126 124 125 127 126 127 128 126 129 126 128 130 129 128 130 128 131 131 132 130 133 130 132 133 132 134 132 135 134 136 135 132 137 135 136 134 135 138 135 137 139 138 135 139 140 139 137 137 141 140 137 142 141 142 143 141 144 141 143 145 144 143 145 143 146 145 146 147 147 148 145 148 147 149 149 150 148 150 149 151 151 152 150 139 153 154 139 154 155 139 155 138 155 156 138 155 157 156 158 138 156 138 158 134 158 159 134 159 160 134 156 161 158 157 162 156 161 156 162 157 163 162 162 163 164 162 165 161 165 162 164 163 166 164 166 163 167 167 168 166 167 169 168 164 166 170 164 171 165 172 165 171 171 173 172 171 174 173 164 175 171 170 176 164 164 176 175 170 177 176 176 177 175 170 178 177 179 177 178 180 175 177 180 177 179 178 181 179 179 182 180 179 181 183 179 184 182 183 185 179 179 185 184 183 186 185 185 186 184 183 187 186 188 184 186 186 187 189 188 186 189 187 190 189 189 191 188 192 193 194 194 195 192 196 195 194 194 197 196 195 196 198 196 199 198 199 200 198 195 198 201 192 195 201 202 201 198 198 203 202 204 201 202 192 201 204 205 204 202 204 206 192 206 207 192 208 209 210 208 210 211 211 210 212 212 213 211 211 213 214 215 211 214 216 213 212 212 217 216 210 218 212 210 219 218 219 210 220 220 221 219 219 221 222 222 218 219 218 222 223 223 224 212 223 225 218 212 225 223 212 218 225 226 227 228 228 229 226 226 229 230 230 231 226 232 230 229 232 233 230 233 232 234 235 232 229 229 228 235 232 235 236 236 237 232 236 235 238 238 235 228 238 239 236 228 240 238 240 228 241 242 243 244 245 243 242 246 243 245 245 247 246 248 247 245 245 249 248 246 247 250 250 251 246 243 246 252 243 252 253 254 243 253 253 255 254 255 253 256 253 252 256 256 252 257 246 258 257 252 259 257 257 259 246 252 246 259  
				</Mesh>
				<Materials>: 1
					<Material>: 0
						<AlbedoColor>: 1 1 1 1
						<EmissiveColor>: 0 0 0 1
						<Glossiness>: 0.5
						<Metallic>: 0
						<SpecularHighlight>: 1
						<GlossyReflection>: 1
						<AlbedoMap>: @FlashBang_Base_color
						<MetallicMap>: @FlashBang_Metallic
						<NormalMap>: @FlashBang_Normal
						<EmissionMap>: null
						<DetailAlbedoMap>: null
						<DetailNormalMap>: null
				</Materials>
				<Children>: 0
			</Frame>
			<Frame>: 6 0 FlashBang05
				<Transform>: 0.006613581 0.09254003 0.006766626 343.0844 120.7501 316.1964 1 1 1 -0.3881875 0.7706472 -0.06375828 0.5013464  
				<TransformMatrix>: -0.1959245 -0.6622412 -0.7232221 0 -0.5343813 0.6904907 -0.4875031 0 0.8222228 0.2909625 -0.4891734 0 0.006613581 0.09254003 0.006766626 1  
				<Mesh>: 180 FlashBang05
					<Bounds>: -0.0002978168 -0.01035919 -0.00113054 0.00398168 0.01150237 0.002543334
					<Positions>: 180 -0.002658456 -0.01940862 -0.002945757 -0.003198922 -0.0186623 -0.002919089 -0.003484641 -0.01895378 -0.002289991 -0.00284596 -0.01966516 -0.002457847 -0.004024963 -0.01947285 -0.002329204 -0.001782841 -0.0201348 -0.002958532 -0.003474438 -0.02039799 -0.002513479 -0.002322837 -0.02124249 -0.002376853 -0.004279497 -0.01969926 -0.002996736 -0.001974141 -0.02052404 -0.002332767 -0.0005693762 -0.0206608 -0.002292458 -0.0006503041 -0.02024552 -0.002926026 -0.00365266 -0.02062237 -0.003036235 0.0003043027 -0.02030192 -0.002245079 8.342482E-05 -0.01994351 -0.002886935 0.0005767654 -0.0193527 -0.002829319 -0.003449258 -0.02035021 -0.003528454 -0.003993776 -0.01940778 -0.003625834 -0.003454178 -0.0188892 -0.00358711 -0.0003582372 -0.02143424 -0.00232036 0.0008913513 -0.01959819 -0.002176875 0.002140835 -0.002057267 -0.001140236 0.0008164204 -0.02095135 -0.002256884 0.00110831 -0.02124305 -0.002910834 -0.0002278186 -0.02179186 -0.002982657 -0.002479559 -0.02157241 -0.003046997 -0.002287398 -0.02118333 -0.003673874 0.002483408 -0.002015437 -0.000459798 0.001720871 -0.001090853 -0.001069511 0.001605972 -0.02000529 -0.002165364 -0.0003078898 -0.02137673 -0.00361734 0.003254986 -0.001798929 -0.000389417 0.002004424 -0.000915553 -0.0003796341 0.0009159551 -0.000451698 -0.001029558 0.002645155 -0.0003979732 -0.0002870548 0.001478322 0.000528971 -0.0002277884 0.003683863 -0.001623613 -0.0009978737 0.001088302 -0.0001871509 -0.0003337172 -0.0002149974 -9.922161E-05 -0.0003159124 -9.654037E-05 -0.0003829715 -0.00101575 -0.001131395 -0.0006615687 -0.0003488142 -0.0009042706 -0.0008791751 -0.001044228 -0.001404647 -0.001724918 -0.001086778 0.002005949 -0.02016808 -0.002807073 0.003002334 -5.569245E-05 -0.0008843531 -0.0005084239 0.0006647388 -0.0002018835 -0.001698762 -0.00162004 -0.0003966722 -0.002446082 -0.01914652 -0.001558455 0.001691364 -0.0199226 -0.003459517 0.00334221 -0.001664421 -0.001678644 0.0008880935 -0.02088533 -0.003552983 0.0009760772 -0.01951481 -0.003470739 0.002718794 -0.0002310054 -0.001574235 0.001525303 0.0007174946 -0.001513392 0.0003753198 -0.02023522 -0.003540888 0.002570632 -0.001880929 -0.001749025 0.001696927 0.0009815544 -0.0008180398 -0.0006831162 0.001143182 -0.000786342 -0.002026864 0.000319297 -0.0008344345 -0.0005196965 -0.0206026 -0.003589143 0.0005767654 -0.0193527 -0.002829319 8.342482E-05 -0.01994351 -0.002886935 -0.0006503041 -0.02024552 -0.002926026 0.002140835 -0.002057267 -0.001140236 0.001720871 -0.001090853 -0.001069511 -0.001782841 -0.0201348 -0.002958532 -0.001938706 -0.02046487 -0.00362979 0.002078063 -0.0007485858 -0.001666814 0.0009159551 -0.000451698 -0.001029558 -0.002820388 -0.01961679 -0.003469908 -0.002658456 -0.01940862 -0.002945757 -0.003198922 -0.0186623 -0.002919089 0.001134364 3.509741E-07 -0.001618987 -0.0002712449 9.548521E-05 -0.001600203 -9.654037E-05 -0.0003829715 -0.00101575 -0.001238817 -0.000497775 -0.001634985 -0.0009042706 -0.0008791751 -0.001044228 -0.001404647 -0.001724918 -0.001086778 -0.0005646714 0.0008594456 -0.001486174 -0.001836885 -0.001510688 -0.001685406 -0.002446082 -0.01914652 -0.001558455 -0.001799739 0.0001016912 -0.001529848 -0.002564697 -0.001192542 -0.001594902 -0.002900502 -0.01930648 -0.002168403 -0.002008029 -0.01985927 -0.001581634 -0.003665535 -0.01960455 -0.002095636 -0.002858824 -0.001087651 -0.0009047904 -0.002360299 -0.02018419 -0.002196612 -0.002959265 -0.02075209 -0.00213316 -0.001443696 -0.02072307 -0.002203158 -0.001264929 -0.02029559 -0.001587191 -0.001761373 -0.02145643 -0.002141291 5.203439E-05 -0.02078863 -0.002155705 -0.0001219559 -0.02034587 -0.001550622 0.0009988878 -0.02035884 -0.002103185 0.000630074 -0.02000449 -0.001508333 0.0002904461 -0.02154657 -0.002075826 -0.001900276 -0.02176231 -0.001463463 -0.003206104 -0.02099442 -0.001453121 0.001609127 -0.01956907 -0.002028268 0.001114041 -0.01937719 -0.001448692 -0.003976149 -0.01974264 -0.001412919 -0.002853768 -0.02066833 -0.0008373657 -0.003521744 -0.01958267 -0.0008029638 0.001532499 -0.02098256 -0.002006807 0.002105499 -0.001791506 -0.0003082292 0.00160045 -0.002006717 0.0002318232 0.001159229 -0.001068682 0.0003009318 0.001570967 -0.0006546043 -0.000225757 0.0003617901 -0.0004692423 0.0003387452 0.002847356 -0.001555652 -0.0001314119 0.0023327 -0.01994681 -0.001907972 0.001696564 -0.0212524 -0.001316062 0.0006054049 7.128357E-05 -0.0001798758 0.0009613789 0.0007857506 3.118768E-05 -0.0006681659 -0.000454636 0.0003484893 -0.0008941932 9.34258E-05 -0.0001640367 -0.002116298 -0.0006492106 -0.0001315531 -0.001776403 -0.001126947 0.0003735418 -0.002558736 -0.001711346 -0.0002608001 -0.002177441 -0.002091494 0.0002616382 -0.003094642 -0.001228222 -5.626216E-05 -0.001208198 0.0008174533 5.291947E-05 -0.002567152 -4.019371E-05 -5.965714E-05 -0.002724719 0.0001164863 0.0008389498 -0.003249715 -0.001124026 0.0006701801 0.002174906 -0.0001271561 -2.728877E-05 0.002367764 -1.447069E-05 0.0006975795 -0.001296359 0.0009928723 0.0007832178 -0.002324132 -0.0004218137 0.001412795 -0.002867685 -0.001503701 0.001193102 0.001074354 0.0009578073 0.0007597969 -0.001070515 0.0004442626 0.00129656 -0.001913244 -0.0009820248 0.001110123 -0.002332502 -0.001987312 0.0009880759 -0.002177441 -0.002091494 0.0002616382 -0.001776403 -0.001126947 0.0003735418 -0.0006681659 -0.000454636 0.0003484893 -0.0007563265 -0.0002792173 0.001078787 0.0003617901 -0.0004692423 0.0003387452 0.0008306722 0.0004161083 0.001277641 0.0004747645 -0.000297186 0.001067354 0.00135156 -0.0009559498 0.001024488 0.001159229 -0.001068682 0.0003009318 0.00160045 -0.002006717 0.0002318232 0.001955291 -0.0004290224 0.001223783 0.00183681 -0.001988329 0.0009495547 0.001114041 -0.01937719 -0.001448692 0.003083728 -0.001537277 0.0005863141 0.00257847 -0.00175301 0.001127194 0.001343575 -0.01956266 -0.0007507559 0.002562237 -0.02013228 -0.001210035 0.002067149 -0.0199404 -0.0006304596 0.001327221 -0.020898 -0.0007225217 0.0007943418 -0.0202738 -0.0008184142 0.000630074 -0.02000449 -0.001508333 -0.0001219559 -0.02034587 -0.001550622 0.000179494 -0.02141881 -0.0007859818 -5.891729E-05 -0.02066086 -0.0008658631 0.0003534869 -0.02186156 -0.001391063 -0.001720116 -0.02133504 -0.0008472998 -0.001402447 -0.02060168 -0.0009091634 -0.001264929 -0.02029559 -0.001587191 -0.002008029 -0.01985927 -0.001581634 -0.002254665 -0.02010107 -0.000902421 -0.002756709 -0.0192846 -0.0008757312 -0.002426585 -0.00130188 -0.000306162 -0.001693054 -6.257656E-05 -0.0002441621 -0.003198922 -0.0186623 -0.002919089 -0.003454178 -0.0188892 -0.00358711 -0.003993776 -0.01940778 -0.003625834 -0.004279497 -0.01969926 -0.002996736 -0.003484641 -0.01895378 -0.002289991 -0.004024963 -0.01947285 -0.002329204 -0.002867685 -0.001503701 0.001193102 -0.002177441 -0.002091494 0.0002616382 -0.002332502 -0.001987312 0.0009880759 -0.003094642 -0.001228222 -5.626216E-05 -0.002558736 -0.001711346 -0.0002608001 -0.003249715 -0.001124026 0.0006701801  
					<Colors>: 0  
					<TextureCoords0>: 180 0.03637853 0.3710456 0.0337248 0.3647327 0.03890976 0.3626118 0.04063869 0.3697858 0.04486761 0.3605062 0.03757953 0.3803114 0.0478349 0.3676442 0.04830955 0.3774207 0.05234616 0.3593714 0.04303089 0.379225 0.04333528 0.3906868 0.03785941 0.3907884 0.05250968 0.3669454 0.04366599 0.3988898 0.03814971 0.3991826 0.03853984 0.4074813 0.05724387 0.3669618 0.05867945 0.3594686 0.06532691 0.3606807 0.04885033 0.3906532 0.0441829 0.4069802 0.03554193 0.5381118 0.04937335 0.3984783 0.05477695 0.3980623 0.05418717 0.3904382 0.05319011 0.3763617 0.05817173 0.3766801 0.04098411 0.5383176 0.03592226 0.5488737 0.05007522 0.4058846 0.05951605 0.3898955 0.04646058 0.5387431 0.04142506 0.5485847 0.0366725 0.5593501 0.04721266 0.5483029 0.04790778 0.5575323 0.05193889 0.538788 0.04221573 0.5586722 0.04281041 0.5698204 0.03723105 0.5696832 0.04296229 0.5792295 0.03744173 0.5794364 0.03776755 0.5892632 0.05556946 0.4050909 0.05281774 0.5479912 0.04857535 0.5704341 0.04331997 0.5888356 0.04121193 0.7197106 0.06074583 0.4051269 0.05767932 0.5381454 0.0601389 0.3977348 0.0661286 0.4056671 0.05837506 0.54768 0.05878172 0.5568281 0.06579053 0.3974843 0.06364085 0.537201 0.05336956 0.5567521 0.05402793 0.5706754 0.0544297 0.5787542 0.0650164 0.3891943 0.07156832 0.4059716 0.0712768 0.3971798 0.07047511 0.388567 0.06931269 0.5366951 0.06976038 0.5471514 0.06923185 0.3780521 0.06366105 0.3777276 0.06418531 0.5474025 0.07007395 0.5576408 0.06466731 0.3680349 0.06909588 0.368656 0.07078562 0.3619999 0.06448663 0.5574093 0.06505559 0.5689183 0.0706123 0.5681283 0.06576542 0.5783409 0.07132886 0.5780816 0.07169142 0.5882286 0.05939661 0.570052 0.06613166 0.5879922 0.07466361 0.7190534 0.05998517 0.5785484 0.06042552 0.5875005 0.06908364 0.719653 0.07500536 0.7281806 0.06340811 0.7205435 0.05478797 0.5874081 0.0694364 0.7282615 0.06366657 0.7283105 0.06947866 0.7370489 0.07503108 0.7374365 0.06380069 0.7364413 0.06935801 0.7489958 0.07492696 0.7487208 0.06906955 0.7576116 0.07466606 0.7577494 0.06363656 0.7494771 0.05819684 0.7362062 0.05814172 0.7283521 0.06847977 0.7659642 0.07414732 0.7666777 0.05801494 0.7209612 0.05250724 0.7284018 0.05253296 0.7206097 0.06331626 0.7574346 0.0684571 0.8979642 0.07388214 0.8978546 0.07280852 0.908837 0.06731245 0.9082704 0.07086952 0.9194487 0.06303759 0.8982159 0.06269769 0.7648844 0.05781957 0.7572001 0.06550758 0.9181203 0.06025648 0.9167583 0.06880926 0.9299246 0.06317846 0.929943 0.06146545 0.9411641 0.06722916 0.9412707 0.06235778 0.9498621 0.0685306 0.9493641 0.05614699 0.9498265 0.05752192 0.9305762 0.05606614 0.9409412 0.04979962 0.9400299 0.04768057 0.9487033 0.06171716 0.9077468 0.05638707 0.9071398 0.05244109 0.9301567 0.04407204 0.938138 0.04020385 0.9458646 0.05526078 0.9158537 0.04741477 0.9281772 0.03907879 0.9359914 0.03430356 0.9429292 0.02944015 0.9399876 0.03398693 0.9334504 0.03692115 0.9233592 0.04216796 0.9253435 0.03860966 0.9142742 0.04988537 0.9154384 0.04412166 0.9150361 0.0451083 0.9055365 0.03962509 0.9049528 0.04041025 0.8952547 0.05086834 0.9063607 0.04600798 0.8958047 0.0407624 0.7650338 0.05760644 0.8979557 0.05188254 0.8969751 0.04626643 0.7649114 0.05729838 0.76428 0.05189234 0.7644337 0.05216488 0.7569312 0.04633686 0.7567279 0.04083161 0.7566544 0.04099574 0.7481084 0.05227144 0.7490901 0.04653284 0.748395 0.05798003 0.7495776 0.05247967 0.7365681 0.04668412 0.7371205 0.04112497 0.737287 0.04114885 0.7284679 0.04667554 0.7284465 0.04677966 0.7199384 0.04908429 0.5880003 0.04878725 0.5789931 0.05840323 0.3499489 0.06107656 0.354751 0.05867945 0.3594686 0.05234616 0.3593714 0.05291084 0.3498642 0.05009298 0.3545832 0.05644219 0.9593458 0.06471813 0.9546367 0.06193581 0.9593745 0.05614699 0.9498265 0.06235778 0.9498621 0.05372355 0.9545662  
					<TextureCoords1>: 0  
					<Normals>: 180 0.7340056 0.6772104 0.05120372 0.2101037 0.9761376 0.05487908 -0.1026192 0.6469091 0.7556308 0.3571799 0.2920848 0.8871917 -0.6731568 0.1623282 0.7214633 0.3810849 0.9230502 0.05246626 -0.4334257 -0.419423 0.7976381 -0.246183 -0.5245478 0.8150114 -0.9993585 -0.0278921 -0.02246661 0.09043093 0.3425046 0.9351539 -0.09715289 0.3803887 0.9197096 -0.1365216 0.9898459 0.03958489 -0.7303277 -0.6810908 -0.05231368 -0.2886877 0.2944306 0.911027 -0.588968 0.8081177 0.007907166 -0.9270337 0.3726697 -0.04154221 -0.3919016 -0.3333223 -0.8575019 -0.2680965 -0.2551023 -0.9290033 0.4750333 0.2815488 -0.8337107 0.04492742 -0.5745828 0.8172125 -0.4306598 0.09482842 0.8975186 -0.9865627 -0.1408028 -0.08287719 0.2779559 -0.4741455 0.83542 0.5936547 -0.8046064 -0.01351153 0.1555026 -0.9870853 -0.03849177 -0.3842084 -0.9217147 -0.05316086 -0.1944111 -0.4467266 -0.8732924 -0.4776926 -0.1546248 0.8648127 -0.7926273 -0.5967947 -0.1248122 0.4612054 -0.263822 0.8471645 0.1029739 -0.4989894 -0.8604684 0.4810069 -0.004197929 0.8767068 -0.3854738 -0.3551573 0.8516298 -0.346839 -0.9249373 -0.1555433 0.3767964 0.223982 0.8988084 0.1704505 0.3969831 0.9018598 0.9835777 0.1610079 0.08155561 -0.1724004 -0.5030519 0.8468866 0.1228197 -0.5207769 0.8448117 0.2227936 -0.9614272 -0.1613096 0.3613242 -0.4020357 0.8413157 0.7115809 -0.6861879 -0.1509924 0.9519006 -0.2752638 -0.1345921 0.9182532 -0.3951802 0.02536805 0.790355 0.601805 0.1147602 -0.09949061 0.4129791 0.90529 0.5023274 -0.1870291 0.8442081 0.965723 0.2307113 -0.1189597 0.5573655 -0.1439827 -0.8176873 0.590893 0.1576833 -0.7911898 0.351509 -0.3889676 -0.8515549 -0.31575 0.2268068 -0.9213364 0.4710184 0.4150632 -0.7783728 0.2112119 0.6215472 -0.7543663 -0.2102959 0.381709 -0.9000411 -0.3569123 0.01776557 -0.9339689 0.3714268 0.9186326 0.1347458 -0.2481485 0.9578405 0.144789 -0.7075966 0.6940998 0.1324105 -0.03593933 0.461931 -0.8861874 -0.9270337 0.3726697 -0.04154221 -0.588968 0.8081177 0.007907166 -0.1365216 0.9898459 0.03958489 -0.9865627 -0.1408028 -0.08287719 -0.7926273 -0.5967947 -0.1248122 0.3810849 0.9230502 0.05246626 0.1472265 0.4271272 -0.8921248 -0.2773332 -0.1495964 -0.9490559 -0.346839 -0.9249373 -0.1555433 0.3988504 0.3809694 -0.8341347 0.7340056 0.6772104 0.05120372 0.2101037 0.9761376 0.05487908 -0.1296092 -0.2436251 -0.9611703 0.07773787 -0.2524638 -0.9644786 0.2227936 -0.9614272 -0.1613096 0.2338975 -0.1815571 -0.9551592 0.7115809 -0.6861879 -0.1509924 0.9519006 -0.2752638 -0.1345921 -0.1457821 0.6472954 -0.7481685 0.3132728 -0.06594796 -0.9473705 0.965723 0.2307113 -0.1189597 -0.4371692 0.4674555 -0.7683543 -0.5959947 0.2076427 -0.7756771 0.2921317 0.1085691 -0.9501957 0.6919014 0.7138441 -0.1081617 -0.6142539 -0.125215 -0.7791106 -0.9490992 0.294702 0.1111819 0.2264481 0.2523267 -0.9407723 -0.4294656 -0.421289 -0.7987958 0.1153808 0.3243172 -0.9388853 0.2733124 0.9557634 -0.1087047 -0.1588823 -0.586679 -0.7940807 -0.02975387 0.3331847 -0.942392 -0.1738331 0.9774385 -0.1199832 -0.1402732 0.2722009 -0.9519611 -0.6021002 0.7832323 -0.1549921 0.1474965 -0.6028782 -0.7840807 -0.2919265 -0.9530233 0.08078155 -0.6983595 -0.7106614 0.08517418 -0.19145 0.1704237 -0.9665933 -0.9195441 0.3330793 -0.2085591 -0.9620224 -0.2551718 0.09695565 -0.3116447 -0.3428095 0.886205 -0.449374 -0.1281947 0.8840979 0.4315604 -0.4652016 -0.7728797 -0.2271501 0.02924214 -0.9734206 -0.9557862 -0.1694372 -0.2403409 -0.7557478 -0.590479 -0.2831603 -0.1682717 -0.07286514 -0.9830438 -0.3008302 -0.89957 -0.3166622 0.683467 0.2000984 -0.7020211 0.6612337 -0.1617723 -0.7325297 0.6113847 -0.7813901 0.1250529 -0.075648 -0.1141933 -0.9905742 0.2238375 0.7174711 -0.6596454 0.2292489 -0.9175934 -0.3247572 0.05482545 -0.1488182 -0.9873435 0.1623817 -0.1039256 -0.9812399 0.750965 -0.5939064 -0.2886636 0.4080763 -0.08941343 -0.9085587 0.3086583 -0.9167997 -0.2533938 -0.5691102 0.2909614 -0.7690611 -0.1887128 0.7242894 -0.6631683 -0.531007 0.4895644 -0.6916345 -0.7229135 0.6282812 0.2875042 -0.9803355 -0.1108162 0.1632859 0.5398573 0.4868005 -0.6867164 0.757569 0.6026785 0.2507349 -0.258271 0.92733 0.2708412 -0.2371162 0.1200543 0.9640346 -0.5399108 -0.4518498 0.7101607 0.3278521 0.9061554 0.2671993 -0.04115998 0.2987625 0.9534394 0.4832323 -0.4724977 0.737043 0.1268955 -0.856536 0.5002435 0.3086583 -0.9167997 -0.2533938 0.750965 -0.5939064 -0.2886636 0.2292489 -0.9175934 -0.3247572 0.2035169 -0.6438374 0.7376004 -0.3008302 -0.89957 -0.3166622 0.1119581 0.2891537 0.9507132 -0.189786 -0.6185063 0.7625164 -0.4716552 -0.436236 0.7663155 -0.7557478 -0.590479 -0.2831603 -0.9557862 -0.1694372 -0.2403409 0.2753603 0.1530998 0.9490718 -0.5980014 -0.1917428 0.7782217 -0.9195441 0.3330793 -0.2085591 0.9575159 0.1893202 0.2175344 0.3562161 -0.01316911 0.9343109 -0.5528463 0.1176674 0.8249335 0.9205722 -0.3554705 0.161826 0.3608297 -0.2040885 0.9100274 0.2170953 -0.3750365 0.9012311 -0.3755808 0.3869065 0.8421653 -0.6021002 0.7832323 -0.1549921 -0.1738331 0.9774385 -0.1199832 0.04207841 -0.4574841 0.8882217 -0.1356575 0.5072231 0.8510711 0.1922204 -0.9764137 0.09832473 -0.1376079 -0.4526947 0.8809834 0.1343559 0.4905797 0.8609763 0.2733124 0.9557634 -0.1087047 0.6919014 0.7138441 -0.1081617 0.3616295 0.3455217 0.8659325 0.4879765 0.09858199 0.8672718 -0.4376526 0.09241915 0.8943818 -0.3251488 0.2689572 0.9066092 0.2101037 0.9761376 0.05487908 -0.6931708 0.720507 0.01959458 -0.6931708 0.720507 0.01959458 -0.9993585 -0.0278921 -0.02246661 -0.1026192 0.6469091 0.7556308 -0.6731568 0.1623282 0.7214633 -0.5399108 -0.4518498 0.7101607 0.3086583 -0.9167997 -0.2533938 0.1268955 -0.856536 0.5002435 -0.6774899 -0.7344887 -0.03916518 -0.6774329 -0.7344944 -0.04003302 -0.9803355 -0.1108162 0.1632859  
					<Tangents>: 180 0.2507755 -0.3403286 0.9062495 0.006927972 -0.05761719 0.9983147 -0.3934331 -0.7240937 0.5664791 -0.2862282 -0.8699218 0.4016336 -0.5517617 -0.759815 -0.3438606 0.1464857 -0.1163141 0.9823507 -0.3110884 -0.7610545 -0.5692275 -0.09130977 -0.8245993 -0.5582997 0.02316328 -0.0249111 -0.9994212 -0.1678323 -0.9203303 0.353305 0.1886186 -0.9002976 0.3922846 0.1017538 -0.02573591 0.9944766 0.08899552 -0.01893902 -0.995852 0.5508955 -0.7271601 0.4095761 -0.002814342 -0.01183513 0.999926 -0.08609957 -0.1037223 0.9908727 0.472735 0.7266435 -0.4985086 0.5566318 0.7460386 -0.3654962 0.4290663 0.7530679 0.4987895 0.3403722 -0.7602877 -0.5532714 0.8190612 -0.376591 0.4328025 -0.07484923 -0.06139372 0.9953032 0.656129 -0.5414892 -0.5256274 0.1269019 0.1101846 -0.9857765 0.1323176 0.05942793 -0.9894243 0.1065655 0.01292193 -0.9942217 0.2373265 0.842408 -0.4837611 0.8414841 0.202302 0.5009775 -0.07067731 -0.113393 0.9910331 0.8272973 -0.2172645 -0.5180495 -0.1401121 0.8491653 -0.5092021 0.8524216 0.236021 -0.4665527 0.6055325 0.5990452 0.5239038 -0.06421382 -0.1420316 0.9877771 0.6792015 0.5929806 -0.4325034 0.2534631 0.8667918 -0.429451 0.05341521 0.1719463 -0.9836571 0.2830029 0.798216 0.5317523 -0.1817767 0.8250506 0.5350222 -0.05926474 -0.17852 0.9821498 -0.6102015 0.5802905 0.5393672 0.08602284 -0.1282009 0.9880105 0.1257818 -0.04949798 0.9908223 0.09268842 0.1522076 -0.9839928 -0.002398476 0.1903559 -0.9817122 -0.3154844 0.8497717 -0.422324 -0.8194804 0.2085475 0.5338162 0.1366531 -0.06223413 0.9886622 -0.7107212 0.4263786 -0.5595325 -0.8008947 -0.003288474 -0.5987962 -0.4871656 0.7007458 -0.5211766 -0.8361524 0.3924658 0.3831707 -0.7022109 -0.3576259 -0.6156326 -0.3509631 -0.6720849 -0.6520175 -0.5146908 0.7394892 0.4338768 -0.9146872 -0.209614 0.3455566 -0.05475957 0.1665497 -0.9845114 -0.08557504 0.1272049 -0.9881781 -0.110742 0.07613975 -0.9909284 -0.09154879 0.8815098 0.4632055 -0.03720525 0.01882526 0.9991303 -0.04174132 -0.04018985 0.9983198 -0.07094362 -0.04962553 0.9962451 -0.06957148 -0.09693389 0.9928563 -0.09850567 -0.07667229 0.9921784 -0.07911102 -0.02398425 0.9965772 0.2908706 0.8433748 0.451789 -0.7069229 -0.6371832 0.3070141 -0.07182468 -0.1391582 0.9876621 0.4108384 0.7389854 0.5339592 -0.1972546 0.1404379 0.9702411 0.0871225 -0.07460172 0.9934003 -0.383521 -0.8815859 0.275169 0.1089974 -0.959455 0.2599342 0.06617073 -0.1501728 0.9864429 0.6145253 -0.7336838 0.2899427 0.03850051 -0.1764996 0.9835474 0.08927155 -0.1710553 0.9812088 0.1695261 -0.7287175 -0.6634995 0.8911263 -0.3244101 0.3172569 0.1222253 0 0.9925023 0.4991769 -0.5845371 -0.6396396 0.714173 -0.3045229 -0.6302561 0.9077104 0.281426 0.3112255 0.1122451 0.04163556 0.9928079 0.7579241 0.1811994 -0.626672 -0.1099938 0.02065932 -0.9937176 0.6611352 0.6694658 0.3386972 0.606318 0.5210151 -0.6007676 0.3239335 0.8812402 0.3442135 -0.003483939 0.1139902 0.9934757 0.2624236 0.7502705 -0.6068178 -0.1747319 0.9265586 0.3331035 -0.1776403 0.08871596 0.9800885 -0.6018098 0.7400377 0.300282 -0.2498226 0 0.9682916 -0.2083313 0.7560286 -0.620499 -0.03011902 -0.07525856 -0.9967091 -0.0442714 -0.07588354 -0.9961334 -0.9093729 0.339752 0.2400195 -0.229673 -0.02484928 0.9729505 -0.08581219 -0.05447423 -0.994821 -0.6762164 -0.5751979 -0.4603028 -0.8592219 -0.2088824 -0.4670181 -0.5470167 0.54632 -0.6342768 -0.921638 -0.3293752 0.2051719 -0.2039297 -0.2069264 0.9568669 -0.1427527 -0.2734505 0.9512342 -0.6280192 -0.7607446 0.1638886 -0.05610254 -0.3147753 0.9475068 -0.6619433 -0.235539 -0.7115844 -0.6945701 0.236928 -0.6792919 0.06695616 -0.106381 -0.9920685 -0.1937958 -0.9727942 0.1269434 -0.1171514 -0.652105 -0.7490225 0.1624764 -0.2928879 0.942241 0.292658 -0.9430084 0.1583865 0.5877196 -0.7886084 0.180783 0.08429924 -0.3473428 0.9339415 0.6314026 -0.6911587 0.3516111 0.359741 -0.134095 0.9233661 0.6381832 -0.4334735 -0.6362571 0.3127103 -0.5958291 -0.7397297 0.5090315 -0.4682366 -0.7222474 0.02120817 0.4360881 -0.899654 -0.1968636 0.4918129 -0.8481538 -0.4487893 -0.5237349 -0.7240785 0.2392911 0.1009678 -0.9656838 0.1628183 0.318125 -0.9339629 -0.2406039 0.9541616 -0.1780042 -0.5090024 0.8472236 0.152081 0.228302 0.1984555 -0.9531493 0.1009959 0.9506047 -0.2935143 -0.1362535 0.7910154 0.5964307 -0.1382025 0.4841342 0.8640105 0.3481491 -0.1390222 0.9270733 0.5036004 0.232337 0.8321095 0.3556533 -0.2316094 0.9054655 0.1523091 0.7650152 0.6257424 0.1062058 -0.3615788 0.9262727 0.5142345 0.8018045 -0.3044214 0.4371431 0.6421754 0.6296957 0.6778702 0.3764243 0.6315035 -0.133359 -0.2845633 0.9493362 -0.2149906 -0.1549902 0.9642392 0.8132648 0.4893282 -0.3148938 0.7871906 0.04211586 0.6152701 -0.2490221 -0.08330245 0.9649087 0.2147779 0.03521195 -0.976028 0.9229409 0.1610981 -0.3496105 0.7320139 -0.4044311 0.5482618 0.1426811 -0.07962131 -0.986561 0.8529143 -0.322515 -0.4105133 0.6410905 -0.6414491 -0.421362 0.4654181 -0.7070616 0.5324 -0.1452042 0.08346862 0.9858746 -0.05470964 0.1120645 0.9921937 0.249614 -0.8560035 -0.452715 0.1096234 -0.8460529 0.521706 0.01800971 -0.09666638 -0.9951539 -0.2630301 -0.8408079 -0.4731353 -0.2923108 -0.8105705 0.507474 -0.01767978 0.1179795 0.9928586 0.09648821 0.05704278 0.9936982 -0.6053687 -0.6193439 0.4999419 -0.8214116 -0.2842078 0.4944786 -0.8407592 0.3105324 -0.4435014 -0.6477164 0.6351758 -0.4207318 0.332786 -0.01862288 -0.9428185 0.3893478 0.3971769 -0.8310588 0.3909186 0.3986489 -0.8296154 0.00869974 0.4194553 -0.9077343 0.3816374 0.7271131 -0.5706658 -0.2442017 0.8720845 -0.4240686 0.5808441 -0.8106281 -0.07417782 0.9310045 0.3457647 -0.1169511 0.7506718 -0.246727 -0.6128765 0.7133323 -0.6431265 -0.2784696 0.7134355 -0.6428065 -0.2789438 0.07192515 -0.9711709 -0.227275  
					<BiTangents>: 180 -0.6311477 0.6523516 0.4196309 -0.9776546 0.2093695 0.01886824 -0.9136081 0.2391586 -0.3288214 -0.8890983 0.3973947 0.2271156 -0.4923604 0.629548 -0.6010412 -0.9128615 0.3666735 0.1795392 -0.8457932 0.4948538 -0.1993829 -0.9649127 0.2118624 -0.1551059 -0.02731629 0.9993005 -0.0255412 -0.9816591 0.1888987 0.025743 -0.977233 -0.2115859 -0.01571814 -0.9853974 -0.1397955 0.09720711 -0.6772749 0.7319539 -0.07444572 -0.7830541 -0.6201201 -0.04772168 -0.8081514 -0.5889022 -0.009244833 -0.3649594 -0.9221491 -0.1282407 -0.7892622 0.6007375 0.1271997 -0.7863112 0.615101 0.05801228 -0.7682743 0.5946589 -0.2369292 -0.9392169 -0.3030135 -0.1614143 -0.3790394 -0.9215133 -0.08451234 0.1452297 -0.9881322 -0.05002977 -0.7015948 -0.6942445 -0.1605905 -0.7946509 -0.5834962 -0.1675177 -0.9789336 -0.1487649 -0.13985 -0.9170757 0.3876534 -0.09325823 -0.9517775 0.301304 0.05775342 0.2524169 -0.9670393 -0.03347617 0.6055962 -0.7943413 -0.04769854 -0.3207316 -0.9397841 -0.1180556 -0.9847665 -0.1729966 -0.01752744 0.2049627 -0.9717389 -0.1171061 0.696233 -0.7176407 0.01585696 0.935724 -0.3525877 0.01013167 0.629849 -0.7734379 -0.071304 0.9522096 -0.3017884 -0.04712455 0.1723998 -0.9718595 -0.1605223 0.9434975 -0.3313456 -0.004752402 0.9756396 0.2192783 -0.0066674 0.9730625 0.2092567 0.09675185 0.7050524 0.7082586 0.03564976 0.6973181 0.7160382 0.03219746 0.2793996 0.9600936 0.01249398 -0.3849932 -0.9059058 -0.1763938 0.6126446 -0.7756259 -0.1518922 0.9437008 0.3276222 -0.04574419 0.2758967 0.9599625 0.04850753 -0.2206922 0.97103 0.09162835 -0.4292074 -0.8930119 -0.1353172 0.09702197 -0.9874843 -0.1243446 -0.7994443 -0.5980465 -0.05682688 -0.4484987 -0.8913637 -0.06572397 0.5338928 -0.8365562 -0.1230136 0.9122579 -0.4024686 -0.0761878 -0.8311852 -0.5544854 -0.04095054 0.1896339 -0.9776228 -0.09106375 0.926846 -0.3582953 -0.1121649 0.9649348 0.2576053 -0.05040153 0.6978849 0.7158409 -0.0229898 -0.9951518 -0.09777667 -0.01060835 -0.3731277 -0.9277731 0.003586381 -0.8070777 -0.5876484 -0.05740244 -0.9880936 -0.1332007 -0.07699821 0.1478306 -0.9852809 -0.08583551 0.6016964 -0.7987223 -0.001984892 -0.9211491 0.3839312 -0.0638834 -0.945367 0.3260082 7.164285E-05 0.6506507 -0.7560546 -0.07095897 0.9351705 -0.3537316 0.01816782 -0.8198354 0.5556644 -0.1382277 -0.6498664 0.7222626 -0.2366651 -0.9737896 0.2039359 0.1007177 0.9143922 -0.4042934 -0.02082629 0.9909977 0.1253324 0.04706808 0.9726173 0.2304471 -0.03016079 0.7534259 0.6547863 0.06003537 0.7015485 0.7056869 0.0991752 0.293114 0.9460285 0.1382545 0.9746838 0.2235605 0.003499468 0.328259 0.9436148 0.04286089 -0.2289815 0.9730222 0.02819876 0.7481347 0.6631755 -0.02219861 0.3670795 0.9295969 -0.03320125 -0.3011992 0.9534214 0.01633582 -0.7132134 0.6990659 0.05131777 -0.2196431 0.9754425 0.01639893 0.2951475 0.9553659 -0.01280764 -0.7152772 0.698675 0.0152228 -0.6692815 0.7423334 -0.03167704 -0.9390177 0.343852 0.003378963 -0.961919 0.2711505 -0.03448474 -0.9517826 0.3047982 -0.03475371 -0.9841664 -0.174577 -0.03064929 -0.9686206 -0.1916857 -0.1582107 -0.7862242 -0.615021 -0.06000569 -0.7583973 -0.6217291 -0.1956691 -0.9668728 -0.2548699 0.01408683 -0.9559664 0.2933988 0.006734161 -0.7143768 0.69943 -0.02153201 -0.369307 -0.9249456 -0.08993314 -0.3188872 -0.9425713 -0.09934935 -0.2591319 0.96536 -0.03050858 -0.6675394 0.7427173 0.05255602 -0.2445417 0.9695021 0.01628136 -0.7173063 -0.6965069 0.01870298 0.3146209 -0.9437461 -0.1017683 0.2118617 -0.9635728 -0.1632241 0.6391142 -0.7593151 -0.1223671 0.7597871 -0.6449483 -0.08225112 0.9520261 -0.3028042 -0.04422574 0.3077402 -0.9510425 0.02852933 -0.2834474 -0.9579639 -0.04430261 -0.7884957 -0.6149086 0.01272085 0.9781209 -0.2015721 -0.05145976 0.9675599 -0.2449377 0.0619128 0.9597116 0.268773 -0.08194302 0.9546441 0.2976376 0.008148028 0.7926019 0.6060497 0.0669765 0.6549391 0.7256915 0.2107764 0.659397 0.7171505 0.2255896 0.8805206 0.3761607 -0.2884209 0.5184939 0.8529022 -0.06100751 0.9309134 0.346976 0.1140521 0.6774353 0.7355822 0.0005668079 0.690613 0.6442747 0.3285787 -0.01368305 0.8636202 0.5039573 0.7121392 -0.6990901 0.06427123 0.607313 -0.7915707 0.06772552 0.9522533 0.1971177 0.2331488 0.941215 0.2741582 0.1973617 0.6703827 0.2793634 0.6874178 0.9167286 -0.3734941 0.1418131 0.9940351 -0.08421244 0.06930066 0.8648246 0.3886393 -0.3178647 0.9822412 0.1787739 0.05694095 0.885168 0.3743677 -0.2762726 0.4271279 0.7702562 -0.4735685 0.9060661 0.3230779 -0.2732489 0.9671519 0.01500589 -0.2537558 0.9477455 -0.2450195 -0.2043134 0.8503107 -0.5229719 0.05892425 0.87914 -0.4528362 -0.1484999 0.5639444 -0.8173144 -0.1181689 0.6411402 -0.7552207 -0.1363124 0.2006285 -0.9732774 -0.1117101 0.5126178 -0.858556 -0.0102309 0.1507491 -0.9805412 -0.1257528 -0.3040176 -0.9392118 -0.1595444 0.1924416 -0.9812838 0.006945791 0.1459116 -0.9868506 -0.06954004 -0.3981414 -0.9069674 -0.1374541 -0.3635781 -0.9312901 0.02257825 -0.3772786 -0.9243008 -0.05769701 -0.7361199 -0.6692464 -0.1011767 -0.8014519 -0.5919182 -0.0854855 -0.7851058 -0.6161008 -0.06347214 -0.9832543 -0.1790404 -0.03399479 -0.9674308 -0.2407621 -0.07817515 -0.9846724 -0.1640706 -0.0591699 -0.9811866 -0.1930596 0.0009963221 -0.9549237 0.2968323 0.003370561 -0.9468383 0.3198548 -0.03449684 -0.9617628 0.2694387 -0.04914294 -0.7155154 0.6979776 0.02940955 -0.7090507 0.7050021 0.01480502 -0.2952321 0.9536811 0.05771036 0.3187225 0.9460594 0.05820307 0.689015 0.7240261 0.03231863 0.9192986 -0.2163527 0.3287577 0.6065662 0.5684366 0.5558392 0.6055551 0.5674053 0.5579913 -0.03474236 0.9073474 0.4189436 0.918598 -0.2298157 0.3215004 0.6980153 0.4616472 0.5474089 -0.6091934 -0.3724432 -0.7001211 -0.1948353 0.1998128 -0.9602677 -0.6483744 -0.45329 -0.6116689 -0.1793446 0.2165981 -0.9596462 -0.1791492 0.2175267 -0.9594726 -0.1837642 0.2110613 -0.9600436  
					<SubMeshes>: 1
						<SubMesh>: 0 852 0 1 2 2 3 0 2 4 3 5 0 3 4 6 3 3 6 7 4 8 6 3 9 5 7 9 3 5 9 10 10 9 7 10 11 5 12 6 8 6 12 7 11 10 13 13 14 11 15 14 13 16 12 8 8 17 16 16 17 18 19 10 7 13 10 19 13 20 15 15 20 21 19 22 13 20 13 22 23 22 19 24 19 7 19 24 23 25 7 12 7 25 24 26 25 12 25 26 24 12 16 26 27 21 20 27 28 21 22 29 20 29 22 23 24 26 30 23 24 30 31 27 20 20 29 31 32 28 27 33 28 32 27 31 34 34 32 27 32 34 35 36 31 29 36 34 31 32 37 33 35 37 32 33 37 38 37 35 38 38 39 33 40 39 38 40 41 39 42 41 40 29 43 36 23 43 29 44 34 36 35 34 44 38 35 45 38 45 40 40 46 42 42 46 47 48 43 23 49 36 43 43 48 49 23 50 48 30 50 23 51 48 50 48 51 49 36 49 52 52 44 36 44 52 53 54 50 30 50 54 51 55 49 51 52 49 55 53 56 44 44 56 35 35 56 57 57 56 53 57 45 35 45 57 58 30 59 54 59 30 26 51 60 55 60 51 54 54 61 60 62 61 54 54 59 62 63 55 60 55 63 64 62 59 65 26 66 59 66 65 59 16 66 26 64 67 55 55 67 52 67 64 68 67 53 52 69 65 66 16 69 66 69 70 65 18 69 16 18 70 69 18 71 70 68 72 67 72 53 67 73 72 68 53 72 73 68 74 73 75 73 74 74 76 75 75 76 77 73 78 53 78 73 75 53 78 57 57 78 58 77 79 75 79 77 80 78 75 81 81 58 78 82 81 75 75 79 82 58 81 82 80 83 79 80 84 83 85 82 79 79 83 85 82 86 58 86 82 85 83 84 87 88 85 83 83 87 88 89 87 84 84 90 89 87 89 91 88 87 91 89 90 92 91 89 92 93 92 90 94 92 93 93 95 94 92 96 91 96 92 94 88 91 97 97 91 96 85 88 98 98 88 97 95 99 94 100 99 95 98 101 85 85 101 86 101 98 102 97 102 98 101 103 86 102 103 101 96 94 104 104 94 99 99 100 105 106 105 100 105 106 107 107 108 105 109 108 107 105 110 99 110 105 108 99 111 104 111 99 110 96 104 112 112 104 111 108 109 113 113 114 108 113 109 115 115 116 113 114 113 116 116 115 117 118 117 115 118 119 117 120 119 118 121 117 119 122 116 117 116 122 114 121 123 117 117 123 122 124 123 121 122 123 124 121 125 124 108 114 126 108 126 110 110 126 127 127 126 114 114 122 128 124 128 122 124 125 129 125 130 129 131 114 128 114 131 127 124 132 128 128 132 131 124 129 132 130 133 129 134 133 130 133 134 135 135 136 133 133 136 137 129 133 138 137 138 133 138 132 129 138 137 139 132 140 131 140 132 138 131 140 127 139 141 138 138 141 140 142 141 139 140 141 142 139 143 142 142 143 144 127 140 145 142 145 140 144 146 142 146 144 147 127 145 148 127 148 110 110 148 111 145 142 149 149 142 146 148 145 149 147 150 146 149 146 150 151 111 148 111 151 112 148 149 152 152 151 148 150 152 149 153 151 152 153 152 150 153 112 151 154 150 147 150 154 153 147 155 154 154 155 156 112 153 157 157 153 154 156 158 154 154 158 157 157 159 112 112 159 96 96 159 97 159 157 160 160 97 159 157 158 160 97 160 102 158 156 161 158 161 160 156 162 161 163 161 162 160 161 164 164 161 163 160 164 102 164 163 47 102 164 165 47 165 164 165 103 102 165 47 46 103 165 46 46 166 103 103 166 86 166 46 40 58 86 166 166 40 167 166 167 58 167 40 45 58 167 45 168 169 170 170 171 168 171 172 168 171 173 172 174 175 176 175 174 177 178 175 177 174 179 177  
				</Mesh>
				<Materials>: 1
					<Material>: 0
						<AlbedoColor>: 1 1 1 1
						<EmissiveColor>: 0 0 0 1
						<Glossiness>: 0.5
						<Metallic>: 0
						<SpecularHighlight>: 1
						<GlossyReflection>: 1
						<AlbedoMap>: @FlashBang_Base_color
						<MetallicMap>: @FlashBang_Metallic
						<NormalMap>: @FlashBang_Normal
						<EmissionMap>: null
						<DetailAlbedoMap>: null
						<DetailNormalMap>: null
				</Materials>
				<Children>: 0
			</Frame>
			<Frame>: 7 0 FlashBang06
				<Transform>: -0.01090703 -0.02614901 0.004532008 2.504478E-06 0 0 1 1 1 2.185569E-08 0 0 1  
				<TransformMatrix>: 1 0 0 0 0 1 4.371139E-08 0 0 -4.371139E-08 1 0 -0.01090703 -0.02614901 0.004532008 1  
				<Mesh>: 448 FlashBang06
					<Bounds>: -9.313226E-10 0.025305 -0.002281474 0.030199 0.111299 0.0371525
					<Positions>: 448 0.022027 -0.07630099 0.01271698 0.025435 0.076301 2.712011E-08 0.022027 0.07630099 0.01271703 0.025435 -0.07630099 -2.264976E-08 0.022027 0.076301 -0.01271697 0.022027 -0.07630099 -0.01271702 0.012717 -0.07630098 -0.02202702 0.012717 0.07630101 -0.02202697 0 0.07630101 -0.02543497 0 -0.07630098 -0.02543502 -0.012717 0.07630101 -0.02202697 -0.012717 -0.07630098 -0.02202702 -0.022027 0.076301 -0.01271697 -0.022027 -0.07630099 -0.01271702 -0.025435 -0.07630099 -2.264976E-08 -0.025435 0.076301 2.712011E-08 -0.022027 -0.07630099 0.01271698 -0.022027 0.07630099 0.01271703 -0.012717 0.07630099 0.02202702 -0.012717 -0.076301 0.02202697 0 0.07630099 0.02543502 0 -0.07630101 0.02543497 0.012717 -0.076301 0.02202697 0.012717 0.07630099 0.02202702 0.022027 -0.07630099 0.01271698 0.022027 0.07630099 0.01271703 0.012888 0.05716901 -0.02232198 0.022695 0.057169 -0.01310298 0.025776 0.057169 1.549721E-08 0.022695 0.057169 0.01310301 0.012888 0.05716899 0.02232201 0 0.05716899 0.02620601 -0.025776 0.057169 1.549721E-08 -0.022695 0.057169 0.01310301 -0.012888 0.05716899 0.02232201 -0.012888 0.05716901 -0.02232198 -0.022695 0.057169 -0.01310298 0 0.05716901 -0.02620598 0.01344 0.096337 0.007843028 2.599954E-05 0.096337 0.01558703 0.007644 0.096337 0.01329203 0.015261 0.096337 9.802818E-05 0.01344 0.096337 -0.007646972 -0.013388 0.096337 -0.007646972 0.007644 0.096337 -0.01309597 -0.007592 0.096337 0.01329203 2.599954E-05 0.096337 -0.01539097 -0.007592 0.096337 -0.01309597 -0.013388 0.096337 0.007843028 -0.015209 0.096337 9.802818E-05 -0.007592 0.096337 -0.01309597 -0.007592 0.090073 -0.01309597 -0.013388 0.096337 -0.007646972 -0.013388 0.090073 -0.007646973 -0.014118 0.09007301 -0.02440097 -0.024882 0.090073 -0.01428197 -0.020982 0.08780401 -0.02275698 -0.030199 0.085073 -0.01743498 -0.030199 0.087804 -0.006791974 -0.028263 0.090073 9.802639E-05 -0.013388 0.090073 -0.007646973 -0.015209 0.090073 9.802639E-05 -0.013388 0.096337 -0.007646972 -0.015209 0.096337 9.802818E-05 -0.030199 0.068335 -0.01743498 -0.030199 0.065604 -0.006791981 -0.020981 0.06560401 -0.02275699 -0.009218001 0.08780402 -0.02954898 -0.022695 0.057169 -0.01310298 -0.025776 0.057169 1.549721E-08 -0.012888 0.05716901 -0.02232198 -0.030199 0.065604 0.006792017 -0.022695 0.057169 0.01310301 -0.009218001 0.06560401 -0.02954898 0 0.05716901 -0.02620598 -0.030199 0.087804 0.006792024 2.599954E-05 0.09007301 -0.02866298 0 0.08507302 -0.03487097 0 0.068335 -0.03487098 0.009218 0.06560401 -0.02954898 0.012888 0.05716901 -0.02232198 0.009218 0.08780402 -0.02954898 2.599954E-05 0.090073 -0.01539097 -0.007592 0.090073 -0.01309597 -0.007592 0.096337 -0.01309597 2.599954E-05 0.096337 -0.01539097 0.020982 0.06560401 -0.02275699 0.022695 0.057169 -0.01310298 0.020982 0.08780401 -0.02275698 0.01417 0.09007301 -0.02440097 2.599954E-05 0.090073 -0.01539097 0.007644 0.090073 -0.01309597 2.599954E-05 0.096337 -0.01539097 0.007644 0.096337 -0.01309597 0.030199 0.068335 -0.01743498 0.030199 0.085073 -0.01743498 0.030199 0.065604 -0.006791981 0.025776 0.057169 1.549721E-08 0.024934 0.090073 -0.01428197 0.030199 0.087804 -0.006791974 0.030199 0.065604 0.006792017 0.022695 0.057169 0.01310301 0.030199 0.06833499 0.01743502 0.030199 0.085073 0.01743502 0.030199 0.087804 0.006792024 0.024934 0.090073 0.01447803 0.028315 0.090073 9.802639E-05 0.01344 0.090073 0.007843026 0.01344 0.090073 -0.007646973 0.007644 0.090073 -0.01309597 0.007644 0.096337 -0.01309597 0.01344 0.096337 -0.007646972 0.01344 0.090073 -0.007646973 0.015261 0.090073 9.802639E-05 0.015261 0.096337 9.802818E-05 0.01344 0.096337 0.007843028 0.015261 0.090073 9.802639E-05 0.01344 0.096337 -0.007646972 0.015261 0.096337 9.802818E-05 0.01344 0.090073 0.007843026 0.01344 0.096337 0.007843028 0.007644 0.096337 0.01329203 0.007644 0.090073 0.01329202 0.01417 0.090073 0.02459702 0.024934 0.090073 0.01447803 0.020982 0.087804 0.02275702 0.030199 0.085073 0.01743502 0.030199 0.06833499 0.01743502 0.020982 0.06560399 0.02275702 0.022695 0.057169 0.01310301 0.012888 0.05716899 0.02232201 0.009218 0.08780399 0.02954902 0.009218 0.06560399 0.02954902 0 0.05716899 0.02620601 2.599954E-05 0.090073 0.02885902 0 0.08507299 0.03487102 0 0.06833499 0.03487102 -0.009218001 0.06560399 0.02954902 -0.012888 0.05716899 0.02232201 -0.009218001 0.08780399 0.02954902 -0.020982 0.06560399 0.02275702 2.599954E-05 0.090073 0.01558702 0.007644 0.090073 0.01329202 0.007644 0.096337 0.01329203 2.599954E-05 0.096337 0.01558703 -0.014118 0.090073 0.02459702 2.599954E-05 0.090073 0.01558702 -0.007592 0.090073 0.01329202 2.599954E-05 0.096337 0.01558703 -0.007592 0.096337 0.01329203 -0.030199 0.06833499 0.01743502 -0.030199 0.085073 0.01743502 -0.020982 0.087804 0.02275702 -0.024882 0.090073 0.01447803 -0.013388 0.090073 0.007843026 -0.007592 0.090073 0.01329202 -0.007592 0.096337 0.01329203 -0.013388 0.096337 0.007843028 -0.013388 0.090073 0.007843026 -0.015209 0.090073 9.802639E-05 -0.015209 0.096337 9.802818E-05 -0.013388 0.096337 0.007843028 0.012888 -0.05216377 -0.02232202 0 -0.05216377 -0.02620602 -0.012888 -0.05216377 -0.02232202 -0.025776 -0.05216378 -1.460314E-08 -0.022695 -0.05216378 -0.01310301 0.012888 -0.05216379 0.02232198 0.025776 -0.05216378 -1.460314E-08 0.022695 -0.05216378 -0.01310301 0.022695 -0.05216379 0.01310298 -0.012888 -0.05216379 0.02232198 -0.022695 -0.05216379 0.01310298 0 -0.05216379 0.02620598 -0.01357 0.136604 -0.02515596 0.013574 0.101039 -0.03943397 -0.01357 0.101039 -0.03943397 0.013574 0.136604 -0.02515596 -0.01357 0.136604 -0.006837958 0.013574 0.136604 -0.006837958 0.013574 0.136604 0.006802042 -0.01357 0.136604 0.006802042 -0.004631 0.136604 0.01295804 -0.010125 0.136604 0.01295804 -0.012707 0.136604 0.01093804 -0.011852 0.136604 0.01244304 0.004636 0.136604 0.01295804 0.01013 0.136604 0.01295804 0.012712 0.136604 0.01093804 0.011856 0.136604 0.01244304 0.013574 0.136604 -0.02515596 0.01195 0.101071 -0.00678597 0.013574 0.101039 -0.03943397 0.013574 0.136604 -0.006837958 0.012573 0.124138 9.803742E-05 0.013578 0.101071 9.802997E-05 0.013574 0.125337 9.803772E-05 0.013574 0.136604 0.006802042 0.012573 0.124138 0.006802036 0.01195 0.101071 0.006982029 0.013574 0.125337 0.006802038 0.012712 0.125337 0.01093804 0.012712 0.136604 0.01093804 0.007744 0.124138 0.01134204 0.006802 0.101071 0.01183503 0.011856 0.125337 0.01244304 0.011856 0.136604 0.01244304 0.01013 0.136604 0.01295804 0.006206 0.124138 0.01295804 0.01013 0.125337 0.01295804 0.004636 0.136604 0.01295804 0.004636 0.125337 0.01295804 0.004636 0.124138 0.01295804 5.999803E-06 0.101071 0.01386203 -0.004631 0.124138 0.01295804 -0.006782 0.101071 0.01182703 -0.006201 0.124138 0.01295804 -0.004631 0.125337 0.01295804 -0.007738999 0.124138 0.01134204 -0.011898 0.101071 0.006982029 -0.010125 0.125337 0.01295804 -0.004631 0.136604 0.01295804 -0.010125 0.136604 0.01295804 -0.011852 0.125337 0.01244304 -0.011852 0.136604 0.01244304 -0.012707 0.136604 0.01093804 -0.012707 0.125337 0.01093804 -0.01357 0.136604 0.006802042 -0.012568 0.124138 0.006802036 -0.013526 0.101071 9.802997E-05 -0.01357 0.125337 0.006802038 -0.01357 0.125337 9.803772E-05 -0.01357 0.136604 -0.006837958 -0.012568 0.124138 9.803742E-05 -0.011898 0.101071 -0.00678597 -0.01357 0.136604 -0.02515596 -0.01357 0.101039 -0.03943397 -0.004631 0.136604 0.01295804 0.004636 0.136568 0.01892204 0.004636 0.136604 0.01295804 -0.004631 0.136568 0.01892204 -0.004631 0.136441 0.01870104 -0.004631 0.135908 0.01777804 -0.004631 0.134763 0.01711703 -0.004631 0.125337 0.01295804 -0.004631 0.133441 0.01711703 -0.004631 0.132297 0.01777804 -0.004631 0.131636 0.01892203 -0.004631 0.131636 0.02024404 -0.004631 0.124138 0.01295804 -0.004631 0.132297 0.02138804 0.004636 0.124138 0.01295804 0.004636 0.132297 0.02138804 0.004636 0.131636 0.02024404 0.004636 0.131636 0.01892203 0.004636 0.132297 0.01777804 0.004636 0.133441 0.01711703 0.004636 0.134763 0.01711703 0.004636 0.125337 0.01295804 0.004636 0.136604 0.01295804 0.004636 0.135908 0.01777804 0.004636 0.136568 0.01892204 -0.007542 0.135908 0.02138804 0.007542 0.134763 0.02204904 0.007542 0.135908 0.02138804 -0.007542 0.134763 0.02204904 0.007542 0.133441 0.02204904 -0.007542 0.133441 0.02204904 0.004636 0.132297 0.02138804 0.007542 0.132297 0.02138804 -0.004631 0.132297 0.02138804 0.004636 0.131636 0.02024404 -0.007542 0.132297 0.02138804 0.007542 0.131636 0.02024404 0.004636 0.131636 0.01892203 0.007542 0.131636 0.01892203 0.004636 0.132297 0.01777804 -0.004631 0.131636 0.02024404 -0.007542 0.131636 0.02024404 -0.007542 0.131636 0.01892203 -0.004631 0.131636 0.01892203 0.007542 0.132297 0.01777804 -0.007542 0.132297 0.01777804 -0.004631 0.132297 0.01777804 0.004636 0.133441 0.01711703 -0.007542 0.133441 0.01711703 -0.004631 0.133441 0.01711703 -0.004631 0.134763 0.01711703 -0.007542 0.134763 0.01711703 -0.004631 0.135908 0.01777804 -0.007542 0.135908 0.01777804 -0.004631 0.136441 0.01870104 -0.007542 0.136568 0.01892204 -0.004631 0.136568 0.01892204 -0.007542 0.136568 0.02024404 -0.007542 0.134763 0.01711703 0.007542 0.136568 0.02024404 0.004636 0.136568 0.01892204 0.007542 0.135908 0.02138804 -0.007542 0.135908 0.02138804 0.007542 0.136568 0.01892204 0.004636 0.135908 0.01777804 0.007542 0.135908 0.01777804 0.004636 0.134763 0.01711703 0.007542 0.134763 0.01711703 0.007542 0.133441 0.01711703 0.007542 0.134763 0.01711703 0.007542 0.132297 0.02138804 0.007542 0.131636 0.02024404 0.007542 0.131636 0.01892203 0.007542 0.136568 0.01892204 0.007542 0.135908 0.01777804 0.007542 0.136568 0.02024404 0.007542 0.135908 0.02138804 0.007542 0.134763 0.02204904 0.007542 0.133441 0.02204904 -0.007542 0.132297 0.02138804 -0.007542 0.133441 0.02204904 -0.007542 0.134763 0.02204904 -0.007542 0.135908 0.02138804 -0.007542 0.136568 0.02024404 -0.007542 0.136568 0.01892204 -0.007542 0.135908 0.01777804 -0.007542 0.131636 0.02024404 -0.007542 0.131636 0.01892203 0.013574 0.101039 -0.03943397 0.01195 0.101071 -0.00678597 0.006804999 0.101052 -0.01164697 2.599954E-05 0.101039 -0.01367597 -0.01357 0.101039 -0.03943397 -0.006753 0.101052 -0.01164697 -0.011898 0.101071 -0.00678597 0.007644 0.09633701 -0.01309597 4.099965E-05 0.09635501 -0.01540297 4.099965E-05 0.097666 -0.01540297 0.007688 0.09766501 -0.01312197 2.599954E-05 0.101039 -0.01367597 0.006804999 0.101052 -0.01164697 0.01344 0.09633701 -0.007646972 0.01195 0.101071 -0.00678597 0.0135 0.097666 -0.007657971 0.015335 0.09766501 9.802877E-05 0.015261 0.09633701 9.802818E-05 0.013578 0.101071 9.802997E-05 0.01344 0.09633701 0.00784303 0.01195 0.101071 0.006982029 0.0135 0.097666 0.007854029 0.007688 0.097665 0.01331803 0.006802 0.101071 0.01183503 0.007644 0.096337 0.01329203 5.999803E-06 0.101071 0.01386203 4.099965E-05 0.097666 0.01561002 -0.007606 0.097665 0.01331803 2.599954E-05 0.096337 0.01558702 -0.006782 0.101071 0.01182703 -0.007592 0.096337 0.01329203 -0.011898 0.101071 0.006982029 -0.013388 0.09633701 0.00784303 -0.013419 0.097666 0.007854029 -0.015254 0.09766501 9.802877E-05 -0.013526 0.101071 9.802997E-05 -0.015209 0.09633701 9.802818E-05 -0.011898 0.101071 -0.00678597 -0.013388 0.09633701 -0.007646972 -0.013419 0.097666 -0.007657971 -0.007606 0.09766501 -0.01312197 -0.006753 0.101052 -0.01164697 2.599954E-05 0.101039 -0.01367597 -0.007592 0.09633701 -0.01309597 4.099965E-05 0.097666 -0.01540297 4.099965E-05 0.09635501 -0.01540297 0.02511 -0.08599399 -0.01449703 0 -0.08599399 -2.563E-08 0.014259 -0.08599399 -0.02469803 0.028519 -0.08599399 -2.563E-08 0 -0.08599399 -0.02899503 0.02511 -0.08599399 0.01449697 -0.014259 -0.08599399 -0.02469803 0.014259 -0.08599399 0.02469797 -0.02511 -0.08599399 -0.01449703 0 -0.08599401 0.02899497 -0.028519 -0.08599399 -2.563E-08 -0.014259 -0.08599399 0.02469797 -0.02511 -0.08599399 0.01449697 0.020982 -0.08266163 0.02275697 0.02511 -0.08599399 0.01449697 0.030199 -0.07993065 0.01743498 0.030199 -0.06267956 0.01743498 0.014259 -0.08599399 0.02469797 0.020982 -0.05994856 0.02275698 0.022695 -0.05216379 0.01310298 0.012888 -0.05216379 0.02232198 0.009218 -0.05994857 0.02954898 0 -0.05216379 0.02620598 0.009218 -0.08266166 0.02954897 0 -0.08599401 0.02899497 0 -0.06267957 0.03487098 0 -0.07993066 0.03487097 -0.009218001 -0.05994857 0.02954898 -0.012888 -0.05216379 0.02232198 -0.009218001 -0.08266166 0.02954897 -0.014259 -0.08599399 0.02469797 -0.020982 -0.08266163 0.02275697 -0.02511 -0.08599399 0.01449697 -0.020982 -0.05994856 0.02275698 -0.022695 -0.05216379 0.01310298 -0.030199 -0.06267956 0.01743498 -0.030199 -0.07993065 0.01743498 -0.030199 -0.08266163 0.006791975 -0.028519 -0.08599399 -2.563E-08 -0.030199 -0.05994856 0.006791982 -0.025776 -0.05216378 -1.460314E-08 -0.030199 -0.05994856 -0.006792017 -0.022695 -0.05216378 -0.01310301 -0.030199 -0.08266163 -0.006792025 -0.02511 -0.08599399 -0.01449703 -0.030199 -0.06267956 -0.01743502 -0.030199 -0.07993063 -0.01743502 -0.020982 -0.05994856 -0.02275702 -0.012888 -0.05216377 -0.02232202 -0.020982 -0.08266163 -0.02275703 -0.014259 -0.08599399 -0.02469803 -0.009218001 -0.08266163 -0.02954902 0 -0.08599399 -0.02899503 -0.009218001 -0.05994856 -0.02954902 0 -0.05216377 -0.02620602 0 -0.07993062 -0.03487102 0 -0.06267954 -0.03487102 0.009218 -0.05994856 -0.02954902 0.012888 -0.05216377 -0.02232202 0.009218 -0.08266163 -0.02954902 0.014259 -0.08599399 -0.02469803 0.020982 -0.08266163 -0.02275703 0.02511 -0.08599399 -0.01449703 0.020982 -0.05994856 -0.02275702 0.022695 -0.05216378 -0.01310301 0.030199 -0.06267956 -0.01743502 0.030199 -0.07993063 -0.01743502 0.030199 -0.08266163 -0.006792025 0.028519 -0.08599399 -2.563E-08 0.030199 -0.05994856 -0.006792017 0.025776 -0.05216378 -1.460314E-08 0.030199 -0.08266163 0.006791975 0.02511 -0.08599399 0.01449697 0.030199 -0.07993065 0.01743498 0.030199 -0.06267956 0.01743498 0.030199 -0.05994856 0.006791982 0.022695 -0.05216379 0.01310298  
					<Colors>: 0  
					<TextureCoords0>: 448 0.847659 0.817711 0.808285 0.350456 0.848573 0.350534 0.807335 0.817632 0.768018 0.350371 0.766992 0.817547 0.726655 0.817455 0.727741 0.350279 0.687459 0.350183 0.686327 0.817359 0.647185 0.350083 0.645993 0.81726 0.606927 0.349979 0.605637 0.817154 0.56528 0.817038 0.566674 0.349863 0.524923 0.816914 0.526422 0.349739 0.48616 0.349604 0.484573 0.816779 0.445869 0.349465 0.444253 0.81664 0.403946 0.8165 0.405566 0.349325 0.363637 0.81636 0.36526 0.349186 0.524093 0.2641 0.494095 0.235854 0.484692 0.195733 0.494158 0.155624 0.524213 0.127427 0.563676 0.115573 0.642521 0.195868 0.63312 0.155745 0.603121 0.127496 0.603002 0.26417 0.633052 0.235974 0.563536 0.276025 0.484332 0.272747 0.443282 0.249008 0.4666 0.256052 0.489888 0.296463 0.484298 0.320169 0.402171 0.320113 0.466544 0.33684 0.419951 0.25602 0.443217 0.343853 0.419901 0.336808 0.402196 0.272692 0.396608 0.2964 0.414208 0.821165 0.413969 0.840361 0.389857 0.820877 0.389618 0.840089 0.424992 0.879442 0.37514 0.878932 0.40467 0.890927 0.375306 0.901457 0.345979 0.890787 0.32531 0.879364 0.360745 0.840067 0.33639 0.840297 0.360541 0.820854 0.336186 0.8211 0.375199 0.949434 0.346178 0.960502 0.404171 0.960644 0.445219 0.891348 0.375106 0.990988 0.326233 0.991247 0.423987 0.991484 0.305923 0.960731 0.277435 0.991568 0.444416 0.961059 0.472819 0.991992 0.305378 0.891011 0.474723 0.879873 0.47428 0.902473 0.473541 0.950445 0.502233 0.962079 0.52152 0.99319 0.503589 0.892377 0.461381 0.840855 0.437028 0.840468 0.4374 0.821242 0.461752 0.821676 0.542279 0.963061 0.570062 0.994429 0.543793 0.89334 0.524178 0.88125 0.490029 0.841193 0.514368 0.842092 0.490853 0.821962 0.515189 0.822941 0.571321 0.952854 0.572405 0.904805 0.599627 0.964942 0.618319 0.99627 0.57326 0.88228 0.601301 0.894923 0.639489 0.966433 0.667879 0.998116 0.667879 0.956396 0.667879 0.909137 0.640445 0.897291 0.667879 0.888893 0.621841 0.883587 0.667879 0.850368 0.561057 0.843204 0.53672 0.842318 0.537575 0.823074 0.561907 0.824066 0.588492 0.843488 0.641396 0.845827 0.644872 0.827204 0.667879 0.83092 0.612823 0.844587 0.58957 0.824237 0.613894 0.825482 0.08243 0.8502 0.08243 0.830747 0.10542 0.827011 0.108909 0.845624 0.128572 0.883326 0.08243 0.888747 0.109648 0.896989 0.08243 0.90898 0.08243 0.956166 0.110818 0.966122 0.08243 0.997843 0.132042 0.995893 0.148817 0.89446 0.150673 0.964497 0.180278 0.99393 0.177155 0.882037 0.177818 0.904274 0.17897 0.952344 0.208035 0.962535 0.228778 0.992676 0.206519 0.892809 0.248096 0.961585 0.161937 0.843242 0.137606 0.84433 0.136545 0.825224 0.160869 0.823991 0.226196 0.881048 0.189378 0.842967 0.213719 0.842108 0.188551 0.823827 0.212888 0.822863 0.276823 0.950013 0.276205 0.90202 0.246828 0.89188 0.27561 0.87972 0.260369 0.84103 0.236032 0.8419 0.235237 0.822747 0.259571 0.8218 0.288999 0.840722 0.313353 0.840375 0.313014 0.821148 0.28866 0.821542 0.790007 0.986251 0.750542 0.998116 0.711092 0.9862 0.671691 0.917833 0.68109 0.957952 0.790102 0.849575 0.829514 0.917939 0.820049 0.958047 0.820107 0.877818 0.711185 0.849519 0.681145 0.877726 0.750652 0.837656 0.213864 0.119257 0.296476 0.236928 0.213377 0.236584 0.296962 0.119606 0.214104 0.063169 0.297203 0.063537 0.297395 0.02179098 0.214297 0.021402 0.241752 0.002682984 0.224934 0.002605021 0.216999 0.008751988 0.219639 0.004157007 0.270122 0.002816021 0.286942 0.002894998 0.294817 0.009117007 0.292219 0.004496992 0.957343 0.22796 0.897608 0.120939 0.997614 0.117776 0.901331 0.229763 0.878181 0.192104 0.876076 0.121396 0.877915 0.196899 0.860206 0.233243 0.856825 0.192777 0.854647 0.12161 0.858086 0.198149 0.847047 0.200807 0.847049 0.234788 0.835702 0.191406 0.832445 0.12139 0.843363 0.201278 0.840942 0.235044 0.834734 0.234021 0.828536 0.192429 0.838826 0.199768 0.81779 0.231292 0.822692 0.196434 0.823927 0.192139 0.810324 0.12134 0.796147 0.192032 0.788221 0.121215 0.791535 0.192285 0.797343 0.196344 0.784378 0.191201 0.766106 0.12125 0.781181 0.199536 0.801933 0.231246 0.784963 0.233825 0.776629 0.201008 0.778744 0.234794 0.772639 0.234485 0.772953 0.200504 0.759494 0.232822 0.763246 0.192392 0.744678 0.120839 0.761937 0.197751 0.74212 0.196315 0.718399 0.22896 0.741899 0.191517 0.723153 0.120168 0.662408 0.226626 0.623175 0.11607 0.958357 0.256524 0.965773 0.223608 0.97858 0.236623 0.945554 0.243505 0.945749 0.24426 0.946551 0.24742 0.945449 0.251311 0.93359 0.280538 0.942546 0.254129 0.938628 0.255114 0.934741 0.254006 0.931928 0.251099 0.930948 0.28309 0.930955 0.247174 0.902577 0.28308 0.902592 0.247164 0.901611 0.251087 0.898797 0.253994 0.894909 0.2551 0.890988 0.254115 0.888086 0.251297 0.89994 0.280525 0.875177 0.256513 0.886981 0.247405 0.887969 0.243484 0.822402 0.875458 0.868596 0.871598 0.868579 0.875648 0.822418 0.871411 0.868612 0.867549 0.822433 0.867366 0.859731 0.863468 0.868628 0.863503 0.831357 0.863351 0.859748 0.859427 0.822446 0.863324 0.868644 0.859456 0.85976 0.855385 0.868656 0.855405 0.859765 0.851345 0.831362 0.859299 0.822451 0.859285 0.822452 0.85524 0.831363 0.855248 0.868664 0.851354 0.82245 0.851194 0.831363 0.851203 0.859764 0.847303 0.822456 0.847146 0.831369 0.847161 0.831375 0.843117 0.822463 0.843096 0.831386 0.839074 0.822475 0.839046 0.831398 0.835814 0.822492 0.835002 0.831404 0.835038 0.822508 0.830954 0.820437 0.843639 0.868687 0.831141 0.859776 0.835155 0.868703 0.827098 0.822525 0.826912 0.868673 0.835184 0.859767 0.839203 0.868665 0.839221 0.859764 0.843254 0.868661 0.843264 0.868657 0.847308 0.870661 0.843795 0.878261 0.856839 0.874216 0.856857 0.870702 0.854849 0.878199 0.84174 0.874156 0.841756 0.881711 0.843751 0.883749 0.847242 0.883766 0.85129 0.881757 0.854804 0.812867 0.856701 0.809367 0.854674 0.807348 0.851167 0.807354 0.847119 0.809383 0.843621 0.812892 0.841603 0.816935 0.841608 0.816912 0.856711 0.820422 0.854693 0.213377 0.564766 0.21727 0.464771 0.233184 0.479482 0.254009 0.485472 0.296468 0.563882 0.274699 0.47904 0.290293 0.463993 0.31044 0.789359 0.322947 0.810489 0.319489 0.812605 0.307136 0.79167 0.308772 0.81724 0.297749 0.798473 0.294238 0.770479 0.283439 0.782025 0.291448 0.773377 0.272151 0.75899 0.274309 0.755559 0.265951 0.768895 0.252183 0.744187 0.246447 0.758943 0.250779 0.747962 0.227514 0.741726 0.225274 0.753149 0.228199 0.737725 0.20338 0.750837 0.203554 0.739069 0.179559 0.741453 0.203534 0.735037 0.181473 0.752902 0.178852 0.737457 0.160303 0.758392 0.154811 0.743577 0.156195 0.747361 0.134633 0.758043 0.140622 0.76803 0.132542 0.75457 0.122841 0.7808 0.112344 0.769037 0.115034 0.772034 0.098845 0.789887 0.108055 0.796929 0.096413 0.815314 0.095649 0.787423 0.085817 0.810421 0.08243 0.8082 0.196026 0.701261 0.272896 0.656878 0.229245 0.732491 0.185586 0.656879 0.272896 0.745642 0.196024 0.612496 0.316547 0.73249 0.229244 0.581265 0.349767 0.70126 0.272896 0.568113 0.360205 0.656878 0.31655 0.581266 0.349768 0.612497 0.96912 0.02029198 0.997452 0.004456997 0.997452 0.03040099 0.997451 0.08113199 0.948825 0.005517006 0.969138 0.09208202 0.997451 0.113518 0.948455 0.112428 0.928692 0.09223199 0.899645 0.112681 0.929073 0.02018499 0.899889 0.005186021 0.899789 0.080998 0.899923 0.030671 0.870569 0.092242 0.849965 0.112624 0.870541 0.02008301 0.850232 0.005173028 0.829863 0.02000898 0.800181 0.005028009 0.829451 0.09220099 0.79985 0.112547 0.799983 0.08085299 0.800148 0.03051299 0.770347 0.01985902 0.749853 0.004887998 0.770297 0.09205198 0.749434 0.112397 0.728737 0.091896 0.698885 0.112148 0.729246 0.019701 0.699387 0.00465399 0.69904 0.08046198 0.699264 0.03013098 0.669237 0.09158701 0.648353 0.111876 0.669382 0.01938802 0.648908 0.004364014 0.628266 0.01913297 0.598541 0.004015028 0.627693 0.091322 0.597984 0.111536 0.598353 0.02949798 0.598123 0.07983798 0.568586 0.09092402 0.54795 0.111179 0.568699 0.018727 0.548418 0.003720999 0.527978 0.01848602 0.498666 0.003405988 0.527512 0.090644 0.498375 0.110905 0.498393 0.07921702 0.498499 0.02888501 0.469358 0.01825601 0.449618 0.003508985 0.469484 0.09030497 0.449689 0.110426 0.429254 0.018242 0.400848 0.002384007 0.400849 0.02832901 0.400849 0.079063 0.429094 0.09003299 0.400849 0.111444  
					<TextureCoords1>: 0  
					<Normals>: 448 0.8660164 -1.59129E-07 0.5000157 1 0 0 0.8660164 -1.59129E-07 0.5000156 1 0 0 0.8660165 1.604726E-07 -0.5000155 0.8660165 1.604726E-07 -0.5000156 0.5000157 2.756481E-07 -0.8660163 0.5000156 2.756481E-07 -0.8660164 0 3.163534E-07 -1 0 3.163534E-07 -1 -0.5000156 2.756481E-07 -0.8660164 -0.5000156 2.756481E-07 -0.8660164 -0.8660164 1.606645E-07 -0.5000156 -0.8660164 1.606645E-07 -0.5000156 -1 0 0 -1 0 0 -0.8660164 -1.593209E-07 0.5000157 -0.8660164 -1.593209E-07 0.5000156 -0.5000154 -2.721929E-07 0.8660165 -0.5000153 -2.721929E-07 0.8660166 0 -3.125141E-07 1 0 -3.125141E-07 1 0.5000154 -2.72001E-07 0.8660165 0.5000156 -2.72001E-07 0.8660164 0.8660164 -1.59129E-07 0.5000157 0.8660164 -1.59129E-07 0.5000156 0.2658025 -0.8469948 -0.4603791 0.4405514 -0.8609399 -0.2543559 0.5316319 -0.8469755 -1.521952E-07 0.4405515 -0.86094 0.2543554 0.2658026 -0.846995 0.4603785 0 -0.8609416 0.5087039 -0.5316318 -0.8469755 -2.057454E-07 -0.4405516 -0.86094 0.2543554 -0.2658024 -0.8469952 0.4603783 -0.265817 -0.8469879 -0.4603833 -0.4405517 -0.8609362 -0.2543679 0 -0.8609413 -0.5087044 0.6599219 0.6475694 0.3809949 0 0.6475778 0.7619993 0.3760478 0.6590273 0.6513609 0.7521111 0.6590363 0 0.659922 0.6475692 -0.3809947 -0.6599218 0.6475695 -0.3809947 0.3760478 0.6590281 -0.6513602 -0.3760476 0.6590278 0.6513605 0 0.647578 -0.7619992 -0.3760478 0.6590281 -0.6513601 -0.6599218 0.6475695 0.3809949 -0.7521113 0.6590362 0 -0.3760478 0.6590281 -0.6513601 -0.3235174 0.7624439 -0.5603712 -0.6599218 0.6475695 -0.3809947 -0.5439203 0.7781645 -0.3140232 -0.2060769 0.9111846 -0.3567562 -0.3217052 0.9286442 -0.1847309 -0.5021922 0.4815505 -0.7182702 -0.8167256 0.3323039 -0.4717345 -0.8744543 0.4790601 -0.0763607 -0.4202091 0.9074272 0.0003420512 -0.5439203 0.7781645 -0.3140232 -0.6470674 0.7624328 0 -0.6599218 0.6475695 -0.3809947 -0.7521113 0.6590362 0 -0.8377773 -0.2533359 -0.4836839 -0.9485352 -0.3092073 -0.068351 -0.5334641 -0.3092094 -0.7872773 -0.3707311 0.4822219 -0.7937383 -0.4405517 -0.8609362 -0.2543679 -0.5316318 -0.8469755 -2.057454E-07 -0.265817 -0.8469879 -0.4603833 -0.9485352 -0.3092074 0.06835079 -0.4405516 -0.86094 0.2543554 -0.4150931 -0.30922 -0.8556172 0 -0.8609413 -0.5087044 -0.875895 0.4764505 0.07617578 0.0003078562 0.9291816 -0.3696235 -6.569723E-05 0.3330151 -0.9429215 0 -0.2533412 -0.9673769 0.415084 -0.309221 -0.8556212 0.2658025 -0.8469948 -0.4603791 0.3707743 0.4813411 -0.7942526 0 0.7781524 -0.6280755 -0.3235174 0.7624439 -0.5603712 -0.3760478 0.6590281 -0.6513601 0 0.647578 -0.7619992 0.5334677 -0.3092206 -0.7872705 0.4405514 -0.8609399 -0.2543559 0.5028633 0.4794889 -0.7191792 0.2076764 0.9098552 -0.3592132 0 0.7781524 -0.6280755 0.3235174 0.7624439 -0.5603712 0 0.647578 -0.7619992 0.3760478 0.6590281 -0.6513602 0.8377864 -0.2533316 -0.4836704 0.8170556 0.3311153 -0.4719988 0.9485352 -0.3092073 -0.06835102 0.5316319 -0.8469755 -1.521952E-07 0.3238509 0.9277281 -0.1855833 0.8760737 0.4760365 -0.07670836 0.9485352 -0.3092074 0.06835083 0.4405515 -0.86094 0.2543554 0.8377863 -0.2533321 0.4836702 0.8180792 0.3284783 0.4720683 0.8775337 0.4733678 0.07653449 0.3271331 0.9256974 0.1899162 0.4262562 0.9046024 0.0003439901 0.5439205 0.7781643 0.3140235 0.5439204 0.7781645 -0.3140231 0.3235174 0.7624439 -0.5603712 0.3760478 0.6590281 -0.6513602 0.659922 0.6475692 -0.3809947 0.5439204 0.7781645 -0.3140231 0.6470675 0.7624326 0 0.7521111 0.6590363 0 0.6599219 0.6475694 0.3809949 0.6470675 0.7624326 0 0.659922 0.6475692 -0.3809947 0.7521111 0.6590363 0 0.5439205 0.7781643 0.3140235 0.6599219 0.6475694 0.3809949 0.3760478 0.6590273 0.6513609 0.3235174 0.7624435 0.5603716 0.217297 0.900546 0.3765618 0.3271331 0.9256974 0.1899162 0.5062537 0.4707755 0.7225495 0.8180792 0.3284783 0.4720683 0.8377863 -0.2533321 0.4836702 0.5334677 -0.3092212 0.7872704 0.4405515 -0.86094 0.2543554 0.2658026 -0.846995 0.4603785 0.3728784 0.4700134 0.8000306 0.4150841 -0.3092215 0.855621 0 -0.8609416 0.5087039 0.0003351109 0.9251434 0.3796177 -7.188936E-05 0.3277681 0.9447583 0 -0.2533418 0.9673768 -0.415084 -0.3092216 0.855621 -0.2658024 -0.8469952 0.4603783 -0.372823 0.4709722 0.7994924 -0.5334676 -0.3092211 0.7872704 0 0.7781519 0.6280761 0.3235174 0.7624435 0.5603716 0.3760478 0.6590273 0.6513609 0 0.6475778 0.7619993 -0.2155996 0.9020457 0.3739391 0 0.7781519 0.6280761 -0.3235175 0.7624435 0.5603716 0 0.6475778 0.7619993 -0.3760476 0.6590278 0.6513605 -0.8377863 -0.2533321 0.4836702 -0.817744 0.3296975 0.471799 -0.5055437 0.4729765 0.7216085 -0.3249804 0.9266369 0.1890284 -0.5439205 0.7781644 0.3140236 -0.3235175 0.7624435 0.5603716 -0.3760476 0.6590278 0.6513605 -0.6599218 0.6475695 0.3809949 -0.5439205 0.7781644 0.3140236 -0.6470674 0.7624328 0 -0.7521113 0.6590362 0 -0.6599218 0.6475695 0.3809949 0.2579733 0.8566232 -0.4468182 0 0.8703182 -0.4924897 -0.2579733 0.8566231 -0.4468181 -0.5159749 0.8566037 2.03319E-07 -0.4265105 0.8703164 -0.2462483 0.2579731 0.8566231 0.4468186 0.5159751 0.8566036 2.144598E-07 0.4265101 0.8703167 -0.2462481 0.4265098 0.8703167 0.2462485 -0.2579731 0.8566231 0.4468186 -0.4265098 0.8703167 0.2462485 0 0.8703181 0.49249 -0.6123863 0.6584412 -0.4375364 0.5685297 -0.4643447 -0.6790861 -0.56878 -0.4643527 -0.6788709 0.6120408 0.6585603 -0.4378407 -0.7189389 0.6950547 0.00506676 0.7187164 0.6952854 0.005005408 0.7249488 0.6847357 0.07474172 -0.7249627 0.6847115 0.07482795 -0.300294 0.9043506 0.3032712 -0.1064068 0.6760041 0.729175 -0.6911911 0.6738595 0.2610904 -0.4824447 0.6320087 0.6064752 0.300294 0.9043506 0.3032712 0.1064667 0.675988 0.7291812 0.691219 0.6737853 0.2612081 0.4823122 0.6320639 0.606523 0.6120408 0.6585603 -0.4378407 0.9520145 0.1106042 -0.2853686 0.5685297 -0.4643447 -0.6790861 0.7187164 0.6952854 0.005005408 0.9697328 -0.2391298 -0.04934606 0.9663199 0.2558185 -0.02797446 0.8673671 -0.3857704 -0.3144127 0.7249488 0.6847357 0.07474172 0.8059412 -0.4989019 0.3186779 0.8505862 0.2497714 0.4627281 0.8971658 -0.423706 0.1247669 0.7775704 -0.5274776 0.3422742 0.691219 0.6737853 0.2612081 0.5901446 -0.5772933 0.5643243 0.4780649 0.2319058 0.8471562 0.5523476 -0.5244679 0.6479548 0.4823122 0.6320639 0.606523 0.1064667 0.675988 0.7291812 0.2782311 -0.1429738 0.9498135 0.178963 -0.3275635 0.9277254 0.300294 0.9043506 0.3032712 0.7070679 -4.637649E-07 0.7071456 0.2034696 -0.1870039 0.9610565 -0.001232272 0.2350301 0.9719873 -0.2038008 -0.187116 0.9609645 -0.4809843 0.228678 0.8463808 -0.2785207 -0.1432568 0.9496861 -0.7071069 -4.637394E-07 0.7071066 -0.5900144 -0.5777266 0.5640168 -0.8519511 0.2455296 0.4624874 -0.1788828 -0.3274584 0.9277779 -0.300294 0.9043506 0.3032712 -0.1064068 0.6760041 0.729175 -0.5524645 -0.5244572 0.6478638 -0.4824447 0.6320087 0.6064752 -0.6911911 0.6738595 0.2610904 -0.7775621 -0.527563 0.3421613 -0.7249627 0.6847115 0.07482795 -0.805455 -0.4998553 0.3184134 -0.9674911 0.2513523 -0.02798223 -0.8971034 -0.4238179 0.1248346 -0.867237 -0.3859814 -0.3145125 -0.7189389 0.6950547 0.00506676 -0.9693825 -0.240352 -0.05028278 -0.9525456 0.1063042 -0.2852301 -0.6123863 0.6584412 -0.4375364 -0.56878 -0.4643527 -0.6788709 -0.300294 0.9043506 0.3032712 0.08613549 0.9882588 -0.1261949 0.300294 0.9043506 0.3032712 -0.08589561 0.9882874 -0.1261346 -0.7069033 0.6126657 -0.3534521 -0.7702573 0.450919 -0.4509721 -0.7507834 0.1709494 -0.6380443 -0.7071069 -4.637394E-07 0.7071066 -0.6531959 -0.1960966 -0.7313558 -0.7701773 -0.4510144 -0.4510132 -0.653196 -0.7313558 -0.1960956 -0.7703038 -0.6159216 0.1651446 -0.2038008 -0.187116 0.9609645 -0.03992737 -0.6613732 0.7489936 0.2034696 -0.1870039 0.9610565 0.03992737 -0.6613732 0.7489936 0.6531961 -0.7313558 0.1960956 0.7703039 -0.6159214 -0.1651446 0.6532882 -0.5353578 -0.5353564 0.7703043 -0.1651453 -0.6159208 0.7702566 0.1650451 -0.6160073 0.7070679 -4.637649E-07 0.7071456 0.300294 0.9043506 0.3032712 0.6531931 0.5354902 -0.5353401 0.08613549 0.9882588 -0.1261949 -0.6531929 0.5354891 0.5353413 0.6532308 0.1959509 0.7313635 0.6531929 0.5354891 0.5353413 -0.6532308 0.1959509 0.7313635 0.6531958 -0.1960966 0.7313558 -0.6531959 -0.1960966 0.7313558 0.03992737 -0.6613732 0.7489936 0.6532882 -0.5353577 0.5353564 -0.03992737 -0.6613732 0.7489936 0.6531961 -0.7313558 0.1960956 -0.6532882 -0.5353577 0.5353563 0.6531961 -0.7313558 0.1960956 0.7703039 -0.6159214 -0.1651446 0.6531961 -0.7313558 -0.1960956 0.6532882 -0.5353578 -0.5353564 -0.7703038 -0.6159216 0.1651446 -0.6531961 -0.7313558 0.1960956 -0.6531961 -0.7313558 -0.1960956 -0.653196 -0.7313558 -0.1960956 0.6532882 -0.5353578 -0.5353564 -0.6532882 -0.5353578 -0.5353564 -0.7701773 -0.4510144 -0.4510132 0.7703043 -0.1651453 -0.6159208 -0.6531958 -0.1960966 -0.7313558 -0.6531959 -0.1960966 -0.7313558 -0.7507834 0.1709494 -0.6380443 -0.6532306 0.1959522 -0.7313635 -0.7702573 0.450919 -0.4509721 -0.6532205 0.5355055 -0.5352914 -0.7069033 0.6126657 -0.3534521 -0.6532705 0.7313839 -0.1957425 -0.08589561 0.9882874 -0.1261346 -0.6532565 0.7313693 0.1958443 -0.6532306 0.1959522 -0.7313635 0.6532565 0.7313693 0.1958443 0.08613549 0.9882588 -0.1261949 0.6531929 0.5354891 0.5353413 -0.6531929 0.5354891 0.5353413 0.6532565 0.7313693 -0.1958439 0.6531931 0.5354902 -0.5353401 0.6531931 0.5354902 -0.5353401 0.7702566 0.1650451 -0.6160073 0.6532306 0.1959522 -0.7313635 0.6531958 -0.1960966 -0.7313558 0.6532306 0.1959522 -0.7313635 0.6532882 -0.5353577 0.5353564 0.6531961 -0.7313558 0.1960956 0.6531961 -0.7313558 -0.1960956 0.6532565 0.7313693 -0.1958439 0.6531931 0.5354902 -0.5353401 0.6532565 0.7313693 0.1958443 0.6531929 0.5354891 0.5353413 0.6532308 0.1959509 0.7313635 0.6531958 -0.1960966 0.7313558 -0.6532882 -0.5353577 0.5353563 -0.6531959 -0.1960966 0.7313558 -0.6532308 0.1959509 0.7313635 -0.6531929 0.5354891 0.5353413 -0.6532565 0.7313693 0.1958443 -0.6532705 0.7313839 -0.1957425 -0.6532205 0.5355055 -0.5352914 -0.6531961 -0.7313558 0.1960956 -0.6531961 -0.7313558 -0.1960956 0.5685297 -0.4643447 -0.6790861 0.9520145 0.1106042 -0.2853686 0.4055425 -0.5875243 -0.7002503 -0.0006530625 -0.6045337 -0.7965792 -0.56878 -0.4643527 -0.6788709 -0.405573 -0.5887853 -0.6991726 -0.9525456 0.1063042 -0.2852301 0.4973573 -0.02615611 -0.8671514 0.0002634434 -0.01315461 -0.9999135 0.0004238159 0.2186359 -0.9758065 0.489717 0.2126805 -0.8455438 -0.0006530625 -0.6045337 -0.7965792 0.4055425 -0.5875243 -0.7002503 0.8635213 -0.04531062 -0.5022728 0.9520145 0.1106042 -0.2853686 0.848011 0.2067438 -0.48799 0.9790942 0.2034075 0 0.9986811 -0.05134136 0 0.9663199 0.2558185 -0.02797446 0.8635213 -0.04531092 0.5022728 0.8505862 0.2497714 0.4627281 0.8480111 0.2067436 0.48799 0.489994 0.2102708 0.8459859 0.4780649 0.2319058 0.8471562 0.4970166 -0.03124504 0.8671783 -0.001232272 0.2350301 0.9719873 0.001756985 0.2150583 0.9765996 -0.4880158 0.2132579 0.8463815 -0.002080452 -0.0216929 0.9997625 -0.4809843 0.228678 0.8463808 -0.4996327 -0.02018397 0.8660022 -0.8519511 0.2455296 0.4624874 -0.8651208 -0.02636781 0.5008699 -0.8461044 0.2133606 0.4884512 -0.9775094 0.2108917 0 -0.9674911 0.2513523 -0.02798223 -0.9995628 -0.02956656 0 -0.9525456 0.1063042 -0.2852301 -0.8651208 -0.02636751 -0.5008699 -0.8462057 0.2130894 -0.4883941 -0.4875203 0.2158427 -0.8460118 -0.405573 -0.5887853 -0.6991726 -0.0006530625 -0.6045337 -0.7965792 -0.4997057 -0.01680458 -0.8660322 0.0004238159 0.2186359 -0.9758065 0.0002634434 -0.01315461 -0.9999135 0.3861301 -0.895102 -0.222926 0 -1 0 0.2634519 -0.8499248 -0.4563124 0.5269613 -0.8498892 0 0 -0.8950923 -0.445881 0.3861295 -0.8951023 0.2229258 -0.2634518 -0.8499249 -0.4563123 0.2634519 -0.8499255 0.456311 -0.3861301 -0.8951019 -0.222926 0 -0.8950931 0.4458791 -0.5269611 -0.8498894 0 -0.2634519 -0.8499256 0.456311 -0.3861295 -0.8951023 0.2229257 0.5327232 -0.3770054 0.7576761 0.3861295 -0.8951023 0.2229258 0.8284386 -0.2914497 0.4782745 0.8354099 0.2635879 0.4822985 0.2634519 -0.8499255 0.456311 0.5318038 0.3271221 0.7811375 0.4265098 0.8703167 0.2462485 0.2579731 0.8566231 0.4468186 0.4106045 0.3271222 0.851114 0 0.8703181 0.49249 0.3898364 -0.3769738 0.8401896 0 -0.8950931 0.4458791 0 0.2635975 0.9646328 0 -0.2914468 0.956587 -0.4106044 0.3271222 0.851114 -0.2579731 0.8566231 0.4468186 -0.3898364 -0.3769738 0.8401896 -0.2634519 -0.8499256 0.456311 -0.5327232 -0.3770055 0.7576761 -0.3861295 -0.8951023 0.2229257 -0.5318038 0.3271221 0.7811375 -0.4265098 0.8703167 0.2462485 -0.8354099 0.2635879 0.4822985 -0.8284386 -0.2914497 0.4782744 -0.922543 -0.3769708 0.0825078 -0.5269611 -0.8498894 0 -0.9423924 0.3271082 0.06997713 -0.5159749 0.8566037 2.03319E-07 -0.9423924 0.3271082 -0.06997707 -0.4265105 0.8703164 -0.2462483 -0.922543 -0.3769707 -0.08250798 -0.3861301 -0.8951019 -0.222926 -0.8354099 0.263588 -0.4822983 -0.8284389 -0.2914486 -0.4782746 -0.531804 0.3271222 -0.7811373 -0.2579733 0.8566231 -0.4468181 -0.5327234 -0.3770051 -0.7576761 -0.2634518 -0.8499249 -0.4563123 -0.3898364 -0.3769715 -0.8401904 0 -0.8950923 -0.445881 -0.4106047 0.3271224 -0.8511139 0 0.8703182 -0.4924897 0 -0.2914453 -0.9565876 0 0.2635981 -0.9646326 0.4106047 0.3271223 -0.8511139 0.2579733 0.8566232 -0.4468182 0.3898365 -0.3769715 -0.8401904 0.2634519 -0.8499248 -0.4563124 0.5327235 -0.377005 -0.7576759 0.3861301 -0.895102 -0.222926 0.531804 0.3271222 -0.7811373 0.4265101 0.8703167 -0.2462481 0.8354099 0.263588 -0.4822983 0.8284389 -0.2914487 -0.4782746 0.922543 -0.3769706 -0.08250804 0.5269613 -0.8498892 0 0.9423924 0.3271081 -0.06997709 0.5159751 0.8566036 2.144598E-07 0.922543 -0.3769706 0.08250786 0.3861295 -0.8951023 0.2229258 0.8284386 -0.2914497 0.4782745 0.8354099 0.2635879 0.4822985 0.9423924 0.3271082 0.06997716 0.4265098 0.8703167 0.2462485  
					<Tangents>: 448 -0.5000147 0.002026889 0.8660145 0 0.00209386 0.9999979 -0.5000146 0.002003322 0.8660146 0 0.002106024 0.9999979 0.5000142 0.002273303 0.8660142 0.5000142 0.002273303 0.8660142 0.8660138 0.002414157 0.5000143 0.8660139 0.002414157 0.5000141 0.9999969 0.002516599 0 0.9999969 0.002504815 0 0.8660135 0.002619734 -0.5000138 0.8660133 0.002631897 -0.5000138 0.5000136 0.00282724 -0.8660129 0.5000136 0.002851567 -0.8660129 0 0.003082016 -0.9999952 0 0.003082017 -0.9999952 -0.5000129 0.003326662 -0.8660116 -0.5000129 0.003326283 -0.8660117 -0.8660111 0.003518924 -0.5000123 -0.8660112 0.003519684 -0.5000122 -0.9999936 0.00358324 0 -0.9999936 0.00358324 0 -0.8660108 0.003595568 0.5000122 -0.8660108 0.003584171 0.5000123 -0.5000123 0.003594108 0.8660108 -0.5000125 0.003570553 0.8660108 -0.9640272 -0.2339064 -0.1262513 -0.8977271 -0.4227269 -0.1240488 -0.8469755 -0.5316319 0 -0.897727 -0.4222455 0.1256778 -0.9640272 -0.2331389 0.1276632 -1 0 0 -0.8469751 0.5316315 0.001029966 -0.897727 0.4227453 -0.1239863 -0.9640273 0.2338845 -0.1262911 -0.9640232 0.2331582 0.127658 -0.8977268 0.4222148 0.1257824 -1 0 0 0.7513338 -0.5692099 -0.3339122 1 0 0 0.9266001 -0.2678817 -0.263916 0.6590359 -0.7521105 0.001197163 0.7513338 -0.5683693 0.3353412 0.7513341 0.5691622 -0.3339934 0.9266002 -0.2670934 0.2647135 0.9266002 0.2671382 0.264668 1 0 0 0.9266001 0.2679131 -0.2638841 0.7513342 0.5684725 0.3351655 0.6590363 0.7521111 0 0.8094109 -0.1085502 -0.5771229 0.7894391 -0.1090019 -0.6040731 0.6020713 0.1524365 -0.7837558 0.6450185 0.148346 -0.7496297 0.8702569 0.003959808 -0.4925822 0.5000429 0 -0.8660007 0.818085 -0.004622778 -0.5750788 0.4937294 -0.02067466 -0.8693697 0.09432905 0.01351238 -0.9954494 -0.006904934 -0.002820582 -0.9999722 0.3276383 -0.1475772 -0.9332064 0.1293426 0.1097715 -0.9855053 0.3785485 -0.1514528 -0.9131062 0.09594869 0.1094995 -0.989345 0.504846 -0.02195953 -0.8629301 0.07800347 -0.01894721 -0.9967729 0.8219978 0.02983397 -0.5687085 0.9118622 0.02680117 -0.4096206 0.4981667 0.001265147 -0.8670804 0.004927056 -0.003092387 -0.9999831 0.8616425 0.005430005 -0.5074868 -0.07454292 0.008241327 -0.9971837 -0.488794 -0.007610356 -0.8723661 0.9003468 -0.00454755 -0.4351497 0.9998404 0.009088608 -0.01538173 -0.0997966 -0.02442788 -0.9947079 0.9998187 0.006750971 0.01780375 0.9999721 -0.007022016 -0.002549659 0.9999723 -0.007204865 0.001886834 0.9048787 0.04280007 0.4235122 0.8761796 0.01307771 0.4818073 0.9042241 0.008038319 0.4269828 0.9758509 -0.1371952 -0.1699777 0.92219 0.1214377 -0.3671764 0.9086105 0.1244191 -0.3986815 0.9840266 -0.1356523 -0.1152828 0.8293416 0.008393925 0.5586788 0.524021 0.0165666 0.8515442 0.8073168 0.03672314 0.5889747 0.8548055 0.009735058 0.5188572 0.9676073 0.1585639 0.1964523 0.9133249 -0.09681885 0.3955549 0.9755445 0.1674887 0.1423387 0.8999746 -0.09246831 0.4260227 0.5070283 0.03230851 0.8613237 0.4925105 0.02479041 0.8699534 0.08754952 0.04862885 0.9949726 0.03158792 0.01982701 0.9993043 0.4774072 0.009109606 0.8786349 0.08210564 0.009485232 0.9965785 -0.06554556 0.01946461 0.9976597 -0.2610021 0.1482578 0.9538854 -0.482859 0.0697526 0.8729157 -0.4700751 -0.09097162 0.8779257 -0.12992 0.08107323 0.9882044 -0.3647763 -0.06169514 0.9290489 -0.05837279 0.02712627 0.9979262 -0.415635 -0.07525714 0.9064127 0.6278124 -0.1290723 0.7675883 0.7711711 0.1307116 0.6230646 0.7920271 0.1362298 0.5950921 0.5835319 -0.1223246 0.8028245 0.3111542 0.1605116 0.9367065 -0.2335598 0.1982193 0.9519237 -0.184977 0.211101 0.959802 -0.4564088 -0.05729166 0.8879238 0.1090911 -0.09258439 0.9897107 0.3599272 0.1726426 0.916868 0.07549483 -0.08615689 0.9934171 -0.5763558 0.07445664 0.8137999 -0.5404127 0.05681669 0.8394797 -0.7381923 -0.2118059 0.6404767 -0.7068728 -0.1989482 0.6787861 -0.8348833 -0.02840064 0.5496939 -0.6203477 0.05876495 0.7821224 -0.7919033 -0.07797108 0.6056482 -0.5095642 0.03345145 0.8597822 -0.5237899 -0.1228279 0.8429456 -0.8304266 -0.01470878 0.5569338 -0.6968904 -0.1493697 0.7014503 -0.8822364 -0.02121806 0.4703285 -0.9038844 -0.01082117 0.42764 -0.9056657 -0.05106913 0.4209057 -0.9994223 -0.01728816 -0.02925878 -0.9996514 -0.009712363 0.02455186 -0.9986249 -0.0495518 0.01711518 -0.9982849 -0.05663222 -0.01483111 -0.8994787 -0.001662817 -0.4369614 -0.8556876 -0.01266497 -0.5173376 -0.9126237 -0.0304035 -0.4076685 -0.8208971 -0.03500401 -0.5700023 -0.9665963 -0.1609782 0.1994432 -0.9120541 0.09356055 0.3992541 -0.8988782 0.08879267 0.4291083 -0.9734334 -0.1744755 0.1482764 -0.8762049 -0.009678123 -0.4818415 -0.978344 0.1300026 -0.1610661 -0.9251995 -0.1307487 -0.3562452 -0.986523 0.1246803 -0.1059583 -0.9115977 -0.1371428 -0.3875324 -0.4965913 -0.01468753 -0.8678603 -0.5036092 -0.01294265 -0.8638346 -0.8193088 0 -0.5733525 -0.5148749 -0.005698378 -0.8572464 -0.653816 -0.1584287 -0.7398817 -0.798487 0.09777386 -0.5940192 -0.8178071 0.09443789 -0.5676911 -0.6113083 -0.1679639 -0.773363 -0.3397703 0.13794 -0.930338 -0.1421832 -0.120669 -0.9824576 -0.1082016 -0.1234827 -0.9864302 -0.3913347 0.1366249 -0.9100499 0.9661519 -0.2284471 0.1198436 1 0 0 0.9661519 0.2290125 -0.1187597 0.8566036 0.5159749 0 0.9044822 0.4106606 -0.1151946 0.9661519 -0.2290153 -0.1187538 0.8566036 -0.515975 0 0.9044825 -0.4102112 0.1167817 0.9044827 -0.4105807 -0.1154748 0.9661519 0.2284354 0.1198657 0.9044828 0.4102568 0.1166194 1 0 0 0.7905511 0.5124697 -0.3352666 0.8226594 0.3232166 0.4677205 0.8224864 -0.3188012 -0.4710434 0.7908184 -0.5071959 0.3425763 0.695059 0.7188586 0.01163605 0.6952892 -0.718729 0.001196424 0.6887875 -0.7213749 -0.0720411 0.6887725 0.7199227 0.0854629 0.9538364 0.2832322 0.09987819 0.9943176 0.07001285 0.08019089 0.7226586 0.6422991 0.2553751 0.8759201 0.3454536 0.3367876 0.9538363 -0.2861914 -0.09105387 0.9943111 -0.07475075 -0.07588024 0.7226312 -0.6467358 -0.244002 0.8759925 -0.3507443 -0.3310824 -0.3024354 -0.316648 -0.8990365 -0.2873446 0.002016155 -0.9578252 -0.4757182 0.4878942 -0.7318821 -0.01287569 0.02050655 -0.9997068 -0.03750439 0.05382236 -0.997846 -0.03296715 0.01524836 -0.9993401 -0.2734457 0.1584384 -0.948749 0.04806465 0.0579569 -0.9971614 0.3706054 0.005424379 -0.9287747 0.4807144 -0.01271568 -0.876785 0.1775546 0.08731461 -0.9802299 0.4539246 0.0941981 -0.8860469 0.3121351 0.04762906 -0.9488431 0.71641 0.05226886 -0.6957188 0.8708805 0 -0.4914948 0.7353383 -0.05959487 -0.6750749 0.8020831 -0.04027435 -0.595853 0.9936928 -0.09830386 -0.05395506 0.9581848 -0.02751074 -0.2848245 0.9354846 -0.2353747 -0.2635665 0.9522971 -0.3023649 -0.0413005 0.6921471 -0.2048662 -0.6920709 0.9782444 -0.0017453 -0.2074481 0.9999908 -0.003718376 0.002166895 0.9784464 -0.005555979 0.2064265 0.8684739 -0.007892824 0.495672 0.9585847 0.01980553 0.2841181 0.6935597 0.1948073 0.6935597 0.719128 -0.05843883 0.692416 0.4779999 0.004099866 0.8783504 0.9376559 0.2288743 0.2615683 0.9524381 0.3015638 0.04382912 0.9939172 0.0932568 0.05858342 0.7377898 0.05400505 0.6728668 0.7992919 0.03442299 0.5999562 0.3074678 -0.05274368 0.9500956 0.4568294 -0.1000309 0.8839122 0.0437484 -0.06264425 0.9970766 0.374261 -0.01241282 0.9272404 -0.0352471 -0.0244469 0.9990796 0.1805712 -0.09383392 0.9790757 -0.2699119 -0.1663504 0.9484066 -0.01760631 -0.02549754 0.9995198 -0.0361571 -0.0628264 0.9973693 -0.2881455 -0.01282854 0.9575007 -0.3070946 0.3118606 0.8991307 -0.4682046 -0.4958049 0.731411 0.4857396 0.4186185 -0.7673433 0.7079995 -0.1498346 -0.6901349 0.7112147 0 -0.7029748 0.702839 -0.02962409 -0.7107319 0.6666545 0.4101399 -0.6223801 0.6375969 0.5591279 -0.5299492 0.5167469 0.7536831 -0.4061211 -0.3993381 0.8252625 -0.3993379 0.2589816 0.8497699 -0.4591509 -0.007706677 0.7136344 -0.7004759 -0.2757256 0.47094 -0.8379683 -0.5175342 0.4525427 -0.726198 -0.9723055 0.1533826 -0.1763397 -0.9991836 0.03104548 -0.02585087 -0.9724606 -0.1525602 0.1761986 -0.9991879 -0.03049611 0.02633619 -0.5762875 -0.3121932 0.7552669 -0.2669164 -0.54663 0.7936947 -0.007656081 -0.711741 0.7024003 0.2515161 -0.8088913 0.5314457 0.5037412 -0.7498116 0.428984 -0.399812 -0.824825 0.3997675 0.146335 -0.3578607 0.9222375 0.7569899 -0.4781238 0.4453807 0.1137319 0.116084 0.9867064 0.7571813 0.4582752 0.4654679 0.7571486 -0.1740774 -0.6296214 0.757181 -0.4656395 -0.4581013 0.7571489 0.1641108 0.632292 0.7571792 0.1642436 -0.6322213 0.7571807 -0.1736842 0.6296914 0.9991953 0.0235514 -0.03246887 0.7571008 0.4585959 -0.465283 0.9991962 -0.02909386 0.02757483 0.7571815 0.6297542 -0.173453 0.7571052 -0.4642349 0.4596496 0.7571836 0.6299422 -0.1727596 0.6376723 0.7450203 0.1957519 0.7571868 0.6315144 0.166906 0.7571079 0.4632227 0.4606652 0.6376747 -0.7447293 0.1968485 0.7571873 -0.6314296 0.1672249 0.7571881 -0.630539 -0.1705485 0.7571883 -0.6306019 -0.1703144 0.7455549 0.3318319 0.5779581 0.7455803 -0.3319813 -0.5778396 0.6378287 -0.5432982 -0.5458954 0.6376759 0.2007611 0.743683 0.7460432 -0.3317907 -0.5773513 0.7571872 -0.16709 -0.6314653 0.6605451 0.1973392 -0.7243876 0.7571548 0.1722821 -0.6301075 0.6377272 0.5477303 -0.5415677 0.757161 0.4649605 -0.4588234 0.7073007 0.6148785 -0.3487839 0.7571157 0.6323024 -0.1642239 0.9962963 0.0857031 -0.006962215 0.7571266 0.6296841 0.1739462 0.4150817 -0.7151701 -0.5623512 0.7571277 -0.632269 -0.1642967 0.9962767 -0.08497653 0.0145487 0.7571813 -0.4655891 -0.458152 0.7571815 0.4583045 0.4654388 0.7571317 -0.6300812 0.1724803 0.7571878 -0.4597526 0.4639979 0.7571895 -0.460387 0.4633658 0.6377327 -0.1973015 0.7445596 0.7571584 -0.1679025 0.6312842 0.746143 0.3310768 0.577632 0.4165514 0.7136099 0.5632458 -0.1326462 0.6152356 0.7771037 0.1283562 0.3621803 0.9232281 0.4115416 0.1255213 0.902706 -0.1285782 0.3620685 0.9232411 0.132639 0.6151563 0.7771677 -0.4117551 0.1261014 0.9025276 -0.6986626 0.153673 0.6987526 -0.702099 0.518373 0.4882074 -0.4161071 0.7139996 0.5630804 -0.1314624 -0.6161538 -0.7765772 -0.4151213 -0.7150453 -0.5624806 -0.7010413 -0.5214611 -0.4864354 -0.6998978 -0.1572037 -0.696728 -0.4130836 -0.1275035 -0.9017231 -0.1298355 -0.3629218 -0.9227299 0.1312308 -0.616195 -0.7765836 0.1294031 -0.3629908 -0.9227635 0.4134476 -0.127533 -0.9015522 -0.8226439 -0.3153349 -0.473097 -0.3059906 0.3251313 -0.8947957 -0.914062 -0.2563752 -0.3142651 -0.9999791 0.005516381 -0.003366631 -0.8224642 0.3276021 0.465005 -0.9140224 0.2684155 0.3041649 -0.3043933 -0.336565 0.8911054 -0.5049772 -0.8214933 -0.2648523 -0.5036661 -0.8638254 0.01123156 -0.4570787 -0.8678656 -0.1946496 -0.4211875 -0.7914199 -0.4430076 -0.7778362 -0.5003167 0.3803341 -0.8867168 -0.4388873 -0.1452976 -0.3886599 -0.6944457 -0.6055481 -0.1575042 -0.6224068 -0.7666826 -0.244076 -0.6649645 -0.7058676 0.108089 -0.5202821 -0.8471265 -0.02808133 -0.5462309 -0.8371639 0.114496 -0.5247356 -0.8435302 0.4527076 -0.3692347 -0.8116166 0.5250716 -0.3560248 -0.7730111 0.5298492 -0.351061 -0.7720207 0.8698177 -0.1821095 -0.4585339 0.8769385 -0.1801885 -0.4455457 0.8487864 -0.1902304 -0.4933296 0.9999843 -0.005028728 0.002483731 0.9999791 -0.006462879 0 0.8716462 0.1696632 0.4598341 0.9999807 -0.005902555 0.001952836 0.8758237 0.1691903 0.4520038 0.8503643 0.1790783 0.4947844 0.5225769 0.3429294 0.7805849 0.4602192 0.355295 0.8136115 0.5330164 0.3371332 0.7760378 0.1088884 0.504711 0.8563936 0.1078709 0.5102017 0.8532632 -0.01567009 0.5297598 0.848003 -0.1650428 0.6069794 0.7773911 -0.3841141 0.6769798 0.6278174 -0.2514919 0.6483383 0.7186162 -0.4418809 0.7747105 0.4522887 -0.8930296 0.4183799 0.1657 -0.8108743 0.4664944 -0.3533635 -0.5203357 0.8051371 0.2846138 -0.484401 0.8537254 0.1910725 -0.5299075 0.8479803 -0.01129541 -0.9224444 -0.3746822 -0.09332568 -1 0 0 -0.9646725 -0.2320946 -0.1246555 -0.8498892 -0.5269613 0 -1 0 0 -0.9224446 -0.3746871 0.09330336 -0.9646726 0.2321012 0.124643 -0.9646725 -0.2321034 0.1246393 -0.9224443 0.3746848 0.09331544 -1 0 0 -0.8498893 0.5269612 0 -0.9646725 0.23211 -0.1246268 -0.9224446 0.3746868 -0.09330495 0.8187484 0.003052157 -0.5741445 0.7054034 0.1308003 -0.6966328 0.5244225 0.1038259 -0.8451042 0.5133925 -0.06089061 -0.855991 0.8666345 0 -0.4989434 0.8203515 0.03001661 -0.5710713 0.66112 -0.1141776 -0.7415416 0.868673 -0.003211767 -0.4953754 0.9056788 -0.03822066 -0.4222384 0.999999 0 -0.001439689 0.9076849 0.003375432 -0.4196388 0.9999983 0 -0.001844334 0.9997308 0.02238222 -0.006116221 0.9997782 0.02014734 0.006138372 0.9051827 0.03387088 0.4236709 0.8652605 0 0.5013224 0.9093435 -0.01359279 0.415824 0.8665847 0 0.4990301 0.8169251 0.004709368 0.5767245 0.5018985 -0.001098874 0.8649257 0.8173633 -0.04308448 0.5745094 0.4974228 -0.001685005 0.8675066 0.4993564 -0.00262741 0.8663927 0.5006223 -0.002438136 0.8656624 0.09281674 -0.00922974 0.9956404 0.002503148 -0.001552038 0.9999957 0.08701713 0.03773255 0.995492 -0.004866689 -0.002931694 0.9999839 -0.0900033 -0.04647164 0.9948567 -0.5056378 -0.003690657 0.862738 -0.09025009 0.00288791 0.995915 -0.496143 -0.002208877 0.8682381 -0.4958356 0.01717761 0.8682464 -0.5043808 0.01697479 0.8633145 -0.8206409 0.02871257 0.5707225 -0.8698469 -0.004648397 0.4932999 -0.8137223 -0.01779038 0.5809817 -0.86394 -0.00257304 0.503588 -0.9083301 0.007268491 0.4181911 -0.99998 -0.002824166 0.005669419 -0.9061625 -0.04263501 0.4207752 -0.9999515 -0.004850628 -0.008571964 -0.999979 -0.006207308 0.001891168 -0.999971 -0.007345325 -0.002007216 -0.9044244 0.02752287 -0.4257451 -0.8619703 -0.004836118 -0.5069357 -0.91002 -0.0179681 -0.4141747 -0.8679845 -0.002440409 -0.4965852 -0.817669 0.001570747 -0.5756864 -0.5024676 -0.001426891 -0.8645948 -0.8162557 -0.04775935 -0.5757133 -0.4927089 -0.004751389 -0.8701813 -0.4986505 -0.00558249 -0.8667852 -0.5009632 -0.003738499 -0.8654606 -0.09185987 -0.006863771 -0.9957483 -0.003174433 -0.001968254 -0.9999931 -0.08560985 0.03362064 -0.9957613 -0.001627983 0 -0.9999987 0.08728503 -0.004424636 -0.9961736 0.2498376 -0.1311552 -0.9593641 0.4694012 -0.1045422 -0.8767745 0.4847713 0.06015554 -0.8725697 0.08503299 -0.03193612 -0.9958662 0.312983 0.1134216 -0.9429619  
					<BiTangents>: 448 0.001013614 0.999998 -0.00175524 0 0.9999979 -0.00209386 0.00100183 0.999998 -0.00173483 0 0.9999977 -0.002106024 -0.001136825 0.9999974 -0.001968637 -0.001136826 0.9999974 -0.001968637 -0.002090837 0.9999971 -0.001206878 -0.002090838 0.9999971 -0.001206878 -0.002516599 0.9999968 3.163524E-07 -0.002504815 0.9999969 3.163524E-07 -0.002268594 0.9999966 0.001310146 -0.002279128 0.9999965 0.001316228 -0.001413525 0.999996 0.002448516 -0.001425689 0.9999959 0.002469585 0 0.9999952 0.003082016 0 0.9999952 0.003082017 0.001663245 0.9999945 0.002881024 0.001663055 0.9999945 0.002880695 0.003047311 0.9999939 0.001759752 0.003047968 0.9999938 0.001760132 0.00358324 0.9999936 3.125121E-07 0.00358324 0.9999936 3.125121E-07 0.003113958 0.9999936 -0.001797604 0.003104087 0.9999936 -0.001791906 0.001797248 0.9999936 -0.003112477 0.00178547 0.9999936 -0.003092078 0.0007514444 -0.4773759 0.8786989 0.0007245011 -0.2829921 0.9591219 8.091185E-08 -1.289056E-07 1 0.0008006394 0.2837093 0.95891 0.0007979421 0.4777506 0.8784952 0 0.5087038 0.8609415 0.000872247 -0.0005477372 0.9999995 0.0007827536 0.2829641 0.9591302 0.0007073427 0.4773857 0.8786936 0.0007826407 -0.4777539 0.8784934 0.0008927088 -0.2837666 0.958893 0 -0.5087044 0.8609413 -0.0006347511 -0.5066103 0.8621749 0 -0.7619993 0.6475778 -0.0005597749 -0.7027962 0.711391 -0.0007889742 0.0009004 0.9999993 -0.0006109301 0.5075533 0.8616202 -0.0005638665 0.5066638 0.8621435 -0.0004795733 0.7030954 0.7110954 -0.0004203061 -0.7030786 0.711112 0 0.7619992 0.647578 -0.0006008852 0.7027834 0.7114037 -0.0004577778 -0.5074375 0.8616885 0 0 1 0.4510455 0.7442437 0.4926045 0.5216534 0.6378072 0.5666391 0.4494589 0.7466035 0.4904792 0.5367512 0.6102896 0.5826189 0.4474206 0.4119793 0.7937807 0.8042068 0.3709705 0.4643622 0.2802499 0.8764062 0.3916277 0.298648 0.9429457 0.1471827 0.4758483 0.8776781 0.05700525 0.907401 0.4201998 -0.007450959 0.7725308 0.610476 0.1746863 0.7513816 0.6376883 0.1696446 0.6490025 0.7468037 0.1451895 0.6520142 0.7440976 0.1455895 -0.2079897 0.9671291 -0.1462928 -0.3069144 0.9508059 -0.04209134 -0.1993377 0.9505259 -0.2382542 0.1762549 0.8756391 0.449656 -0.7468227 0.5087114 -0.4283324 -0.8469612 0.5316229 -0.005817107 -0.432335 0.5315844 -0.7283574 -0.3077733 0.950959 0.03086641 -0.7529905 0.5086496 0.4174695 -0.130666 0.9509797 -0.2802928 -0.01786618 0.5086232 -0.8608038 0.4720683 0.8788619 -0.0689444 -0.01903823 0.3695619 0.929011 0.007470284 0.9428953 0.3330053 0.007447833 0.9673502 -0.2533342 0.09433824 0.9500266 -0.2975731 0.4020675 0.5314404 -0.7455956 -0.2119088 0.8764965 0.4322598 0.2184376 0.6129081 0.7593607 0.2119012 0.6355567 0.7424053 0.1817007 0.7417559 0.6455873 0.1780215 0.7498274 0.637234 0.1661467 0.9509533 -0.2609274 0.7289146 0.5084369 -0.458449 -0.3088173 0.8767792 0.3686327 -0.4755819 0.4148118 0.7757275 -0.25246 0.6077305 0.752946 -0.2473339 0.6397699 0.7276816 -0.2198016 0.7433642 0.6317412 -0.2205307 0.7464125 0.627881 0.2025739 0.9668398 -0.1555139 -0.2997559 0.9432645 0.1428226 0.3043289 0.9497506 -0.07319713 0.8463863 0.5312621 -0.03729487 -0.8168249 0.3731456 0.4399539 -0.4751353 0.8793744 0.03077552 0.3098142 0.9507954 0.001804304 0.8589484 0.4866229 0.159392 0.2548748 0.9648614 0.06388592 -0.3313243 0.9401203 -0.07998747 -0.4615793 0.877126 -0.1326444 -0.8717352 0.3731996 -0.31749 -0.9027172 0.4253923 -0.06436691 -0.7289705 0.6235356 -0.2824984 -0.5567784 0.6146547 0.5587465 -0.5482988 0.6337144 0.5456872 -0.480917 0.739678 0.4707392 -0.4732794 0.7521242 0.458602 -0.7793161 0.6072034 0.1548237 -0.7257778 0.615959 -0.3063349 -0.6325444 0.7218778 -0.2806779 -0.5968201 0.7598497 -0.2577483 -0.7545878 0.6404097 0.143083 -0.6595114 0.7421917 0.1191471 -0.654698 0.74716 0.1145534 -0.6098889 0.6236317 -0.488998 -0.5219744 0.7598854 -0.3874492 -0.5600538 0.7216795 -0.4068397 -0.629021 0.6157106 -0.4745874 -0.5057193 0.433832 -0.7456794 -0.7128482 0.3736722 -0.5934783 -0.3414623 0.8788009 -0.3333355 -0.2666284 0.9439189 -0.1947467 0.154137 0.95955 0.2355963 0.1606359 0.9508764 0.2646322 0.5659137 0.4862828 0.6657858 0.3885975 0.5311772 0.7528896 -0.2096538 0.8825929 -0.4208028 0.08645728 0.9496178 0.3012493 -0.03398465 0.50841 0.8604442 -0.02640097 0.3794936 -0.9248176 -0.05242428 0.9434578 -0.3273209 -0.05854204 0.9657177 0.2529073 -0.1365406 0.9509886 0.277448 -0.4440132 0.5314496 0.721397 0.1676932 0.881624 -0.4411556 -0.2038144 0.9503458 0.2351652 -0.2563037 0.607096 -0.7521588 -0.2519801 0.6402549 -0.7256582 -0.224958 0.7468594 -0.6257756 -0.2289707 0.7417555 -0.6303738 0.431024 0.4315321 -0.7924634 0.2069854 0.6144745 -0.7613003 0.198349 0.6337071 -0.7477119 0.1636226 0.7517299 -0.6388505 0.1660652 0.7395095 -0.6523405 -0.2269608 0.9672679 0.1134975 0.2786978 0.9439979 -0.1766225 0.2711823 0.881075 -0.3875138 0.793279 0.3759143 -0.4789539 0.5259992 0.6077505 -0.5949489 0.5076958 0.639625 -0.5771697 0.4356373 0.7461661 -0.5034444 0.4368128 0.7432644 -0.5067076 0.7672722 0.6127257 -0.1893688 0.7490579 0.6357163 -0.1864861 0.6500931 0.7419052 -0.1641815 0.6413739 0.7496582 -0.1632547 -0.0005865119 0.4626107 0.8865613 0 0.4924898 0.8703182 -0.0005946392 0.462331 0.8867072 1.049075E-07 -1.741638E-07 1 -0.0008687037 0.2718589 0.9623367 -0.0006010217 -0.4623299 0.8867078 -1.106559E-07 -1.83707E-07 1 -0.0006232981 0.2725357 0.9621454 -0.0006052613 -0.2719787 0.9623031 -0.000610548 -0.4626167 0.8865582 -0.0004707134 -0.2724669 0.9621651 0 -0.49249 0.8703181 -0.003470846 0.5512076 0.8343609 -0.002308393 0.8245696 -0.5657558 -0.002305398 0.8262823 -0.5632516 -0.003536165 0.5559232 0.8312262 -0.004445407 -0.01188731 0.9999195 -0.004429388 -0.002620317 0.9999868 -0.004587684 -0.1037073 0.9945973 -0.004647091 -0.1134969 0.9935275 -0.004428742 -0.319264 0.9476555 -0.003157752 -0.7335644 0.6796126 -0.004388787 -0.3651922 0.9309218 -0.003343684 -0.6937051 0.7202513 -0.004448989 -0.3166141 0.948544 -0.003212713 -0.7331116 0.6801007 -0.004527651 -0.3574159 0.9339343 -0.003469277 -0.6909947 0.7228515 0.7307112 -0.6826656 -0.005370472 0.1053642 -0.9938625 -0.03370094 -0.6711678 -0.7391504 -0.05648516 0.6951842 -0.7184412 -0.02369067 -0.2412706 -0.9694948 -0.0432249 0.2552232 -0.9666045 -0.0231684 -0.4158143 -0.9088886 -0.03193704 0.6871238 -0.7264833 -0.009104196 -0.4616388 -0.8666414 -0.1892674 0.2131119 -0.9682213 0.1308845 -0.4044353 -0.9015816 -0.1535666 -0.4351283 -0.8443305 -0.3126808 0.6517576 -0.7373906 0.1773899 -0.3721372 -0.8148623 -0.4444249 0.1139805 -0.9727382 0.2019622 -0.39267 -0.849342 -0.3527443 0.3521898 -0.773869 0.5263926 -0.03520836 -0.7303265 0.6821904 -0.06685254 -0.9893441 -0.1293411 -0.3046978 -0.9150415 -0.2643073 -0.05434843 -0.3012066 0.9520088 -0.1448706 -0.97879 0.144854 -0.04047094 -0.9823576 -0.1825804 -0.0041235 -0.9719809 0.2350234 0.0332866 -0.9823221 -0.1842152 -0.1200296 -0.9734702 0.1948045 0.05951088 -0.9894873 -0.1318075 0.1377498 -0.9808415 0.1377492 0.3670667 -0.8141356 -0.4499391 -0.2137648 -0.9693804 0.120856 0.2979973 -0.9167266 -0.2661016 0.05181872 -0.3020087 0.9518957 0.02839789 -0.7309731 0.6818151 0.3878777 -0.8497223 -0.3571033 -0.3583009 -0.7741964 0.5217667 -0.6540018 -0.7369746 0.1707341 0.4320927 -0.843606 -0.3187866 -0.6873974 -0.726117 -0.01545971 0.4595335 -0.86602 -0.1970743 -0.2504368 -0.9675869 -0.0325116 0.4032362 -0.9008738 -0.1607081 0.4183866 -0.9073841 -0.04008423 -0.6948501 -0.7185045 -0.03056852 0.2428788 -0.9686505 -0.05221238 -0.09812722 -0.9942509 -0.04285083 -0.728475 -0.6849804 -0.01122458 0.6762202 -0.7338625 -0.06459186 0.8209022 0.08311778 0.5649875 0.7009403 0.02990083 0.7125929 0.6357358 -0.4267901 0.6431875 0.706144 0.1497011 0.6920623 0.2363461 0.6755931 0.6983657 -0.01318684 0.6957356 0.7181769 -0.4114571 0.6346165 0.6541904 0.5835485 0.5647492 0.5835491 -0.7115221 0.4893231 0.5042808 -0.6377833 0.5360149 0.5531009 -0.7052023 0.493289 0.5092697 -0.372546 0.644861 0.6673558 0.1143993 0.9702893 0.2131934 0.006155795 0.7494143 0.6620728 -0.1136691 0.9704406 0.2128953 -0.005423337 0.7494368 0.6620536 0.4911492 0.6063448 0.6253946 0.5791265 0.5673063 0.5854708 0.7570706 0.4547711 0.4690708 0.5859787 0.5642889 0.5815557 0.3910877 0.640736 0.6606874 -0.5832712 0.5653881 0.5832075 -0.9425548 0.2325632 0.2398015 0.01746189 0.6961667 0.7176678 -0.9897706 0.09934284 0.1023977 -0.003919387 -0.7093908 0.7048045 -0.003938964 -0.965039 0.2620767 -0.003967809 -0.7045788 0.7096146 -0.00387358 -0.9667838 0.2555662 -0.003855923 -0.9667317 -0.2557635 -0.003544615 -0.9650803 -0.2619303 -0.003834188 -0.7496872 -0.6617813 -0.003580595 -0.7092827 -0.7049151 -0.003553865 -0.7494926 -0.6620033 -0.003363861 -0.2617788 -0.9651221 -0.002454137 -0.7056048 -0.7086014 -0.002819845 -0.2613263 -0.9652464 -0.002468304 0.2560966 -0.9666481 -0.001769537 0.2575033 -0.9662758 -0.001368503 0.7062697 -0.7079415 -0.00174482 -0.2569416 -0.9664254 -0.001519653 -0.2577117 -0.9662207 -0.001085725 0.2598828 -0.9656395 -0.0009021743 0.25973 -0.9656808 0.1317661 0.7767108 -0.6159204 -0.1316226 0.776647 -0.6160316 -0.001172028 0.7081054 -0.7061058 -0.0008371895 0.96562 -0.2599563 0.1294404 0.9227465 -0.3630208 -0.001625921 0.9662438 -0.2576244 -0.002077523 0.9653153 0.2610788 -0.002529916 0.9653609 0.2609061 -0.002807866 0.7047436 0.7094566 -0.003186893 0.7050146 0.7091857 -0.003642231 0.4965535 0.8679985 -0.003657742 0.2554823 0.9668068 -0.003929459 0.1262655 0.9919887 -0.003898847 -0.2619104 0.9650843 0.6332433 0.6709206 -0.3858348 -0.003664773 -0.255607 0.9667738 -0.003654277 0.1269782 0.9918988 -0.003913685 -0.7046121 0.7095819 -0.003888065 -0.7093719 0.7048237 -0.002749235 0.2609536 0.9653475 -0.002342329 0.7084333 0.7057739 -0.001664232 0.7080213 0.7061892 -0.001346764 0.96635 0.2572274 -0.000903766 0.9661322 0.2580459 -0.1288633 0.9230028 -0.3625741 -0.6322775 0.6725799 -0.3845277 0.7453988 0.5786858 -0.3309131 0.7462302 0.577879 -0.3304488 0.6355851 0.6703454 -0.3829733 -0.746139 0.577932 -0.3305618 -0.7454835 0.5786476 -0.330789 -0.6353847 0.670222 -0.3835216 -0.291907 0.8304433 -0.4745043 0.2834544 0.8324018 -0.4761942 0.6326059 0.6721241 -0.3847844 -0.7456085 0.5777081 -0.3321466 -0.6332531 0.6710114 -0.3856608 -0.2860602 0.8304707 -0.4780042 0.2889327 0.8297821 -0.4774721 0.6345218 0.6699566 -0.3854092 0.7459091 0.577378 -0.3320458 0.7457087 0.577527 -0.3322364 -0.7460494 0.5773702 -0.3317439 -0.6343468 0.6699657 -0.3856814 -0.005540505 -0.8276159 0.5612676 0.006185909 -0.9391785 -0.3433736 -0.005111608 -0.7675201 0.6410046 -0.006429477 -0.7965604 0.6045247 -0.006473219 -0.8228326 0.568247 -0.008580906 -0.7624205 0.647025 0.001270256 -0.9356406 -0.3529518 0.7054316 -0.569618 0.421784 0.8638984 -0.5036196 0.0068531 0.8894261 -0.4461028 -0.099566 0.7633992 -0.5730808 0.2979934 0.6284667 -0.6198565 0.4699015 0.2219651 -0.679848 0.6989551 0.3213634 -0.7181171 0.6172791 0.2624137 -0.7748396 0.5751196 0.4704298 -0.7176902 0.5134361 0.1723119 -0.8294166 0.5313913 -0.04298113 -0.8360597 0.5469522 0.2304699 -0.8119171 0.5363528 -0.2222316 -0.9282309 0.2983294 0.0283334 -0.900478 0.4339777 -0.01170393 -0.9132433 0.4072465 -0.0576458 -0.9605324 0.2721298 -0.04932318 -0.9559036 0.2895089 -0.1803778 -0.9812421 0.06802731 -0.005471612 -0.9719751 0.2350202 -0.006311645 -0.9765793 0.2150652 0.04553656 -0.9621515 0.2686837 -0.005858791 -0.9997473 -0.02170476 0.03983611 -0.9586871 0.2816595 0.1650689 -0.9836278 0.07230964 -0.0330562 -0.9067054 0.4204672 0.1994098 -0.9343823 0.2952382 -0.0009027827 -0.9169616 0.3989746 -0.1806064 -0.8371329 0.5163235 -0.2287462 -0.8225061 0.5207292 0.02507253 -0.8476322 0.5299914 -0.2557687 -0.7875757 0.5606309 -0.3225249 -0.7355292 0.5957975 -0.4697741 -0.7309243 0.4950373 -0.7530373 -0.5943363 0.2823103 -0.194958 -0.6915852 0.6954863 -0.5852199 -0.645695 0.4905056 -0.6924918 -0.5928506 0.4110756 -0.874846 -0.4726006 -0.1062693 -0.8480555 -0.5298645 0.006747331 -9.592082E-06 -0.2416727 0.9703578 0 0 1 -4.013968E-05 -0.4730328 0.8810449 0 0 1 0 -0.445881 0.8950923 -1.136182E-05 0.2416638 0.97036 2.650355E-05 -0.4730294 0.8810467 2.277496E-05 0.4730272 0.8810478 -1.536473E-07 -0.2416688 0.9703588 0 0.4458791 0.8950932 0 0 1 -9.119181E-06 0.4730238 0.8810496 9.839233E-06 0.2416644 0.9703599 -0.214143 -0.9262061 -0.3102985 -0.5943989 -0.4262431 -0.6819141 -0.1966481 -0.9509349 -0.2388562 0.1962614 -0.9627116 0.1861926 -0.4240648 -0.5269026 -0.7365749 0.2102571 -0.9445053 0.2523921 0.6172599 -0.4790746 0.6240816 0.422915 -0.5159328 0.7449539 0.1055934 -0.9442087 0.3119612 0.001252988 -0.4924896 0.8703175 -0.1553568 -0.9262177 -0.3434893 -0.001650852 -0.4458785 -0.895092 0.02320284 -0.9643731 0.2635265 0.02106169 -0.9563749 -0.2913822 -0.1097642 -0.9443748 0.3100129 -0.4294445 -0.5159423 0.7412023 0.1453342 -0.9261242 -0.3480976 0.4241385 -0.5269026 -0.7365326 0.2209965 -0.926199 -0.3054764 0.7739521 -0.4458595 -0.4496748 -0.2215896 -0.9439994 0.2444651 -0.7554204 -0.4924896 0.4321967 -0.2296378 -0.9646318 0.1294293 0.2511309 -0.956583 -0.147926 0.3745658 -0.9261792 -0.04350403 0.8498858 -0.5269588 -0.002945262 -0.3229932 -0.9442333 0.06402288 -0.8565899 -0.5159665 -0.005681504 -0.3221738 -0.9438435 -0.07323533 -0.7499462 -0.4924792 -0.441639 0.3751924 -0.9262207 0.03668586 0.777654 -0.4458561 0.4432456 -0.2371441 -0.9644824 -0.116346 0.2434932 -0.9564359 0.1610637 -0.2091245 -0.9445457 -0.2531804 -0.4204951 -0.5159217 -0.7463301 0.2325124 -0.9260403 0.2973 0.4291861 -0.5268977 0.7336063 0.1515392 -0.9261963 0.3452481 0.006333895 -0.445872 0.8950744 -0.1013577 -0.9440197 -0.3139322 0.009849221 -0.4924659 -0.870276 0.006489005 -0.9565673 0.2914392 0.007614639 -0.9646046 -0.2635905 0.1158456 -0.9445811 -0.3071584 0.4364138 -0.5159199 -0.7371362 -0.1410354 -0.9260506 0.3500562 -0.4209465 -0.5268984 0.7383645 -0.2182268 -0.9262099 0.3074286 -0.7735825 -0.4458592 0.4503108 0.2256352 -0.9437743 -0.2416167 0.7585032 -0.4924696 -0.4267862 0.2311666 -0.9646192 -0.1267746 -0.2504493 -0.9565792 0.1491022 -0.3748015 -0.9261997 0.04096059 -0.8498833 -0.5269576 0.00373511 0.323369 -0.9443886 -0.05968752 0.8566027 -0.5159746 -0.001394536 -0.3758933 -0.9262146 -0.02882198 -0.8879668 -0.426134 -0.1729873 -0.3055355 -0.9508565 -0.05020007 0.2590117 -0.9627579 0.07752532 0.3235212 -0.9444471 0.05791134 0.8486054 -0.4792541 0.2240189  
					<SubMeshes>: 1
						<SubMesh>: 0 1566 0 1 2 1 0 3 3 4 1 4 3 5 4 5 6 6 7 4 6 8 7 8 6 9 9 10 8 10 9 11 11 12 10 12 11 13 12 13 14 14 15 12 15 14 16 16 17 15 16 18 17 18 16 19 19 20 18 20 19 21 20 21 22 22 23 20 23 22 24 24 25 23 26 27 28 26 28 29 26 29 30 30 31 26 31 32 26 31 33 32 34 33 31 32 35 26 35 32 36 35 37 26 38 39 40 39 38 41 41 42 39 42 43 39 43 42 44 45 39 43 44 46 43 47 43 46 43 48 45 48 43 49 50 51 52 52 51 53 53 51 54 55 53 54 56 55 54 57 55 56 58 55 57 58 59 55 60 55 59 60 59 61 62 60 61 61 63 62 57 56 64 58 57 65 57 64 65 56 66 64 56 54 67 66 56 67 64 68 65 66 68 64 65 68 69 66 70 68 65 69 71 58 65 71 71 69 72 73 70 66 67 73 66 73 74 70 71 75 58 59 58 75 67 54 76 67 77 73 67 76 77 78 74 73 77 78 73 79 74 78 79 80 74 77 81 78 77 76 81 81 79 78 54 82 76 54 83 82 84 82 83 85 82 84 86 80 79 86 87 80 79 81 88 88 86 79 81 76 89 81 89 88 89 76 90 90 91 89 92 91 90 93 91 92 94 87 86 88 95 86 95 94 86 96 87 94 96 94 95 96 97 87 88 89 98 88 98 95 95 99 96 95 98 99 100 97 96 99 100 96 100 101 97 102 101 100 103 102 100 104 103 100 104 100 99 104 105 103 99 106 104 104 106 105 99 98 106 106 107 105 108 98 89 108 89 109 110 108 109 111 108 110 98 112 106 106 113 107 114 107 113 115 107 114 112 116 106 117 116 112 118 116 117 119 120 121 121 122 119 119 122 123 123 124 119 125 124 123 126 124 125 126 125 127 125 128 127 128 129 127 128 130 129 128 125 131 125 123 131 132 130 128 131 132 128 132 133 130 131 123 134 131 135 132 131 134 135 136 133 132 135 136 132 137 133 136 137 138 133 135 139 136 139 137 136 135 134 139 140 138 137 139 140 137 140 72 138 141 134 123 142 141 123 143 141 142 144 141 143 139 134 145 146 145 134 146 147 145 148 147 146 149 147 148 150 72 140 71 72 150 71 150 151 151 150 140 151 75 71 140 139 152 152 151 140 139 145 152 151 153 75 152 153 151 152 145 153 59 75 153 145 154 153 145 155 154 156 154 155 157 154 156 59 153 158 158 159 59 160 159 158 158 161 160 162 163 164 162 164 165 164 166 165 162 165 167 167 168 162 168 169 162 168 167 170 165 171 167 171 165 172 171 173 167 174 175 176 177 175 174 174 178 177 177 178 179 178 180 179 178 181 180 181 182 180 181 183 182 181 184 183 184 185 183 182 186 180 186 187 180 187 188 180 187 189 188 190 191 192 191 190 193 191 193 194 191 194 195 194 193 196 193 197 196 194 198 195 198 194 196 198 199 195 197 200 196 196 200 198 201 200 197 198 200 201 197 202 201 199 198 203 203 198 201 199 203 204 202 205 201 203 201 205 205 202 206 206 207 205 204 203 208 203 205 208 207 209 205 208 205 209 207 210 209 210 211 209 211 208 209 211 212 208 208 212 204 212 213 204 213 212 214 214 215 213 215 214 216 216 214 217 215 216 218 219 215 218 220 216 217 221 220 217 220 221 222 216 220 223 222 223 220 218 216 223 223 222 224 224 225 223 225 226 223 218 223 226 226 225 227 219 218 228 218 226 228 228 229 219 227 230 226 228 226 230 231 230 227 228 230 231 232 231 227 229 228 233 231 233 228 232 233 231 233 234 229 232 234 233 232 235 234 234 235 236 237 238 239 237 240 238 237 241 240 237 242 241 237 243 242 244 243 237 244 245 243 244 246 245 247 246 244 248 247 244 248 244 249 250 248 249 250 249 251 252 250 251 251 253 252 251 254 253 251 255 254 256 255 251 251 257 256 251 258 257 259 257 258 260 257 259 261 260 259 262 263 264 262 265 263 266 263 265 265 267 266 267 268 266 268 269 266 267 270 268 269 268 271 267 272 270 271 273 269 273 271 274 274 275 273 275 274 276 272 277 270 272 278 277 277 278 279 279 280 277 276 281 275 279 282 280 283 280 282 276 284 281 283 282 285 285 286 283 287 286 285 287 285 288 289 287 288 289 288 290 291 289 290 291 290 292 292 293 291 293 292 294 295 285 282 296 293 294 296 297 293 294 298 296 294 299 298 297 296 300 301 297 300 300 302 301 302 303 301 302 304 303 304 284 303 304 305 284 305 281 284 281 305 306 307 281 306 307 308 281 308 309 281 306 310 307 306 311 310 307 310 312 312 313 307 307 313 314 314 315 307 316 317 318 318 319 316 316 319 320 320 321 316 321 295 316 321 322 295 282 316 295 282 323 316 282 324 323 325 326 327 325 327 328 325 328 329 329 328 330 329 330 331 332 333 334 334 335 332 336 335 334 336 337 335 338 332 335 339 335 337 335 340 338 335 339 340 341 338 340 339 341 340 341 342 338 341 339 343 344 342 341 345 341 343 341 346 344 341 345 346 347 344 346 345 347 346 347 345 348 347 349 344 350 347 348 351 349 347 350 351 347 350 352 351 351 353 349 352 353 351 350 354 352 352 355 353 354 356 352 357 355 352 352 356 358 352 358 357 356 359 358 359 357 358 359 356 360 359 361 357 362 359 360 363 361 359 359 362 364 359 364 363 362 365 364 365 363 364 366 365 362 365 366 367 365 368 363 369 365 367 368 365 369 369 370 368 371 372 373 374 372 371 373 372 375 376 372 374 375 372 377 378 372 376 377 372 379 380 372 378 379 372 381 382 372 380 381 372 383 383 372 382 384 385 386 384 386 387 384 388 385 387 389 384 387 390 389 389 390 391 389 391 392 384 389 392 392 391 393 394 388 384 392 394 384 394 395 388 392 393 396 392 396 394 397 395 394 396 397 394 396 393 398 396 398 397 398 393 399 400 395 397 398 400 397 400 401 395 402 401 400 398 402 400 402 403 401 398 399 404 402 398 404 404 399 405 404 406 402 404 405 406 407 403 402 406 407 402 408 403 407 408 407 406 408 409 403 406 405 410 406 410 408 411 410 405 411 412 410 408 410 412 412 411 413 414 409 408 412 414 408 414 415 409 412 413 416 412 416 414 417 415 414 416 417 414 416 413 418 416 418 417 418 413 419 420 415 417 418 420 417 420 421 415 422 421 420 418 422 420 422 423 421 418 419 424 422 418 424 424 419 425 426 423 422 426 422 424 424 425 427 424 427 426 427 425 428 427 428 426 428 425 429 430 423 426 428 430 426 430 431 423 432 431 430 428 432 430 432 433 431 428 429 434 432 428 434 434 429 435 434 436 432 434 435 436 437 433 432 436 437 432 438 433 437 438 437 436 438 439 433 436 435 440 436 440 438 440 435 441 442 439 438 440 442 438 442 443 439 444 443 442 445 444 442 440 441 446 446 442 440 446 445 442 446 441 447 446 447 445  
				</Mesh>
				<Materials>: 1
					<Material>: 0
						<AlbedoColor>: 1 1 1 1
						<EmissiveColor>: 0 0 0 1
						<Glossiness>: 0.5
						<Metallic>: 0
						<SpecularHighlight>: 1
						<GlossyReflection>: 1
						<AlbedoMap>: @FlashBang_Base_color
						<MetallicMap>: @FlashBang_Metallic
						<NormalMap>: @FlashBang_Normal
						<EmissionMap>: null
						<DetailAlbedoMap>: null
						<DetailNormalMap>: null
				</Materials>
				<Children>: 0
			</Frame>
	</Frame>
</Hierarchy>
