<Hierarchy>:
	<Frame>: 0 3 Grenade
		<Transform>: -1.213871 0.04578256 1.822656 0 0 0 1 1 1 0 0 0 1  
		<TransformMatrix>: 1 0 0 0 0 1 0 0 0 0 1 0 -1.213871 0.04578256 1.822656 1  
		<Children>: 5
			<Frame>: 1 0 Grenade00
				<Transform>: -0.01728599 0.078558 -0.02962799 270 0 0 1 1 1 -0.7071068 0 0 0.7071068  
				<TransformMatrix>: 1 0 0 0 0 -1.192093E-07 -1 0 0 1 -1.192093E-07 0 -0.01728599 0.078558 -0.02962799 1  
				<Mesh>: 225 Grenade00
					<Bounds>: -0.0004525047 -9.199046E-05 -0.01948201 0.003766496 0.021198 0.02120099
					<Positions>: 225 0.00182399 0.017674 -0.01934299 0.0003330004 0.01853301 -0.01939899 0.001769 0.01679301 -0.02496901 0.0002770102 0.017616 -0.02521801 0.0003330004 0.020249 -0.019534 0.001694001 0.01426701 -0.02992102 0.0002730012 0.01925798 -0.025752 0.00182399 0.02110601 -0.01961399 0.0001980007 0.01497 -0.03040602 0.0001860106 0.016366 -0.03142102 0.0001070011 0.01084898 -0.03452 0.00160701 0.010333 -0.03385 0.001760991 0.020077 -0.026037 8.701086E-05 0.011863 -0.03591701 7.990599E-06 0.00565999 -0.03715701 0.001512011 0.00537601 -0.03636801 0.001671001 0.01705901 -0.03195199 -2.100944E-05 0.00619199 -0.03880002 -9.898901E-05 -8.898973E-05 -0.03806002 0.001411011 -0.0001159906 -0.03723102 0.001303 -0.005606 -0.03635201 -0.0001379895 -9.099006E-05 -0.03978603 0.001333001 -0.0001200008 -0.04068301 0.001454011 0.006439979 -0.039653 0.001568 0.01236001 -0.036644 0.003167001 0.01635601 -0.031468 -0.0002109992 -0.005832 -0.03714 0.001191001 -0.010555 -0.033818 -0.0002600098 -0.006367001 -0.03878101 0.003068001 0.011844 -0.03597401 0.003254001 0.01925399 -0.02578801 0.00295899 0.006157009 -0.03886402 -0.0003279888 -0.01100701 -0.034491 -0.0003890097 -0.012023 -0.035885 -0.0004500091 -0.015107 -0.030373 0.001074991 -0.01447699 -0.02987699 0.001205001 -0.006677 -0.03963302 -0.0005219996 -0.01650401 -0.03138399 -0.0005760097 -0.01773 -0.025191 0.0009539902 -0.01698901 -0.02491701 0.00106999 -0.01258699 -0.03660703 -0.0006600094 -0.019371 -0.02572102 -0.0007060099 -0.018622 -0.01945501 0.0008300102 -0.01784299 -0.01942201 0.0007020009 -0.016955 -0.013933 -0.0008019995 -0.02034499 -0.01945202 0.000638001 -0.02128999 -0.01941602 0.0007870102 -0.020271 -0.02597702 0.0009310209 -0.017271 -0.03190102 0.002589991 -0.012135 -0.03593399 -0.0008400094 -0.01769599 -0.01372801 0.0005710006 -0.014414 -0.008987016 -0.0009479892 -0.019334 -0.01319201 0.00245599 -0.016642 -0.031406 0.002719 -0.00645 -0.038844 0.00231701 -0.01952899 -0.025703 0.002842001 -0.0001470017 -0.039854 -0.001097 -0.01643699 -0.007555008 0.0004860103 -0.020231 -0.01286201 -0.0009760094 -0.015045 -0.008570008 -0.001115999 -0.01093199 -0.004487996 0.0004370105 -0.01046599 -0.005069995 -0.001249999 -0.011941 -0.003092995 -0.001257989 -0.005761001 -0.001880007 0.0003000009 -0.005501001 -0.002565007 0.0003289902 -0.017196 -0.006957016 -0.001404999 -0.006289 -0.0002430058 -0.00140299 -3.998995E-05 -0.0009990073 0.000160991 -4.000663E-06 -0.001719008 1.900077E-05 0.00548599 -0.002615018 -0.001564 -3.600121E-05 0.000720005 -0.0001609993 3.988743E-06 0.001718979 5.990267E-06 -0.006556999 0.0007089853 0.0001690006 -0.01248401 -0.002281017 0.001876011 -0.016564 -0.007373996 -0.001551009 0.005668988 -0.001931019 -0.0001259994 0.01043001 -0.005164995 -0.00172501 0.006203999 -0.0002990055 0.00172201 -0.012018 -0.002862005 0.002027011 -0.01949 -0.01306801 0.001564001 -0.006297002 2.298355E-05 0.002174001 -0.020511 -0.01938401 -0.001701009 0.01080801 -0.004581017 -0.00189001 0.01181899 -0.003195004 -0.001853999 0.01487101 -0.008689008 -0.0002729893 0.014343 -0.009119997 -0.0003299987 0.00655498 0.000649004 -0.00205601 0.01626101 -0.007683997 -0.002007989 0.01746401 -0.01384802 -0.0004219997 0.016841 -0.01409101 -0.0005029988 0.01245399 -0.002393007 -0.002224989 0.01909401 -0.01332301 -0.002164999 0.018333 -0.01955301 -0.000572989 0.01767901 -0.01959201 -0.0007259988 0.01677399 -0.02508303 -0.002397 0.02004399 -0.01955699 -0.00103601 0.0211 -0.0196 -0.0008560097 0.020101 -0.01304101 -0.0006779897 0.017121 -0.007111015 0.001072991 0.01207601 -0.002976994 -0.002324009 0.01739601 -0.025243 -0.0008809995 0.01421501 -0.03002601 -0.00257 0.01901899 -0.025775 0.0009030008 0.016593 -0.007542019 0.001239001 0.006371999 -3.499508E-05 0.0007310009 0.01947801 -0.01328401 0.001403 4.000902E-05 0.0009990025 -0.002485009 0.01474601 -0.03036102 -0.002746 0.016124 -0.031367 -0.002646999 0.01064501 -0.034406 -0.00103799 0.01025201 -0.03393501 -0.001219009 0.02002201 -0.02614703 -0.002924008 0.01164399 -0.035787 -0.002811999 0.00549901 -0.03698201 -0.001197 0.005274 -0.03642701 -0.001403999 0.016971 -0.03203901 -0.003102989 0.00602 -0.03860201 -0.002977989 -0.0001889896 -0.03783999 -0.001357989 -0.0002319908 -0.03725701 -0.001521009 -0.005725 -0.03634401 -0.003285 -0.0001929998 -0.03953899 -0.001972989 -0.0002399897 -0.04065502 -0.001780999 0.006317999 -0.039666 -0.00159099 0.01224899 -0.036697 0.0001990008 0.01644101 -0.03170301 -0.003146 -0.00585999 -0.03689701 -0.001684999 -0.01066799 -0.03377501 -0.003467989 -0.00638802 -0.038509 1.80006E-05 0.011856 -0.036226 0.0003789902 0.01940001 -0.02598801 -0.0001669991 0.006092999 -0.039111 0.0005560005 0.02044601 -0.01964001 -0.003314998 -0.010957 -0.03424799 -0.00365401 -0.011955 -0.035615 -0.003485999 -0.01498301 -0.030155 -0.001851009 -0.014574 -0.02980301 -0.002165999 -0.006781001 -0.03956699 -0.003840999 -0.01635201 -0.031145 -0.003658979 -0.01754299 -0.02502102 -0.002018999 -0.01706099 -0.02481699 -0.00383301 -0.018389 -0.01934999 -0.002187999 -0.01788301 -0.01930499 -0.004219 -0.02007199 -0.01934701 -0.004029009 -0.019148 -0.02553901 -0.002362009 -0.01266401 -0.03650999 -0.002559999 -0.01731199 -0.03178303 -0.0007319999 -0.012375 -0.03603701 -0.0005409896 -0.006647 -0.039014 -0.000352999 -0.0002819896 -0.04007201 -0.002960999 -0.02124801 -0.019298 -0.002759008 -0.02026999 -0.02585201 -0.0009249997 -0.01690401 -0.03143202 -0.0009289992 -0.01905999 -0.01925601 -0.00383301 -0.018389 -0.01934999 -0.002187999 -0.01788301 -0.01930499 -0.00131601 -0.02074199 -0.01925202 -0.001119 -0.019788 -0.025648 -0.00131601 -0.02074199 -0.01925202 -0.0007490098 -0.01818301 -0.02512999 -0.0009289992 -0.01905999 -0.01925601 -0.0005699897 -0.015535 -0.03044201 -0.002018999 -0.01706099 -0.02481699 -0.002187999 -0.01788301 -0.01930499 -0.001851009 -0.014574 -0.02980301 -0.0003939795 -0.011377 -0.03467 -0.001684999 -0.01066799 -0.03377501 -0.0002189791 -0.006119001 -0.03740202 -0.001521009 -0.005725 -0.03634401 -4.599929E-05 -0.0002789903 -0.03837301 -0.001357989 -0.0002319908 -0.03725701 -0.001197 0.005274 -0.03642701 0.0001250005 0.00557101 -0.037491 -0.00103799 0.01025201 -0.03393501 0.0002939904 0.01085699 -0.03484499 0.0004609906 0.015062 -0.03069702 -0.0008809995 0.01421501 -0.03002601 0.0006250012 0.017776 -0.02545602 -0.0007259988 0.01677399 -0.02508303 0.0007880008 0.018735 -0.01963601 -0.000572989 0.01767901 -0.01959201 -0.0004219997 0.016841 -0.01409101 0.0009480011 0.017848 -0.01381001 -0.0002729893 0.014343 -0.009119997 0.001106011 0.01520301 -0.008547015 0.00126101 0.011064 -0.004363017 -0.0001259994 0.01043001 -0.005164995 0.00141399 0.005837 -0.001667027 1.900077E-05 0.00548599 -0.002615018 0.001564001 3.600836E-05 -0.000720005 0.000160991 -4.000663E-06 -0.001719008 0.0003000009 -0.005501001 -0.002565007 0.001711011 -0.005768991 -0.001614008 0.0004370105 -0.01046599 -0.005069995 0.001856011 -0.01100901 -0.004257007 0.00199699 -0.01517299 -0.008389025 0.0005710006 -0.014414 -0.008987016 0.002134991 -0.01785299 -0.01360302 0.0007020009 -0.016955 -0.013933 0.002270001 -0.01878801 -0.01938702 0.0008300102 -0.01784299 -0.01942201 0.0009539902 -0.01698901 -0.02491701 0.002401 -0.01788801 -0.025173 0.001074991 -0.01447699 -0.02987699 0.002528001 -0.01524499 -0.030394 0.00264999 -0.01111801 -0.03453901 0.001191001 -0.010555 -0.033818 0.002768 -0.005914991 -0.03720402 0.001303 -0.005606 -0.03635201 0.002881001 -0.0001450205 -0.03812701 0.001411011 -0.0001159906 -0.03723102 0.001512011 0.00537601 -0.03636801 0.002988001 0.005624978 -0.03722201 0.00160701 0.010333 -0.03385 0.003088001 0.01082999 -0.034577 0.003179 0.01496 -0.030453 0.001694001 0.01426701 -0.02992102 0.003258001 0.01761199 -0.025254 0.001769 0.01679301 -0.02496901 0.003313991 0.018531 -0.01942301 0.00182399 0.017674 -0.01934299 0.003313991 0.02024699 -0.019558 0.00182399 0.017674 -0.01934299 0.003313991 0.018531 -0.01942301 0.0003330004 0.01853301 -0.01939899 0.0003330004 0.020249 -0.019534  
					<Colors>: 0  
					<TextureCoords0>: 225 0.868371 0.34543 0.87427 0.34543 0.868371 0.366127 0.87427 0.366127 0.880183 0.34543 0.868371 0.386759 0.880183 0.366127 0.886085 0.34543 0.87427 0.386759 0.880183 0.386759 0.87427 0.407392 0.868371 0.407392 0.886085 0.366127 0.880183 0.407392 0.87427 0.428026 0.868371 0.428026 0.886085 0.386759 0.880183 0.428026 0.87427 0.44866 0.868371 0.44866 0.868371 0.469295 0.880183 0.44866 0.886085 0.44866 0.886085 0.428026 0.886085 0.407392 0.891983 0.386759 0.87427 0.469295 0.868371 0.48993 0.880183 0.469295 0.891983 0.407392 0.891983 0.366127 0.891983 0.428026 0.87427 0.48993 0.880183 0.48993 0.87427 0.510565 0.868371 0.510565 0.886085 0.469295 0.880183 0.510565 0.87427 0.5312 0.868371 0.5312 0.886085 0.48993 0.880183 0.5312 0.87427 0.551836 0.868371 0.551836 0.868371 0.572472 0.880183 0.551836 0.886085 0.551836 0.886085 0.5312 0.886085 0.510565 0.891983 0.48993 0.87427 0.572472 0.868371 0.59311 0.880183 0.572472 0.891983 0.510565 0.891983 0.469295 0.891983 0.5312 0.891983 0.44866 0.880183 0.59311 0.886085 0.572472 0.87427 0.59311 0.87427 0.613747 0.868371 0.613747 0.880183 0.613747 0.87427 0.634383 0.868371 0.634383 0.886085 0.59311 0.880183 0.634383 0.87427 0.655022 0.868371 0.655022 0.868371 0.67566 0.880183 0.655022 0.886085 0.655022 0.886085 0.634383 0.886085 0.613747 0.891983 0.59311 0.87427 0.67566 0.868371 0.696299 0.880183 0.67566 0.891983 0.613747 0.891983 0.572472 0.891983 0.634383 0.891983 0.551836 0.87427 0.696299 0.880183 0.696299 0.87427 0.716938 0.868371 0.716938 0.886085 0.67566 0.880183 0.716938 0.87427 0.737579 0.868371 0.737579 0.886085 0.696299 0.880183 0.737579 0.87427 0.758218 0.868371 0.758218 0.868371 0.77886 0.880183 0.758218 0.886085 0.758218 0.886085 0.737579 0.886085 0.716938 0.891983 0.696299 0.87427 0.77886 0.868371 0.799501 0.880183 0.77886 0.891983 0.716938 0.891983 0.67566 0.891983 0.737579 0.891983 0.655022 0.87427 0.799501 0.880183 0.799501 0.87427 0.820144 0.868371 0.820144 0.886085 0.77886 0.880183 0.820144 0.87427 0.840786 0.868371 0.840786 0.886085 0.799501 0.880183 0.840786 0.87427 0.861428 0.868371 0.861428 0.868371 0.882072 0.880183 0.861428 0.886085 0.861428 0.886085 0.840786 0.886085 0.820144 0.891983 0.799501 0.87427 0.882072 0.868371 0.902717 0.880183 0.882072 0.891983 0.820144 0.891983 0.77886 0.891983 0.840786 0.891983 0.758218 0.87427 0.902717 0.880183 0.902717 0.87427 0.923363 0.868371 0.923363 0.886085 0.882072 0.880183 0.923363 0.87427 0.944008 0.868371 0.944008 0.87427 0.964655 0.868371 0.964655 0.880183 0.964655 0.880183 0.944008 0.886085 0.902717 0.886085 0.923363 0.891983 0.902717 0.891983 0.882072 0.891983 0.861428 0.886085 0.964655 0.886085 0.944008 0.891983 0.923363 0.886052 0.974884 0.877212 0.969769 0.880147 0.974884 0.889019 0.969771 0.891983 0.944008 0.891983 0.964655 0.897896 0.944008 0.897896 0.964655 0.897896 0.923363 0.903798 0.944008 0.903798 0.964655 0.903798 0.923363 0.897896 0.902717 0.903798 0.902717 0.897896 0.882072 0.903798 0.882072 0.897896 0.861428 0.903798 0.861428 0.903798 0.840786 0.897896 0.840786 0.903798 0.820144 0.897896 0.820144 0.897896 0.799501 0.903798 0.799501 0.897896 0.77886 0.903798 0.77886 0.897896 0.758218 0.903798 0.758218 0.903798 0.737579 0.897896 0.737579 0.903798 0.716938 0.897896 0.716938 0.897896 0.696299 0.903798 0.696299 0.897896 0.67566 0.903798 0.67566 0.897896 0.655022 0.903798 0.655022 0.903798 0.634383 0.897896 0.634383 0.903798 0.613747 0.897896 0.613747 0.897896 0.59311 0.903798 0.59311 0.897896 0.572472 0.903798 0.572472 0.897896 0.551836 0.903798 0.551836 0.903798 0.5312 0.897896 0.5312 0.903798 0.510565 0.897896 0.510565 0.897896 0.48993 0.903798 0.48993 0.897896 0.469295 0.903798 0.469295 0.897896 0.44866 0.903798 0.44866 0.903798 0.428026 0.897896 0.428026 0.903798 0.407392 0.897896 0.407392 0.897896 0.386759 0.903798 0.386759 0.897896 0.366127 0.903798 0.366127 0.897896 0.34543 0.903798 0.34543 0.891982 0.34543 0.891986 0.335219 0.894931 0.340325 0.886089 0.335217 0.883139 0.340322  
					<TextureCoords1>: 0  
					<Normals>: 225 0.005537581 -0.71693 0.6971232 -0.6793693 -0.3256314 0.6575876 0.003130082 -0.9511837 0.3086093 -0.8867853 -0.4362922 0.1525157 -0.6820947 0.4632401 0.5658228 0.007256322 -0.8087386 0.5881234 -0.8460498 0.5098337 -0.1557868 0.005110751 0.8579632 0.5136858 -0.8845584 -0.3693327 0.284868 -0.8480603 0.4357431 -0.3015321 -0.8821898 -0.2645004 0.3895902 0.0123795 -0.5871673 0.8093709 -0.001742279 0.9507604 -0.3099222 -0.8505486 0.3199982 -0.4173346 -0.879608 -0.1314052 0.4571897 0.0180126 -0.3080898 0.9511867 -0.006024398 0.8086874 -0.5882077 -0.8532369 0.1750624 -0.4912637 -0.8767877 0.01742518 0.4805619 0.02414064 0.001023492 0.999708 0.03045232 0.310023 0.9502412 -0.8561797 0.01548255 -0.5164462 -0.02141454 -0.001129713 -0.9997701 -0.01597997 0.3081124 -0.9512157 -0.01073506 0.587185 -0.8093816 0.8412592 0.4297622 -0.328005 -0.8737194 0.1676576 0.4566239 0.03703479 0.5885044 0.8076452 -0.8592396 -0.1425359 -0.4913153 0.8386208 0.3084826 -0.4489473 0.8439067 0.5069023 -0.1757029 0.8357863 0.1547563 -0.5267939 -0.8705434 0.3045393 0.386536 -0.8624617 -0.2836509 -0.4191681 -0.8672087 0.4142458 0.2763142 0.04400054 0.8091096 0.5860081 -0.0272556 -0.310165 -0.9502919 -0.8656446 -0.3945328 -0.308226 -0.8636196 0.4854507 0.13601 0.05122433 0.9502866 0.3071343 -0.03351803 -0.5886029 -0.8077272 -0.8689489 -0.464791 -0.1699915 -0.8599639 0.5099091 -0.02132815 0.05881434 0.9982674 -0.001719385 0.06651808 0.9483923 -0.3100442 -0.8723043 -0.4886108 -0.0185654 -0.05288412 -0.998599 0.001848782 -0.04617117 -0.9505735 -0.3070473 -0.03974585 -0.8092819 -0.5860742 0.8259279 -0.3461029 -0.4450347 -0.8561541 0.4842237 -0.1803538 0.07427218 0.8056999 -0.5876489 -0.8756395 -0.4648512 0.1310297 0.8222215 -0.4714546 -0.3188766 0.8295135 -0.1892238 -0.5254538 0.8184208 -0.5522977 -0.1586029 0.8327308 -0.01667894 -0.5534269 -0.8790762 -0.3967618 0.2642066 -0.05965442 -0.9487708 0.3102828 -0.8521631 0.4097306 -0.3254827 -0.8480881 0.2925433 -0.441775 0.08215375 0.5842538 -0.8074021 -0.8826 -0.2921497 0.3683286 -0.843828 0.1433633 -0.5171086 0.09029265 0.3059624 -0.9477522 -0.0668168 -0.8060103 0.5881181 -0.8861691 -0.162371 0.4339814 -0.8394663 -0.0239829 -0.5428823 0.09866426 -0.001969213 -0.9951189 0.1070896 -0.3091469 -0.9449656 -0.8897076 -0.02069646 0.4560615 -0.08914237 0.002271424 0.9960163 -0.08156675 -0.30594 0.9485503 -0.07416851 -0.5844794 0.8080117 0.8061137 -0.4657371 0.3650613 -0.834933 -0.1931501 -0.5153444 0.1155488 -0.5855164 -0.8023833 -0.8932385 0.1186867 0.4336337 0.8016868 -0.3332049 0.4962587 0.8104261 -0.5503134 0.2009097 0.797214 -0.1649471 0.5807257 0.8144956 -0.5798095 0.02043804 -0.8303013 -0.3474214 -0.4357728 -0.8967978 0.2423312 0.3701748 -0.8254832 -0.4710415 -0.3109621 0.1242065 -0.8039838 -0.5815347 -0.09676144 0.3097478 0.9458824 -0.9003023 0.3388843 0.2731542 -0.8205686 -0.550971 -0.1519807 0.1330127 -0.9432232 -0.3043644 -0.1046341 0.5864658 0.8031871 -0.9038558 0.3994754 0.1531802 -0.8154994 -0.5781678 0.02612858 0.1419378 -0.9898734 0.002045772 0.1509966 -0.9395224 0.3074046 -0.9074109 0.4196377 0.02257648 -0.1285638 0.9916983 -0.002409655 -0.120552 0.9448714 0.3044427 -0.1125741 0.8052973 0.5820854 0.7828163 0.3848328 0.4889809 -0.8103942 -0.5484594 0.2060423 0.1602032 -0.797358 0.5818549 -0.9109237 0.3988598 -0.1054936 0.7776993 0.5225245 0.3495024 0.7877191 0.2125865 0.5781918 0.772543 0.6110709 0.1725395 0.7925182 0.0230679 0.6094118 -0.8050275 -0.4636628 0.3700641 -0.9144068 0.340649 -0.2186745 -0.7994825 -0.3307139 0.501454 0.1695141 -0.5776671 0.7984771 -0.1367924 0.9413628 -0.3084216 -0.9178592 0.2519817 -0.3066589 -0.7939513 -0.161526 0.5861319 0.1789102 -0.3021758 0.9363124 -0.1450602 0.7989654 -0.5836195 -0.9212955 0.1427314 -0.3617215 -0.7882437 0.02782421 0.6147338 0.1883284 0.001854117 0.9821044 0.1978455 0.3045746 0.9317142 -0.9247069 0.02431842 -0.3799025 -0.1705811 -0.002468471 -0.9853405 -0.1619441 0.302621 -0.9392522 -0.1533715 0.578815 -0.8009059 0.7563874 0.5136346 -0.4050404 -0.7823512 0.2190864 0.5830332 0.2075146 0.5764362 0.7903537 -0.9280663 -0.09139227 -0.3610272 0.7507868 0.36679 -0.549349 0.7619436 0.6075829 -0.2242433 0.7449552 0.1807403 -0.6421641 0.7673178 0.6407742 -0.02513457 -0.7762176 0.3932455 0.4927923 -0.9314756 -0.1930871 -0.3083354 -0.7700809 0.5324842 0.3513345 0.2170549 0.7907392 0.5723798 -0.1791807 -0.306309 -0.9349166 -0.9347398 -0.2718669 -0.2288011 -0.763867 0.6221447 0.1715899 0.2267021 0.9268003 0.299412 -0.5965098 0.502424 0.6258963 0.1560247 0.7304454 0.6649103 -0.7780117 -0.2668731 0.5687501 -0.9379348 -0.321005 -0.1312792 -0.1879509 -0.5792453 -0.7931893 -0.1967371 -0.7946059 -0.5743657 0.7268375 -0.4256066 -0.5390419 0.7330873 -0.2357996 -0.6379511 0.7390886 -0.02675291 -0.6730769 -0.1957998 -0.8096993 0.5532172 -0.2055004 -0.9314769 -0.3002006 0.7204661 -0.5768874 -0.3848759 0.7377627 0.1975738 0.6455004 -0.5965098 0.502424 0.6258963 0.1560247 0.7304454 0.6649103 0.5649911 -0.5758584 0.5909078 0.7141449 -0.673861 -0.1894952 0.5649911 -0.5758584 0.5909078 0.9665355 0.2341352 0.1048325 0.7377627 0.1975738 0.6455004 0.9641027 0.1978428 0.1770988 0.2267021 0.9268003 0.299412 0.1560247 0.7304454 0.6649103 0.2170549 0.7907392 0.5723798 0.9615417 0.139106 0.236827 0.2075146 0.5764362 0.7903537 0.9588823 0.06231517 0.2768783 0.1978455 0.3045746 0.9317142 0.9562343 -0.02591198 0.2914523 0.1883284 0.001854117 0.9821044 0.1789102 -0.3021758 0.9363124 0.9535342 -0.1170972 0.2775981 0.1695141 -0.5776671 0.7984771 0.9507567 -0.201966 0.2350988 0.9479555 -0.2713838 0.1665268 0.1602032 -0.797358 0.5818549 0.9450966 -0.3174777 0.07746185 0.1509966 -0.9395224 0.3074046 0.9421852 -0.3342267 -0.02407437 0.1419378 -0.9898734 0.002045772 0.1330127 -0.9432232 -0.3043644 0.9392555 -0.3183223 -0.1283361 0.1242065 -0.8039838 -0.5815347 0.936269 -0.2698606 -0.2248903 0.9333318 -0.1920706 -0.3033162 0.1155488 -0.5855164 -0.8023833 0.9303814 -0.09168504 -0.3549427 0.1070896 -0.3091469 -0.9449656 0.9273884 0.02208282 -0.3734477 0.09866426 -0.001969213 -0.9951189 0.09029265 0.3059624 -0.9477522 0.9243085 0.1383826 -0.3556739 0.08215375 0.5842538 -0.8074021 0.9212925 0.2453764 -0.3016793 0.9183066 0.3319851 -0.2156358 0.07427218 0.8056999 -0.5876489 0.9153424 0.3887403 -0.10502 0.06651808 0.9483923 -0.3100442 0.9123738 0.4088821 0.0197391 0.05881434 0.9982674 -0.001719385 0.05122433 0.9502866 0.3071343 0.9093903 0.3892333 0.1466518 0.04400054 0.8091096 0.5860081 0.9064803 0.3303616 0.2629732 0.9035368 0.2371798 0.3568853 0.03703479 0.5885044 0.8076452 0.9007803 0.1177088 0.4180186 0.03045232 0.310023 0.9502412 0.8980986 -0.01645735 0.4394859 0.02414064 0.001023492 0.999708 0.0180126 -0.3080898 0.9511867 0.8955916 -0.1521375 0.4180549 0.0123795 -0.5871673 0.8093709 0.8931865 -0.2758018 0.3551779 0.8909701 -0.374763 0.2563691 0.007256322 -0.8087386 0.5881234 0.889284 -0.4381117 0.1312707 0.003130082 -0.9511837 0.3086093 0.690278 -0.3266157 0.6456304 0.005537581 -0.71693 0.6971232 0.6924652 0.4623228 0.5538496 0.005537581 -0.71693 0.6971232 0.690278 -0.3266157 0.6456304 -0.6793693 -0.3256314 0.6575876 -0.6820947 0.4632401 0.5658228  
					<Tangents>: 225 -0.936119 0.2414272 0.2557227 -0.4878994 0.8698136 -0.07333667 -0.9997563 0.003767718 0.02175266 -0.4621315 0.8418814 -0.2786938 0.5093837 0.8561437 -0.08686853 -0.999871 0.002560691 0.01585796 0.5330329 0.8042371 -0.262828 0.9920569 -0.06891487 0.1052321 -0.4663515 0.7114649 -0.5256746 0.529885 0.693117 -0.4886827 -0.4706976 0.519204 -0.713352 -0.9999204 -0.005260065 0.01147811 0.9999241 -0.002124379 -0.01213826 0.5258135 0.5033775 -0.6856611 -0.4754656 0.2729771 -0.836311 -0.999828 -0.001345602 0.01849784 0.9997526 -0.007724205 -0.02085893 0.5213231 0.2601826 -0.8127283 -0.4807129 -0.00559018 -0.8768603 -0.9995339 0.01871812 0.02411721 -0.9989781 0.04120417 0.01857093 0.5165399 0.002519294 -0.8562594 0.9995919 -0.0189338 -0.0213893 0.9997217 -0.01158435 -0.02054715 0.9996835 -0.01211679 -0.02204949 0.5401779 -0.6930344 0.4774004 -0.4863227 -0.2813303 -0.8272506 -0.9990945 0.03874124 0.01758431 0.5114831 -0.2573853 -0.8198401 0.5443326 -0.5055016 0.6694551 0.536288 -0.8060491 0.2503597 0.5486224 -0.2734648 0.7900825 -0.4918857 -0.5157933 -0.7014312 0.5060148 -0.5003209 -0.7025867 -0.4976113 -0.7006494 -0.5113446 -0.9989958 0.04059001 0.0189666 0.9994143 -0.02813039 -0.01948303 0.5004423 -0.699968 -0.5095118 -0.5037901 -0.8209063 -0.2689022 -0.9986458 0.05153955 0.007090052 0.999056 -0.04207854 -0.01079429 0.4945322 -0.8287423 -0.2619616 -0.5100964 -0.8601074 0.004121277 -0.9980029 0.05875884 -0.02318238 -0.9971167 0.05180975 -0.05544464 0.48869 -0.8724575 0 0.9983398 -0.05282792 0.02295491 0.9987142 -0.05036663 0.005749573 0.9988392 -0.04815271 -0.001246572 0.5630592 0.4666059 0.6820874 -0.5165483 -0.8110533 0.2745365 -0.9969563 0.04598542 -0.06295543 0.4827752 -0.8348576 0.2644632 0.5685803 0.6549159 0.4977967 0.5576349 0.2286793 0.7979655 0.5740081 0.7730621 0.2699808 0.5530487 -0.02259216 0.8328426 0.4764732 -0.7149968 0.511618 0.9979115 -0.04896659 0.0421285 -0.5229977 -0.6871914 0.5042236 -0.5294461 -0.5006424 0.6848678 -0.996546 0.03830907 -0.07367807 0.4697745 -0.5178275 0.7149591 -0.5361953 -0.2633164 0.8019721 -0.995834 0.01558105 -0.08984342 0.9972768 -0.03550825 0.06463809 0.4628259 -0.265135 0.8458698 -0.5431048 0.00345741 0.8396578 -0.9948052 -0.02537637 -0.0985829 -0.9935329 -0.06934842 -0.08990613 0.45612 0.002077243 0.8899159 0.9956954 0.0256876 0.08905504 0.9964052 -0.003183911 0.0846549 0.9967934 -0.0190502 0.07771696 0.5908949 0.666871 -0.4540112 -0.550137 0.2667735 0.791316 -0.9929544 -0.08945189 -0.07771742 0.4492765 0.2712514 0.8512187 0.5970237 0.4871074 -0.6374082 0.5848117 0.7802601 -0.2217866 0.6029639 0.2649457 -0.7524881 0.5793641 0.8147156 0.02399247 -0.5569865 0.4904652 0.6702312 0.4421097 0.52318 0.7285752 -0.5639753 0.6663226 0.4877973 -0.9921376 -0.1096928 -0.06025224 0.9949051 0.05712394 0.08306997 0.4347643 0.7302411 0.526999 -0.571096 0.7798259 0.2563609 -0.9909902 -0.1314301 -0.0257799 0.9939272 0.08933156 0.06425493 0.4271122 0.8633432 0.2687258 -0.5784158 0.8157384 -0.002451716 -0.9895093 -0.1418288 0.02749135 -0.9877922 -0.1313552 0.08374028 0.4196766 0.9076681 -0.003220001 0.9913201 0.1284467 -0.02803463 0.9924151 0.1221459 0.01387942 0.9931403 0.109827 0.04012902 0.6212869 -0.4396119 -0.6486477 -0.5856392 0.7684944 -0.2577653 -0.9866756 -0.1124016 0.1176312 0.4121334 0.8678751 -0.2773786 0.6278218 -0.6172929 -0.4741194 0.6148968 -0.214313 -0.7589281 0.6341305 -0.7285938 -0.2589009 0.6089248 0.02504048 -0.7928327 -0.5928819 0.650409 -0.4748252 0.4043153 0.7422522 -0.534407 -0.6002162 0.4729462 -0.6450291 -0.9853608 -0.0844308 0.1481064 0.9901088 0.1201278 -0.07248373 0.3962225 0.5363845 -0.7451842 -0.6075134 0.248587 -0.7544084 -0.9836785 -0.03639284 0.1762159 0.9887637 0.09553111 -0.1149794 0.3879201 0.2725889 -0.880462 -0.6149964 -0.00113547 -0.7885292 -0.9816711 0.03011565 0.1881886 -0.9794811 0.09865684 0.1757378 0.3799038 -0.004746703 -0.9250138 0.9849118 -0.03003163 -0.1704316 0.9864846 0.02558563 -0.1618443 0.9876224 0.06284197 -0.1437114 0.6530843 -0.6278889 0.4233634 -0.6225685 -0.2475686 -0.7423733 -0.977771 0.1470236 0.1494928 0.3717959 -0.2832594 -0.8840429 0.6596507 -0.4595883 0.594676 0.6464179 -0.7347514 0.2056318 0.6662033 -0.2518468 0.701959 0.6402454 -0.7677183 -0.02635033 -0.6300933 -0.4570331 -0.6277763 0.3631391 -0.5446898 -0.7559385 -0.6374686 -0.6209889 -0.4560773 -0.9759308 0.1884743 0.1097114 0.9832401 -0.08827181 -0.1595214 0.3546266 -0.7543333 -0.5524683 -0.6448915 -0.7255482 -0.2401972 -0.973722 0.2225257 0.04845433 -0.6585207 -0.7521861 -0.02380222 -0.9691659 -0.01676533 0.2458377 0.3906704 -0.9144872 0.1053082 0.3458407 -0.8940179 -0.2848266 0.981432 -0.142241 -0.1286812 0.9795345 -0.1846908 -0.08000897 0.6856995 0.4050829 0.6047512 0.6788712 0.1965425 0.7074637 0.672531 -0.02718356 0.7395696 0.9546262 -0.2864646 -0.08140486 0.9780568 -0.2062147 -0.02966983 0.6925355 0.5693927 0.4429294 0.4618626 -0.8451095 -0.2692076 0.4257863 -0.4629523 0.7774196 0.845912 -0.4463699 0.2918677 0.4662515 -0.368034 -0.8044629 0.6990224 0.6722352 0.2438598 0.6958895 0.7173569 0.03371876 -0.25429 0.9283555 0.2710952 -0.2593315 0.9657884 0 -0.2630508 0.802552 0.5354573 -0.9734818 0.2252906 0.03971491 -0.845912 0.4463699 -0.2918677 -0.9760859 0.1830096 0.1173198 -0.2722715 0.5961987 0.7552585 -0.9781588 0.1321463 0.160445 -0.2815019 0.3328462 0.8999833 -0.9801562 0.07338735 0.1841418 -0.2907219 0.02859616 0.9563802 -0.9816659 0.03029619 0.188187 -0.9827675 -0.009939538 0.184579 -0.2997617 -0.2762011 0.9131571 -0.9851119 -0.07578332 0.1543099 -0.30821 -0.5360966 0.7858799 -0.3164421 -0.7450418 0.5871772 -0.9870213 -0.1227527 0.1035414 -0.3248842 -0.8872337 0.3275159 -0.9884688 -0.1399225 0.05788789 -0.3335516 -0.942311 0.02816535 -0.9894897 -0.1418244 0.02821292 -0.9901173 -0.1402297 0.001872007 -0.3420083 -0.8994291 -0.2721354 -0.9918997 -0.1163159 -0.05104452 -0.3498741 -0.7736652 -0.5282332 -0.3573783 -0.5776325 -0.7339082 -0.9932535 -0.0760769 -0.0875205 -0.3650104 -0.3215553 -0.8737103 -0.994203 -0.04247143 -0.09877495 -0.372849 -0.02701458 -0.9274988 -0.9947988 -0.02563088 -0.09858181 -0.9950774 -0.0113116 -0.09845303 -0.3806881 0.2683162 -0.8849197 -0.9963161 0.02815185 -0.08100452 -0.3877296 0.5202566 -0.7609196 -0.3945314 0.7227528 -0.567427 -0.9972037 0.05511858 -0.05046461 -0.4014009 0.8601225 -0.3147485 -0.9977563 0.06085841 -0.02790317 -0.4083779 0.9124652 -0.02519811 -0.9980198 0.05876107 -0.02244043 -0.9979882 0.06021141 -0.01985069 -0.4152187 0.8703187 0.2648375 -0.9988022 0.04819531 0.008451337 -0.4213779 0.7477251 0.5131742 -0.4274756 0.5567476 0.7122477 -0.9992993 0.02618746 0.02674122 -0.433305 0.3079129 0.8470162 -0.9995241 0.01412317 0.027424 -0.4390894 0.02299297 0.8981491 -0.9995309 0.01887369 0.02411705 -0.9993141 0.02523762 0.02709852 -0.4444082 -0.262815 0.856405 -0.9997854 0.006179363 0.01977476 -0.4491271 -0.5077423 0.7351751 -0.4534173 -0.7042416 0.5463117 -0.9999735 -0.005494113 0.004782569 -0.457048 -0.8407747 0.2901811 -0.9999943 -0.002562911 0.002243085 -0.4876064 -0.869243 0.08158783 -0.9404004 -0.2407797 -0.2401507 0.5740431 -0.8180844 -0.03482147 0.9359969 -0.2416544 -0.2559554 0.5231116 -0.3911878 -0.7571831 0.6463462 -0.6898225 0.3261617 0.5337469 -0.2135268 0.8182424  
					<BiTangents>: 225 0.3516398 0.6540064 0.6697949 0.548098 0.3706594 0.7498001 0.02185353 0.3086022 0.9509401 0.006808201 0.3176238 0.9481924 0.5246666 -0.2289684 0.8199381 0.01433095 0.5881626 0.8086157 0.008709076 0.305405 0.9521828 -0.1256859 -0.5090678 0.8515005 0.008524746 0.5978386 0.8015712 0.003943104 0.5742097 0.8186988 0.01359493 0.812691 0.5825362 0.002482229 0.8094485 0.5871856 0.01219897 0.3099198 0.9506845 0.009333425 0.8026283 0.5964065 0.01490668 0.9530037 0.3025915 0.004419078 0.9513564 0.308061 0.02141179 0.5881879 0.8084408 0.01445992 0.9495568 0.3132615 0.01259302 0.9998326 -0.01327791 0.01868797 0.9998243 -0.001474882 0.03339648 0.9498357 -0.310961 0.011956 0.999877 0.01015432 0.01890528 0.9998201 -0.001534711 0.01735005 0.9512794 0.3078416 0.02275424 0.8093621 0.5868691 0.02215006 0.5787986 0.8151696 0.01023269 0.9448515 -0.3273395 0.02094074 0.8075652 -0.5894064 0.009600662 0.9557386 -0.2940604 0.02042833 0.8057956 0.5918413 0.01471727 0.3055076 0.9520759 0.02178935 0.9493511 0.3134609 0.01424068 0.8007578 -0.598819 0.01042923 0.8180594 -0.5750392 0.018223 0.5809396 -0.8137427 0.00844002 0.5862542 -0.8100832 0.02068913 0.9502665 -0.3107501 0.01472927 0.5953055 -0.8033645 0.01888734 0.3007497 -0.9535161 0.009091981 0.3070816 -0.9516397 0.02763443 0.8073264 -0.5894576 0.01912175 0.3116975 -0.949989 0.01624302 -0.01442356 -0.9997641 0.02304118 -0.003079407 -0.9997298 0.03651996 -0.3128383 -0.949104 0.01619752 0.009072727 -0.9998277 0.02282508 -0.003059662 -0.9997348 0.02093033 0.3063871 -0.9516768 0.02721224 0.5854434 -0.8102564 0.02841656 0.8139359 -0.5802593 0.01333951 -0.328207 -0.9445117 0.0236999 -0.5905362 -0.8066631 0.0135449 -0.2948323 -0.955453 0.02585118 0.5906062 -0.8065458 0.03083365 0.9549346 -0.2952104 0.02649984 0.3119972 -0.9497133 0.02639403 0.9996056 0.009588921 0.01408361 -0.5756386 -0.817583 0.0247768 -0.3121479 -0.9497104 0.01707306 -0.5999074 -0.7998873 0.02081783 -0.8147243 -0.5794747 0.01211587 -0.8106663 -0.5853831 0.01814441 -0.8040543 -0.5942791 0.02118982 -0.9539976 -0.2990644 0.01272173 -0.9519161 -0.3060946 0.03121592 -0.5908355 -0.806188 0.02228107 -0.9504415 -0.310104 0.01826046 -0.9997064 0.01592761 0.02505838 -0.999676 0.004462724 0.03773767 -0.9484825 0.3145742 0.01936546 -0.9997836 -0.007591931 0.02538299 -0.9996675 0.004551501 0.02287922 -0.9520455 -0.3050999 0.03003118 -0.8111849 -0.5840182 0.03199889 -0.5816975 -0.8127756 0.01536255 -0.944206 0.3289971 0.02626988 -0.8057102 0.5917271 0.01659541 -0.9551629 0.2956154 0.02934379 -0.8072799 -0.5894388 0.03470972 -0.297236 -0.9541729 0.02974005 -0.9500507 -0.3106755 0.03056225 0.007700695 -0.9995032 0.0191213 -0.7992135 0.600743 0.01711157 -0.8170424 0.5763236 0.0225717 -0.5780434 0.8156937 0.01534836 -0.5844463 0.8112872 0.02830179 -0.9491012 0.3136971 0.02087674 -0.5932161 0.8047725 0.02272899 -0.2971573 0.954558 0.01568644 -0.3050512 0.9522068 0.03406664 -0.8050327 0.5922514 0.02489773 -0.3083145 0.9509586 0.01989658 0.01711255 0.9996556 0.02692281 0.005926374 0.99962 0.03829668 0.3162963 0.9478871 0.02184318 -0.006552954 0.9997399 0.02749239 0.00599298 0.999604 0.02407214 -0.3038068 0.9524295 0.03161292 -0.58261 0.8121369 0.03465911 -0.8115695 0.583227 0.01696858 0.329558 0.9439828 0.0283928 0.5929469 0.8047408 0.01907987 0.2961482 0.9549515 0.03199361 -0.5881475 0.8081206 0.03742382 -0.9533504 0.2995372 0.0324956 -0.3094246 0.9503686 0.03354895 -0.9994203 -0.005798418 0.02053423 0.6016517 0.7984946 0.01973352 0.5770788 0.8164501 0.02384072 0.8166702 0.576612 0.01814016 0.8118942 0.5835227 0.03118348 0.3152862 0.9484842 0.02328575 0.8054793 0.5921662 0.02384822 0.9550465 0.2954952 0.01917313 0.9525573 0.303755 0.03611078 0.5937407 0.8038458 0.02706825 0.9514846 0.3065033 0.02124219 0.9996122 -0.01800682 0.02922779 0.9995447 -0.007491767 0.03839472 0.9473654 -0.3178439 0.02429816 0.999693 0.004849353 0.02917067 0.9995459 -0.007554054 0.02494612 0.9527676 0.3026744 0.0328518 0.8130338 0.5812888 0.03686626 0.5847521 0.8103738 0.01830322 0.9437748 -0.3300819 0.0300276 0.8038068 -0.5941321 0.02146965 0.9546787 -0.2968628 0.0343532 0.8088533 0.5870062 0.03982474 0.3016347 0.9525914 0.03485471 0.9507398 0.3080244 0.03618088 -0.004126779 0.9993367 0.02164784 0.7977961 -0.6025385 0.02198512 0.8161068 -0.5774827 0.02467916 0.5751811 -0.8176537 0.02112577 0.5824165 -0.8126161 0.03366394 0.9478306 -0.3169919 0.02239445 0.597553 -0.8015166 0.02494073 0.2941356 -0.9554383 0.02171938 0.3025287 -0.9528927 -0.4588317 0.4263639 -0.779543 -0.1907185 0.6827652 -0.7053071 -0.4920107 -0.3041248 -0.8157411 0.02593523 0.3125505 -0.9495471 0.03828603 0.8026471 -0.5952242 0.04250449 0.5783518 -0.8146794 0.03902942 0.8091767 -0.5862678 0.04143513 0.9517193 -0.3041604 0.03808226 0.9992724 0.002098894 -0.2243906 -0.5121767 -0.82905 0.034269 0.2997104 -0.9534146 0.03637487 0.5856559 -0.8097432 -0.4923302 -0.4967439 0.7147422 -0.6803544 -0.7302365 -0.0622303 -0.5099894 -0.516917 0.6875373 -0.6807309 -0.730026 -0.06055895 0.03694225 0.3066126 -0.9511172 0.4433091 -0.3921558 -0.8060341 0.03384886 0.2886811 -0.9568268 0.6234168 0.1673986 -0.7637599 0.03619462 0.5628219 -0.8257854 0.03064691 0.3004756 -0.953297 0.5099894 0.516917 -0.6875373 0.01198162 0.5841566 -0.8115525 0.03613497 0.7906938 -0.6111445 0.01195606 0.8063862 -0.5912684 0.03607528 0.9409199 -0.3367022 0.01229111 0.9496571 -0.31305 0.03311612 0.9992552 -0.01981145 0.02940509 0.9995392 -0.007525756 0.0464688 0.9532004 0.2987469 0.03025526 0.9539399 0.2984684 0.0286285 0.8127469 0.5819131 0.03268538 0.8196402 0.5719453 0.03528095 0.609314 0.7921438 0.01113536 0.5908908 0.8066747 0.03525224 0.3347003 0.941665 0.01137415 0.3126007 0.9498165 0.03209916 0.01850693 0.9993134 0.02763708 0.00602875 0.9995998 0.04444666 -0.3011075 0.9525539 0.02880249 -0.2994967 0.9536625 0.02660279 -0.5831643 0.8119186 0.03144047 -0.5732516 0.818776 0.03424308 -0.7933785 0.6077647 0.009798151 -0.807083 0.5903568 0.03402754 -0.9424415 0.3326351 0.009598072 -0.9500654 0.311903 0.03057032 -0.9993911 0.01681945 0.02531165 -0.9996696 0.004487823 0.04084352 -0.9519764 -0.3034349 0.02702436 -0.9533398 -0.3006876 0.02459733 -0.8110826 -0.5844143 0.02976106 -0.8179997 -0.5744483 0.0325259 -0.6061471 -0.7946873 0.008268953 -0.5897539 -0.8075408 0.03202539 -0.3302578 -0.9433473 0.007594363 -0.3112046 -0.9503126 0.02831429 -0.01492908 -0.9994876 0.02230052 -0.003035799 -0.9997467 0.03735683 0.3054996 -0.9514591 0.02455019 0.3017332 -0.9530762 0.02140478 0.585678 -0.8102611 0.02709856 0.5759934 -0.8170052 0.0297642 0.7961017 -0.6044305 0.005412849 0.8080698 -0.589062 0.02901204 0.944105 -0.3283656 0.004918342 0.9506242 -0.3103056 0.02488624 0.9996002 -0.01342371 0.01884349 0.9998214 -0.001478635 0.03235447 0.9510225 0.3074239 0.02042021 0.9527762 0.3029861 0.01661249 0.809442 0.5869647 0.0224238 0.8161685 0.5773787 0.02419166 0.6029896 0.7973822 0.0006366314 0.5881425 0.8087571 0.0167627 0.3180504 0.9479256 0.001342647 0.3086146 0.9511862 -0.5345618 0.3711318 0.7592792 -0.3400244 0.654245 0.6755345 -0.436997 -0.3420462 0.8318883 -0.351965 -0.6539225 -0.669706 -0.4998706 -0.8604036 0.09917185 -0.3474103 -0.6466136 -0.6791149 -0.499861 -0.8601249 0.1016074  
					<SubMeshes>: 1
						<SubMesh>: 0 1104 0 1 2 1 3 2 1 4 3 2 3 5 6 3 4 4 7 6 3 8 5 3 6 9 9 8 3 5 8 10 10 11 5 7 12 6 6 12 9 8 9 13 13 10 8 11 10 14 14 15 11 16 9 12 9 16 13 17 14 10 10 13 17 15 14 18 18 19 15 20 19 18 14 17 21 21 18 14 22 21 17 23 17 13 17 23 22 24 13 16 13 24 23 25 16 12 24 16 25 18 26 20 20 26 27 18 21 28 28 21 22 28 26 18 23 24 29 29 24 25 12 30 25 30 12 7 22 23 31 31 23 29 26 32 27 26 28 33 33 32 26 27 32 34 34 35 27 36 28 22 33 28 36 32 33 37 37 34 32 35 34 38 38 39 35 40 33 36 37 33 40 34 37 41 41 38 34 39 38 42 42 43 39 44 43 42 38 41 45 45 42 38 46 45 41 47 41 37 41 47 46 48 37 40 37 48 47 49 40 36 48 40 49 50 44 42 51 44 50 42 45 52 52 45 46 52 50 42 47 48 53 53 48 49 36 54 49 54 36 22 46 47 55 55 47 53 22 56 54 56 22 31 50 52 57 58 52 46 57 52 58 57 59 50 59 51 50 51 59 60 60 61 51 59 57 62 62 60 59 61 60 63 63 64 61 65 57 58 62 57 65 60 62 66 66 63 60 64 63 67 67 68 64 69 68 67 63 66 70 70 67 63 71 70 66 72 66 62 66 72 71 73 62 65 62 73 72 74 65 58 73 65 74 67 75 69 69 75 76 67 70 77 77 70 71 77 75 67 72 73 78 78 73 74 58 79 74 79 58 46 71 72 80 80 72 78 46 81 79 81 46 55 75 82 76 75 77 83 83 82 75 76 82 84 84 85 76 86 77 71 83 77 86 82 83 87 87 84 82 85 84 88 88 89 85 90 83 86 87 83 90 84 87 91 91 88 84 89 88 92 92 93 89 94 93 92 88 91 95 95 92 88 96 95 91 97 91 87 91 97 96 98 87 90 87 98 97 99 90 86 90 99 98 92 100 94 94 100 101 92 95 102 95 96 102 102 100 92 98 103 97 99 103 98 86 104 99 104 86 71 97 105 96 103 105 97 71 106 104 106 71 80 100 107 101 100 102 108 108 107 100 101 107 109 109 110 101 96 111 102 102 111 108 107 108 112 112 109 107 110 109 113 113 114 110 115 108 111 108 115 112 116 113 109 109 112 116 114 113 117 117 118 114 119 118 117 113 116 120 120 117 113 121 120 116 122 116 112 116 122 121 123 112 115 112 123 122 124 115 111 123 115 124 117 125 119 119 125 126 117 120 127 127 120 121 127 125 117 122 123 128 128 123 124 111 129 124 129 111 96 121 122 130 130 122 128 96 131 129 105 131 96 125 132 126 125 127 133 133 132 125 126 132 134 134 135 126 136 127 121 133 127 136 132 133 137 137 134 132 135 134 138 138 139 135 139 138 140 140 141 139 142 140 138 143 138 134 134 137 143 138 143 142 133 144 137 144 133 136 145 137 144 137 145 143 146 144 136 145 144 146 136 147 146 147 136 121 121 148 147 148 121 130 149 142 143 150 143 145 143 150 149 150 145 151 151 145 146 142 149 152 152 153 142 153 152 154 149 155 152 149 150 156 156 150 151 157 149 156 157 156 158 159 157 158 156 151 160 160 158 156 159 158 161 161 158 160 162 159 161 160 163 161 164 160 151 163 160 164 151 146 164 164 165 163 166 164 146 165 164 166 147 166 146 166 167 165 168 166 147 167 166 168 168 169 167 148 168 147 170 169 168 168 148 171 171 170 168 130 171 148 172 170 171 171 130 173 173 172 171 173 130 128 172 173 174 174 173 128 174 175 172 128 124 174 175 174 176 176 174 124 176 177 175 124 129 176 177 176 178 178 176 129 178 179 177 131 178 129 180 179 178 181 178 131 181 180 178 105 181 131 182 180 181 183 181 105 183 182 181 103 183 105 182 183 184 183 103 184 184 185 182 99 184 103 185 184 186 184 99 186 186 187 185 99 104 186 187 186 188 188 186 104 188 189 187 104 106 188 190 189 188 191 188 106 191 190 188 106 80 191 192 190 191 193 191 80 193 192 191 78 193 80 192 193 194 194 193 78 194 195 192 74 194 78 195 194 196 194 74 196 196 197 195 79 196 74 197 196 198 196 79 198 198 199 197 198 79 81 199 198 200 198 81 201 198 201 200 81 55 201 200 201 202 203 201 55 201 203 202 55 53 203 202 203 204 204 203 53 204 205 202 53 49 204 205 204 206 206 204 49 206 207 205 54 206 49 207 206 208 208 206 54 208 209 207 56 208 54 210 209 208 208 56 211 211 210 208 31 211 56 212 210 211 211 31 213 213 212 211 213 31 29 212 213 214 214 213 29 214 215 212 29 25 214 215 214 216 216 214 25 216 217 215 25 30 216 217 216 218 218 219 217 220 218 216 220 216 30 7 220 30 220 7 221 221 222 220 7 223 221 7 224 223  
				</Mesh>
				<Materials>: 1
					<Material>: 0
						<AlbedoColor>: 1 1 1 1
						<EmissiveColor>: 0 0 0 1
						<Glossiness>: 0.5
						<Metallic>: 0
						<SpecularHighlight>: 1
						<GlossyReflection>: 1
						<AlbedoMap>: Grenade_Base_color
						<MetallicMap>: Grenade_Metallic
						<NormalMap>: Grenade_Normal
						<EmissionMap>: null
						<DetailAlbedoMap>: null
						<DetailNormalMap>: null
				</Materials>
				<Children>: 0
			</Frame>
			<Frame>: 2 0 Grenade01
				<Transform>: 2.235174E-10 0.0895035 0.01755098 270 0 0 1 1 1 -0.7071068 0 0 0.7071068  
				<TransformMatrix>: 1 0 0 0 0 -1.192093E-07 -1 0 0 1 -1.192093E-07 0 2.235174E-10 0.0895035 0.01755098 1  
				<Mesh>: 314 Grenade01
					<Bounds>: 0 0.03907549 -0.0569555 0.01355497 0.04452248 0.06435199
					<Positions>: 314 0.004844979 -0.004624018 0.004482498 0.004844979 -0.00544699 0.004220505 0.01295699 -0.00544699 0.004220505 0.01295699 -0.004624018 0.004482498 0.004844979 -0.003700008 0.001853495 0.004844979 -0.00544699 0.004220505 0.004844979 -0.00421001 0.001123495 0.01295699 -0.003700008 0.001853495 0.01295699 -0.00544699 0.004220505 0.01295699 -0.00421001 0.001123495 0.01295699 -0.001958989 0.0008185005 0.01295699 -0.002037998 -8.349418E-05 0.004844979 -0.001958989 0.0008185005 0.004844979 -0.002037998 -8.349418E-05 0.01295699 1.192093E-09 0.0004074955 0.01295699 1.192093E-09 -0.000407505 0.01295699 0.00281699 0.000672493 0.004844979 1.192093E-09 0.0004074955 0.004844979 1.192093E-09 -0.000407505 0.004844979 0.00281699 0.000672493 0.01295699 0.00250799 0.001522493 0.01295699 0.005288981 0.003549499 0.004844979 0.00250799 0.001522493 0.004844979 0.005288981 0.003549499 0.01295699 0.004648981 0.004189491 0.01295699 0.007703991 0.006551494 0.004844979 0.004648981 0.004189491 0.004844979 0.007703991 0.006551494 0.004844979 0.007251991 0.007335472 0.01295699 0.007251991 0.007335472 0.01297 0.01227598 0.007307501 0.01295699 0.01250198 0.006521502 -2.235174E-10 0.007251991 0.007335472 -2.235174E-10 0.007703991 0.006551494 -0.00484498 0.007703991 0.006551494 0.01232698 0.01227598 0.007365484 -2.235174E-10 0.01227598 0.007365484 -0.00484498 0.007251991 0.007335472 0.01355497 0.01250198 0.006521502 0.01295699 0.01352499 0.004540472 -0.00484498 0.004648981 0.004189491 -0.00484498 0.005288981 0.003549499 -0.00484498 0.00250799 0.001522493 -0.00484498 0.00281699 0.000672493 -0.01295699 0.004648981 0.004189491 -0.00484498 1.192093E-09 0.0004074955 -0.00484498 1.192093E-09 -0.000407505 -0.00484498 -0.002037998 -8.349418E-05 -0.01295699 0.007251991 0.007335472 -0.01295699 0.00250799 0.001522493 -0.00484498 -0.001958989 0.0008185005 -0.00484498 -0.00421001 0.001123495 -0.01295699 1.192093E-09 0.0004074955 -0.00484498 -0.003700008 0.001853495 -0.00484498 -0.00544699 0.004220505 -0.00484498 -0.004624018 0.004482498 -0.01295699 -0.001958989 0.0008185005 -0.01295699 0.005288981 0.003549499 -0.01295699 0.00281699 0.000672493 -0.01295699 1.192093E-09 -0.000407505 -0.01295699 -0.002037998 -8.349418E-05 -0.01295699 0.007703991 0.006551494 -0.01295699 -0.00421001 0.001123495 -0.01295699 -0.003700008 0.001853495 -0.01295699 -0.00544699 0.004220505 -0.01295699 -0.004624018 0.004482498 -0.01295699 -0.00544699 0.004220505 -0.00484498 -0.00544699 0.004220505 -0.01297 0.01227598 0.007307501 -0.01295699 0.01250198 0.006521502 -0.01232698 0.01227598 0.007365484 -2.235174E-10 0.04389397 0.007396488 -0.01355497 0.01250198 0.006521502 -0.01295699 0.01352499 0.004540472 -0.01232698 0.04389397 0.007396488 0.01232698 0.04389397 0.007396488 -0.01311598 0.04389397 0.007050504 -2.235174E-10 0.04510298 0.007080488 0.01311598 0.04389397 0.007050504 -0.01355497 0.01352499 0.004540472 -0.01355497 0.04389397 0.00649147 -0.01355497 0.01408899 0.004183493 -0.01355497 0.04465098 0.006296482 -0.01295699 0.01408899 0.004183493 -0.01295699 0.02570598 0.003663473 -0.01355497 0.02570598 0.003663473 -0.01295699 0.02948598 0.001900482 -0.01355497 0.02948598 0.001900482 -0.01295699 0.03330897 0.000638485 -0.01355497 0.03330897 0.000638485 -0.01295699 0.03735897 0.0007564831 -0.01355497 0.03735897 0.0007564831 -0.01295699 0.04139095 0.003143501 -0.01355497 0.04139095 0.003143501 -0.01295699 0.04389397 0.00649147 -0.01295699 0.04465098 0.006296482 -0.01355497 0.04515697 0.005758486 -0.01295699 0.04515697 0.005758486 -0.01311598 0.04500396 0.006777506 -0.01355497 0.04057597 -0.006615505 -0.01295699 0.04057597 -0.006615505 -0.01295699 0.03998397 -0.01082451 -0.01355497 0.03998397 -0.01082451 -0.01355497 0.04095697 -0.01528951 -0.01295699 0.04095697 -0.01528951 -0.01295699 0.04335796 -0.0192705 -0.01355497 0.04335796 -0.0192705 -0.01295699 0.04687997 -0.0243415 -0.01355497 0.04687997 -0.0243415 -0.01295699 0.05367096 -0.03284051 -0.01355497 0.05367096 -0.03284051 -0.01295699 0.05728398 -0.03695151 -0.01355497 0.05728398 -0.03695151 -0.01355497 0.06196196 -0.04204351 -0.01295699 0.06196196 -0.04204351 -0.01295699 0.07903097 -0.07160551 -0.01311598 0.04565797 0.005999489 -0.01355497 0.07903097 -0.07160551 -0.01355497 0.07920296 -0.07261851 -0.01295699 0.07920296 -0.07261851 -0.01298799 0.08025796 -0.1149385 -0.01355497 0.08025796 -0.1149385 -0.01355497 0.08130194 -0.0709015 -0.01355497 0.08147398 -0.0719155 -0.01355497 0.08256296 -0.1149385 -0.01311598 0.08180197 -0.07051951 -0.01311598 0.08202897 -0.07168051 -0.01232799 0.08212195 -0.07051951 -0.01232698 0.04597697 0.006140471 -0.01311598 0.08327898 -0.1210735 -0.01298799 0.08256296 -0.1149385 -0.01298799 0.08025796 -0.1149385 -0.01355497 0.08272397 -0.1213075 -0.01232799 0.08272397 -0.1213075 -0.01232799 0.08272397 -0.1213075 -0.01232799 0.08234797 -0.07168051 -0.01232698 0.08359797 -0.1210735 -2.235174E-10 0.08272397 -0.1213075 -2.235174E-10 0.08234797 -0.07168051 -2.235174E-10 0.08359797 -0.1210735 0.01232698 0.08359797 -0.1210735 0.01232698 0.08272397 -0.1213075 0.01232698 0.08234797 -0.07168051 0.01311598 0.08327898 -0.1210735 0.01355497 0.08272397 -0.1213075 -2.235174E-10 0.08212195 -0.07051951 0.01232698 0.08212195 -0.07051951 0.01311598 0.08202897 -0.07168051 0.01355497 0.08256296 -0.1149385 0.01355497 0.08147398 -0.0719155 0.01298799 0.08256296 -0.1149385 0.01232698 0.08272397 -0.1213075 0.01355497 0.08025796 -0.1149385 0.01298799 0.08025796 -0.1149385 0.01355497 0.07920296 -0.07261851 0.01298799 0.08025796 -0.1149385 0.01295699 0.07920296 -0.07261851 0.01295699 0.07903097 -0.07160551 0.01355497 0.07903097 -0.07160551 0.01355497 0.06196196 -0.04204351 0.01295699 0.06196196 -0.04204351 0.01355497 0.08130194 -0.0709015 0.01311598 0.08180197 -0.07051951 0.01311598 0.04565797 0.005999489 0.01355497 0.05728398 -0.03695151 0.01295699 0.05728398 -0.03695151 0.01355497 0.04515697 0.005758486 0.01355497 0.05367096 -0.03284051 0.01295699 0.05367096 -0.03284051 0.01355497 0.04687997 -0.0243415 0.01295699 0.04687997 -0.0243415 0.01355497 0.04335796 -0.0192705 0.01311598 0.04500396 0.006777506 0.01295699 0.04335796 -0.0192705 0.01232698 0.04597697 0.006140471 0.01355497 0.04095697 -0.01528951 0.01295699 0.04095697 -0.01528951 0.01355497 0.03998397 -0.01082451 0.01295699 0.03998397 -0.01082451 0.01355497 0.04057597 -0.006615505 0.01295699 0.04057597 -0.006615505 0.01295699 0.04515697 0.005758486 0.01295699 0.04465098 0.006296482 0.01355497 0.04465098 0.006296482 0.01295699 0.04389397 0.00649147 0.01355497 0.04389397 0.00649147 0.01355497 0.04139095 0.003143501 0.01295699 0.04139095 0.003143501 0.01355497 0.03735897 0.0007564831 0.01295699 0.03735897 0.0007564831 0.01232698 0.04510298 0.007080488 0.01355497 0.03330897 0.000638485 0.01295699 0.03330897 0.000638485 -2.235174E-10 0.04597697 0.006140471 0.01355497 0.02948598 0.001900482 0.01295699 0.02948598 0.001900482 -0.01232698 0.04510298 0.007080488 0.01355497 0.02570598 0.003663473 0.01295699 0.02570598 0.003663473 0.01355497 0.01408899 0.004183493 0.01295699 0.01408899 0.004183493 0.01355497 0.01352499 0.004540472 0.01295699 -0.00544699 0.004220505 0.004844979 -0.00544699 0.004220505 0.004844979 -0.00421001 0.001123495 0.01295699 -0.00421001 0.001123495 0.004844979 -0.002037998 -8.349418E-05 0.01295699 -0.002037998 -8.349418E-05 0.004844979 1.192093E-09 -0.000407505 0.01295699 1.192093E-09 -0.000407505 0.01295699 0.00281699 0.000672493 0.004844979 0.00281699 0.000672493 0.004844979 0.005288981 0.003549499 0.01295699 0.005288981 0.003549499 0.01295699 0.007703991 0.006551494 0.004844979 0.007703991 0.006551494 0.01232698 0.01250198 0.006521502 0.01295699 0.01250198 0.006521502 -2.235174E-10 0.007703991 0.006551494 0.01232698 0.04389397 0.00649147 0.01295699 0.04389397 0.00649147 -2.235174E-10 0.01250198 0.006521502 0.01232698 0.04465098 0.006296482 0.01295699 0.04465098 0.006296482 -0.01232698 0.01250198 0.006521502 -0.00484498 0.007703991 0.006551494 0.01232698 0.04515697 0.005758486 0.01295699 0.04515697 0.005758486 -0.01295699 0.007703991 0.006551494 -0.00484498 0.005288981 0.003549499 -0.01295699 0.005288981 0.003549499 -0.01295699 0.00281699 0.000672493 -0.00484498 0.00281699 0.000672493 -0.00484498 1.192093E-09 -0.000407505 -0.01295699 1.192093E-09 -0.000407505 -0.01295699 -0.002037998 -8.349418E-05 -0.00484498 -0.002037998 -8.349418E-05 -0.01295699 -0.00421001 0.001123495 -0.00484498 -0.00421001 0.001123495 -0.01295699 -0.00544699 0.004220505 -0.00484498 -0.00544699 0.004220505 -0.01295699 0.01250198 0.006521502 -0.01232698 0.04389397 0.00649147 -0.01295699 0.04389397 0.00649147 -2.235174E-10 0.04389397 0.00649147 -2.235174E-10 0.04465098 0.006296482 -0.01232698 0.04465098 0.006296482 -0.01295699 0.04465098 0.006296482 -2.235174E-10 0.04515697 0.005758486 -0.01232698 0.04515697 0.005758486 -0.01295699 0.04515697 0.005758486 -2.235174E-10 0.08130194 -0.0709015 -0.01232799 0.08130194 -0.0709015 -0.01295699 0.08130194 -0.0709015 0.01232698 0.08130194 -0.0709015 0.01295699 0.08130194 -0.0709015 -0.01232799 0.08147398 -0.0719155 -0.01295699 0.08147398 -0.0719155 -0.01298799 0.08256296 -0.1149385 -0.01232799 0.08272397 -0.1213075 -2.235174E-10 0.08272397 -0.1213075 -2.235174E-10 0.08147398 -0.0719155 0.01232698 0.08147398 -0.0719155 0.01295699 0.08147398 -0.0719155 0.01232698 0.08272397 -0.1213075 0.01298799 0.08256296 -0.1149385 0.01295699 0.01408899 0.004183493 0.01295699 0.01352499 0.004540472 0.01295699 0.01250198 0.006521502 0.01295699 0.04389397 0.00649147 0.01295699 0.02570598 0.003663473 0.01295699 0.02948598 0.001900482 0.01295699 0.03330897 0.000638485 0.01295699 0.04139095 0.003143501 0.01295699 0.03735897 0.0007564831 0.01295699 0.04095697 -0.01528951 0.01295699 0.03998397 -0.01082451 0.01295699 0.04057597 -0.006615505 0.01295699 0.04335796 -0.0192705 0.01295699 0.04687997 -0.0243415 0.01295699 0.05367096 -0.03284051 0.01295699 0.05728398 -0.03695151 0.01295699 0.06196196 -0.04204351 0.01295699 0.08130194 -0.0709015 0.01295699 0.04515697 0.005758486 0.01295699 0.07903097 -0.07160551 0.01295699 0.08147398 -0.0719155 0.01295699 0.07920296 -0.07261851 0.01298799 0.08256296 -0.1149385 0.01298799 0.08025796 -0.1149385 -0.01295699 0.01250198 0.006521502 -0.01295699 0.01352499 0.004540472 -0.01295699 0.01408899 0.004183493 -0.01295699 0.04389397 0.00649147 -0.01295699 0.02570598 0.003663473 -0.01295699 0.02948598 0.001900482 -0.01295699 0.03330897 0.000638485 -0.01295699 0.04139095 0.003143501 -0.01295699 0.03735897 0.0007564831 -0.01295699 0.04057597 -0.006615505 -0.01295699 0.03998397 -0.01082451 -0.01295699 0.04095697 -0.01528951 -0.01295699 0.04335796 -0.0192705 -0.01295699 0.04687997 -0.0243415 -0.01295699 0.05367096 -0.03284051 -0.01295699 0.05728398 -0.03695151 -0.01295699 0.06196196 -0.04204351 -0.01295699 0.04515697 0.005758486 -0.01295699 0.08130194 -0.0709015 -0.01295699 0.07903097 -0.07160551 -0.01295699 0.08147398 -0.0719155 -0.01295699 0.07920296 -0.07261851 -0.01298799 0.08256296 -0.1149385 -0.01298799 0.08025796 -0.1149385  
					<Colors>: 0  
					<TextureCoords0>: 314 0.809959 0.005681992 0.810083 0.002713025 0.837808 0.004571974 0.837532 0.007530987 0.809111 0.01547801 0.807199 0.005102992 0.806147 0.01595402 0.837059 0.017349 0.840348 0.007326007 0.839934 0.01822001 0.836391 0.02476603 0.839205 0.02580202 0.80877 0.02292001 0.805844 0.02356797 0.835966 0.032125 0.838663 0.03200197 0.838297 0.041466 0.808191 0.03027397 0.805538 0.02978998 0.804622 0.039226 0.83531 0.04205698 0.837514 0.05411899 0.807494 0.040214 0.803755 0.05184102 0.834411 0.05403602 0.836178 0.06802797 0.806749 0.05225497 0.804437 0.064556 0.805766 0.066737 0.833454 0.06770903 0.833489 0.08488399 0.836627 0.08497202 0.788748 0.066939 0.788778 0.06392097 0.773112 0.06432199 0.831174 0.08477002 0.788815 0.08419102 0.771765 0.06650501 0.836234 0.08662498 0.843961 0.08876097 0.770851 0.05200702 0.773844 0.05159998 0.770097 0.03996003 0.772969 0.03897202 0.743192 0.05376703 0.769386 0.03001797 0.772039 0.02952999 0.771721 0.02330601 0.744216 0.06741399 0.742281 0.04180002 0.768794 0.02266198 0.771407 0.01569498 0.741612 0.03187603 0.768443 0.01521999 0.770344 0.00484401 0.767586 0.005427003 0.741174 0.02452201 0.740088 0.053859 0.739292 0.04121101 0.738916 0.03175598 0.738361 0.02556098 0.741485 0.06775999 0.737621 0.01798302 0.740495 0.01710802 0.737198 0.007089019 0.740014 0.007291019 0.739737 0.004333019 0.76746 0.002457023 0.744101 0.08464903 0.740961 0.084719 0.746415 0.08456099 0.788586 0.192669 0.741349 0.08638901 0.733615 0.08850503 0.746165 0.1928 0.831009 0.192992 0.743007 0.19334 0.788579 0.196825 0.834171 0.193553 0.734933 0.08989698 0.740424 0.193972 0.73395 0.091649 0.740996 0.19743 0.732091 0.09098798 0.729712 0.130852 0.731682 0.131405 0.723695 0.143666 0.725612 0.144371 0.719309 0.157034 0.721295 0.157285 0.719681 0.171436 0.721557 0.17092 0.727698 0.185966 0.729249 0.184763 0.73867 0.195134 0.739062 0.19753 0.740608 0.200911 0.738809 0.199839 0.743428 0.197368 0.708598 0.233053 0.706985 0.231823 0.698955 0.244439 0.700797 0.245193 0.697341 0.260306 0.695348 0.260149 0.696844 0.276307 0.698886 0.276058 0.700368 0.297311 0.702376 0.296896 0.709052 0.333693 0.711032 0.333153 0.714199 0.351885 0.716155 0.351263 0.723066 0.374167 0.721055 0.374733 0.730616 0.491606 0.743217 0.200943 0.7327 0.491472 0.732564 0.495829 0.730526 0.495637 0.730376 0.640903 0.732321 0.641204 0.740829 0.491579 0.740535 0.494949 0.74047 0.642251 0.74324 0.490779 0.743003 0.494674 0.745983 0.491171 0.746274 0.201109 0.742974 0.663748 0.739441 0.643298 0.732049 0.643068 0.74071 0.664661 0.736527 0.664603 0.74507 0.666823 0.745892 0.494976 0.745723 0.663979 0.787816 0.667442 0.788076 0.495126 0.787821 0.664304 0.829924 0.664125 0.830561 0.666974 0.830255 0.495124 0.832678 0.663914 0.834937 0.664838 0.788082 0.491267 0.830178 0.491327 0.833145 0.494841 0.835248 0.642428 0.835612 0.495129 0.836274 0.643479 0.839123 0.664794 0.843403 0.641411 0.843668 0.643277 0.843581 0.496038 0.845352 0.64112 0.845618 0.495853 0.845544 0.491826 0.843461 0.491685 0.853486 0.374418 0.855495 0.374989 0.835332 0.491765 0.832927 0.490951 0.833923 0.201127 0.86047 0.35154 0.862423 0.352168 0.836531 0.201107 0.865648 0.333451 0.867628 0.333998 0.87442 0.297226 0.876425 0.297647 0.877982 0.276402 0.833729 0.197563 0.880024 0.276657 0.830867 0.201274 0.879583 0.260658 0.881575 0.260507 0.876181 0.245534 0.878027 0.244786 0.868425 0.233367 0.870041 0.232143 0.838335 0.200049 0.838094 0.197748 0.836161 0.197638 0.838503 0.195363 0.836754 0.194197 0.847961 0.18503 0.849509 0.186238 0.855703 0.171214 0.857576 0.171736 0.830843 0.197121 0.856014 0.157581 0.857999 0.157336 0.788571 0.201102 0.851747 0.144651 0.853667 0.143953 0.746314 0.196941 0.845727 0.131663 0.847698 0.131118 0.843611 0.091901 0.845473 0.09124702 0.842638 0.09014797 0.907907 0.342484 0.935693 0.342434 0.935714 0.353857 0.907927 0.353909 0.93573 0.362366 0.907943 0.362422 0.935745 0.369431 0.907958 0.369494 0.907983 0.379829 0.935769 0.379762 0.935802 0.39275 0.908016 0.392823 0.908052 0.406021 0.935838 0.405944 0.910259 0.422452 0.908097 0.42245 0.952431 0.405894 0.910717 0.529961 0.908563 0.52996 0.95249 0.422319 0.910725 0.532601 0.908567 0.532607 0.994713 0.422173 0.969018 0.405848 0.910732 0.535094 0.908579 0.535103 0.996806 0.405723 0.968946 0.392669 0.996732 0.39251 0.996647 0.379506 0.968861 0.37969 0.968785 0.369366 0.996572 0.369164 0.996516 0.362089 0.96873 0.362305 0.996447 0.353575 0.968661 0.353799 0.996353 0.34215 0.968567 0.342378 0.996868 0.422172 0.99517 0.529722 0.997332 0.529722 0.95294 0.529843 0.952951 0.532519 0.995176 0.532435 0.997335 0.532429 0.952953 0.535047 0.995186 0.535001 0.99735 0.534991 0.952919 0.825363 0.99514 0.825339 0.997288 0.825328 0.91069 0.825388 0.908527 0.825397 0.99515 0.82887 0.997307 0.828863 0.997391 0.976288 0.995132 0.998116 0.952913 0.998126 0.952918 0.828885 0.910695 0.828902 0.90854 0.828907 0.910687 0.998139 0.90842 0.97632 0.045851 0.008168995 0.047067 0.006232023 0.053839 0.002703011 0.054138 0.110233 0.044218 0.04796797 0.038227 0.06093901 0.033953 0.07405001 0.042638 0.101702 0.034409 0.08792198 0.435541 0.005234003 0.45095 0.002487004 0.465283 0.005056977 0.4216 0.01292998 0.403777 0.02431202 0.373789 0.04643703 0.359238 0.058263 0.341181 0.07360899 0.240004 0.135974 0.507087 0.02232701 0.237537 0.128216 0.236982 0.136615 0.233713 0.129169 0.092471 0.164651 0.091162 0.156865 0.143062 0.340842 0.149835 0.34437 0.151051 0.346306 0.14279 0.448372 0.152694 0.386105 0.158688 0.399074 0.162966 0.412185 0.154288 0.439838 0.162513 0.426056 0.352199 0.364452 0.366496 0.361646 0.38195 0.364145 0.396012 0.371613 0.414015 0.382707 0.444355 0.404346 0.459093 0.415934 0.477391 0.430987 0.310698 0.382407 0.579536 0.491731 0.582021 0.484002 0.582346 0.492393 0.585974 0.485128 0.72438 0.530698 0.726246 0.523025  
					<TextureCoords1>: 0  
					<Normals>: 314 -0.5789321 0.363667 0.7297834 -0.5736687 -0.7406181 0.3498416 0.5736687 -0.7406181 0.3498416 0.5789321 0.363667 0.7297834 -0.7925569 0.4717699 0.3863763 -0.5736687 -0.7406181 0.3498416 -0.6388718 -0.5774639 -0.5083093 0.7925569 0.4717699 0.3863763 0.5736687 -0.7406181 0.3498416 0.6388718 -0.5774639 -0.5083093 0.7459574 0.2418121 0.6205436 0.6699833 -0.242273 -0.7017308 -0.7459574 0.2418121 0.6205436 -0.6699833 -0.242273 -0.7017308 0.783299 -0.06562614 0.6181713 0.6532109 0.0787695 -0.7530676 0.6559112 0.4346084 -0.6171678 -0.783299 -0.06562614 0.6181713 -0.6532109 0.0787695 -0.7530676 -0.6559112 0.4346084 -0.6171678 0.7642234 -0.3935694 0.510946 0.7034827 0.5464829 -0.4543881 -0.7642234 -0.3935694 0.510946 -0.7034827 0.5464829 -0.4543881 0.7054447 -0.5494053 0.447774 0.8177102 0.2450852 -0.5208487 -0.7054447 -0.5494053 0.447774 -0.3674473 -0.0296336 -0.929572 -0.2752517 -0.5870851 0.7612935 0.6239242 -0.335534 0.7057872 0.6816296 -0.117403 0.7222171 0.03684511 -0.5588734 -0.8284341 0 -0.8673651 0.4976724 0 -0.5029648 -0.8643069 0.3674473 -0.0296336 -0.929572 0.08911438 6.911656E-05 0.9960214 0 -0.00347713 0.999994 0.2752517 -0.587085 0.7612934 0.7377541 -0.6743553 0.03104745 -0.6526496 -0.5586926 -0.5117726 0.7054448 -0.5494053 0.447774 0.7034827 0.5464829 -0.4543881 0.7642235 -0.3935694 0.510946 0.6559112 0.4346084 -0.6171678 -0.7054448 -0.5494053 0.447774 0.783299 -0.06562614 0.6181713 0.6532109 0.07876948 -0.7530676 0.6699833 -0.242273 -0.7017308 -0.6239241 -0.3355339 0.7057872 -0.7642235 -0.3935694 0.510946 0.7459575 0.2418121 0.6205437 0.6388718 -0.5774638 -0.5083093 -0.783299 -0.06562614 0.6181713 0.7925569 0.4717699 0.3863763 0.5736687 -0.7406181 0.3498416 0.5789321 0.363667 0.7297834 -0.7459575 0.2418121 0.6205437 -0.7034827 0.5464829 -0.4543881 -0.6559112 0.4346084 -0.6171678 -0.6532109 0.07876948 -0.7530676 -0.6699833 -0.242273 -0.7017308 -0.8177102 0.2450852 -0.5208487 -0.6388718 -0.5774638 -0.5083093 -0.7925569 0.4717699 0.3863763 -0.5736687 -0.7406181 0.3498416 -0.5789321 0.363667 0.7297834 -0.5736687 -0.7406181 0.3498416 0.5736687 -0.7406181 0.3498416 -0.6816296 -0.117403 0.7222171 -0.03684511 -0.5588734 -0.8284341 -0.08911437 6.911626E-05 0.9960214 0 0.1269918 0.9919037 -0.7377541 -0.6743553 0.03104742 0.6526496 -0.5586926 -0.5117726 -0.1635212 0.1214759 0.9790324 0.1635212 0.1214759 0.9790324 -0.5752991 0.1007931 0.8117091 0 0.5130346 0.8583679 0.5752992 0.1007931 0.811709 -0.6526495 -0.5586926 -0.5117727 -0.9461125 0.3022358 -0.1162961 -0.6536025 -0.226921 -0.7220185 -0.9540344 -0.1542404 -0.2569593 0.6536025 -0.226921 -0.7220185 0.7536398 -0.1566034 -0.6383591 -0.7536398 -0.1566034 -0.6383591 0.69412 -0.2654229 -0.6691398 -0.6941198 -0.2654229 -0.66914 0.6701401 -0.1071435 -0.7344607 -0.6701401 -0.1071435 -0.7344607 0.654923 0.2101692 -0.7258821 -0.654923 0.2101692 -0.7258821 0.6655635 0.4986432 -0.55532 -0.6655635 0.4986432 -0.55532 0.164539 0.08369552 -0.9828132 0 -0.5090429 -0.8607412 -0.919788 -0.3852494 0.07465279 0.139109 -0.9066326 -0.398329 -0.5880985 0.4309651 0.6844043 -0.6837537 -0.7075395 0.1785183 0.6837537 -0.7075394 0.1785183 0.6695101 -0.7422832 -0.02778496 -0.6695101 -0.7422831 -0.02778496 -0.6721247 -0.6879929 -0.2737043 0.6721247 -0.6879929 -0.2737043 0.6999378 -0.5994014 -0.3883362 -0.6999377 -0.5994014 -0.3883362 0.6996343 -0.5728416 -0.4270414 -0.6996343 -0.5728416 -0.4270414 0.7018712 -0.5459076 -0.457561 -0.701871 -0.5459076 -0.4575609 0.7046363 -0.5277902 -0.474263 -0.7046359 -0.5277905 -0.4742633 -0.7730147 -0.5007908 -0.3894315 0.7326008 -0.5486483 -0.4028413 0.749148 -0.6231666 -0.2245903 -0.6871029 0.5956064 0.4161041 -0.749148 -0.6231666 -0.2245903 -0.7235766 -0.6870291 -0.06654383 0.7236652 -0.6869068 -0.0668423 0.5784621 -0.5694515 -0.5840433 -0.5786722 -0.569457 -0.5838299 -0.9721879 0.2285714 0.05104718 -0.9418598 0.3346137 0.03055664 -0.9287754 0.08458848 -0.3608615 -0.7026042 0.6785127 0.2144009 -0.5975137 0.7967763 0.09013815 -0.1881998 0.9347084 0.3014978 -0.1853265 0.8183533 0.5440148 -0.4668187 0.7321002 -0.4960942 0.2950022 -0.8992894 -0.3228815 0.5784621 -0.5694515 -0.5840433 -0.7143837 -0.3273458 -0.6184665 -0.02128543 -0.5851982 -0.8106109 -0.02128543 -0.5851982 -0.8106109 -0.1883782 0.9763881 0.1057349 -0.1392525 0.8207538 -0.5540507 0 -0.5987468 -0.8009384 0 0.9940889 0.1085697 0 0.8009383 -0.598747 0.1391864 0.8207735 -0.5540379 0.0212563 -0.5852163 -0.8105986 0.1882188 0.9764181 0.1057419 0.4667474 0.7321302 -0.4961172 0.7143629 -0.3273721 -0.6184766 0 0.9503534 0.3111725 0.1880368 0.9347376 0.3015091 0.5973774 0.7968771 0.09015112 0.9287754 0.08458845 -0.3608614 0.9418598 0.3346137 0.03055664 -0.2950022 -0.8992894 -0.3228814 0.0212563 -0.5852163 -0.8105986 0.5786723 -0.5694569 -0.5838299 -0.5784622 -0.5694515 -0.5840433 0.7235766 -0.6870291 -0.06654382 -0.5784622 -0.5694515 -0.5840433 -0.7236652 -0.6869067 -0.06684229 -0.749148 -0.6231666 -0.2245903 0.749148 -0.6231666 -0.2245903 0.7730147 -0.5007908 -0.3894315 -0.7286332 -0.5520705 -0.405354 0.9721879 0.2285714 0.05104718 0.7024853 0.6786271 0.214429 0.687061 0.5956415 0.4161232 0.7046359 -0.5277905 -0.4742633 -0.7046363 -0.5277902 -0.474263 0.919788 -0.3852494 0.07465279 0.701871 -0.5459076 -0.4575609 -0.7018712 -0.5459076 -0.457561 0.6996343 -0.5728416 -0.4270414 -0.6996343 -0.5728416 -0.4270414 0.6999377 -0.5994014 -0.3883362 0.5880985 0.4309651 0.6844043 -0.6999378 -0.5994014 -0.3883362 0.1852706 0.818364 0.5440176 0.6721247 -0.6879929 -0.2737043 -0.6721247 -0.6879929 -0.2737043 0.6695101 -0.7422831 -0.02778496 -0.6695101 -0.7422832 -0.02778496 0.6837537 -0.7075395 0.1785183 -0.6837538 -0.7075394 0.1785183 -0.139109 -0.9066326 -0.398329 0 -0.5090429 -0.8607412 0.9540345 -0.1542404 -0.2569593 -0.164539 0.08369551 -0.9828132 0.9461125 0.3022358 -0.1162961 0.6655635 0.4986432 -0.55532 -0.6655635 0.4986432 -0.55532 0.654923 0.2101692 -0.7258821 -0.654923 0.2101692 -0.7258821 0.1904673 0.500676 0.8444204 0.6701401 -0.1071435 -0.7344607 -0.6701401 -0.1071435 -0.7344607 0 0.8282601 0.560344 0.6941198 -0.2654229 -0.66914 -0.69412 -0.2654229 -0.6691398 -0.1904673 0.500676 0.8444204 0.7536398 -0.1566034 -0.6383591 -0.7536398 -0.1566034 -0.6383591 0.6536025 -0.226921 -0.7220185 -0.6536025 -0.226921 -0.7220185 0.6526495 -0.5586926 -0.5117727 0.5736687 -0.7406181 0.3498416 -0.5736687 -0.7406181 0.3498416 -0.6388718 -0.5774639 -0.5083093 0.6388718 -0.5774639 -0.5083093 -0.6699833 -0.242273 -0.7017308 0.6699833 -0.242273 -0.7017308 -0.6532109 0.0787695 -0.7530676 0.6532109 0.0787695 -0.7530676 0.6559112 0.4346084 -0.6171678 -0.6559112 0.4346084 -0.6171678 -0.7034827 0.5464829 -0.4543881 0.7034827 0.5464829 -0.4543881 0.8177102 0.2450852 -0.5208487 -0.3674473 -0.0296336 -0.929572 0 -0.003603862 -0.9999936 0.03684511 -0.5588734 -0.8284341 0 -0.5029648 -0.8643069 0 -0.1261895 -0.9920061 -0.164539 0.08369551 -0.9828132 0 -0.003603863 -0.9999936 0 -0.5090429 -0.8607412 0 -0.5090429 -0.8607412 0 -0.003603863 -0.9999936 0.3674473 -0.0296336 -0.929572 0 -0.8266503 -0.5627159 -0.139109 -0.9066326 -0.398329 -0.8177102 0.2450852 -0.5208487 0.7034827 0.5464829 -0.4543881 -0.7034827 0.5464829 -0.4543881 -0.6559112 0.4346084 -0.6171678 0.6559112 0.4346084 -0.6171678 0.6532109 0.07876948 -0.7530676 -0.6532109 0.07876948 -0.7530676 -0.6699833 -0.242273 -0.7017308 0.6699833 -0.242273 -0.7017308 -0.6388718 -0.5774638 -0.5083093 0.6388718 -0.5774638 -0.5083093 -0.5736687 -0.7406181 0.3498416 0.5736687 -0.7406181 0.3498416 -0.03684511 -0.5588734 -0.8284341 0 -0.1261895 -0.9920061 0.164539 0.08369552 -0.9828132 0 -0.1261895 -0.9920061 0 -0.5090429 -0.8607412 0 -0.5090429 -0.8607412 0 -0.5090429 -0.8607412 0 -0.8266503 -0.5627159 0 -0.8266503 -0.5627159 0.139109 -0.9066326 -0.398329 0 -0.9540502 -0.2996465 0 -0.9540502 -0.2996466 0.6777715 -0.7014871 -0.220322 0 -0.9540502 -0.2996466 -0.6777716 -0.701487 -0.220322 -3.5349E-05 -0.9953301 -0.09652987 0.6912988 -0.7191747 -0.06995543 0.2950022 -0.8992894 -0.3228815 -0.02128543 -0.5851982 -0.8106109 0 -0.5987468 -0.8009384 0 -0.9953301 -0.09652943 3.529373E-05 -0.9953301 -0.09652989 -0.6912988 -0.7191747 -0.06995543 0.0212563 -0.5852163 -0.8105986 -0.2950022 -0.8992894 -0.3228814 -0.6536025 -0.226921 -0.7220185 -0.6526496 -0.5586926 -0.5117726 0.03684511 -0.5588734 -0.8284341 -0.164539 0.08369551 -0.9828132 -0.7536398 -0.1566034 -0.6383591 -0.69412 -0.2654229 -0.6691398 -0.6701401 -0.1071435 -0.7344607 -0.6655635 0.4986432 -0.55532 -0.654923 0.2101692 -0.7258821 -0.6721247 -0.6879929 -0.2737043 -0.6695101 -0.7422832 -0.02778496 -0.6837538 -0.7075394 0.1785183 -0.6999378 -0.5994014 -0.3883362 -0.6996343 -0.5728416 -0.4270414 -0.7018712 -0.5459076 -0.457561 -0.7046363 -0.5277902 -0.474263 -0.7286332 -0.5520705 -0.405354 -0.6777716 -0.701487 -0.220322 -0.139109 -0.9066326 -0.398329 -0.749148 -0.6231666 -0.2245903 -0.6912988 -0.7191747 -0.06995543 -0.7236652 -0.6869067 -0.06684229 -0.2950022 -0.8992894 -0.3228814 -0.5784622 -0.5694515 -0.5840433 -0.03684511 -0.5588734 -0.8284341 0.6526496 -0.5586926 -0.5117726 0.6536025 -0.226921 -0.7220185 0.164539 0.08369552 -0.9828132 0.7536398 -0.1566034 -0.6383591 0.69412 -0.2654229 -0.6691398 0.6701401 -0.1071435 -0.7344607 0.6655635 0.4986432 -0.55532 0.654923 0.2101692 -0.7258821 0.6837537 -0.7075394 0.1785183 0.6695101 -0.7422832 -0.02778496 0.6721247 -0.6879929 -0.2737043 0.6999378 -0.5994014 -0.3883362 0.6996343 -0.5728416 -0.4270414 0.7018712 -0.5459076 -0.457561 0.7046363 -0.5277902 -0.474263 0.7326008 -0.5486483 -0.4028413 0.139109 -0.9066326 -0.398329 0.6777715 -0.7014871 -0.220322 0.749148 -0.6231666 -0.2245903 0.6912988 -0.7191747 -0.06995543 0.7236652 -0.6869068 -0.0668423 0.2950022 -0.8992894 -0.3228815 0.5784621 -0.5694515 -0.5840433  
					<Tangents>: 314 0.7905552 0.4695035 0.393178 0.8179128 -0.5408331 0.196261 0.8177463 0.4934305 -0.2963398 0.7618636 -0.5601635 -0.3252394 0.6054003 0.5327818 0.5912986 -0.296411 0.5858746 0.7542489 -0.7530669 0.3343537 0.566655 0.6088537 -0.6474581 -0.4583615 -0.3679865 -0.6146189 -0.6977317 -0.7692541 -0.4713205 -0.4313992 0.6614902 -0.3771864 -0.6481984 -0.7400504 -0.2927267 -0.6055051 0.6645994 0.2100205 0.7170768 -0.7376581 0.1108572 0.6660114 0.6191729 -0.00623242 -0.78523 -0.7543453 -0.01822006 -0.656225 -0.7443414 0.2365201 -0.6245111 0.6190867 -0.1724759 0.7661486 -0.75112 -0.1929492 0.6313394 -0.7546023 -0.39797 0.5217233 0.6400909 0.3657576 -0.6756515 -0.6990104 0.4164761 -0.5813194 0.6438504 -0.5118302 0.5687587 -0.710055 -0.5679163 0.4162849 0.7019712 0.4543267 -0.548474 -0.5756296 0.3468036 -0.7405254 0.7066472 -0.593999 0.3844671 0.6255804 -0.7474738 -0.2234549 0.9441068 -0.3144733 0.0988377 0.7809977 0.2358323 -0.5782956 0.729227 0.02796078 -0.6837004 -0.3535974 0.7680755 -0.5338811 0.9999936 -0.001798038 -0.003133698 0.9999803 0.005424605 -0.003156732 0.6214653 0.7514179 0.2217025 0.9954015 -0.03528159 -0.08905647 0.9999981 -0.001996532 0 0.9436208 0.3164571 -0.09713205 0.07310651 0.03408939 -0.9967414 -0.4600507 0.8289102 -0.3182157 0.7067615 0.5927538 -0.3861748 -0.7101479 0.5659719 -0.4187672 0.6438678 0.5114774 -0.5690563 -0.7546051 0.3978473 -0.5218129 0.701838 -0.4533766 0.5494298 0.6190274 0.1735043 -0.7659643 -0.7509088 0.1950914 -0.6309322 -0.7374964 -0.1090076 -0.6664956 0.7810637 -0.238091 0.57728 0.6400495 -0.3653168 0.6759292 0.6645493 -0.2089291 -0.7174419 -0.752974 -0.3339142 -0.5670373 0.6191168 0.007236345 0.7852655 0.605355 -0.5323474 -0.591736 -0.2957222 -0.5855777 -0.7547497 0.7907089 -0.4688826 -0.3936094 0.6613926 0.3783092 0.6476434 -0.6985244 -0.4137523 0.5838429 -0.7442421 -0.2358341 0.6248887 -0.7542331 0.01991455 0.6563047 -0.7399465 0.2943476 0.6048461 -0.5755998 -0.3388555 0.7442189 -0.7692721 0.472684 0.4298725 0.6088064 0.6482821 0.4572583 -0.3685989 0.614846 0.6972082 0.7616823 0.5606275 0.3248644 0.8177227 -0.4932016 0.2967857 0.8178927 0.5410149 -0.1958432 0.7297763 -0.03760346 0.6826511 -0.3464231 -0.7704489 0.5351632 0.9957502 0.02333946 0.08908848 0.9999974 -0.002293765 0 0.07505515 -0.03623141 0.996521 -0.4581863 -0.8289921 0.3206828 0.9837112 0.09517265 0.1524939 0.9832634 -0.1008793 -0.1517111 0.8063551 0.2363409 0.5421572 0.9999976 -0.0018646 0.001114445 0.8054872 -0.2423406 -0.5407971 -0.4106065 -0.3068586 0.8586268 0.00773992 0.3801195 0.924905 -0.6532814 -0.3125266 0.6896017 -0.2968529 0.604178 0.7394913 -0.7038611 -0.5328947 -0.4696839 -0.6036061 -0.5493151 -0.5778517 -0.6124502 -0.1852476 0.7684973 -0.6423016 -0.6480675 -0.4092154 -0.6335959 -0.2159589 0.7429118 -0.7311051 -0.2660029 -0.6282737 -0.7273293 -0.1025175 0.6785885 -0.7178445 0.4732076 -0.5106602 -0.7133113 0.1452394 0.685633 -0.5150532 0.8453525 0.1417717 -0.5128205 0.2350536 0.8256906 -0.9039595 0.4115009 -0.1162945 -0.9972676 -0.06358562 0.03760457 -0.2119518 0.6478266 0.7317084 -0.8660287 -0.3064532 0.3950705 0.8040283 0.4032063 0.4369932 -0.5035842 0.6345765 0.5862726 -0.5019039 -0.278419 0.8188866 -0.650647 -0.6040823 0.4601554 -0.6513416 0.5686806 0.5023509 -0.7378492 0.5914513 0.3252134 -0.7356775 -0.6623521 -0.1416621 -0.7048383 -0.4919591 -0.511057 -0.7018986 0.6778054 0.2189026 -0.6868793 -0.3746605 -0.6227571 -0.6857734 0.7061422 0.1762896 -0.6659136 -0.2748499 -0.6935536 -0.667197 0.7288061 0.1539151 -0.649039 -0.2092887 -0.7314004 -0.6547276 0.7412679 0.1478301 -0.5907589 0.7919759 0.1542019 -0.6293185 -0.3204813 -0.7079901 -0.6610215 -0.6814203 -0.3141923 0.7248227 0.6014966 0.3359076 -0.6599072 0.7315214 0.1714613 -0.6849784 0.7028264 0.1919367 -0.684664 -0.7267252 0.05572853 -0.8070907 -0.5033666 -0.308588 -0.6602926 0.7473089 -0.07445183 0.2336755 0.9320708 0.2768392 0.3319313 0.9124628 0.2392345 0.07794178 0.9964128 0.03296186 0.7115754 0.6687846 0.2153777 0.7979872 0.5798267 0.1643698 0.9820898 0.1762992 0.0664707 0.9826725 0.1526505 0.1051317 0.819159 0.5693533 0.06939188 -0.6079092 0.08406056 -0.7895443 0.3816701 0.8217337 -0.4231806 -0.1676093 0.9381523 -0.3029476 -0.9997368 0.005528306 0.02226059 0.9833213 0.1342304 -0.1227245 0.981488 0.1833776 0.05526324 0.9813719 0.1891625 0.03356618 1 0 0 0.9999981 0 0.001987667 0.9999993 0 0.001209726 0.9818847 -0.1870258 -0.03039647 0.9839727 -0.131334 0.12062 0.9816803 -0.1837921 -0.05024249 0.820767 -0.5675167 -0.06531774 -0.1637894 -0.9374927 0.307051 0.9999985 0 0.001790623 0.9821528 -0.1776237 -0.06185324 0.7985626 -0.5807393 -0.1582388 0.07945862 -0.9964145 -0.02905814 0.3321707 -0.9135496 -0.2347122 -0.6033792 -0.0866897 0.7927284 -0.9997531 -0.007190137 -0.02102553 -0.658556 -0.7485431 0.07737698 0.3840536 -0.8218016 0.4208859 -0.6853564 -0.7036538 -0.1875044 -0.8076882 0.5000181 0.3124445 -0.6850469 0.7266936 -0.05125772 -0.6608145 0.6796184 0.3185014 -0.6596486 -0.7327296 -0.1672461 -0.589767 -0.7934588 -0.1503264 -0.6329339 0.3166093 0.7065078 0.2337507 -0.9334567 -0.272065 0.7116968 -0.6704503 -0.2097235 0.7245598 -0.6045322 -0.3309891 -0.6535382 -0.7430547 -0.1440746 -0.6478869 0.2059947 0.7333543 -0.2142118 -0.6523187 -0.7270445 -0.665988 -0.730788 -0.1496961 -0.6647254 0.27115 0.696145 -0.6848731 -0.7079893 -0.1723367 -0.6860796 0.371715 0.625398 -0.7012837 -0.6797574 -0.2147812 0.8035341 -0.4076417 -0.4337757 -0.7043568 0.4893505 0.5142155 0.9826853 -0.1554722 -0.100787 -0.7381303 -0.5934099 -0.3209804 -0.735998 0.6611941 0.1453596 -0.6528981 -0.5702262 -0.4985641 -0.6520754 0.6052375 -0.4566017 -0.505784 -0.635869 -0.5829692 -0.5039285 0.2809043 -0.8167918 -0.8687461 0.3047988 -0.3903562 -0.9976012 0.05958264 -0.03523722 -0.2964373 -0.6117676 -0.733393 -0.9023381 -0.4152082 0.1157073 0.009149438 -0.383922 -0.9233202 -0.5106701 -0.2383543 -0.8260771 -0.5129768 -0.8460818 -0.1449153 -0.7122085 -0.1494841 -0.6858671 -0.7168928 -0.4766306 0.5088104 0.9809906 -0.1296158 -0.1444199 -0.7279886 0.09806161 -0.67854 -0.7316088 0.2621893 0.6292896 0.999998 -0.001145497 0.001693191 -0.6351349 0.2117069 -0.7428216 -0.6437953 0.6447648 0.412075 0.981162 0.125392 0.1469629 -0.6135995 0.1805429 -0.7687001 -0.6050676 0.5446649 0.580718 -0.6542832 0.3101016 -0.6897466 -0.7049437 0.5297022 0.4716672 -0.4120381 0.3051243 -0.8585591 -0.8190864 -0.5193709 0.2436212 -0.8190864 0.5180714 -0.2463725 -0.7693113 0.4810449 0.4204237 -0.7693111 -0.4779902 -0.4238936 -0.7423736 0.2211059 0.6324505 -0.7423732 -0.215995 -0.6342146 -0.7571729 -0.06514036 0.6499584 -0.7571728 0.07082953 -0.6493632 -0.7548342 0.3802002 -0.5344839 -0.7548344 -0.3751152 0.5380648 -0.7107076 -0.5385779 0.4525798 -0.7107075 0.5432816 -0.4469228 -0.5756252 0.3518633 -0.7381381 -0.9300407 0.01452903 0.3671693 -0.9999994 0.001131342 0 -0.9993207 -0.02123141 -0.03012239 -0.9999962 0.002414245 -0.001404918 -1 0 0 -0.9863706 -0.01370196 0.1639677 -0.9999948 0.003247794 0 -0.9999989 0.001508832 0 -0.9999955 0.002594674 -0.001534491 -0.9999976 0.00219118 0 -0.9300395 -0.008478755 -0.3673618 -0.999997 0.00138275 -0.00203131 -0.9902687 0.1290131 0.05218755 -0.5756145 -0.3414639 0.7430145 -0.7106901 0.5459669 -0.4436663 -0.7106893 -0.535764 0.4559359 -0.7548112 -0.3707483 0.5411153 -0.7548106 0.3845973 -0.5313623 -0.7571436 0.07713832 -0.6486781 -0.7571434 -0.05873575 0.6506028 -0.7423387 0.2281278 0.6299928 -0.7423355 -0.2087447 -0.6366817 -0.7692767 0.4859602 0.4147965 -0.7692751 -0.4729611 -0.4295622 -0.8190691 0.5158376 -0.2510729 -0.8190682 -0.5216268 0.2388153 -0.9993209 0.02092676 0.03032791 -0.9999993 0.001233538 0 -0.9863704 0.0145555 -0.163895 -0.9999962 0.002786131 0 -0.9999974 0.001969846 -0.001164968 -0.9999989 0.001515667 0 -0.9999954 0.002618906 -0.001548822 -0.9999993 0 -0.001239063 -0.9999967 0.001458819 -0.002143058 -0.990267 -0.1255392 -0.06009381 -1 0 0 -0.9999965 0 -0.002624822 -0.7352569 -0.6446588 -0.2093136 -0.9999976 0 -0.002211117 -0.7352623 0.6482058 0.1980369 -0.9999982 0 -0.001936501 -0.722562 -0.6876107 -0.07138566 -0.9554949 -0.2770156 -0.1014485 -0.9997734 0.01266439 0.01710985 -1 0 0 -1 0 0 -0.9999989 0 -0.001509912 -0.7225653 0.6883575 0.06374499 -0.999774 -0.01224357 -0.01737772 -0.9554954 0.2781821 0.09820026 -0.6837274 -0.2320343 0.6918649 -0.3907472 -0.3305065 0.859117 0.0549334 -0.8266107 0.5600866 -0.8677689 0.4614215 0.1845736 -0.6259543 -0.1252862 0.7697303 -0.6266947 -0.2345512 0.7431281 -0.7260925 -0.110615 0.6786412 -0.4422676 0.3358402 0.8316314 -0.6895113 0.22692 0.6878092 -0.171627 -0.2148268 0.961454 0 -0.03763951 0.9992914 0.1433665 0.1096189 0.9835801 -0.2747636 -0.2758938 0.9210796 -0.3098269 -0.2953319 0.9037623 -0.3403954 -0.307215 0.8886787 -0.3586246 -0.3118351 0.8798565 -0.3049551 -0.2684322 0.9137541 -0.1487593 -0.162625 0.9754096 -0.05430689 -0.3946503 0.9172251 -0.1834793 -0.1305721 0.9743133 -0.09540193 -0.005122845 0.9954256 -0.1187144 0.02848596 0.9925197 -0.1569406 -0.2877266 0.9447662 -0.5234295 -0.2900135 0.8011951 0.05491002 0.8266123 -0.5600867 -0.3908388 0.3303992 -0.8591166 -0.6836389 0.2322917 -0.6918659 -0.8683403 -0.460344 -0.1845767 -0.6259091 0.1255068 -0.7697309 -0.6265721 0.2348749 -0.7431294 -0.7260585 0.1108328 -0.6786422 -0.4424445 -0.335605 -0.8316323 -0.6896712 -0.2264277 -0.6878112 0.1517042 -0.1014666 -0.9832041 0.008358331 0.04493152 -0.9989551 -0.1632415 0.2228713 -0.961083 -0.266062 0.2857608 -0.9206257 -0.3010534 0.3056901 -0.9032831 -0.3316617 0.3180246 -0.8881784 -0.349794 0.3231498 -0.8793283 -0.2942163 0.2784415 -0.9142795 -0.05174493 0.3950356 -0.9172074 -0.1473047 0.1640261 -0.9753957 -0.1897414 0.1229682 -0.9741032 -0.1159025 -0.01480443 -0.9931503 -0.1495313 -0.06150445 -0.9868422 -0.1835345 0.278296 -0.9427971 -0.5711992 0.228368 -0.7884032  
					<BiTangents>: 314 0.19965 -0.8045575 0.5593095 -0.04385146 -0.3987287 -0.9160199 -0.04685207 -0.4560826 -0.8887033 -0.2905192 -0.744287 0.6013613 -0.0731026 -0.7025501 0.7078696 0.7635737 -0.3289921 0.5556253 0.1572677 -0.7448108 0.648478 -0.03392128 -0.5985243 0.8003863 -0.7317719 -0.2715299 0.6251251 -0.00954086 -0.6666278 0.7453298 -0.07731842 -0.894012 0.4413213 0.05871778 -0.9249945 0.3754162 -0.04307095 -0.9473217 0.3173745 0.08356472 -0.963854 0.2529871 -0.05538431 -0.9978248 -0.03575208 0.06541146 -0.9967263 -0.04751786 0.1254452 -0.8690074 -0.4786332 -0.05634026 -0.9828252 -0.1757285 0.09557349 -0.9780419 -0.1852019 0.01886894 -0.8079204 -0.5889895 -0.07903332 -0.8434006 -0.5314407 0.1284393 -0.7265701 -0.6749809 -0.03767164 -0.7636315 -0.6445524 0.03056183 -0.6154898 -0.7875521 -0.09789886 -0.7012426 -0.706169 0.0008596136 -0.905351 -0.4246631 -0.05474906 -0.5876385 -0.8072692 0.688209 0.66363 -0.2931954 -0.1813803 -0.7459475 -0.6408303 -0.02759039 -0.9120307 -0.4091927 -0.0600747 -0.9926907 -0.1046723 -0.9346718 -0.312603 0.1693164 -0.003612894 -0.4976692 -0.8673594 -0.006276248 0.8642899 -0.5029549 -0.6919273 0.6591608 -0.2945227 -0.03513506 -0.9993774 0.003212896 -0.00199652 -0.999992 -0.003477123 0.183892 -0.7451081 -0.641091 -0.6710994 -0.7376198 -0.07444935 -0.6019983 -0.02775801 0.7980147 0.05325321 -0.5888945 -0.8064536 -0.0283218 -0.6172782 -0.786235 0.03737418 -0.7638679 -0.6442897 -0.01875428 -0.8079809 -0.5889102 0.09884942 -0.7018571 -0.7054257 0.05698812 -0.9826441 -0.1765302 -0.09721883 -0.9776168 -0.1865845 -0.08497991 -0.9640649 0.2517087 0.02565543 -0.9114438 -0.4106241 0.07936789 -0.8435916 -0.5310875 0.04383648 -0.947563 0.3165482 -0.1577119 -0.7450079 0.6481436 0.05600725 -0.9978181 -0.03496203 0.07347681 -0.7028793 0.7075039 -0.7638407 -0.3295204 0.5549448 -0.19904 -0.8049195 0.559006 0.07814942 -0.8935374 0.4421353 -0.131056 -0.7281246 -0.6727992 -0.1260327 -0.8691938 -0.4781401 -0.06669378 -0.9966939 -0.04640215 -0.0600149 -0.92448 0.376477 -0.005904569 -0.9083558 -0.4181566 0.007966142 -0.6656616 0.7462113 0.03476012 -0.5976316 0.801017 0.7314637 -0.2710153 0.6257089 0.2909942 -0.7439376 0.601564 0.04726241 -0.4563301 -0.8885545 0.04422449 -0.398482 -0.9161093 0.05298739 -0.9923722 -0.1113095 0.9373546 -0.3067068 0.1652194 0.02324045 -0.9997276 0.002148704 -0.002275194 -0.9919012 0.1269915 0.6708843 -0.7375177 -0.0773437 0.6034185 -0.0251937 0.7970266 0.07465278 -0.9880211 0.13506 -0.08033485 -0.9874548 0.1359387 0.1371944 -0.9664283 0.2172417 -0.002172262 -0.8583659 0.5130334 -0.1422014 -0.9649413 0.2206059 0.6367503 -0.7705196 0.02913169 -0.3237458 -0.874164 0.3619751 0.3821351 -0.9224067 -0.05602489 -0.04118973 -0.7817793 0.6221934 0.2781787 -0.8151872 0.5080221 0.2601667 -0.8208095 0.5085125 0.2386038 -0.9701333 -0.04369818 0.3250326 -0.7138341 0.6203182 0.3416926 -0.9396342 0.0182695 0.1280533 -0.9579993 0.2565924 0.1480014 -0.9889441 0.009227525 -0.2361679 -0.8555136 -0.4607834 -0.2495256 -0.9668167 -0.05479547 -0.5401347 -0.1916612 -0.8194635 -0.5422549 -0.8343289 -0.09927136 -0.3946952 -0.9075583 -0.1433653 0.0738731 -0.8583894 0.507652 0.3302523 -0.6571938 0.6775174 0.480253 -0.2900065 0.8278003 0.08762731 -0.8072755 0.5836332 0.5280945 -0.3109671 0.7901998 0.5296917 0.6495159 0.5454869 0.35835 0.2900005 0.8874035 0.3570858 -0.3544265 0.8642173 0.0618617 -0.4205365 0.9051642 0.08382615 -0.2965727 0.9513242 -0.1152827 -0.6314223 0.7668219 -0.1320059 -0.4257908 0.8951406 -0.1967456 -0.7290281 0.6555984 -0.200566 -0.4161919 0.8868809 -0.2528555 -0.7914813 0.5564365 -0.2494498 -0.4133119 0.8757558 -0.286768 -0.8231864 0.4900289 -0.2735327 -0.4146796 0.8678828 -0.2311974 -0.3492604 0.9080555 -0.2593345 -0.7721896 0.5800593 -0.04275375 -0.3838355 0.9224112 0.05021645 -0.5324048 0.8449991 -0.0574436 -0.2766587 0.9592499 0.0850973 -0.184462 0.9791487 0.08685629 -0.005435712 0.996206 0.118262 -0.6498824 0.7507776 -0.4786983 -0.3424153 0.808455 -0.01569793 -0.2810682 0.9595594 -0.05216936 -0.2354681 0.9704809 -0.3623552 -0.002487981 0.9320368 -0.002748493 -0.3038878 0.9527039 -0.07870147 -0.1701423 0.9822717 -0.008976908 -0.3086077 0.951147 -0.002990771 -0.554072 0.8324634 -0.3332547 0.3739867 0.8654914 -0.7371704 -0.4291999 0.5218883 -0.7209088 -0.02188208 -0.6926844 -0.6793844 0.1127601 0.7250668 0.008545551 -0.8108715 0.5851619 -0.1806268 0.7997032 -0.5725808 -0.03456895 -0.1141879 0.9928575 -0.1323552 0.5390556 0.831806 0 0.8009384 -0.5987468 -0.001975917 -0.1085695 0.9940869 -0.0009689158 0.5987467 0.8009379 0.128568 0.5397705 0.8319364 0.1770479 0.8001708 -0.5730451 0.02962316 -0.1132613 0.9931235 0.3293759 0.3767097 0.8657951 0.6803373 0.1180459 0.7233301 -0.001701725 -0.3111721 0.9503521 0.004261394 -0.3077587 0.9514549 0.0737426 -0.1665196 0.9832768 0.3620256 0.001685063 0.9321666 0.05062292 -0.231216 0.9715846 0.7408828 -0.4286766 0.5170389 -0.006476169 -0.8108454 0.5852247 0.4810847 -0.3397087 0.8081804 0.7196419 -0.01916267 -0.694081 -0.08199718 -0.18128 0.9800071 -0.1141102 -0.6524622 0.7491808 -0.08378313 -0.008696673 0.9964461 0.04584372 -0.3870171 0.9209321 0.06034174 -0.2734427 0.9599937 0.2337158 -0.3458784 0.9087052 0.2617033 -0.7713473 0.5801162 0.01453594 -0.2764306 0.9609239 -0.001439898 -0.2999361 0.9539582 -0.05440902 -0.5289158 0.8469284 0.2763623 -0.4114693 0.8685142 0.2893616 -0.8240168 0.4870997 -0.3287908 -0.6527352 0.6825198 0.2526598 -0.4097974 0.8764868 0.2559631 -0.7927564 0.5531909 0.2036191 -0.4130418 0.8876574 0.1995163 -0.7305343 0.6530795 0.1352343 -0.4226674 0.8961384 -0.09204953 -0.8050449 0.5860286 0.118189 -0.6334461 0.7647074 -0.002099132 -0.5532709 0.8329988 -0.05841336 -0.4177683 0.9066739 -0.08096536 -0.2991456 0.9507663 -0.354232 -0.3519345 0.8664075 -0.3557443 0.2875816 0.8892372 -0.525988 -0.3083157 0.79264 -0.5277658 0.648445 0.5486186 -0.4753199 -0.2917447 0.8300338 -0.06922249 -0.8586764 0.5078218 0.04408054 -0.7758546 0.62937 0.3983879 -0.9058682 -0.1438396 0.323709 -0.8725007 0.3659987 0.5442806 -0.8333919 -0.09600227 0.5421072 -0.188416 -0.8189135 0.2526559 -0.9661694 -0.05178377 0.2390413 -0.8536113 -0.4628251 -0.03714264 -0.8558757 0.515846 -0.1447235 -0.9893959 0.01228423 -0.1251434 -0.9590501 0.2540907 -0.002044274 -0.5603428 0.8282583 -0.3388234 -0.9406013 0.0216294 -0.3220637 -0.7168186 0.6184223 0.03230283 -0.8565047 0.5151273 -0.2356323 -0.9710199 -0.03997257 -0.2567494 -0.8239026 0.5052368 -0.380417 -0.9232247 -0.05421258 -0.2754236 -0.8172653 0.5061812 -0.6358249 -0.771208 0.03106342 -0.001267273 0.4263084 0.904577 -0.001225023 0.4278868 0.9038315 -0.001740091 -0.6596449 0.7515755 -0.001816398 -0.6618617 0.7496238 -0.001931111 -0.9446777 0.3279944 -0.002082791 -0.9458594 0.32457 -0.002141808 -0.9947624 -0.1021925 -0.002189409 -0.9943734 -0.1059088 -0.002356134 -0.8164334 -0.5774348 -0.002338453 -0.8187822 -0.5740996 -0.002603684 -0.6413192 -0.7672698 -0.002625025 -0.6373395 -0.7705787 -0.002360822 -0.9033967 -0.4287994 -0.002625229 -0.9994552 0.0328991 -0.001131334 -0.9999928 0.00360386 0.0007542156 -0.8289811 0.559276 -0.002793273 -0.8643035 0.5029628 0 -0.9920062 0.1261895 -0.0002568952 -0.9963972 -0.0848093 -0.003247772 -0.9999882 0.003603843 -0.001298714 -0.8607405 0.5090424 -0.003014464 -0.8607373 0.5090405 -0.002191166 -0.9999911 0.003603854 -0.003004637 -0.9995249 0.03067591 -0.002457279 -0.5627143 0.8266478 -0.004074732 -0.4017125 0.9157568 -0.004250804 -0.9073785 -0.4202931 -0.005624862 -0.6350407 -0.7724583 -0.005716327 -0.6436718 -0.7652803 -0.006359349 -0.8207688 -0.5712252 -0.00642654 -0.8143713 -0.5803087 -0.006994335 -0.9939039 -0.1100274 -0.007015655 -0.9951611 -0.09800663 -0.007454021 -0.9430066 0.3326904 -0.007768218 -0.9474859 0.3197033 -0.007488135 -0.6560323 0.7546957 -0.007646117 -0.6654649 0.74639 -0.005487685 0.4305771 0.9025371 -0.005615872 0.423545 0.9058577 -0.0003869786 -0.8289889 0.559265 -0.001223677 -0.9920054 0.1261894 -0.0005880583 -0.996385 -0.08494974 -0.002763859 -0.9920024 0.126189 -0.002288547 -0.8607389 0.5090415 -0.001304597 -0.8607405 0.5090424 -0.003042617 -0.8607372 0.5090405 -0.001024272 -0.5627156 0.8266499 -0.00259246 -0.562714 0.8266476 -0.004477098 -0.4028117 0.9152719 0 -0.2996466 0.9540503 -0.002504213 -0.2996457 0.9540473 -0.004798298 -0.3038601 0.9527046 -0.002109517 -0.299646 0.9540482 -0.003893632 -0.2962182 0.9551123 -0.001927458 -0.09652962 0.9953282 -0.003236661 -0.09989594 0.9949926 -0.001788372 -0.3384392 0.9409866 -0.0002532419 -0.8107914 0.5853351 0 -0.8009384 0.5987468 0 -0.09652944 0.9953302 -0.00150286 -0.09652982 0.9953289 -0.002310555 -0.09461419 0.9955113 -0.0002451092 -0.8107848 0.5853443 -0.001509363 -0.3374809 0.9413311 0.3245317 -0.9458683 0.003493865 0.6491265 -0.7606761 0.002602675 0.99781 0.06614514 -0.0002442532 -0.4689392 -0.8832244 0.003293463 0.20052 -0.9796829 0.003605939 0.3541908 -0.9351665 0.003532476 0.1539544 -0.9880711 0.003668557 -0.6011861 -0.7991034 0.00298921 -0.3092735 -0.9509659 0.003701067 0.7202725 -0.693192 -0.02631225 0.742803 -0.6690356 -0.02520003 0.7154906 -0.6981202 -0.02648515 0.659236 -0.751399 -0.02841477 0.6438317 -0.764612 -0.02914254 0.625706 -0.7794895 -0.02980091 0.6122714 -0.790061 -0.03045177 0.6132668 -0.7894063 -0.02723193 0.720067 -0.6938798 -0.005869903 0.9887869 -0.1492263 -0.005663003 0.6364847 -0.7711124 0.01652035 0.7162433 -0.6948104 0.06506924 0.6798644 -0.7261871 0.10216 0.9425197 -0.3293813 0.05625502 0.6256222 -0.7691666 0.1303058 -0.9978113 0.06612579 -0.0002311338 -0.6490713 -0.7607227 0.002723791 -0.3247178 -0.9458052 0.003305583 0.4678805 -0.8837864 0.003068361 -0.200661 -0.9796547 0.003432559 -0.3544077 -0.9350853 0.003275232 -0.1541144 -0.9880468 0.003518928 0.6010559 -0.7992023 0.002744457 0.3089166 -0.9510833 0.003345078 -0.7137694 -0.6993514 -0.03795848 -0.742756 -0.6685783 -0.03628636 -0.7222192 -0.6906476 -0.03748836 -0.6627957 -0.7477022 -0.0405368 -0.6479805 -0.7605301 -0.04141529 -0.6303789 -0.7751421 -0.04215566 -0.6173588 -0.7855009 -0.04308521 -0.6137857 -0.7883244 -0.04256523 -0.9889243 -0.1482033 -0.008039364 -0.720366 -0.6935499 -0.007839853 -0.634646 -0.7723615 0.02611919 -0.713213 -0.6946716 0.09358841 -0.6737575 -0.7241384 0.1472227 -0.937704 -0.3373871 0.08295266 -0.5823342 -0.7896664 0.193168  
					<SubMeshes>: 1
						<SubMesh>: 0 1284 0 1 2 2 3 0 3 4 0 5 0 4 5 4 6 3 7 4 7 3 8 9 7 8 10 7 9 4 7 10 11 10 9 12 6 4 10 12 4 6 12 13 10 11 14 10 14 12 15 14 11 14 15 16 17 13 12 17 12 14 17 18 13 18 17 19 16 20 14 14 20 17 20 16 21 17 22 19 22 17 20 19 22 23 21 24 20 20 24 22 25 24 21 26 23 22 26 22 24 23 26 27 28 26 24 28 27 26 24 25 29 28 24 29 29 25 30 31 30 25 27 28 32 32 33 27 34 33 32 35 28 29 35 29 30 36 32 28 36 28 35 32 37 34 37 32 36 31 38 30 38 31 39 40 34 37 34 40 41 41 40 42 42 43 41 44 40 37 44 42 40 43 42 45 45 46 43 47 46 45 48 37 36 37 48 44 49 45 42 44 49 42 45 50 47 47 50 51 49 52 45 52 50 45 50 53 51 51 53 54 55 54 53 52 56 50 56 53 50 49 44 57 58 49 57 52 49 58 59 52 58 52 59 60 52 60 56 61 57 44 62 56 60 44 48 61 56 62 63 56 63 53 64 63 62 64 65 63 63 65 53 55 53 65 55 65 66 66 67 55 68 61 48 68 69 61 70 68 48 36 70 48 70 36 71 71 36 35 69 68 72 69 72 73 74 68 70 71 74 70 75 71 35 75 35 30 76 72 68 68 74 76 77 71 75 71 77 74 78 75 30 30 38 78 72 79 73 72 80 79 76 80 72 80 81 79 79 81 73 76 82 80 73 81 83 83 81 84 81 85 84 80 85 81 86 84 85 85 87 86 80 87 85 88 86 87 87 89 88 80 89 87 88 89 90 89 91 90 80 91 89 90 91 92 91 93 92 80 93 91 94 92 93 80 94 93 80 82 94 94 82 95 82 96 95 95 96 97 96 82 98 98 82 76 98 76 74 97 96 99 99 100 97 100 99 101 96 102 99 99 102 101 96 103 102 101 102 104 102 103 104 104 103 105 103 106 105 96 106 103 107 105 106 106 108 107 96 108 106 107 108 109 108 110 109 96 110 108 109 110 111 110 112 111 96 112 110 96 113 112 114 111 112 112 113 114 115 114 113 113 96 116 98 116 96 113 117 115 117 118 115 115 118 119 119 118 120 118 121 120 122 117 113 123 118 117 117 122 123 124 121 118 118 123 124 125 122 113 125 113 116 122 126 123 122 125 126 127 125 116 127 126 125 98 128 116 116 128 127 129 123 126 129 124 123 121 124 130 131 121 130 130 124 132 124 129 132 132 133 130 132 129 134 126 135 129 127 135 126 134 129 136 135 136 129 137 134 136 138 135 127 136 135 138 136 139 137 138 139 136 137 139 140 137 140 141 142 140 139 138 142 139 141 140 143 142 143 140 141 143 144 127 145 138 145 127 128 146 142 138 146 138 145 143 142 147 146 147 142 144 143 148 143 147 149 149 148 143 148 150 144 150 151 144 152 150 148 150 152 153 154 152 148 149 154 148 154 155 152 155 154 156 157 156 154 158 154 149 157 154 158 157 158 159 159 160 157 158 149 161 161 159 158 161 149 147 147 162 161 161 162 159 162 147 146 163 162 146 163 159 162 160 159 164 164 165 160 166 164 159 163 166 159 165 164 167 166 167 164 167 168 165 166 169 167 168 167 169 169 170 168 166 171 169 170 169 171 166 163 172 171 173 170 146 174 163 172 163 174 174 146 145 173 171 175 166 175 171 175 176 173 177 176 175 166 177 175 176 177 178 179 178 177 166 179 177 178 179 180 181 180 179 179 166 181 182 181 166 182 166 183 184 182 183 166 172 183 184 183 185 184 185 186 78 185 183 78 183 172 185 78 38 186 187 184 75 78 172 187 186 188 185 188 186 188 189 187 172 190 75 190 172 174 77 75 190 189 188 191 185 191 188 191 192 189 190 174 193 190 193 77 145 193 174 128 193 145 192 191 194 185 194 191 194 195 192 196 77 193 193 128 196 196 74 77 196 128 98 74 196 98 195 194 197 185 197 194 197 198 195 198 197 199 185 199 197 199 200 198 39 200 199 185 201 199 39 199 201 38 201 185 39 201 38 202 203 204 204 205 202 205 204 206 206 207 205 207 206 208 208 209 207 208 210 209 208 211 210 211 212 210 213 210 212 214 213 212 212 215 214 215 216 214 214 216 217 216 215 218 219 217 216 217 219 220 216 218 221 216 221 219 220 219 222 222 223 220 224 221 218 218 225 224 223 222 226 226 227 223 228 224 225 228 225 229 229 230 228 229 231 230 229 232 231 232 233 231 234 231 233 235 234 233 235 233 236 237 235 236 237 236 238 239 237 238 238 240 239 228 241 224 224 241 242 221 224 242 241 243 242 242 244 221 221 244 219 244 245 219 242 245 244 222 219 245 246 242 243 242 246 245 243 247 246 245 248 222 246 248 245 226 222 248 246 247 249 246 249 248 247 250 249 251 226 248 248 249 251 249 250 252 249 252 251 250 253 252 226 251 254 227 226 254 254 255 227 256 252 253 253 257 256 256 257 258 256 258 259 256 259 260 252 261 251 252 256 261 251 261 254 261 256 260 255 254 262 262 254 261 260 262 261 262 263 255 262 260 264 265 263 262 264 265 262 266 267 268 269 266 268 266 269 270 271 270 269 269 272 271 269 273 272 273 274 272 275 276 277 278 275 277 279 278 277 280 279 277 281 280 277 282 281 277 283 282 277 277 284 283 282 283 285 283 286 285 287 285 286 288 287 286 287 288 289 290 291 292 290 292 293 292 294 293 294 295 293 295 296 293 296 297 293 296 298 297 299 300 301 299 301 302 299 302 303 299 303 304 299 304 305 299 305 306 307 299 306 307 306 308 308 306 309 309 310 308 309 311 310 310 311 312 311 313 312  
				</Mesh>
				<Materials>: 1
					<Material>: 0
						<AlbedoColor>: 1 1 1 1
						<EmissiveColor>: 0 0 0 1
						<Glossiness>: 0.5
						<Metallic>: 0
						<SpecularHighlight>: 1
						<GlossyReflection>: 1
						<AlbedoMap>: @Grenade_Base_color
						<MetallicMap>: @Grenade_Metallic
						<NormalMap>: @Grenade_Normal
						<EmissionMap>: null
						<DetailAlbedoMap>: null
						<DetailNormalMap>: null
				</Materials>
				<Children>: 0
			</Frame>
			<Frame>: 3 0 Grenade02
				<Transform>: 0 0.006114936 -0.000415492 270 180 0 1 1 1 3.090862E-08 0.7071068 0.7071068 -3.090862E-08  
				<TransformMatrix>: -1 0 8.742279E-08 0 8.742279E-08 -1.192093E-07 1 0 0 1 -1.192093E-07 0 0 0.006114936 -0.000415492 1  
				<Mesh>: 499 Grenade02
					<Bounds>: -8.734502E-05 -0.000451928 0.01963878 0.04851875 0.04854172 0.07153627
					<Positions>: 499 0.005727509 -0.0137713 0.03508249 0.0004410466 -0.01504285 0.03508249 0.0009953289 -0.02583427 0.0336245 0.0101428 -0.02363352 0.0336245 0.01317041 -0.03039668 0.03049649 0.001374969 -0.03323459 0.03049649 0.01787705 -0.01827682 0.0336245 0.0101969 -0.01067504 0.03508249 0.0231538 -0.01048766 0.0336245 0.01324683 -0.006173382 0.03508249 0.01446494 -0.0008747733 0.03508249 0.0231435 -0.02348902 0.03049649 0.01760469 -0.04030174 0.01707449 0.001932355 -0.04407169 0.01707449 0.03085626 -0.03112347 0.01707449 0.03435898 -0.03459 -5.049825E-05 0.01961822 -0.0447985 -5.049825E-05 0.002185283 -0.04899365 -5.049825E-05 0.002099752 -0.04733442 -0.01849749 0.01893883 -0.04328253 -0.01849749 0.001688068 -0.03931877 -0.03546549 0.02994764 -0.01344572 0.03049649 0.03266431 -0.001622344 0.03049649 0.03989768 -0.01777866 0.01707449 0.0156595 -0.03595645 -0.03546549 0.001005349 -0.02602821 -0.04615149 0.02526064 -0.001318152 0.0336245 0.01368575 0.004506316 0.03508249 0.02391322 0.007993187 0.0336245 0.01101609 0.009243597 0.03508249 0.03317796 -0.03342053 -0.01849749 0.04441603 -0.01974548 -5.049825E-05 0.0435074 -0.002067731 0.01707449 0.04289256 -0.0190827 -0.01849749 0.01929321 0.01618892 0.0336245 0.03092733 0.01038415 0.03049649 0.04119863 0.01388561 0.01707449 0.01202424 0.02216191 0.0336245 0.006814363 0.01269532 0.03508249 0.003088345 0.02510577 0.0336245 0.001650331 0.01439709 0.03508249 -0.006307706 0.02462321 0.0336245 -0.003779303 0.01411758 0.03508249 -0.008742183 0.01189568 0.03508249 -0.01489483 0.0207792 0.0336245 -0.01256751 0.008031859 0.03508249 0.0249696 0.02095198 0.03049649 0.01559687 0.02865428 0.03049649 0.03328272 0.02792751 0.01707449 0.03705778 0.03109516 -5.049825E-05 0.004075177 0.03245043 0.03049649 0.02082873 0.03816151 0.01707449 -0.008041087 0.0318275 0.03049649 -0.01911334 0.02687073 0.03049649 0.04586278 0.01547565 -5.049825E-05 -0.02151319 0.01409263 0.0336245 -0.02526896 0.005466289 0.0336245 -0.01473772 0.003046513 0.03508249 -0.01496101 -0.002385972 0.03508249 -0.02764786 0.01824866 0.03049649 -0.02529249 0.03579202 0.01707449 -0.01057963 0.04237942 0.01707449 -0.02809812 0.03984348 -5.049825E-05 -0.02565486 -0.003934003 0.0336245 -0.01320736 -0.007532887 0.03508249 -0.03663244 0.02433557 0.01707449 -0.03249092 0.007125215 0.03049649 0.005518675 0.04320548 0.01707449 -0.02261945 -0.01283935 0.0336245 -0.009711883 -0.01169864 0.03508249 -0.01173272 0.04717001 -5.049825E-05 0.02320454 0.0424787 -5.049825E-05 -0.03298921 -0.004995876 0.03049649 0.006174563 0.04808979 -5.049825E-05 0.005953132 0.04644324 -0.01849749 -0.01134456 0.04555461 -0.01849749 0.02240361 0.0410234 -0.01849749 0.004885158 0.03848746 -0.03546549 0.03578462 0.03002686 -0.01849749 0.01853386 0.03399061 -0.03546549 0.04429051 0.0149396 -0.01849749 -0.02715149 0.03847733 -0.01849749 -0.009465602 0.03775055 -0.03546549 -0.00635292 0.02481242 -0.04615149 0.003114458 0.02529869 -0.04615149 -0.02258196 0.0318788 -0.03546549 -0.03933627 0.02616705 -0.01849749 -0.03269094 0.02166538 -0.03546549 -0.0150051 0.02093862 -0.04615149 -0.04071123 0.02709936 -5.049825E-05 -0.04306659 0.009555978 0.01707449 -0.04372897 -0.006549802 0.01707449 0.001527703 0.01348223 -0.05008548 -0.003563969 0.01322001 -0.05008548 -0.000318286 -0.0002670736 -0.05189749 0.01211788 0.02233186 -0.04615149 -0.00821659 0.01113704 -0.05008548 -0.000318286 -0.0002670736 -0.05189749 -0.01180289 0.007514235 -0.05008548 -0.000318286 -0.0002670736 -0.05189749 0.006369474 0.011886 -0.05008548 -0.000318286 -0.0002670736 -0.05189749 0.01030828 0.008649668 -0.05008548 -0.000318286 -0.0002670736 -0.05189749 0.01944182 0.01631362 -0.04615149 0.02963634 0.02486783 -0.03546549 0.02409684 0.008055888 -0.04615149 0.03669324 0.01234909 -0.03546549 0.01281148 0.004208721 -0.05008548 -0.000318286 -0.0002670736 -0.05189749 0.01354269 -0.0008366742 -0.05008548 -0.000318286 -0.0002670736 -0.05189749 0.02545517 -0.001325937 -0.04615149 0.03875105 -0.001872347 -0.03546549 0.02333229 -0.01056504 -0.04615149 0.04677141 -0.002202105 -0.01849749 0.01240029 -0.005805457 -0.05008548 -0.000318286 -0.0002670736 -0.05189749 0.0484314 -0.00226996 -5.049825E-05 0.03553334 -0.01587712 -0.03546549 0.02747317 -0.0277746 -0.03546549 0.0180149 -0.01841309 -0.04615149 0.009541045 -0.01002569 -0.05008548 -0.000318286 -0.0002670736 -0.05189749 0.01022177 -0.02381007 -0.04615149 0.005350524 -0.01292841 -0.05008548 -0.000318286 -0.0002670736 -0.05189749 0.0003932487 -0.01412087 -0.05008548 -0.000318286 -0.0002670736 -0.05189749 0.0009953289 -0.02583427 0.0336245 0.0004410466 -0.01504285 0.03508249 -0.004947679 -0.0143194 0.03508249 -0.008329163 -0.02458197 0.0336245 0.001374969 -0.03323459 0.03049649 -0.01657212 -0.02004628 0.0336245 -0.0106485 -0.0316205 0.03049649 -0.0290748 -0.01647806 0.03049649 -0.01404376 -0.04192727 0.01707449 0.001932355 -0.04407169 0.01707449 -0.02127651 -0.0257717 0.03049649 -0.02816619 -0.03415579 0.01707449 -0.0385279 -0.02180718 0.01707449 -0.0155861 -0.04660767 -5.049825E-05 0.002185283 -0.04899365 -5.049825E-05 0.002099752 -0.04733442 -0.01849749 -0.0312952 -0.03796273 -5.049825E-05 -0.01506613 -0.04502913 -0.01849749 0.001688068 -0.03931877 -0.03546549 -0.04282035 -0.02422758 -5.049825E-05 -0.03024029 -0.03667941 -0.01849749 -0.01255442 -0.0374062 -0.03546549 0.001005349 -0.02602821 -0.04615149 -0.04860609 -0.007255961 -5.049825E-05 -0.008390009 -0.02476615 -0.04615149 0.0003932487 -0.01412087 -0.05008548 -0.04786985 0.01065975 -5.049825E-05 -0.04625069 0.0102874 -0.01849749 -0.04696125 -0.007018005 -0.01849749 -0.0384283 0.008490066 -0.03546549 -0.04137334 -0.02341155 -0.01849749 -0.02514431 -0.0304779 -0.03546549 -0.03901797 -0.005868161 -0.03546549 -0.0254582 0.005509833 -0.04615149 -0.01669529 -0.02019664 -0.04615149 -0.03438115 -0.01946987 -0.03546549 -0.02278892 -0.01293454 -0.04615149 -0.02584681 -0.003961943 -0.04615149 -0.01240253 -0.00707947 -0.05008548 -0.009125596 -0.01098477 -0.05008548 -0.000318286 -0.0002670736 -0.05189749 -0.004658738 -0.01344253 -0.05008548 -0.000318286 -0.0002670736 -0.05189749 -0.000318286 -0.0002670736 -0.05189749 -0.01404729 -0.002253686 -0.05008548 -0.000318286 -0.0002670736 -0.05189749 -0.01383805 0.002839341 -0.05008548 -0.000318286 -0.0002670736 -0.05189749 -0.000318286 -0.0002670736 -0.05189749 -0.02167334 0.01420106 -0.04615149 0.004180992 0.01605348 0.07633807 -0.004254986 0.02124149 0.08517706 0.004178003 0.02124149 0.08517706 -0.004251978 0.01605348 0.07633807 -0.002939987 0.01605348 0.05247604 -0.004258998 0.01592248 0.05190305 -0.002990988 0.01641348 0.05190305 0.002939993 0.01605348 0.05247604 0.004187992 0.01595147 0.05190305 0.002990993 0.01641348 0.05190305 0.01222199 0.01028648 0.08995605 0.01222199 0.01028648 0.05270204 0.006779982 0.01028648 0.05893305 0.004180992 0.01028648 0.06045204 0.004180992 0.01028648 0.08995605 0.01222199 -0.0263205 0.08995605 -0.004251977 0.01028648 0.08995605 -0.01229299 -0.02632049 0.08995605 0.01222199 -0.0354075 0.05193406 -0.012293 -0.03540749 0.05193406 0.01222199 -0.0354075 0.04530305 -0.012293 -0.03540749 0.04530305 -0.01229299 0.01028648 0.08995605 -0.004251977 0.01028648 0.06041006 -0.006779978 0.01028648 0.05893305 -0.01229299 0.01028648 0.05262005 0.01222198 -0.0349735 0.04486907 -0.012293 -0.03497349 0.04486907 -0.012293 -0.03079851 0.04486907 0.01222199 -0.03079851 0.04486907 -0.012293 -0.03053151 0.04513605 0.01222199 -0.03053151 0.04513605 0.01222199 -0.03053151 0.04605805 -0.012293 -0.03053151 0.04605805 -0.01229299 -0.03078447 0.04631205 0.01222199 -0.03078448 0.04631205 0.01222199 -0.0317365 0.04631205 -0.012293 -0.0317365 0.04631205 -0.012293 -0.0321715 0.04674605 0.01222199 -0.0321715 0.04674605 0.01222199 -0.0321715 0.04961505 -0.012293 -0.0321715 0.04961505 0.01222199 -0.03168749 0.05010005 -0.01229299 -0.03168749 0.05010005 -0.01229299 -0.02978351 0.05010005 0.01222199 -0.02978351 0.05010005 0.01222199 -0.02921749 0.05046104 -0.012293 -0.02921749 0.05046104 -0.01229299 -0.0285365 0.05193406 0.01222198 -0.0285365 0.05193406 -3.070807E-09 -0.0158525 0.05191906 -0.005876991 -0.01475349 0.05191906 -0.01095997 -0.01160651 0.05191906 -0.01231099 -0.009829506 0.05190305 0.005876987 -0.01475349 0.05191906 0.01095997 -0.01160651 0.05191906 0.01222998 -0.009928501 0.05191306 -0.008567998 0.01425348 0.05190305 -0.01298799 0.01022349 0.05190305 -0.01229299 0.01028648 0.05262005 -0.006779978 0.01028648 0.05893305 -0.004258998 0.01592248 0.05190305 -0.004251977 0.01028648 0.06041006 0.01222199 0.01028648 0.05270204 0.01298799 0.01022349 0.05190305 0.008568003 0.01425348 0.05190305 0.006779982 0.01028648 0.05893305 0.004187992 0.01595147 0.05190305 0.004180992 0.01028648 0.06045204 -0.004251977 0.01495649 0.08628608 -0.004251977 0.01028648 0.08995605 0.004180992 0.01028648 0.08995605 0.004180992 0.01495649 0.08628608 0.004180992 0.01657647 0.08435505 0.004179993 0.01777947 0.08391704 0.01176799 0.01777947 0.08391704 0.01176799 0.01657647 0.08435505 0.004180993 0.01559649 0.08517706 0.01176799 0.01559649 0.08517706 0.01176799 0.01495649 0.08628608 0.004180992 0.01495649 0.08628608 0.01176799 0.01473348 0.08754606 -0.01176799 0.01473348 0.08754606 -0.004251977 0.01495649 0.08628608 -0.01176799 0.01495649 0.08880606 -0.01176799 0.01495649 0.08628608 0.01176799 0.01495649 0.08880606 -0.01176799 0.01559649 0.08517706 -0.004251977 0.01559649 0.08517706 -0.004251978 0.01657647 0.08435505 -0.01176799 0.01657647 0.08435505 -0.004252997 0.01777947 0.08391704 -0.01176799 0.01777947 0.08391704 -0.01176799 0.01559649 0.08991502 0.01176799 0.01559649 0.08991502 0.01176799 0.01657647 0.09073705 -0.01176799 0.01657647 0.09073705 0.01176799 0.01777947 0.09117506 -0.01176799 0.01777947 0.09117506 0.01176799 0.01905848 0.09117506 -0.01176799 0.01905848 0.09117506 -0.01176799 0.02026148 0.09073705 0.01176799 0.02026148 0.09073705 -0.01176799 0.0212415 0.08991502 0.01176799 0.02124149 0.08991502 -0.01176799 0.02188149 0.08880606 0.01176799 0.02188149 0.08880606 -0.01176799 0.02210449 0.08754606 0.01176799 0.02210449 0.08754606 0.01176799 0.02188149 0.08628608 -0.01176799 0.02188149 0.08628608 0.004178003 0.02124149 0.08517706 0.01176799 0.02124149 0.08517706 -0.004254986 0.02124149 0.08517706 -0.01176799 0.0212415 0.08517706 0.004179003 0.02026148 0.08435505 0.01176799 0.02026148 0.08435505 -0.01176799 0.02026148 0.08435505 -0.004253987 0.02026148 0.08435505 0.01176799 0.01905848 0.08391704 0.004179003 0.01905848 0.08391704 0.004179993 0.01777947 0.08391704 0.01176799 0.01777947 0.08391704 -0.004253987 0.01905848 0.08391704 -0.01176799 0.01905848 0.08391704 -0.01176799 0.01777947 0.08391704 -0.004252997 0.01777947 0.08391704 -0.004253987 0.02026148 0.08435505 -0.004254986 0.02124149 0.08517706 -0.004251978 0.01605348 0.07633807 -0.004253987 0.01905848 0.08391704 -0.004252997 0.01777947 0.08391704 -0.004251977 0.01028648 0.06041006 -0.004258998 0.01592248 0.05190305 -0.004251978 0.01657647 0.08435505 -0.004251977 0.01559649 0.08517706 -0.004251977 0.01495649 0.08628608 -0.004251977 0.01028648 0.08995605 0.004180992 0.01605348 0.07633807 0.004178003 0.02124149 0.08517706 0.004179003 0.02026148 0.08435505 0.004179003 0.01905848 0.08391704 0.004179993 0.01777947 0.08391704 0.004180992 0.01028648 0.06045204 0.004187992 0.01595147 0.05190305 0.004180992 0.01657647 0.08435505 0.004180993 0.01559649 0.08517706 0.004180992 0.01495649 0.08628608 0.004180992 0.01028648 0.08995605 -0.01176799 0.01495649 0.08880606 -0.01176799 0.01559649 0.08991502 -0.01176799 0.01657647 0.09073705 -0.01176799 0.01473348 0.08754606 -0.01176799 0.01495649 0.08628608 -0.01176799 0.01559649 0.08517706 -0.01176799 0.01777947 0.08391704 -0.01176799 0.01657647 0.08435505 -0.01176799 0.01905848 0.09117506 -0.01176799 0.01777947 0.09117506 -0.01176799 0.0212415 0.08991502 -0.01176799 0.02026148 0.09073705 -0.01176799 0.02188149 0.08880606 -0.01176799 0.02210449 0.08754606 -0.01176799 0.02188149 0.08628608 -0.01176799 0.0212415 0.08517706 -0.01176799 0.02026148 0.08435505 -0.01176799 0.01905848 0.08391704 0.01176799 0.02188149 0.08880606 0.01176799 0.02124149 0.08991502 0.01176799 0.02026148 0.09073705 0.01176799 0.02210449 0.08754606 0.01176799 0.02188149 0.08628608 0.01176799 0.02124149 0.08517706 0.01176799 0.01905848 0.08391704 0.01176799 0.01657647 0.08435505 0.01176799 0.02026148 0.08435505 0.01176799 0.01777947 0.08391704 0.01176799 0.01495649 0.08628608 0.01176799 0.01559649 0.08517706 0.01176799 0.01473348 0.08754606 0.01176799 0.01495649 0.08880606 0.01176799 0.01559649 0.08991502 0.01176799 0.01657647 0.09073705 0.01176799 0.01777947 0.09117506 0.01176799 0.01905848 0.09117506 -0.012293 -0.0317365 0.04631205 -0.01229299 -0.03078447 0.04631205 -0.012293 -0.03053151 0.04605805 -0.012293 -0.03079851 0.04486907 -0.012293 -0.03053151 0.04513605 -0.012293 -0.03497349 0.04486907 -0.012293 -0.0321715 0.04674605 -0.012293 -0.03540749 0.04530305 -0.012293 -0.0321715 0.04961505 -0.012293 -0.03540749 0.05193406 -0.01229299 -0.03168749 0.05010005 -0.012293 -0.02921749 0.05046104 -0.01229299 -0.02978351 0.05010005 -0.01229299 -0.0285365 0.05193406 -0.01229299 -0.02632049 0.08995605 -0.01231099 -0.009829506 0.05190305 -0.01229299 -0.005705506 0.05716505 -0.01456898 -0.006709485 0.05190305 -0.016206 -0.001086485 0.05190305 -0.01229299 -0.0007234857 0.06003505 -0.01229299 0.01028648 0.08995605 -0.01565399 0.004869484 0.05190305 -0.01229299 0.004706484 0.05782406 -0.01229299 0.01028648 0.05262005 -0.01298799 0.01022349 0.05190305 0.01222199 -0.03053151 0.04513605 0.01222198 -0.0349735 0.04486907 0.01222199 -0.03079851 0.04486907 0.01222199 -0.03053151 0.04605805 0.01222199 -0.03078448 0.04631205 0.01222199 -0.0317365 0.04631205 0.01222199 -0.0321715 0.04674605 0.01222199 -0.0354075 0.04530305 0.01222199 -0.0321715 0.04961505 0.01222199 -0.0354075 0.05193406 0.01222199 -0.03168749 0.05010005 0.01222199 -0.02921749 0.05046104 0.01222199 -0.02978351 0.05010005 0.01222198 -0.0285365 0.05193406 0.01222199 -0.0263205 0.08995605 0.01222998 -0.009928501 0.05191306 0.01222199 -0.00567051 0.05733003 0.01456898 -0.006839501 0.05190305 0.016206 -0.001086491 0.05190305 0.01222199 -0.0007175 0.06018305 0.01222199 0.01028648 0.08995605 0.01565399 0.004869479 0.05190305 0.01222199 0.00466349 0.05797705 0.01222199 0.01028648 0.05270204 0.01298799 0.01022349 0.05190305 -0.01379243 0.008861611 0.04684648 -0.01256751 0.008031859 0.04563449 -0.01473772 0.003046513 0.04563449 -0.008742183 0.01189568 0.04563449 -0.01618017 0.003377846 0.04684648 -0.01496101 -0.002385972 0.04563449 -0.009584717 0.0131129 0.04684648 -0.003779303 0.01411758 0.04563449 -0.01642621 -0.002598491 0.04684648 -0.01320736 -0.007532887 0.04563449 -0.004125399 0.01555683 0.04684648 0.001650331 0.01439709 0.04563449 0.001847524 0.01586404 0.04684648 0.006814363 0.01269532 0.04563449 0.007528256 0.01399143 0.04684648 0.01101609 0.009243597 0.04563449 -0.01618017 0.003377846 0.05189749 -0.01642621 -0.002598491 0.05189749 -0.01379243 0.008861611 0.05189749 -0.009584717 0.0131129 0.05189749 -0.004125399 0.01555683 0.05189749 0.001847524 0.01586404 0.05189749 -0.01449603 -0.008259151 0.05189749 0.007528256 0.01399143 0.05189749 -0.01449603 -0.008259151 0.04684648 -0.01065089 -0.01284161 0.05189749 0.01214985 0.01019493 0.04684648 0.01214985 0.01019493 0.05189749 -0.01065089 -0.01284161 0.04684648 -0.005411399 -0.01572543 0.05189749 -0.009711883 -0.01169864 0.04563449 0.01508614 0.004984295 0.04684648 0.01508614 0.004984295 0.05189749 0.01368575 0.004506316 0.04563449 -0.005411399 -0.01572543 0.04684648 0.0005168676 -0.01652091 0.05189749 -0.004947679 -0.0143194 0.04563449 0.01594386 -0.000935311 0.04684648 0.01594386 -0.000935311 0.05189749 0.01446494 -0.0008747733 0.04563449 0.0005168676 -0.01652091 0.04684648 0.006331949 -0.0151217 0.05189749 0.0004410466 -0.01504285 0.04563449 0.01460412 -0.006764144 0.04684648 0.01460412 -0.006764144 0.05189749 0.01324683 -0.006173382 0.04563449 0.006331949 -0.0151217 0.04684648 0.005727509 -0.0137713 0.04563449 0.01124931 -0.01171614 0.05189749 0.0101969 -0.01067504 0.04563449 0.01124931 -0.01171614 0.04684648 0.006814363 0.01269532 0.03508249 0.001650331 0.01439709 0.04563449 0.006814363 0.01269532 0.04563449 0.001650331 0.01439709 0.03508249 0.01101609 0.009243597 0.03508249 -0.003779303 0.01411758 0.04563449 0.01101609 0.009243597 0.04563449 -0.003779303 0.01411758 0.03508249 0.01368575 0.004506316 0.03508249 -0.008742183 0.01189568 0.04563449 0.01368575 0.004506316 0.04563449 -0.008742183 0.01189568 0.03508249 0.01446494 -0.0008747733 0.03508249 -0.01256751 0.008031859 0.04563449 0.01446494 -0.0008747733 0.04563449 -0.01256751 0.008031859 0.03508249 0.01324683 -0.006173382 0.03508249 -0.01473772 0.003046513 0.04563449 0.01324683 -0.006173382 0.04563449 -0.01473772 0.003046513 0.03508249 0.0101969 -0.01067504 0.03508249 -0.01496101 -0.002385972 0.04563449 0.0101969 -0.01067504 0.04563449 -0.01496101 -0.002385972 0.03508249 0.005727509 -0.0137713 0.03508249 -0.01320736 -0.007532887 0.04563449 0.005727509 -0.0137713 0.04563449 -0.01320736 -0.007532887 0.03508249 0.0004410466 -0.01504285 0.03508249 -0.009711883 -0.01169864 0.04563449 0.0004410466 -0.01504285 0.04563449 -0.009711883 -0.01169864 0.03508249 -0.004947679 -0.0143194 0.03508249 -0.004947679 -0.0143194 0.04563449  
					<Colors>: 0  
					<TextureCoords0>: 499 0.682011 0.534604 0.726307 0.534604 0.726307 0.571667 0.683778 0.572064 0.685547 0.599745 0.726307 0.59985 0.643189 0.571774 0.642718 0.534604 0.601399 0.571612 0.601166 0.534604 0.558914 0.534604 0.643923 0.599454 0.68521 0.658831 0.726307 0.659193 0.643457 0.658725 0.643135 0.720233 0.684812 0.72027 0.726307 0.720653 0.726307 0.784393 0.68529 0.784061 0.726307 0.848964 0.601837 0.599272 0.55927 0.599126 0.601642 0.658594 0.687387 0.848423 0.726307 0.907196 0.559029 0.571494 0.516104 0.534604 0.516166 0.571428 0.472918 0.534604 0.643904 0.784235 0.601185 0.720258 0.559881 0.65849 0.601829 0.78428 0.472955 0.571393 0.516307 0.599044 0.516676 0.658437 0.429501 0.571374 0.429481 0.534604 0.385906 0.571365 0.3859 0.534604 0.342265 0.571367 0.342275 0.534604 0.298693 0.534604 0.298671 0.571376 0.255259 0.534604 0.473033 0.598999 0.429541 0.598976 0.473249 0.658413 0.473002 0.720159 0.38592 0.598967 0.429654 0.658403 0.342251 0.598966 0.298629 0.598975 0.516122 0.720141 0.255218 0.571393 0.212005 0.571428 0.212074 0.534604 0.169264 0.534604 0.255137 0.598999 0.298512 0.658403 0.342215 0.658401 0.298415 0.720205 0.169143 0.571493 0.127009 0.534604 0.255068 0.658504 0.211862 0.599043 0.385952 0.658399 0.126771 0.57161 0.085455 0.534604 0.342181 0.720219 0.429749 0.720205 0.168898 0.599127 0.385982 0.720219 0.385994 0.78456 0.342187 0.784537 0.429712 0.784472 0.385997 0.849518 0.473192 0.784403 0.429698 0.849385 0.516524 0.78435 0.298442 0.784508 0.342201 0.849445 0.342152 0.908081 0.386005 0.908082 0.298456 0.849396 0.254831 0.784461 0.25483 0.849309 0.298353 0.908031 0.255139 0.72025 0.21178 0.658564 0.168691 0.658607 0.386027 0.950873 0.342127 0.950874 0.364075 0.998139 0.429804 0.908031 0.298288 0.950823 0.320059 0.998114 0.254626 0.95072 0.276157 0.998038 0.429868 0.950824 0.408098 0.998114 0.473531 0.950722 0.451998 0.998038 0.473439 0.907926 0.473286 0.849289 0.516795 0.90777 0.516891 0.849221 0.516887 0.950574 0.495666 0.997912 0.559794 0.950392 0.538939 0.997746 0.559751 0.907573 0.560028 0.849027 0.602158 0.907362 0.559502 0.784298 0.602081 0.950226 0.581652 0.99757 0.558882 0.720192 0.602797 0.848801 0.645077 0.848625 0.643894 0.907222 0.643731 0.950157 0.623561 0.997452 0.684215 0.906823 0.683581 0.950524 0.664391 0.99757 0.726307 0.947944 0.726307 0.993605 0.001861 0.571666 0.001861 0.534604 0.04616 0.534604 0.044391 0.572061 0.001861 0.599848 0.084982 0.57177 0.042622 0.599744 0.126332 0.599271 0.042901 0.658834 0.001861 0.659192 0.084244 0.599453 0.08446 0.658747 0.126129 0.658713 0.043066 0.720238 0.001861 0.720651 0.001861 0.784389 0.084371 0.720142 0.0427 0.784046 0.001861 0.848961 0.125835 0.720276 0.084574 0.784158 0.043325 0.848677 0.001861 0.907193 0.168864 0.720185 0.043949 0.906821 0.001861 0.947941 0.211931 0.720212 0.21142 0.784346 0.168587 0.784286 0.211268 0.849219 0.126382 0.784305 0.084816 0.848709 0.168719 0.849072 0.211362 0.907767 0.084268 0.907219 0.126515 0.848937 0.126002 0.90736 0.168406 0.907573 0.126079 0.950225 0.08443 0.950155 0.104599 0.99745 0.04458 0.950522 0.063767 0.997567 0.001861 0.993602 0.168365 0.950391 0.14651 0.997567 0.211268 0.950571 0.189215 0.997744 0.23249 0.99791 0.254718 0.907927 0.960783 0.03780299 0.93213 0.002498984 0.961015 0.002696991 0.931902 0.03759998 0.935779 0.119382 0.931163 0.121251 0.935695 0.121719 0.95599 0.119523 0.960327 0.121457 0.95605 0.121861 0.003041 0.130839 0.001861 0.003238976 0.020698 0.024414 0.02965 0.02953899 0.030587 0.130617 0.003912 0.256199 0.059482 0.130432 0.08788 0.255647 0.004738 0.390072 0.08871 0.389584 0.00486 0.412752 0.088833 0.412327 0.087026 0.130261 0.058904 0.02921897 0.067536 0.02410799 0.086297 0.002373993 0.00487 0.414822 0.088843 0.414459 0.088899 0.428788 0.004925 0.429091 0.088902 0.430109 0.004929 0.430353 0.004935 0.433481 0.088909 0.433293 0.088909 0.434547 0.004935 0.434679 0.004936 0.437911 0.088909 0.437833 0.088908 0.439961 0.004934 0.439988 0.004931 0.449789 0.088905 0.449811 0.004926 0.452111 0.0889 0.45218 0.088888 0.458722 0.004915 0.45861 0.004908 0.460887 0.088881 0.461041 0.088867 0.466619 0.004893 0.466424 0.046651 0.509969 0.066771 0.513777 0.084153 0.524599 0.088765 0.530698 0.026509 0.513689 0.009066 0.524426 0.004699 0.530163 0.120769 0.03681701 0.132612 0.053536 0.129186 0.05362898 0.100646 0.05674499 0.109315 0.02588999 0.090698 0.055475 0.013098 0.995051 0.009303 0.994915 0.021154 0.9782 0.041266 0.998139 0.032803 0.967098 0.051495 0.996842 0.879118 0.977794 0.879118 0.998139 0.850232 0.998139 0.850232 0.977794 0.900706 0.007063985 0.900675 0.00267899 0.926667 0.002516985 0.926694 0.006901979 0.900734 0.011446 0.926721 0.01128203 0.92675 0.01566499 0.900762 0.01583302 0.926779 0.02004999 0.84616 0.02056402 0.871876 0.01601702 0.846189 0.024939 0.84613 0.01617903 0.926809 0.024441 0.846102 0.01179397 0.871847 0.01163 0.871819 0.007247984 0.846073 0.007412016 0.871787 0.00286299 0.846046 0.003027022 0.846218 0.02931601 0.926837 0.02883297 0.926865 0.03321898 0.846246 0.03368902 0.926892 0.03760999 0.846273 0.03806502 0.926918 0.04199201 0.846299 0.04244101 0.846326 0.04681897 0.926946 0.04637903 0.846354 0.05119097 0.926972 0.05076402 0.846379 0.05557001 0.926999 0.055152 0.846407 0.05994898 0.927025 0.05953503 0.92705 0.06391698 0.846431 0.06432801 0.901075 0.06843603 0.927074 0.06830102 0.87219 0.068582 0.846455 0.06871402 0.901102 0.07281899 0.927098 0.07268101 0.846478 0.07309502 0.872216 0.07296199 0.927121 0.07706398 0.901126 0.07720703 0.901154 0.08158898 0.927146 0.08144498 0.87224 0.07734698 0.846501 0.07748002 0.846524 0.08186102 0.872266 0.08173001 0.752884 0.960539 0.749386 0.9579 0.782881 0.968418 0.755271 0.964217 0.756255 0.968487 0.840483 0.975417 0.864544 0.950061 0.755718 0.972841 0.753729 0.976743 0.750519 0.97973 0.74186 0.998139 0.172306 0.018758 0.205531 0.00741601 0.202099 0.01014 0.199803 0.01387602 0.198925 0.01816601 0.115035 0.02721 0.090233 0.002331972 0.199569 0.02250099 0.201655 0.02634901 0.204939 0.02925301 0.214053 0.04744202 0.828601 0.951801 0.824799 0.949614 0.821978 0.946261 0.832918 0.952558 0.837233 0.951787 0.841028 0.94959 0.845333 0.942104 0.843839 0.946229 0.820465 0.937761 0.820471 0.942143 0.824769 0.930278 0.821959 0.933638 0.828564 0.92808 0.832879 0.927309 0.837196 0.928066 0.840998 0.930252 0.843819 0.933605 0.845326 0.937723 0.107443 0.06155801 0.111243 0.06375003 0.114058 0.06710702 0.103128 0.060794 0.098812 0.06155902 0.095013 0.063752 0.090698 0.07123101 0.0922 0.07973498 0.092197 0.06711 0.090699 0.07561302 0.098817 0.08528298 0.095017 0.08309197 0.103134 0.08604699 0.10745 0.08528101 0.111248 0.08308703 0.114063 0.07972902 0.115562 0.07560802 0.11556 0.07122701 0.306055 0.299402 0.305933 0.29614 0.306771 0.295242 0.310875 0.296013 0.309927 0.295129 0.311363 0.310323 0.304642 0.300953 0.309924 0.311881 0.294881 0.30128 0.287189 0.312558 0.29329 0.299716 0.292073 0.291314 0.293288 0.293223 0.287096 0.289067 0.156939 0.281538 0.287036 0.225181 0.269143 0.210699 0.288961 0.212932 0.29043 0.193887 0.259323 0.193186 0.156279 0.15625 0.289893 0.174386 0.266569 0.173928 0.283787 0.154034 0.28685 0.154572 0.545222 0.444362 0.543721 0.459537 0.544276 0.44524 0.548371 0.444482 0.549198 0.44538 0.54906 0.448644 0.550462 0.450203 0.545146 0.461114 0.560201 0.450576 0.567886 0.461861 0.561756 0.449031 0.562908 0.440638 0.561712 0.442548 0.567851 0.438377 0.697948 0.430033 0.56754 0.374854 0.58585 0.359774 0.565387 0.362608 0.563846 0.343171 0.595515 0.342292 0.697834 0.304749 0.564269 0.323691 0.588173 0.323231 0.570611 0.303268 0.567197 0.303874 0.710921 0.06213099 0.706185 0.06348199 0.696912 0.044891 0.708117 0.084167 0.700841 0.04191899 0.681551 0.030904 0.713023 0.08461899 0.702447 0.104155 0.684141 0.02671301 0.662174 0.02341098 0.706859 0.106349 0.689942 0.120742 0.693263 0.124381 0.672288 0.131693 0.674068 0.136285 0.651869 0.135526 0.713836 0.03209299 0.692707 0.01285499 0.726589 0.057661 0.729246 0.08611101 0.721449 0.113599 0.704248 0.136413 0.666058 0.002553999 0.679965 0.151473 0.663076 0.01857001 0.637483 0.002574027 0.651872 0.140452 0.651883 0.156745 0.640488 0.01858699 0.610848 0.01291502 0.641398 0.02342701 0.629669 0.136317 0.623794 0.151513 0.631444 0.131721 0.619435 0.02675998 0.589747 0.03218198 0.62203 0.03094798 0.610459 0.12444 0.599491 0.136487 0.613775 0.120797 0.602756 0.04198998 0.577032 0.05777001 0.60669 0.04495603 0.596837 0.106428 0.582258 0.1137 0.601245 0.104227 0.592707 0.06221497 0.597445 0.06356001 0.574419 0.08622402 0.595546 0.08424801 0.59064 0.08470798 0.236485 0.492917 0.270847 0.512716 0.249319 0.526045 0.246912 0.486461 0.224427 0.495171 0.286105 0.492512 0.224429 0.530698 0.254301 0.476676 0.212368 0.492918 0.293033 0.468157 0.199538 0.526048 0.257657 0.464881 0.201939 0.486464 0.290694 0.442945 0.178008 0.512722 0.256524 0.45267 0.194547 0.476679 0.279407 0.42028 0.162747 0.49252 0.251057 0.441692 0.19119 0.464883 0.260694 0.403223 0.155814 0.468165 0.241992 0.43343 0.192319 0.452672 0.237082 0.394078 0.158148 0.442953 0.230555 0.429 0.197786 0.441693 0.211758 0.394078 0.169433 0.420285 0.218287 0.429 0.206849 0.433431 0.188145 0.403226  
					<TextureCoords1>: 0  
					<Normals>: 499 0.2922723 -0.6528145 0.6988634 0.03667491 -0.7143514 0.6988255 0.01425944 -0.2776113 0.9605876 0.1135877 -0.2537195 0.9605854 0.2529052 -0.5649261 0.7854282 0.03174801 -0.6181389 0.7854275 0.1975775 -0.195551 0.9605846 0.5084077 -0.5031582 0.698823 0.2548739 -0.1109736 0.9605853 0.655805 -0.2855895 0.6988264 0.7146593 -0.02937579 0.6988555 0.4399115 -0.4354031 0.7854311 0.3643622 -0.8139023 0.452552 0.04575282 -0.8905625 0.452554 0.6337785 -0.6273066 0.4525608 0.7076365 -0.7004222 0.09305462 0.4068354 -0.9087493 0.0930565 0.05108888 -0.9943485 0.09306491 0.04957492 -0.964963 -0.2576599 0.3948155 -0.8818905 -0.2576621 0.04077598 -0.7936811 -0.606966 0.5674886 -0.2470875 0.7854327 0.6184244 -0.02541579 0.7854332 0.8175898 -0.3559924 0.4525666 0.3247433 -0.7253513 -0.6069655 0.02530375 -0.4925241 -0.8699309 0.2777472 -0.01141632 0.9605864 0.6770602 0.2307695 0.6988097 0.2631127 0.08968424 0.9605875 0.5479106 0.4597515 0.6988723 0.6867234 -0.6797177 -0.2576721 0.9128785 -0.3974816 0.09306632 0.890981 -0.03660517 0.4525627 0.8858929 -0.3857428 -0.2576747 0.2129438 0.178681 0.9605873 0.5858523 0.1996974 0.7854286 0.8440452 0.2877156 0.4525567 0.1340132 0.2435351 0.9605889 0.344834 0.6267013 0.6988097 0.03698508 0.2754995 0.9605895 0.09516995 0.7089031 0.6988556 -0.06503211 0.270268 0.9605863 -0.1673713 0.695434 0.6988264 -0.4072298 0.5880564 0.6988231 -0.1582711 0.228533 0.9605846 -0.5921441 0.4011921 0.6988635 0.4741427 0.3978529 0.785431 0.2984042 0.542268 0.78543 0.6831101 0.5731972 0.4525544 0.7627202 0.639998 0.0930616 0.082371 0.6134431 0.7854314 0.4299173 0.7812604 0.4525521 -0.1447963 0.6017655 0.7854376 -0.3523997 0.5088331 0.7854319 0.9424084 0.3212555 0.09306636 -0.2301406 0.15592 0.9605854 -0.2709176 0.06224956 0.9605876 -0.6971302 0.1601637 0.6988255 -0.7079296 -0.102405 0.6988197 -0.512427 0.3471615 0.7854282 -0.5077249 0.7330787 0.4525605 -0.2086054 0.8669901 0.4525615 -0.5669029 0.8185122 0.09305273 -0.2751011 -0.0398136 0.9605906 -0.6231022 -0.3512098 0.6988529 -0.7382663 0.5001595 0.452552 -0.6032349 0.1386045 0.7854275 0.1186771 0.8838035 0.4525561 -0.2421475 -0.1365086 0.9605883 -0.4540748 -0.5526488 0.6988529 -0.2329236 0.9680322 0.09306075 0.4800226 0.8723055 0.09306636 -0.61257 -0.08865612 0.7854286 0.1325085 0.986803 0.09306658 0.1285834 0.957638 -0.2576735 -0.2260486 0.9394178 -0.2576746 0.4658358 0.8465241 -0.2576703 0.1057654 0.7876548 -0.6069709 0.7401772 0.6210839 -0.2576675 0.3831476 0.6962653 -0.6069701 0.914556 0.3117616 -0.2576666 -0.5501428 0.7943223 -0.2576721 -0.1859122 0.7726741 -0.6069689 -0.1153774 0.4794987 -0.8699248 0.06564209 0.4887976 -0.8699242 -0.4524941 0.653332 -0.6069648 -0.7999336 0.5419562 -0.2576622 -0.6579404 0.4457658 -0.6069656 -0.2808026 0.4054326 -0.8699278 -0.824297 0.5584576 0.09305651 -0.8690879 0.1997024 0.452554 -0.8825433 -0.1277235 0.452553 0.03100173 0.2308397 -0.9724978 -0.05449589 0.2264378 -0.9724999 1.206574E-07 0 -1 0.2377703 0.4320776 -0.8699278 -0.1326087 0.1914693 -0.9724991 1.206574E-07 0 -1 -0.1928252 0.1306409 -0.9724975 1.206574E-07 0 -1 0.1122944 0.2040434 -0.9725 1.206574E-07 0 -1 0.1784174 0.14971 -0.972499 1.206574E-07 0 -1 0.3777915 0.3170066 -0.8699313 0.6087958 0.5108436 -0.6069649 0.4667982 0.159127 -0.8699299 0.7522249 0.2564126 -0.6069679 0.2204433 0.07515653 -0.9725 1.206574E-07 0 -1 0.2327161 -0.009554204 -0.9724978 1.206574E-07 0 -1 0.4927682 -0.02023832 -0.8699252 0.7940543 -0.03262386 -0.6069708 0.4521789 -0.1968887 -0.8699248 0.9654183 -0.03966597 -0.2576703 0.2135346 -0.09298854 -0.9724999 1.206574E-07 0 -1 0.9948205 -0.04086544 0.09307072 0.7286521 -0.3172615 -0.6069689 0.5648316 -0.5590699 -0.6069648 0.3505122 -0.3469393 -0.8699278 0.1655331 -0.1638424 -0.9724991 1.206574E-07 0 -1 0.2015202 -0.4501217 -0.8699311 0.09517242 -0.2125814 -0.9724975 1.206574E-07 0 -1 0.01194415 -0.2326005 -0.9724991 1.206574E-07 0 -1 0.01425944 -0.2776113 0.9605876 0.03667491 -0.7143514 0.6988255 -0.22378 -0.679392 0.6988196 -0.08697961 -0.2640081 0.9605906 0.03174801 -0.6181389 0.7854275 -0.1764832 -0.2147643 0.9605883 -0.1936811 -0.5878687 0.7854286 -0.5391744 -0.3039573 0.7854303 -0.2790354 -0.8469564 0.452553 0.04575282 -0.8905625 0.452554 -0.3929663 -0.4782014 0.7854303 -0.5661576 -0.6889576 0.4525518 -0.7768031 -0.4379198 0.4525518 -0.3115631 -0.9456571 0.09306449 0.05108888 -0.9943485 0.09306491 0.04957492 -0.964963 -0.2576599 -0.6321372 -0.7692472 0.09306598 -0.3023615 -0.9177076 -0.2576633 0.04077598 -0.7936811 -0.606966 -0.8673302 -0.4889551 0.09306598 -0.6134496 -0.746518 -0.2576637 -0.2486929 -0.7548157 -0.6069638 0.02530375 -0.4925241 -0.8699309 -0.9853929 -0.1426179 0.09306449 -0.1543244 -0.4684004 -0.869934 0.01194415 -0.2326005 -0.9724991 -0.9703706 0.2229798 0.09306493 -0.9416945 0.2163861 -0.25766 -0.9562701 -0.1384094 -0.2576633 -0.7745426 0.177978 -0.606966 -0.8417012 -0.4744982 -0.2576637 -0.5045608 -0.6140113 -0.6069667 -0.7865334 -0.1138421 -0.6069639 -0.4806476 0.1104454 -0.8699308 -0.3131061 -0.3810369 -0.8699284 -0.6922992 -0.3902732 -0.6069667 -0.4296186 -0.2421829 -0.8699284 -0.4880826 -0.07064286 -0.869934 -0.2028916 -0.1143697 -0.9724991 -0.147864 -0.1799491 -0.9724991 1.206574E-07 0 -1 -0.07287744 -0.2212135 -0.9724985 1.206574E-07 0 -1 1.206574E-07 0 -1 -0.2305077 -0.03335688 -0.9724985 1.206574E-07 0 -1 -0.2269926 0.05215339 -0.9724991 1.206574E-07 0 -1 1.206574E-07 0 -1 -0.4082896 0.2766216 -0.8699311 0.7715037 0.6139669 -0.1668128 -0.05498136 0.8172587 -0.5736421 0.05498075 0.8173264 -0.5735455 -0.7708266 0.6147119 -0.1671993 -0.09116127 0.9650495 0.2457012 -0.4136514 0.854146 0.315162 -0.1530258 0.8305796 0.5354631 0.08467142 0.9660908 0.2439246 0.4088791 0.8546187 0.3200699 0.1526054 0.8306519 0.5354707 0.5773507 0.5773501 0.5773501 0.6929226 0.585389 0.4209253 0.1806056 0.9501558 0.2541372 0.6888143 0.7109442 0.1417507 0.1759769 0.4943134 0.8512852 0.5906821 -0.4998637 0.6334278 -0.1759769 0.4943134 0.8512852 -0.5906608 -0.4998596 0.6334511 0.6816906 -0.7266132 0.08562227 -0.6816906 -0.7266132 0.08562218 0.6302615 -0.7172821 -0.2971144 -0.6302609 -0.7172828 -0.2971136 -0.57735 0.5773505 0.5773504 -0.6888009 0.7109562 0.1417555 -0.1805244 0.9501777 0.2541125 -0.6938259 0.5848443 0.4201937 0.6302624 -0.2971031 -0.7172859 -0.6302646 -0.2971035 -0.7172839 -0.630266 0.2970944 -0.7172863 0.6302651 0.2970938 -0.7172875 -0.6302584 0.7172812 -0.297123 0.6302597 0.7172799 -0.2971233 0.630429 0.7174578 0.2963336 -0.6304294 0.7174574 0.2963335 -0.6300943 0.2978843 0.7171095 0.6300966 0.2978832 0.717108 0.8040373 0.2272229 0.5494485 -0.8040369 0.2272225 0.5494493 -0.8043357 0.5488162 0.2276947 0.8043362 0.5488164 0.2276922 0.8040525 0.5494167 -0.2272458 -0.8040521 0.5494171 -0.2272466 0.8043207 0.2276701 -0.5488483 -0.8043205 0.2276693 -0.548849 -0.6491658 0.2130321 -0.7302062 0.6491671 0.213032 -0.7302051 0.6489576 0.5729665 -0.5005631 -0.6489578 0.5729663 -0.500563 -0.8506187 0.2827056 -0.443312 0.8506144 0.2828726 -0.4432134 2.007166E-07 -0.001080205 -0.9999994 -0.0003486211 -0.0009254147 -0.9999995 0.006497894 -0.001397123 -0.9999779 -0.9808716 -0.1824961 -0.06772029 0.0003497381 -0.0009266963 -0.9999995 -0.002071298 -0.001039914 -0.9999974 0.9800472 -0.1885334 -0.06295034 -0.4431936 0.7277623 0.5233942 -0.7154761 0.4950734 0.4929466 -0.6938259 0.5848443 0.4201937 -0.1805244 0.9501777 0.2541125 -0.4136514 0.854146 0.315162 -0.6888009 0.7109562 0.1417555 0.6929226 0.585389 0.4209253 0.7137371 0.4967497 0.4937805 0.4432628 0.7277282 0.523383 0.1806056 0.9501558 0.2541372 0.4088791 0.8546187 0.3200699 0.6888143 0.7109442 0.1417507 -0.6209043 -0.7835788 -0.02195512 -0.1759769 0.4943134 0.8512852 0.1759769 0.4943134 0.8512852 0.620904 -0.7835791 -0.02195538 0.7482754 -0.3314442 -0.5746552 0.7483832 -0.1146166 -0.6532885 0.6700192 -0.1289485 -0.7310585 0.6700599 -0.3711345 -0.6428677 0.748406 -0.5080771 -0.4263169 0.6699941 -0.5686912 -0.4771774 0.670115 -0.6974366 -0.2540237 0.620904 -0.7835791 -0.02195538 0.6699021 -0.7424495 -4.14852E-07 -0.669902 -0.7424496 -3.316674E-07 -0.6209043 -0.7835788 -0.02195512 -0.6701137 -0.6974354 0.2540302 -0.6701156 -0.6974361 -0.2540235 0.670113 -0.6974361 0.2540303 -0.6699937 -0.5686914 -0.4771775 -0.7484063 -0.5080768 -0.4263168 -0.748375 -0.3318584 -0.5742865 -0.6700598 -0.3711347 -0.6428677 -0.748364 -0.1158179 -0.6530982 -0.6700195 -0.1289487 -0.7310583 -0.6699964 -0.5686865 0.4771798 0.6699967 -0.5686864 0.4771794 0.6700588 -0.3711347 0.6428688 -0.6700586 -0.3711347 0.6428689 0.6700194 -0.1289459 0.7310587 -0.6700202 -0.1289461 0.7310581 0.6700195 0.1289462 0.7310586 -0.6700202 0.1289463 0.7310581 -0.6700601 0.3711292 0.6428705 0.6700603 0.3711288 0.6428706 -0.6699945 0.5686843 0.4771851 0.6699945 0.5686841 0.4771853 -0.6701126 0.6974375 0.254028 0.6701125 0.6974375 0.254028 -0.6699036 0.7424482 -4.192163E-07 0.669904 0.7424478 -5.18732E-07 0.6701148 0.6974377 -0.2540213 -0.6701143 0.6974382 -0.2540213 0.05498075 0.8173264 -0.5735455 0.6699923 0.5686886 -0.477183 -0.05498136 0.8172587 -0.5736421 -0.6699919 0.5686891 -0.477183 0.7479227 0.3324151 -0.5745535 0.6700616 0.3711285 -0.6428692 -0.6700618 0.3711289 -0.6428691 -0.7487192 0.3308788 -0.574403 0.6700193 0.1289491 -0.7310584 0.748512 0.1153783 -0.6530067 0.7483832 -0.1146166 -0.6532885 0.6700192 -0.1289485 -0.7310585 -0.7482364 0.1150509 -0.6533802 -0.6700197 0.1289489 -0.7310579 -0.6700195 -0.1289487 -0.7310583 -0.748364 -0.1158179 -0.6530982 -0.7487192 0.3308788 -0.574403 -0.05498136 0.8172587 -0.5736421 -0.7708266 0.6147119 -0.1671993 -0.7482364 0.1150509 -0.6533802 -0.748364 -0.1158179 -0.6530982 -0.6888009 0.7109562 0.1417555 -0.4136514 0.854146 0.315162 -0.748375 -0.3318584 -0.5742865 -0.7484063 -0.5080768 -0.4263168 -0.6209043 -0.7835788 -0.02195512 -0.1759769 0.4943134 0.8512852 0.7715037 0.6139669 -0.1668128 0.05498075 0.8173264 -0.5735455 0.7479227 0.3324151 -0.5745535 0.748512 0.1153783 -0.6530067 0.7483832 -0.1146166 -0.6532885 0.6888143 0.7109442 0.1417507 0.4088791 0.8546187 0.3200699 0.7482754 -0.3314442 -0.5746552 0.748406 -0.5080771 -0.4263169 0.620904 -0.7835791 -0.02195538 0.1759769 0.4943134 0.8512852 -0.6701137 -0.6974354 0.2540302 -0.6699964 -0.5686865 0.4771798 -0.6700586 -0.3711347 0.6428689 -0.669902 -0.7424496 -3.316674E-07 -0.6701156 -0.6974361 -0.2540235 -0.6699937 -0.5686914 -0.4771775 -0.6700195 -0.1289487 -0.7310583 -0.6700598 -0.3711347 -0.6428677 -0.6700202 0.1289463 0.7310581 -0.6700202 -0.1289461 0.7310581 -0.6699945 0.5686843 0.4771851 -0.6700601 0.3711292 0.6428705 -0.6701126 0.6974375 0.254028 -0.6699036 0.7424482 -4.192163E-07 -0.6701143 0.6974382 -0.2540213 -0.6699919 0.5686891 -0.477183 -0.6700618 0.3711289 -0.6428691 -0.6700197 0.1289489 -0.7310579 0.6701125 0.6974375 0.254028 0.6699945 0.5686841 0.4771853 0.6700603 0.3711288 0.6428706 0.669904 0.7424478 -5.18732E-07 0.6701148 0.6974377 -0.2540213 0.6699923 0.5686886 -0.477183 0.6700193 0.1289491 -0.7310584 0.6700599 -0.3711345 -0.6428677 0.6700616 0.3711285 -0.6428692 0.6700192 -0.1289485 -0.7310585 0.670115 -0.6974366 -0.2540237 0.6699941 -0.5686912 -0.4771774 0.6699021 -0.7424495 -4.14852E-07 0.670113 -0.6974361 0.2540303 0.6699967 -0.5686864 0.4771794 0.6700588 -0.3711347 0.6428688 0.6700194 -0.1289459 0.7310587 0.6700195 0.1289462 0.7310586 -0.8040369 0.2272225 0.5494493 -0.6300943 0.2978843 0.7171095 -0.6304294 0.7174574 0.2963335 -0.630266 0.2970944 -0.7172863 -0.6302584 0.7172812 -0.297123 -0.6302646 -0.2971035 -0.7172839 -0.8043357 0.5488162 0.2276947 -0.6302609 -0.7172828 -0.2971136 -0.8040521 0.5494171 -0.2272466 -0.6816906 -0.7266132 0.08562218 -0.8043205 0.2276693 -0.548849 -0.6489578 0.5729663 -0.500563 -0.6491658 0.2130321 -0.7302062 -0.8506187 0.2827056 -0.443312 -0.5906608 -0.4998596 0.6334511 -0.9808716 -0.1824961 -0.06772029 -0.9696043 -0.1436051 0.1981035 -0.8129332 -0.394223 0.4286348 -0.8915305 -0.06034404 0.4489231 -0.9858953 -0.01627999 0.1665687 -0.57735 0.5773505 0.5773504 -0.8410247 0.2660613 0.4710508 -0.970901 0.1039711 0.2157341 -0.6938259 0.5848443 0.4201937 -0.7154761 0.4950734 0.4929466 0.6302597 0.7172799 -0.2971233 0.6302624 -0.2971031 -0.7172859 0.6302651 0.2970938 -0.7172875 0.630429 0.7174578 0.2963336 0.6300966 0.2978832 0.717108 0.8040373 0.2272229 0.5494485 0.8043362 0.5488164 0.2276922 0.6302615 -0.7172821 -0.2971144 0.8040525 0.5494167 -0.2272458 0.6816906 -0.7266132 0.08562227 0.8043207 0.2276701 -0.5488483 0.6489576 0.5729665 -0.5005631 0.6491671 0.213032 -0.7302051 0.8506144 0.2828726 -0.4432134 0.5906821 -0.4998637 0.6334278 0.9800472 -0.1885334 -0.06295034 0.9692081 -0.143794 0.199897 0.8060719 -0.401224 0.4350487 0.8912718 -0.05904384 0.4496092 0.9858872 -0.01582956 0.1666606 0.5773507 0.5773501 0.5773501 0.8402554 0.2676118 0.471545 0.9709049 0.1039226 0.2157398 0.6929226 0.585389 0.4209253 0.7137371 0.4967497 0.4937805 -0.7552023 0.5116394 -0.4097493 -0.7398738 0.50128 -0.4486705 -0.870997 0.2001324 -0.4486773 -0.5088079 0.7347018 -0.4486956 -0.8890132 0.204309 -0.4097723 -0.8844794 -0.1279466 -0.4486934 -0.5193518 0.7499012 -0.409783 -0.209114 0.8688604 -0.4487238 -0.9027801 -0.1306636 -0.4097747 -0.7785476 -0.4388619 -0.4486244 -0.2134107 0.8868542 -0.4098114 0.1189203 0.8857298 -0.4487099 0.1214288 0.9040693 -0.4097726 0.4308306 0.783005 -0.4486515 0.4397817 0.7991757 -0.4097687 0.6846015 0.5744487 -0.4486976 -0.974592 0.2239875 0 -0.9896877 -0.1432415 0 -0.8278934 0.5608854 0 -0.5693614 0.8220873 0 -0.2339602 0.9722462 0 0.1331218 0.9910997 0 -0.8710923 -0.4911195 0 0.4821097 0.8761109 0 -0.794629 -0.4479923 -0.4097166 -0.634922 -0.7725762 0 0.6987842 0.5863494 -0.4097499 0.7660445 0.6427875 0 -0.5791724 -0.7047635 -0.4097166 -0.3129231 -0.9497785 0 -0.5673881 -0.6905119 -0.4486244 0.8634018 0.2943248 -0.4097686 0.9465182 0.32265 0 0.8459224 0.2883178 -0.4486515 -0.2854448 -0.8663752 -0.4097746 0.05134827 -0.9986808 0 -0.2795913 -0.8488245 -0.4486935 0.9114205 -0.03740623 -0.4097725 0.999159 -0.04100356 0 0.8929238 -0.03669198 -0.4487099 0.04682929 -0.9109851 -0.4097723 0.4086019 -0.9127127 0 0.0458447 -0.8925173 -0.4486773 0.8363225 -0.3641695 -0.4098114 0.9168487 -0.3992349 0 0.819348 -0.3568134 -0.4487238 0.3727268 -0.8325744 -0.4097494 0.3651865 -0.8156798 -0.4486705 0.7107292 -0.7034657 0 0.6351863 -0.6286578 -0.4486957 0.6483238 -0.6416808 -0.4097829 0.344834 0.6267013 0.6988097 0.1189203 0.8857298 -0.4487099 0.4308306 0.783005 -0.4486515 0.09516995 0.7089031 0.6988556 0.5479106 0.4597515 0.6988723 -0.209114 0.8688604 -0.4487238 0.6846015 0.5744487 -0.4486976 -0.1673713 0.695434 0.6988264 0.6770602 0.2307695 0.6988097 -0.5088079 0.7347018 -0.4486956 0.8459224 0.2883178 -0.4486515 -0.4072298 0.5880564 0.6988231 0.7146593 -0.02937579 0.6988555 -0.7398738 0.50128 -0.4486705 0.8929238 -0.03669198 -0.4487099 -0.5921441 0.4011921 0.6988635 0.655805 -0.2855895 0.6988264 -0.870997 0.2001324 -0.4486773 0.819348 -0.3568134 -0.4487238 -0.6971302 0.1601637 0.6988255 0.5084077 -0.5031582 0.698823 -0.8844794 -0.1279466 -0.4486934 0.6351863 -0.6286578 -0.4486957 -0.7079296 -0.102405 0.6988197 0.2922723 -0.6528145 0.6988634 -0.7785476 -0.4388619 -0.4486244 0.3651865 -0.8156798 -0.4486705 -0.6231022 -0.3512098 0.6988529 0.03667491 -0.7143514 0.6988255 -0.5673881 -0.6905119 -0.4486244 0.0458447 -0.8925173 -0.4486773 -0.4540748 -0.5526488 0.6988529 -0.22378 -0.679392 0.6988196 -0.2795913 -0.8488245 -0.4486935  
					<Tangents>: 499 -0.9125071 -0.409061 0 -0.9856355 -0.1412181 -0.09262856 -0.9730625 -0.2249289 -0.05056017 -0.9119363 -0.4103317 0 -0.9133958 -0.4070704 0.001321453 -0.9828725 -0.1620317 -0.08779149 -0.7076949 -0.706516 0.001732973 -0.7039415 -0.7102579 0 -0.4023207 -0.9154989 0 -0.399267 -0.9168347 0 -0.04159454 -0.9991346 0 -0.7066764 -0.7075279 0.003584263 -0.9133815 -0.4070917 0.003245486 -0.9938371 -0.08636905 -0.06948604 -0.7043554 -0.7098433 0.002465614 -0.7034814 -0.7107137 0 -0.9128324 -0.4083208 0.003344432 -0.9985667 -0.05234914 -0.01114983 -0.9965233 -0.06508442 0.05201227 -0.9124622 -0.409155 0.002234759 -0.9874082 -0.1249369 0.09703588 -0.4017569 -0.9157437 0.002194453 -0.04289257 -0.9990786 0.001443071 -0.3999951 -0.9165157 0.001677773 -0.9119689 -0.4102524 0.002341648 -0.9801838 -0.1832459 0.07523669 -0.04360494 -0.9990489 0 0.3223133 -0.946633 0 0.3213001 -0.9469774 0 0.6425982 -0.7662033 0 -0.7038801 -0.7103156 -0.002161253 -0.3992361 -0.9168481 0 -0.0416249 -0.9991327 0.001134797 -0.3994406 -0.9167591 0 0.6421866 -0.7665483 0 0.3215975 -0.9468765 0 0.3223528 -0.9466196 0 0.875945 -0.4824111 0 0.876117 -0.4820986 0 0.9910946 -0.1331595 0 0.9911079 -0.1330599 0 0.9722219 0.2340612 0 0.9722379 0.2339943 0 0.8221007 0.5693422 0 0.821903 0.5696274 0 0.5607055 0.8280153 0 0.6423134 -0.7664421 0 0.8759834 -0.4823414 0 0.6426502 -0.7661598 0 0.6428193 -0.7660179 0 0.9910958 -0.1331514 0 0.8761066 -0.4821174 0 0.9722339 0.2340111 0 0.8219258 0.5695945 0 0.3226491 -0.9465187 0 0.5602511 0.8283228 0 0.2226954 0.974888 0 0.2239123 0.9746093 0 -0.1434542 0.989657 0 0.5602728 0.8283082 0 0.8218725 0.5696715 0 0.9722534 0.2339303 0 0.822069 0.5693879 0 -0.1456234 0.9893401 0 -0.4914896 0.8708835 0 0.5603974 0.8282229 -0.001151272 0.222917 0.9748375 0 0.9911054 -0.1330795 0 -0.4942945 0.8692938 -0.001068208 -0.7739376 0.6332585 -0.002083409 0.9722548 0.2339248 0 0.8761348 -0.4820663 0 -0.1451484 0.9894087 -0.001523275 0.9911059 -0.1330757 0 0.9910909 -0.1331875 0 0.9722181 0.2340769 0 0.8759356 -0.4824264 -0.001332508 0.9910492 -0.1334969 0 0.6425623 -0.7662327 -0.001105398 0.87547 -0.4832693 -0.001728861 0.3223865 -0.9466075 -0.001068838 0.8219675 0.5695344 0 0.9720913 0.2346029 0 0.9720714 0.2346851 0 0.9909998 -0.1338634 0 0.8216045 0.5700569 0.001095851 0.5606492 0.8280526 0.001110513 0.5599139 0.8285493 0.001563467 0.8208961 0.5710763 0.001176144 0.5608841 0.8278943 0 0.2237113 0.9746554 0 -0.1438476 0.9895991 -0.001230119 0.9909372 -0.1343261 0 0.9719459 0.2352041 0 0.9986793 0.05137537 0 0.8750231 -0.4840797 -0.001270745 0.8196809 0.5728195 0.001008275 0.911523 0.411249 0 0.5557057 0.8313777 0.001499113 0.6993625 0.7147672 0 0.8740649 -0.4858083 -0.001000946 0.9488478 -0.3157338 0 0.6380212 -0.7700174 -0.001486063 0.7689631 -0.6392931 0 0.6402744 -0.768144 -0.001858202 0.6419166 -0.766773 -0.001490943 0.3182619 -0.9479992 -0.002630286 0.3210931 -0.9470452 -0.002142009 0.3141009 -0.9493871 -0.002170911 0.4837179 -0.875224 0 -0.04979438 -0.9987572 -0.002103476 0.1332276 -0.9910855 0 -0.04614069 -0.9989308 -0.002896789 -0.0431065 -0.9990669 -0.002694494 -0.4033093 -0.9150602 -0.002532312 -0.04110352 -0.9991549 0 -0.4052415 -0.9142084 -0.001565186 -0.2332142 -0.9724253 0 -0.04113116 -0.9991537 0 -0.401226 -0.9159746 -0.002884503 -0.7051071 -0.7090944 -0.003020632 -0.7066758 -0.7075329 -0.002560539 -0.6975818 -0.7165024 0.001974896 -0.5641277 -0.8256875 0 -0.9128447 -0.4083071 0 -0.9320945 -0.3620135 -0.01208473 -0.8100351 -0.5863813 0 -0.9971834 -0.07478941 0.005640664 -0.9966569 -0.08170147 0 -0.9903135 0.1287781 0.05191777 -0.9949156 0.03953601 0.09262834 -0.9492448 0.3145333 0.001816448 -0.9499081 0.3125294 0 -0.9939374 0.06323557 0.08994324 -0.7764784 0.6301413 -0.001773497 -0.9507869 0.3098347 -0.002555669 -0.4933876 0.8698071 -0.002085204 -0.9502867 0.3113593 -0.003217149 -0.9974596 -0.01596636 0.06942274 -0.7753182 0.6315618 -0.003386924 -0.7731534 0.6342167 -0.001719567 -0.4914888 0.8708839 0 -0.9498875 0.3125672 -0.00395929 -0.9986765 -0.05031322 0.01066376 -0.9979359 -0.03731335 -0.05226493 -0.7725769 0.6349212 0 -0.9495834 0.3135062 -0.002287776 -0.9953491 0.02079733 -0.09406254 -0.4910482 0.8711324 0 -0.7729319 0.6344859 0.001939111 -0.9494144 0.3140225 -0.001509917 -0.9916677 0.09758691 -0.084095 -0.1432937 0.9896802 0 -0.9516484 0.3071703 0.00343003 -0.9997646 0.01484145 -0.01582877 0.2239993 0.9745893 0 0.2236398 0.9746712 0.001183182 -0.143347 0.9896725 0 0.2226997 0.9748857 0.001676867 -0.4914367 0.870912 0.001539598 -0.7734911 0.6338046 0.001829051 -0.1450025 0.9894286 0.002324144 0.2198733 0.9755256 0.002368847 -0.7763203 0.6303299 0.003324036 -0.4929709 0.8700411 0.00284964 -0.4947423 0.8690364 0.002396427 -0.1488585 0.9888532 0.003218419 -0.4964581 0.8680593 0.00148842 -0.7697505 0.6383439 -0.001080734 -0.6458172 0.763492 0 -0.9669679 0.2544813 0.01457633 -0.8659275 0.5001695 0 -0.9997817 -0.02089683 0 -0.1526355 0.9882799 0.002280467 -0.3314831 0.9434611 0 0.2155198 0.9764973 0.00206298 0.03086769 0.9995235 0 0.391411 0.920216 0 0.5580367 0.8298139 0.00195854 0.636193 -0.7418661 0.2118804 0.9984635 0.04897605 -0.02592346 0.998464 -0.04107391 0.03718187 0.6370037 0.7467487 -0.1912918 0.9958307 0.08752638 0.02569753 0.9102699 0.3946033 0.1252867 0.9872355 0.1526945 0.04528333 0.9963787 -0.08399741 -0.01318307 0.9122336 -0.3925393 -0.11723 0.9867489 -0.1582827 -0.03567957 -0.8164763 0.4032712 0.4132056 -0.7209757 0.5566939 0.4126571 -0.9835181 0.1722106 0.05509597 -0.7248879 0.6731747 0.1461966 -0.9843789 0.08352681 0.1549887 -0.8068876 -0.3709794 0.4596812 -0.9843826 -0.09259476 -0.1497239 -0.8069041 0.3609694 -0.4675541 -0.7316171 -0.6779246 0.07179675 -0.73162 0.6761112 -0.08721064 -0.7763669 -0.5798089 -0.2471358 -0.7763715 0.5843998 0.2360597 -0.816485 -0.412031 -0.4044535 -0.7249267 -0.6770673 -0.1267329 -0.9835541 -0.1758841 -0.04106199 -0.7201271 -0.5673078 -0.3994732 -0.7763715 -0.2363356 -0.5842883 -0.7763704 0.2458998 0.5803295 -0.776371 -0.236909 0.5840566 -0.7763741 0.2448057 -0.5807869 -0.7763808 -0.5809616 0.2443691 -0.7763795 0.5836217 -0.2379506 -0.7762442 0.5816517 0.243159 -0.7762439 -0.5836847 -0.2382386 -0.7765172 -0.2434298 -0.5811737 -0.7765153 0.2399588 0.5826179 -0.5945781 0.3059052 0.7435716 -0.5945787 -0.3085886 -0.7424617 -0.5941749 -0.743147 -0.3077154 -0.5941743 0.7427419 0.3086931 -0.5945582 0.7429991 -0.3073321 -0.5945585 -0.7433183 0.3065585 -0.5941948 0.3070506 -0.743406 -0.5941954 -0.3093523 0.7424507 -0.7606459 -0.1834197 0.6227158 -0.7606448 0.1801838 -0.6236613 -0.7608225 0.4872001 -0.4287018 -0.7608225 -0.4902322 0.4252312 -0.5257799 -0.4602998 0.7153178 -0.5257864 0.4544755 -0.7190275 -0.9999975 -0.002256933 0 -0.9999974 -0.002307244 0 -0.9999757 -0.002558377 -0.006494305 -0.1944737 0.9337639 0.3004415 -0.9999973 -0.002332753 0 -0.9999949 -0.002470921 0.002073862 -0.1987275 -0.9355394 -0.2920158 -0.7628607 0 -0.6465629 -0.6265733 -0.1426055 -0.7662047 -0.6116071 -0.170507 -0.7725697 -0.7836915 0.01716134 -0.6209131 -0.7342273 -0.108282 -0.6702128 -0.5211936 -0.349731 -0.7784893 -0.6126469 0.1702161 0.7718098 -0.6281903 0.1422126 0.7649526 -0.7630965 0 0.6462845 -0.7840324 -0.01693266 0.6204889 -0.7373309 0.1027071 0.6676784 -0.521612 0.3502609 0.7779706 -0.7838863 0.6206609 0.01739031 -0.9843944 -0.08836666 -0.1521814 -0.9843944 0.08836683 0.1521814 -0.7838866 -0.6206604 -0.0173905 0.6633596 0.3658241 0.6527838 0.6632382 0.1202163 0.7386901 0.7423185 0.1082449 0.661246 0.7422813 0.3278 0.5844361 0.6632115 0.5672398 0.4882515 0.7423404 0.5078498 0.4370576 0.7422305 0.6267226 0.2373027 0.7838627 0.6204218 0.02522253 0.7424233 0.6698788 0.008373494 0.7424233 -0.6698782 0.008413906 0.7838627 -0.6208597 -0.009625745 0.7422326 -0.6267721 0.2371653 0.7422308 -0.6324863 -0.2214823 0.7422349 0.6323868 -0.2217528 0.7423404 -0.5186352 -0.4242031 0.6632109 -0.5793698 -0.4737954 0.6632462 -0.3826085 -0.643207 0.7422806 -0.3423218 -0.5760515 0.6632584 -0.1399954 -0.7351799 0.7423169 -0.1247156 -0.65834 0.7423407 -0.5081052 0.4367602 0.7423407 0.5183358 -0.4245684 0.7422852 0.3417817 -0.5763662 0.7422865 -0.3283931 0.5840964 0.742322 0.1238645 -0.6584949 0.7423223 -0.1090419 0.6611109 0.7423233 -0.1091296 -0.661095 0.7423225 0.1236666 0.6585316 0.742287 0.3413425 0.5766242 0.7422877 -0.3288214 -0.583854 0.7423472 0.5178207 0.4251851 0.7423482 -0.5087643 -0.4359794 0.7422414 0.6320133 0.2227932 0.7422422 -0.6272892 -0.2357639 0.7424309 0.669888 -0.00682505 0.7424304 -0.6698886 -0.006810181 0.7422401 -0.6319786 0.2228958 0.7422409 0.6273145 -0.2357009 0.9984745 -0.04791558 0.02743324 0.74235 -0.5177049 0.4253212 0.9984748 0.04211087 -0.03570525 0.7423511 0.5088589 -0.435864 0.6637648 -0.3813948 0.6433928 0.742287 -0.3411025 0.576766 0.7422879 0.3290809 -0.5837074 0.6628677 0.3670549 -0.6525927 0.7423242 -0.1234845 0.6585639 0.6630993 -0.1382761 0.7356487 0.6632443 0.1212553 0.7385147 0.7423237 0.1091374 0.6610935 0.663413 0.1222466 -0.7381998 0.7423258 0.10963 -0.6610096 0.7423262 -0.123116 -0.6586306 0.6632693 -0.1380981 -0.735529 0.415681 -0.4406279 -0.7956483 0.02208835 -0.573375 -0.8189952 0.01923145 -0.2398869 -0.9706104 0.5773333 -0.3722774 -0.726702 0.661751 -0.197367 -0.7232786 -0.2149012 -0.01349418 -0.9765425 -0.2382175 0.2325655 -0.9429559 0.6137692 -0.01826026 -0.7892744 0.4671713 0.0524292 -0.882611 0.1249857 -0.0713106 -0.9895926 -0.4872512 0.7076745 -0.5116474 0.03117009 0.2254014 0.9737672 0.02409709 0.5731609 0.8190884 0.4276199 0.4207378 0.8000755 0.5862878 0.3449614 0.7329859 0.6628038 0.1660352 0.7301531 -0.2019748 0 0.9793907 -0.2267478 -0.2445895 0.9427414 0.6060489 -0.01075129 0.7953547 0.4549154 -0.07451107 0.887412 0.112566 0.06140869 0.9917449 -0.4562744 -0.7253171 0.5154889 -0.175151 -0.1839967 -0.9671956 -0.3630114 -0.3097167 -0.8788049 -0.5614994 -0.3130509 -0.7659749 0 0 -1 0.176741 0.1824597 -0.9671976 0.3646062 0.3078344 -0.8788061 0.7182888 0.13605 -0.6823133 0.5626162 0.311034 -0.765977 -0.7182988 0.1359964 -0.6823136 -0.7172307 -0.1415325 -0.6823113 -0.3646409 0.307805 -0.8788021 -0.5627982 0.3107107 -0.7659746 -0.1768168 0.182393 -0.9671962 0 0 -1 0.1751704 -0.1839656 -0.967198 0.362887 -0.3098679 -0.8788031 0.5616611 -0.3127598 -0.7659752 0.7174025 -0.1406499 -0.6823132 -0.1760227 -0.1831564 0.9671969 -0.3637272 -0.3088824 0.8788027 -0.5622588 -0.3116855 0.7659747 0 0 1 0.1760651 0.1831063 0.9671987 0.3638772 0.3087021 0.8788039 0.7179129 0.1380133 0.6823148 0.5622792 -0.3116424 0.7659772 0.5626696 0.3109407 0.7659758 0.7179518 -0.1378107 0.6823148 0.1759123 -0.1832565 0.967198 0.3634053 -0.3092492 0.8788069 0 0 1 -0.1762558 0.1829356 0.9671962 -0.3640701 0.3084693 0.8788059 -0.5626239 0.3110225 0.7659762 -0.7179701 0.1377172 0.6823144 -0.7177688 -0.1387618 0.6823145 -0.5396743 0.1089603 -0.8347929 -0.6677835 0.2634314 -0.6961819 -0.2141028 0.2062289 -0.954793 0.628912 -0.3463499 -0.6960686 0.1776826 -0.2392838 -0.9545533 0.6712205 0.2557727 -0.6957322 -0.2053526 0.1028325 -0.9732707 0.2156641 0.2058814 -0.9545165 0.1702981 -0.1533795 -0.9733824 -0.05083872 -0.06970233 -0.9962715 0.5188603 -0.1810375 -0.8354696 0.3653941 -0.3423666 -0.8656051 0.6861734 -0.2502647 -0.6830328 0.419303 -0.1439647 -0.8963588 -0.482637 -0.410272 -0.7737819 0.06545865 0.01839526 -0.9976857 -0.1982147 -0.01367784 -0.9800632 -0.4398173 -0.06682105 -0.8955979 -0.4479347 -0.02977883 -0.8935702 -0.1665286 -0.003802527 -0.9860293 -0.4138048 0.4026666 -0.8164711 -0.4822023 0.02609042 -0.8756713 -0.2159681 0.009137185 -0.9763576 -0.4857547 0.05068389 -0.8726246 -0.5432765 0.04936211 -0.8381014 0.1762751 0.2405023 0.9545081 0.6757255 -0.2450313 0.6952372 0.6264144 0.3512107 0.6958851 -0.2151806 -0.2052673 0.9547579 -0.6685137 -0.2617336 0.6961214 -0.5414031 -0.1021999 0.8345285 -0.207874 -0.0990723 0.9731255 0.2193055 -0.2026276 0.9543831 0.1678381 0.1569214 0.9732451 -0.05171517 0.06888162 0.9962836 0.5181653 0.1833264 0.8354017 0.366821 0.340773 0.8656304 0.6875865 0.246175 0.683098 0.4210186 0.1385027 0.8964152 -0.4865868 0.4055582 0.7737932 0.05947344 -0.02404845 0.9979401 -0.2008291 0.008153261 0.9795924 -0.4490216 0.06424196 0.8912085 -0.448944 0.02483661 0.8932147 -0.1667143 -0.0021291 0.9860029 -0.4101054 -0.4063882 0.8164939 -0.4814952 -0.0315326 0.8758813 -0.2153767 -0.01483829 0.9764183 -0.4817404 -0.05847691 0.8743607 -0.540684 -0.05738695 0.8392661 -0.1843978 0.4340338 0.8818231 -0.2478526 0.4169036 0.8745058 -0.269473 0.5690117 0.7769234 -0.3135777 0.3272289 0.891398 -0.2138753 0.6060139 0.7661622 -0.3917151 0.726088 0.5651153 -0.2642524 0.315094 0.9115298 -0.4385597 0.3268088 0.8371747 -0.3554586 0.763063 0.5398 -0.5693758 0.7945905 0.2108012 -0.4246431 0.2935729 0.8564422 -0.5850704 0.4276362 0.6890717 -0.6018603 0.3953415 0.6938799 -0.682397 0.6079941 0.4058048 -0.7001736 0.5908302 0.4008449 -0.6424655 0.7663146 0 0.09848481 0.4285172 0.8981501 -0.107288 0.7412766 0.6625695 0.08339572 0.1230961 0.9888844 -0.09796301 -0.06784724 0.9928746 -0.3725193 -0.08964263 0.9236848 -0.6446628 0.08658931 0.7595474 -0.4770004 0.8460494 0.2380568 -0.7781162 0.4281848 0.4595572 -0.5553351 0.8090634 0.1924041 -0.7478327 0.6145872 -0.2510554 -0.6395117 0.7687237 0.009420508 -0.6427424 0.7659908 0.01184718 -0.690992 0.6910849 -0.2119709 -0.7383882 0.2432764 -0.628967 -0.6827837 0.6990554 -0.2124333 -0.4547229 0.8058135 -0.3793305 -0.2846251 0.8349691 -0.4709725 -0.4798437 0.7786074 -0.4043767 -0.667482 0.486531 -0.5636978 -0.5164385 -0.02655325 -0.8559126 -0.6459554 0.512049 -0.566169 -0.2721645 0.6920947 -0.6685293 0.02441461 0.5949259 -0.8034097 -0.3191012 0.6514955 -0.6882792 -0.5164365 0.3290634 -0.7905761 -0.2286801 -0.1023752 -0.9681037 -0.5124672 0.3645302 -0.7774928 -0.1846867 0.5166715 -0.8360273 0.1159159 0.2662025 -0.956922 -0.2450248 0.4896665 -0.8367733 -0.3386815 0.2890491 -0.8954024 -0.366697 0.3169535 -0.8746849 0.009242766 0.009338199 -0.9999137 -0.2669453 0.3664507 -0.8913216 -0.2137439 0.3631789 -0.9068708 -0.9308454 0.3241987 0.1685887 -0.6799567 0.401967 0.6132548 -0.714569 0.5996338 0.36032 -0.9066521 -0.2281306 0.3548781 -0.6531143 0.7571306 0.01396013 -0.5593489 0.2701144 0.7836881 -0.6377602 0.7701271 0.01289715 -0.4192274 -0.6917513 0.5879869 -0.1890554 0.9722365 -0.1378924 -0.3961733 0.2629037 0.8797319 -0.4700184 0.8005537 -0.371748 0.4315866 -0.5504234 0.7146798 0.3349155 0.8915141 -0.3050152 -0.2736964 0.3849488 0.8814219 -0.3108585 0.6706984 -0.6734468 0.7957249 0.1541803 0.585705 0.7298872 0.4763088 -0.4903004 -0.2665811 0.5745999 0.7738019 -0.2538289 0.4760263 -0.8420035 0.5634174 0.7251642 0.3958504 0.7103104 -0.213733 -0.6706545 -0.3819421 0.7508923 0.5387773 -0.3236289 0.3108507 -0.8936644 0.07550427 0.9727899 0.219041 0.00637805 -0.7294257 -0.6840303 -0.5604937 0.8078099 0.1824556 -0.4788634 0.2487137 -0.8419213 -0.4374011 0.897202 0.06090051 -0.7312829 -0.495787 -0.4684236 -0.6906563 0.6957317 -0.1973609 -0.6281999 0.3234634 -0.7076272 -0.822009 0.5624241 -0.08933285 -0.9651917 0.05488472 -0.2557203 -0.7100004 0.4973799 -0.4985104  
					<BiTangents>: 499 -0.2858778 0.6377179 0.7152551 -0.1648561 0.6853901 0.7092693 -0.2301001 0.9339908 0.2733405 -0.3941587 0.8759928 0.2779847 -0.3189781 0.7177411 0.6189514 -0.1815315 0.7691879 0.6126959 -0.6783296 0.6801433 0.2779821 -0.4963447 0.4919306 0.7152946 -0.8794151 0.3864635 0.2779839 -0.6407083 0.2790184 0.7152913 -0.6982508 0.02906858 0.7152628 -0.5541538 0.5566224 0.6189387 -0.1815886 0.4145351 0.8917322 -0.1009683 0.4465858 0.8890256 -0.3197005 0.3203263 0.8917302 -0.0661352 0.0654622 0.995661 -0.03495766 0.08630563 0.9956552 -0.01595868 0.09236188 0.9955976 0.06695957 -0.2541857 0.9648347 0.1073946 -0.2342246 0.9662325 0.152848 -0.5953664 0.7887816 -0.7187128 0.3167983 0.6189432 -0.7846729 0.03458168 0.6189448 -0.4141871 0.1823962 0.8917291 0.2507076 -0.5527734 0.7947247 0.1964672 -0.8507884 0.487401 -0.959673 0.04188632 0.2779809 -0.6615164 -0.2252357 0.7153076 -0.9096548 -0.3086369 0.2779774 -0.5354783 -0.4490941 0.7152464 0.1815595 -0.1828545 0.96623 -0.08532768 0.03715544 0.9956599 -0.4521286 0.01984896 0.8917319 0.2362256 -0.1029257 0.9662318 -0.7363366 -0.6168764 0.2779783 -0.7437041 -0.2525919 0.618952 -0.428399 -0.1458829 0.8917356 -0.4633987 -0.841423 0.2779728 -0.3368952 -0.6122391 0.7153077 -0.1279116 -0.9520351 0.277971 -0.09298966 -0.6926414 0.7152628 0.224836 -0.933903 0.2779819 0.1635214 -0.6794256 0.7152913 0.3978694 -0.5745029 0.7152946 0.5471754 -0.7895075 0.2779875 0.5786697 -0.3918566 0.715255 -0.6019874 -0.5044929 0.6189492 -0.3788454 -0.6880236 0.6189504 -0.346729 -0.2908342 0.8917368 -0.07128684 -0.0598218 0.9956604 -0.1045813 -0.7784377 0.6189486 -0.2181832 -0.3964839 0.891738 0.1838012 -0.7636291 0.6189408 0.4473777 -0.6455668 0.618948 -0.08808905 -0.03002778 0.9956599 0.7956748 -0.5381691 0.2779851 0.9364655 -0.2139185 0.277977 0.6810818 -0.1564756 0.7152922 0.6915918 0.1002486 0.7152978 0.6505767 -0.4400541 0.6189526 0.2578108 -0.3719471 0.8917336 0.1058679 -0.4400044 0.8917332 0.0529831 -0.07649577 0.9956612 0.950351 0.1398845 0.2779664 0.6086195 0.3434789 0.7152654 0.3753898 -0.252759 0.8917373 0.7656643 -0.1750852 0.6189535 -0.06022592 -0.4485308 0.8917359 0.8348877 0.4750722 0.2779728 0.4414031 0.5418145 0.7152624 0.02176922 -0.09047876 0.9956605 -0.04486416 -0.08153867 0.9956599 0.7769749 0.1149368 0.6189504 -0.0123849 -0.09223884 0.9956599 0.0343189 0.2553779 0.9662321 -0.06031568 0.250516 0.9662318 0.1254349 0.2250818 0.966232 0.08102874 0.6015381 0.794724 0.1981198 0.1647492 0.966233 0.2945338 0.5307217 0.7947229 0.2442423 0.0820907 0.9662333 -0.1467531 0.2117981 0.9662324 -0.1423967 0.5900293 0.7947255 -0.2041584 0.8456291 0.4931843 0.1164511 0.8620948 0.4931854 -0.3467204 0.4981892 0.794728 -0.2139597 0.1435698 0.9662344 -0.5035979 0.3388198 0.7947266 -0.497272 0.7137901 0.4931778 0.07704097 -0.05219392 0.9956608 0.4410843 -0.1012414 0.891737 0.4476888 0.0661843 0.8917366 0.1306318 0.9636843 0.2329119 -0.228736 0.9452175 0.232903 -0.05137538 0.9986794 -6.198819E-09 0.4216633 0.7609046 0.4931776 -0.5572594 0.7970052 0.2329045 -0.411249 0.911523 -4.962023E-08 -0.8087085 0.5401333 0.2329085 -0.7147672 0.6993625 -8.624195E-08 0.4726527 0.8499156 0.2329007 0.3157338 0.9488478 3.809561E-08 0.7490636 0.6202098 0.2329026 0.6392931 0.7689632 7.713544E-08 0.6688216 0.5562927 0.4931695 0.466166 0.3887132 0.7947272 0.8251114 0.2756377 0.4931683 0.5753754 0.1932819 0.7947234 0.9234422 0.3049846 0.2328928 0.875224 0.4837179 1.056022E-07 0.9712691 -0.04891444 0.2329026 0.9910855 0.1332276 1.195818E-07 0.8689364 -0.04156639 0.4931751 0.6063164 -0.02830395 0.7947196 0.795535 -0.3519939 0.493178 0.2574526 -0.01059116 0.9662329 0.888922 -0.3944315 0.2328979 0.9724254 -0.2332142 1.173303E-07 -0.09299197 0.003828107 0.9956595 0.5550529 -0.2456335 0.7947203 0.4287066 -0.4296813 0.7947229 0.6146141 -0.6156544 0.4931726 0.6971216 -0.6780708 0.2328984 0.8256876 -0.5641277 9.962531E-08 0.355199 -0.794112 0.4931733 0.3494882 -0.9076097 0.2325996 0.5863814 -0.8100352 7.075125E-08 0.07404465 -0.9696925 0.2328386 0.08170147 -0.9966569 9.857886E-09 0.1381156 0.9520232 0.2730859 0.09379794 0.6986695 0.7092693 0.2210361 0.6629444 0.7152956 0.3002129 0.9124728 0.2779671 0.1052644 0.7835213 0.6123838 0.6049256 0.7461891 0.2779692 0.2418507 0.7472703 0.618947 0.682539 0.3886459 0.6189466 0.1381818 0.4309528 0.8917317 0.05459964 0.4545807 0.8890306 0.4944282 0.6102894 0.6189408 0.2858312 0.3508655 0.8917365 0.3941201 0.2224241 0.8917381 0.02534478 0.08963436 0.9956522 0.005921103 0.09348655 0.995603 -0.04081957 -0.2597192 0.9648211 0.05908957 0.07190064 0.9956599 -0.08287854 -0.243981 0.9662321 -0.08727892 -0.6079785 0.7891416 0.08107279 0.04569988 0.9956599 -0.1620364 -0.2003461 0.9662327 -0.19174 -0.5758847 0.794728 -0.1263127 -0.8648103 0.485951 0.09210409 0.01333555 0.9956601 -0.2656113 -0.8284006 0.4931563 -0.01811507 -0.9724591 0.2323684 0.09070008 -0.02084648 0.9956601 -0.2513898 0.05650883 0.9662349 -0.2550023 -0.03693525 0.9662348 -0.5920208 0.1338723 0.794726 -0.2236719 -0.1279213 0.9662334 -0.3835752 -0.4704062 0.7947252 -0.6002828 -0.08983928 0.794726 -0.8489014 0.190136 0.4931681 -0.5470753 -0.6763838 0.4931669 -0.5269738 -0.3011897 0.7947221 -0.7554191 -0.4314199 0.4931723 -0.8600096 -0.1310679 0.4931578 -0.8440168 -0.4831071 0.2329017 -0.6209834 -0.7484219 0.232904 -0.763492 -0.6458173 -9.212096E-08 -0.2442582 -0.9414371 0.2324523 -0.5001695 -0.8659275 -6.034914E-08 0.02089683 -0.9997817 2.521357E-09 -0.9610248 -0.1489635 0.2328976 -0.9434612 -0.3314831 -1.138356E-07 -0.9497503 0.2091245 0.2328978 -0.9995235 0.03086769 -1.205999E-07 -0.920216 0.391411 -1.110309E-07 -0.7224227 0.4846539 0.4931694 -0.006334763 0.2695917 0.9629539 -0.006908554 0.574186 0.8186958 -0.006831971 0.5747089 0.8183294 -0.00726653 0.2539594 0.9671876 -0.003294057 -0.2470194 0.9690049 0.01735082 -0.3387076 0.9407317 0.04415086 -0.5355576 0.8433437 -0.007752997 -0.2441576 0.9697046 -0.02545306 -0.3399114 0.9401129 -0.05511846 -0.5338201 0.8437998 -0.005735582 0.7099572 -0.7042215 -0.007238437 0.5894163 -0.807797 -0.008584646 0.2598991 -0.9655976 -0.008514615 0.2034557 -0.9790471 -0.005507858 0.8652616 -0.5012904 -0.005210722 0.7826305 0.6224648 -0.004814009 0.8643382 -0.502888 -0.005054988 0.7873002 0.6165492 -0.005876973 0.1115859 0.9937375 -0.00547829 0.1220936 0.9925035 -0.004996483 -0.3864299 0.9223052 -0.004311566 -0.3794497 0.9252023 -0.004374829 0.7049091 -0.7092841 -0.005876489 0.1900561 -0.9817557 -0.005678155 0.2573461 -0.9663026 -0.004749503 0.5797578 -0.8147751 -0.004073668 -0.9251353 0.3796158 -0.003962029 -0.922639 0.3856442 -0.003588367 -0.9249914 -0.3799712 -0.003047921 -0.922933 -0.3849484 -0.002664287 -0.3846963 -0.9230394 -0.002730414 -0.3806511 -0.9247147 -0.002093416 0.3833217 -0.9236125 -0.002039247 0.3802197 -0.924894 -0.001443277 0.9230422 -0.3846961 -0.001475664 0.923951 -0.3825081 -0.0008773652 0.9245495 -0.381061 -0.0008497973 0.9236574 -0.3832183 -0.0003313983 0.3827969 -0.9238324 -0.0002992929 0.3835819 -0.9235069 9.946324E-06 -0.382222 -0.9240705 0.0004880929 -0.3816004 -0.9243273 0.0007270966 -0.9240597 -0.3822475 0.0007544592 -0.9232918 -0.3840985 0.001275796 -0.9596742 -0.2811118 0.001288654 -0.960287 -0.279011 0.001757372 -0.659049 -0.752098 0.001748959 -0.6567966 -0.7540657 0.001832059 -0.8415473 -0.5401805 0.001963575 -0.8446508 -0.5353141 0.002256932 -0.9999969 0.001080203 0.002307242 -0.9999969 0.0009246079 0.002549247 -0.9999957 0.001413713 -0.008405361 -0.3078644 0.9513932 0.002332752 -0.9999968 0.0009275097 0.002473071 -0.9999964 0.00103479 0.0038378 -0.2986993 0.9543396 0.4705441 0.6858294 -0.5551814 0.3090307 0.8570682 -0.4122306 0.3801871 0.7930224 -0.4759972 0.5943388 0.3112358 -0.7415482 0.5383333 0.5086351 -0.6719283 0.5038955 0.6101062 -0.6114408 -0.3801607 0.7926829 -0.4765833 -0.3097682 0.8561632 -0.4135557 -0.4703195 0.6858656 -0.5553269 -0.5938643 0.3113155 -0.7418948 -0.5377371 0.5089972 -0.6721315 -0.5034439 0.6098161 -0.6121017 -2.231614E-09 -0.02800804 0.9996077 9.22731E-08 0.8647806 -0.5021498 4.794499E-08 0.8647806 -0.5021498 1.20113E-09 -0.02800836 0.9996077 0.006138655 0.8696652 -0.4936039 0.006130217 0.986109 -0.165986 0.006133379 0.9857258 -0.168247 0.006172346 0.8687959 -0.4951319 0.006245483 0.6481487 -0.7614883 0.006216405 0.6470541 -0.7624188 0.006301157 0.3475643 -0.937635 0.006142252 0.03287077 -0.9994407 0.006216617 0.005609729 -0.9999649 0.006247123 -0.005636246 -0.9999646 0.006088519 0.02318647 -0.9997126 0.006188443 -0.3474772 -0.937668 0.006196645 0.3369628 -0.9414976 0.005987027 -0.3371496 -0.9414321 0.00624042 0.6384416 -0.769645 0.006270649 0.6373294 -0.770566 0.006273291 0.8622533 -0.5064385 0.006274864 0.8631772 -0.5048621 0.006283745 0.9833552 -0.1815847 0.006282266 0.9837776 -0.1792827 0.005922068 -0.6468577 -0.7625877 0.005892901 -0.6386892 -0.7694423 0.005811307 -0.8633912 -0.5045016 0.005664731 -0.8685718 -0.4955309 0.00564203 -0.9838854 -0.178711 0.005531661 -0.9856382 -0.1687798 0.005465563 -0.9856285 0.1688388 0.005492259 -0.9839103 0.1785789 0.00543701 -0.8635673 0.5042043 0.005295375 -0.8684123 0.4958145 0.005300231 -0.6391087 0.7690982 0.005159719 -0.6463415 0.7630309 0.005164701 -0.3378466 0.941187 0.005081574 -0.3465387 0.9380219 0.005066965 0.004572436 0.9999768 0.005056551 -0.004561782 0.9999768 0.005080159 0.3379106 0.9411645 0.005035555 0.3464915 0.9380395 0.005059854 0.5741789 0.8187142 0.005164686 0.6391987 0.7690243 0.005023853 0.5747303 0.8183274 0.005052319 0.6462626 0.7630983 0.005258211 0.8625765 0.5058993 0.00523001 0.8636624 0.5040436 0.005074724 0.868314 0.495989 0.005091618 0.8693618 0.4941499 0.005353159 0.9839327 0.178459 0.005417279 0.9836501 0.1800086 0.005431363 0.9859818 -0.1667643 0.00546119 0.9856274 -0.1688457 0.005057039 0.9858088 0.1677956 0.005090573 0.9855726 0.1691764 0.005075454 0.983979 -0.1782121 0.005004166 0.9836235 -0.1801661 0.5163611 0.8344857 -0.1923665 0.998243 0.05770028 -0.01347304 0.6367547 0.7513878 -0.1730894 0.3268464 0.920963 -0.2121288 0.04513143 0.9734642 -0.224345 0.6923661 0.7031069 -0.1620801 0.8787178 0.4651321 -0.1072715 -0.2514407 0.9431524 -0.2173499 -0.4707856 0.8597146 -0.1981205 -0.7738581 0.6171864 -0.1422132 0.855347 0.5048278 -0.1163205 -0.6354607 0.7564647 -0.1547607 -0.9981966 0.05885488 -0.01181763 -0.5076936 0.8440852 -0.172532 -0.3098328 0.9314985 -0.1905628 -0.02478122 0.9794363 -0.2002263 -0.6962922 0.7032484 -0.1435928 -0.8839703 0.4580424 -0.09377534 0.269794 0.9434136 -0.1928264 0.4826391 0.8580826 -0.1753676 0.7757623 0.6182498 -0.1263333 -0.8722647 0.4791338 -0.09790346 -0.7212972 0.6926247 -0.001142183 -0.6475551 0.7620179 -0.001069364 -0.4855306 0.8742186 -0.001370568 -0.7424496 0.669902 0 -0.7209075 0.6930305 -0.0009964573 -0.6466612 0.7627766 -0.001101287 -0.1874439 0.9822742 -0.001466239 -0.4842344 0.8749382 -0.0003950233 0.1874031 0.982282 -0.001501646 -0.1914498 0.9814996 -0.002345583 0.6466409 0.7627937 -0.001137894 0.4840223 0.8750554 -0.0006759603 0.7208918 0.6930468 -0.001094817 0.7424482 0.6699035 0 0.721292 0.6926302 -0.001107421 0.6476294 0.7619544 -0.00123912 0.4853391 0.8743253 -0.001119724 0.1908067 0.9816261 -0.001729934 -0.7210862 0.6928454 -2.943876E-05 -0.6471553 0.7623582 0.0001036625 -0.4846487 0.874709 0.0001776425 -0.7424478 0.669904 0 -0.7210737 0.6928584 9.216419E-05 -0.6470732 0.7624279 0.0001047814 -0.1888796 0.9820003 0.0001026282 0.4846254 0.8747217 0.0001378772 -0.4841697 0.874974 0.0004732856 0.1887311 0.9820288 -0.0002430494 0.7211108 0.6928198 0.0001152884 0.6473364 0.7622042 0.0005297326 0.7424495 0.6699021 0 0.7210287 0.6929051 0.0003396249 0.6469601 0.7625237 0.0003682933 0.484227 0.8749424 0.0004058468 0.188661 0.9820422 0.0003060642 -0.1894249 0.9818951 0.0004195591 0.2495519 0.9677281 -0.03501806 0.3962908 0.9175341 -0.03293563 0.7461359 0.6653755 -0.02359691 0.4552302 0.8898183 -0.0314463 0.7557799 0.6544089 -0.02336224 -0.3901661 0.919951 -0.03821749 0.5575612 0.829594 -0.02998894 -0.7458285 0.6656712 -0.0249332 0.569648 0.8213499 -0.02976037 -0.7298722 0.6835019 -0.01057534 0.289573 0.9567612 -0.02748357 0.6673387 0.744644 -0.01282297 0.3282527 0.9444495 -0.01628634 0.3172269 0.9483415 -0.003919805 -0.6466696 0.7627695 -0.001080805 -0.1833195 0.9830345 0.006097439 -0.1434517 0.9895406 0.01520254 -0.3817072 0.9165823 0.1190651 -0.06729004 0.9977334 0.0004814562 -0.01668593 0.9998602 -0.001037809 0.7038698 0.7103 -0.006430828 0.2452722 0.963603 -0.1063527 0.1034842 0.9945384 -0.01358315 0.5316465 0.8095606 -0.248925 0.4392546 0.8674478 -0.2336444 -0.7561083 0.6539634 -0.02514037 0.3823146 0.9228702 -0.04632614 -0.4586621 0.8879113 -0.03525202 -0.7458261 0.6656724 -0.02497651 -0.3950541 0.9180202 -0.03422149 -0.2457776 0.9684652 -0.04084666 -0.5566252 0.8300514 -0.03439721 0.7447654 0.6666698 -0.02959554 -0.5703769 0.8206808 -0.03395996 0.7298106 0.6835851 -0.009379026 -0.2908144 0.9563251 -0.02948252 -0.6665557 0.7453746 -0.0109711 -0.3252799 0.9455239 -0.01333079 -0.3149576 0.9491048 0.001282211 0.6436831 0.7652834 0.003671122 0.1896589 0.9817723 0.01235589 0.1424894 0.9895741 0.02097582 0.3855226 0.9137244 0.1283746 0.06390559 0.9979464 0.004371211 0.01525316 0.9998724 0.004738067 -0.706031 0.7081776 -0.002145891 -0.2492652 0.9630107 -0.1023584 -0.1046732 0.9944747 -0.00797594 -0.5364555 0.8086409 -0.2414855 -0.4452417 0.8659946 -0.2276254 -0.6290206 -0.7415118 0.2334382 -0.6254246 -0.7582281 0.1842124 -0.4107902 -0.7976043 0.4416772 -0.8017378 -0.5942513 -0.06388941 -0.4048615 -0.7687685 0.4950577 -0.2534864 -0.6755929 0.6923286 -0.8126773 -0.5816907 -0.0345185 -0.8740348 -0.3718571 -0.3127069 -0.2421517 -0.6329786 0.7353235 -0.2639601 -0.4195547 0.8685039 -0.879849 -0.3567975 -0.3139449 -0.802216 -0.1805823 -0.569069 -0.7893157 -0.1623689 -0.5921293 -0.5905247 -0.1313253 -0.7962626 -0.5624492 -0.110625 -0.819398 -0.3438435 -0.2882727 -0.8936837 -0.2011744 -0.87533 0.4396889 0.09490748 -0.6557369 0.7490005 -0.5546509 -0.818691 0.1486859 -0.8162296 -0.5653045 -0.1191638 -0.8980489 -0.2161055 -0.3831532 -0.7527871 0.1011123 -0.650452 0.1169143 -0.2073694 0.9712512 -0.4026231 0.221557 -0.8881482 -0.2452912 -0.3804199 0.8916911 -0.1939594 0.1594006 0.9679727 -0.3205082 -0.255457 -0.9121493 -0.007615218 0.009075466 -0.9999298 -0.4325383 -0.1603432 0.8872433 -0.5973793 0.1968183 0.7774319 -0.4603011 -0.1857813 0.8681061 -0.2185507 -0.5138458 -0.829577 0.1519593 -0.4457841 -0.8821479 -0.2327344 -0.5573539 -0.796989 -0.6877419 -0.1126126 0.7171677 -0.8547834 -0.04394963 0.5171207 -0.7103311 -0.1315401 0.6914672 -0.3086086 -0.7208368 -0.6206086 -0.03294266 -0.802734 -0.5954266 -0.3175868 -0.7577648 -0.5700274 -0.8550441 -0.2486435 0.4550561 -0.8836005 -0.395569 0.2505499 -0.8574821 -0.2655763 0.440674 -0.5161934 -0.774875 -0.3648467 -0.3820367 -0.8773527 -0.2903451 -0.518297 -0.795557 -0.3137791 -0.8639269 -0.472515 0.1742412 -0.8556706 -0.4839492 0.1833602 -0.703405 -0.7106678 -0.0131389 -0.7247611 -0.6859325 -0.06494717 -0.7307461 -0.6755345 -0.09830215 0.1208985 0.7086189 -0.6951567 -0.7235447 -0.2321749 -0.6500599 -0.551159 -0.1653555 -0.8178517 -0.4110045 0.6673926 -0.6210173 0.5227194 0.4640924 -0.7151102 -0.8021222 -0.4148733 -0.4295114 -0.3529629 -0.277332 -0.8935906 -0.8923202 0.194555 -0.4073243 0.7112296 0.03875229 -0.7018908 -0.7643045 -0.6253758 -0.1573018 -0.2519881 -0.5253444 -0.812721 -0.8049206 -0.5926415 0.02964846 0.6140795 -0.4520395 -0.6469672 -0.6145543 -0.7749405 0.147615 -0.3256592 -0.7408221 -0.5874766 -0.1272293 -0.9029249 0.4105355 0.1928325 -0.831606 -0.5208139 -0.4126728 -0.793588 0.4471233 -0.5140424 -0.803793 -0.2994617 0.4433624 -0.6696898 0.595773 -0.4868068 -0.837347 -0.2487349 -0.2679857 -0.6479124 0.713017 -0.7012865 -0.7128543 0.006003723 0.7022356 -0.2078295 0.6809347 -0.9563139 -0.2043805 0.2090272 -0.2823304 -0.3935015 0.8748978 -0.7983287 -0.5223101 0.2997723 0.648401 0.2677318 0.7126681 -0.6810876 0.4938597 0.5405759 -0.4484023 -0.197865 0.8716564 -0.7767002 -0.3143 0.5458502 0.343682 0.6150271 0.7096649 -0.1353798 0.73172 0.6680256 -0.6463189 -0.1791934 0.7417288  
					<SubMeshes>: 1
						<SubMesh>: 0 1830 0 1 2 2 3 0 4 3 2 2 5 4 0 3 6 6 7 0 7 6 8 8 9 7 8 10 9 11 6 3 3 4 11 8 6 11 4 5 12 12 5 13 4 14 11 14 4 12 12 15 14 13 16 12 12 16 15 16 13 17 16 17 18 18 19 16 15 16 19 19 18 20 21 11 14 21 8 11 8 21 22 14 23 21 23 14 15 22 21 23 20 24 19 24 20 25 22 26 8 10 8 26 26 27 10 26 28 27 22 28 26 29 27 28 19 30 15 30 19 24 15 31 23 23 32 22 32 23 31 15 30 33 15 33 31 28 34 29 22 35 28 34 28 35 36 22 32 35 22 36 29 34 37 37 38 29 38 37 39 39 40 38 40 39 41 41 42 40 41 43 42 43 41 44 44 45 43 35 46 34 47 37 34 34 46 47 35 48 46 48 35 36 47 46 48 36 49 48 50 39 37 37 47 50 48 51 47 51 48 49 50 47 51 52 41 39 39 50 52 53 44 41 41 52 53 36 54 49 32 54 36 53 55 44 44 55 45 45 55 56 56 57 45 58 57 56 53 59 55 56 55 59 52 60 53 59 53 60 52 50 61 60 52 61 61 62 60 56 63 58 64 58 63 60 65 59 65 60 62 59 66 56 63 56 66 66 59 65 61 50 67 51 67 50 64 63 68 69 64 68 61 70 62 67 70 61 67 51 71 49 71 51 66 72 63 68 63 72 70 67 73 71 73 67 70 73 74 71 74 73 62 70 75 74 75 70 71 76 74 49 76 71 75 74 77 74 76 77 49 78 76 77 76 79 78 79 76 80 78 49 49 54 80 75 81 62 77 82 75 81 75 82 77 83 82 84 77 79 77 84 83 82 85 81 85 82 83 62 81 86 81 85 87 81 87 86 83 88 85 87 85 88 62 86 89 62 89 65 90 65 89 65 90 66 91 66 90 91 72 66 83 84 92 88 83 93 92 93 83 94 93 92 92 84 95 79 95 84 93 96 88 97 96 93 88 96 98 99 98 96 95 100 92 101 92 100 102 100 95 103 100 102 104 95 79 95 104 102 79 105 104 78 105 79 102 104 106 106 104 105 107 105 78 105 107 106 78 80 107 106 108 102 109 102 108 106 110 108 111 108 110 112 106 107 106 112 110 113 107 80 107 113 112 110 112 114 114 112 113 80 115 113 115 80 54 114 116 110 117 110 116 54 118 115 54 32 118 31 118 32 31 115 118 31 33 115 115 33 113 113 33 119 113 119 114 30 119 33 30 120 119 120 114 119 24 120 30 120 121 114 116 114 121 121 120 24 121 122 116 123 116 122 24 124 121 25 124 24 125 122 121 125 121 124 125 124 25 126 122 125 25 127 125 128 125 127 129 130 131 131 132 129 132 131 69 133 129 132 69 134 132 69 68 134 132 135 133 135 132 134 68 136 134 136 68 72 133 135 137 137 138 133 134 139 135 134 136 139 135 139 140 136 140 139 140 137 135 72 141 136 136 141 140 141 72 91 138 137 142 142 143 138 142 144 143 137 140 145 141 145 140 145 142 137 142 146 144 145 146 142 144 146 147 91 148 141 141 148 145 145 149 146 148 149 145 147 146 150 149 150 146 151 147 150 91 152 148 91 90 152 151 150 153 154 151 153 152 90 155 89 155 90 89 156 155 152 155 156 89 86 156 148 152 157 156 157 152 86 158 156 157 156 158 86 87 158 157 159 148 148 159 149 149 160 150 159 160 149 158 161 157 159 157 161 162 158 87 161 158 162 150 160 163 163 153 150 159 164 160 161 164 159 164 163 160 165 164 161 164 165 163 161 166 165 162 166 161 163 165 167 167 165 166 153 163 168 167 168 163 169 168 167 153 168 170 171 170 168 153 170 154 172 154 170 166 173 167 174 167 173 175 173 166 175 166 162 176 173 175 162 98 175 177 175 98 98 162 178 98 178 88 178 162 87 88 178 87 179 180 181 180 179 182 183 182 179 182 183 184 184 183 185 179 186 183 185 183 186 186 179 187 186 188 185 188 186 187 189 190 191 189 191 192 193 189 192 189 193 194 194 193 195 195 196 194 194 196 197 196 198 197 198 199 197 198 200 199 196 195 201 202 201 195 201 202 203 203 204 201 205 199 200 205 200 206 205 206 207 207 208 205 207 209 208 210 208 209 211 210 209 211 209 212 212 213 211 214 211 213 215 214 213 213 216 215 216 217 215 218 215 217 219 218 217 217 220 219 220 221 219 221 220 222 222 223 221 224 221 223 225 224 223 223 226 225 225 226 227 227 228 225 227 229 228 227 230 229 227 231 230 227 232 231 228 229 233 228 233 234 228 234 235 236 237 238 236 238 239 239 240 236 239 241 240 242 243 244 242 244 245 245 244 246 247 245 246 248 249 250 250 251 248 252 253 254 254 255 252 255 256 252 255 257 256 256 257 258 258 259 256 258 260 259 261 259 260 261 262 259 263 261 260 261 264 262 260 265 263 264 266 262 267 262 266 268 267 266 266 269 268 270 268 269 269 271 270 272 263 265 265 273 272 273 274 272 275 272 274 274 276 275 277 275 276 277 276 278 278 279 277 280 279 278 278 281 280 282 280 281 281 283 282 283 284 282 283 285 284 286 284 285 285 287 286 286 287 288 288 289 286 289 288 290 290 288 291 290 292 289 289 292 293 294 290 291 291 295 294 296 293 292 292 297 296 295 298 294 299 294 298 300 299 298 298 301 300 296 297 302 302 303 296 304 303 302 302 305 304 306 307 308 306 308 309 309 308 310 310 308 311 311 308 312 310 311 313 313 311 314 314 311 315 315 311 316 317 318 319 317 319 320 317 320 321 317 321 322 317 322 323 322 321 324 322 324 325 322 325 326 322 326 327 328 329 330 331 328 330 332 331 330 330 333 332 333 330 334 334 335 333 334 330 336 330 337 336 336 338 334 336 339 338 334 338 340 340 341 334 334 341 342 342 343 334 334 343 344 344 345 334 346 347 348 349 346 348 350 349 348 348 351 350 351 348 352 353 352 348 352 354 351 353 355 352 348 356 353 356 357 353 358 356 348 348 359 358 360 359 348 348 361 360 362 361 348 348 363 362 364 365 366 364 366 367 366 368 367 364 367 369 370 364 369 369 371 370 372 370 371 373 372 371 373 374 372 375 374 373 375 376 374 373 377 375 378 377 373 378 379 377 378 380 379 379 380 381 380 382 381 378 383 380 380 383 382 384 383 378 385 382 383 384 386 383 383 386 385 384 387 386 388 385 386 386 387 388 389 390 391 392 390 389 393 390 392 394 390 393 390 394 395 396 390 395 396 395 397 396 397 398 399 398 397 398 399 400 399 401 400 400 402 398 402 403 398 404 403 402 405 403 404 404 406 405 405 406 407 408 403 405 407 408 405 408 409 403 408 407 410 411 409 408 410 411 408 411 412 409 411 410 413 413 412 411 414 415 416 417 415 414 416 418 414 418 416 419 414 420 417 417 420 421 419 422 418 422 419 423 424 421 420 421 424 425 426 425 424 427 425 426 428 427 426 429 427 428 430 414 418 430 418 431 431 418 422 432 414 430 432 420 414 433 420 432 433 424 420 434 424 433 434 426 424 435 426 434 435 428 426 431 422 436 437 428 435 436 422 438 436 438 439 423 438 422 437 440 428 441 440 437 428 440 429 439 438 442 438 423 442 439 442 443 444 442 423 441 445 440 429 440 445 446 445 441 445 447 429 443 442 448 442 444 448 443 448 449 444 450 448 446 451 445 447 445 451 452 451 446 451 453 447 449 448 454 454 448 450 449 454 455 450 456 454 452 457 451 453 451 457 458 457 452 457 459 453 455 454 460 460 454 456 456 461 460 455 460 462 460 461 463 462 464 458 458 464 457 459 457 464 462 460 464 464 463 459 463 464 460 465 466 467 466 465 468 467 469 465 468 470 466 469 467 471 470 468 472 471 473 469 472 474 470 473 471 475 474 472 476 475 477 473 476 478 474 477 475 479 478 476 480 479 481 477 480 482 478 481 479 483 482 480 484 483 485 481 484 486 482 485 483 487 486 484 488 487 489 485 488 490 486 489 487 491 490 488 492 491 493 489 492 494 490 493 491 495 494 492 496 495 497 493 496 498 494 497 495 498 498 496 497  
				</Mesh>
				<Materials>: 1
					<Material>: 0
						<AlbedoColor>: 1 1 1 1
						<EmissiveColor>: 0 0 0 1
						<Glossiness>: 0.5
						<Metallic>: 0
						<SpecularHighlight>: 1
						<GlossyReflection>: 1
						<AlbedoMap>: @Grenade_Base_color
						<MetallicMap>: @Grenade_Metallic
						<NormalMap>: @Grenade_Normal
						<EmissionMap>: null
						<DetailAlbedoMap>: null
						<DetailNormalMap>: null
				</Materials>
				<Children>: 0
			</Frame>
			<Frame>: 4 0 Grenade03
				<Transform>: -0.003441495 0.07877799 -0.02907898 270 0 0 1 1 1 -0.7071068 0 0 0.7071068  
				<TransformMatrix>: 1 0 0 0 0 -1.192093E-07 -1 0 0 1 -1.192093E-07 0 -0.003441495 0.07877799 -0.02907898 1  
				<Mesh>: 92 Grenade03
					<Bounds>: 0.001147461 1.193257E-09 0 0.01870596 0.0008839953 0.003679995
					<Positions>: 92 0.01985342 -0.0003639936 -0.0006100035 0.01985342 -0.0007160139 -4.768371E-09 -0.01061248 -0.0007160139 -4.768371E-09 -0.01066149 -0.0003639936 -0.0006100035 -0.0105235 1.66893E-08 -0.0007820129 0.01985342 0.0003409958 -0.0006100035 -0.01064849 0.0003409958 -0.0006100035 -0.01059949 0.000693016 -4.768371E-09 0.01985342 0.000693016 -4.768371E-09 0.01985342 0.0003409958 0.0006099748 -0.01064849 0.0003409958 0.0006099748 -0.01053249 1.66893E-08 0.0008060026 -0.01066149 -0.0003639936 0.0006099748 0.01985342 -0.0003639936 0.0006099748 -0.01061248 -0.0007160139 -4.768371E-09 0.01985342 -0.0007160139 -4.768371E-09 0.01985342 -0.0003639936 -0.0006100035 0.01985342 0.0003409958 0.0006099748 0.01985342 0.0003409958 -0.0006100035 0.01985342 0.000693016 -4.768371E-09 -0.0105235 1.66893E-08 -0.0007820129 -0.01163748 -0.0008839941 -0.002241015 -0.0112765 1.66893E-08 -0.002602014 -0.01066149 -0.0003639936 -0.0006100035 -0.0107095 -0.0008839941 -4.768371E-09 -0.01061248 -0.0007160139 -4.768371E-09 -0.01066149 -0.0003639936 0.0006099748 -0.01163748 -0.0008839941 0.002241006 -0.01053249 1.66893E-08 0.0008060026 -0.0112765 1.66893E-08 0.002601991 -0.0138785 1.66893E-08 -0.003679995 -0.0138785 1.66893E-08 0.003679995 -0.0138785 -0.0008839941 -0.003168993 -0.01612047 -0.0008839941 -0.002241015 -0.01648149 1.66893E-08 -0.002602014 -0.01755849 1.66893E-08 -4.768371E-09 -0.0138785 -0.0008839941 -0.002148004 -0.01235951 -0.0008839941 -0.001519017 -0.01539849 -0.0008839941 -0.001519017 -0.01704851 -0.0008839941 -4.768371E-09 -0.0160275 -0.0008839941 -4.768371E-09 -0.01612047 -0.0008839941 0.002241006 -0.01648149 1.66893E-08 0.002601991 -0.01539849 -0.0008839941 0.001518989 -0.0138785 -0.0008839941 0.003168998 -0.0138785 -0.0008839941 0.002147994 -0.01503749 1.66893E-08 -0.001158023 -0.0138785 1.66893E-08 -0.001638017 -0.0155165 1.66893E-08 -4.768371E-09 -0.0127205 1.66893E-08 -0.001158023 -0.01503749 1.66893E-08 0.001157985 -0.0138785 1.66893E-08 0.001637988 -0.0127205 1.66893E-08 0.001157985 -0.01235951 -0.0008839941 0.001518989 -0.01173051 -0.0008839941 -4.768371E-09 -0.0122415 1.66893E-08 -4.768371E-09 -0.01064849 0.0003409958 -0.0006100035 -0.0105235 1.66893E-08 -0.0007820129 -0.01163748 0.0008839965 -0.002241015 -0.0107095 0.0008839965 -4.768371E-09 -0.0112765 1.66893E-08 -0.002602014 -0.01059949 0.000693016 -4.768371E-09 -0.01064849 0.0003409958 0.0006099748 -0.01163748 0.0008839965 0.002241006 -0.01053249 1.66893E-08 0.0008060026 -0.0112765 1.66893E-08 0.002601991 -0.0138785 1.66893E-08 -0.003679995 -0.0138785 1.66893E-08 0.003679995 -0.0138785 0.0008839965 -0.003168993 -0.01612047 0.0008839965 -0.002241015 -0.01648149 1.66893E-08 -0.002602014 -0.01755849 1.66893E-08 -4.768371E-09 -0.0138785 0.0008839965 -0.002148004 -0.01235951 0.0008839965 -0.001519017 -0.01539849 0.0008839965 -0.001519017 -0.01704851 0.0008839965 -4.768371E-09 -0.0160275 0.0008839965 -4.768371E-09 -0.01612047 0.0008839965 0.002241006 -0.01648149 1.66893E-08 0.002601991 -0.01539849 0.0008839965 0.001518989 -0.0138785 0.0008839965 0.003168998 -0.0138785 0.0008839965 0.002147994 -0.01503749 1.66893E-08 -0.001158023 -0.0138785 1.66893E-08 -0.001638017 -0.0155165 1.66893E-08 -4.768371E-09 -0.0127205 1.66893E-08 -0.001158023 -0.01503749 1.66893E-08 0.001157985 -0.0138785 1.66893E-08 0.001637988 -0.0127205 1.66893E-08 0.001157985 -0.01235951 0.0008839965 0.001518989 -0.01173051 0.0008839965 -4.768371E-09 -0.0122415 1.66893E-08 -4.768371E-09  
					<Colors>: 0  
					<TextureCoords0>: 92 0.860296 0.849253 0.862716 0.84921 0.864402 0.945689 0.861996 0.945899 0.86061 0.94545 0.857905 0.849287 0.859364 0.945893 0.856944 0.945762 0.855481 0.849323 0.853059 0.849361 0.854529 0.945968 0.853354 0.945594 0.852115 0.946047 0.850629 0.849394 0.849703 0.945913 0.848213 0.849431 0.846976 0.847361 0.851802 0.847284 0.848152 0.845252 0.850564 0.845215 0.908656 0.08571202 0.905305 0.09153402 0.902641 0.08947998 0.909941 0.08676898 0.912845 0.08784902 0.912834 0.08711803 0.915713 0.08669502 0.920514 0.09132302 0.917042 0.08564699 0.923106 0.08919501 0.899069 0.09928602 0.92701 0.09893501 0.902386 0.09914702 0.905549 0.106631 0.903267 0.109013 0.91314 0.113024 0.90544 0.09905499 0.907557 0.093503 0.90769 0.104517 0.913081 0.109759 0.913114 0.106767 0.920535 0.106414 0.922894 0.108734 0.918464 0.104356 0.923733 0.09889102 0.920582 0.09883201 0.910005 0.102183 0.908741 0.09900099 0.913068 0.103488 0.909944 0.09576499 0.916091 0.102082 0.917278 0.09886402 0.915975 0.09566802 0.918293 0.093337 0.912884 0.09099299 0.912936 0.09429002 0.10904 0.504236 0.110247 0.503205 0.113882 0.508856 0.106179 0.505536 0.116442 0.506675 0.106154 0.504723 0.103241 0.504436 0.098686 0.509365 0.101897 0.503536 0.096 0.50736 0.120479 0.516303 0.092558 0.517275 0.11716 0.516322 0.114358 0.52395 0.116752 0.52622 0.107076 0.530698 0.114106 0.516376 0.111729 0.510931 0.112118 0.521941 0.10698 0.527434 0.106807 0.524447 0.099377 0.524444 0.097129 0.526872 0.101347 0.522291 0.095829 0.517077 0.098969 0.51687 0.109693 0.51972 0.110804 0.516479 0.106697 0.521171 0.109452 0.513303 0.10361 0.519907 0.102271 0.516749 0.103423 0.513494 0.100998 0.511275 0.106289 0.508676 0.106394 0.511973  
					<TextureCoords1>: 0  
					<Normals>: 92 0.6303083 -0.3339158 -0.700865 0.6100221 -0.7923843 5.39818E-06 0.5654045 -0.8248139 5.024913E-06 0.5453696 -0.6322162 -0.5503405 0.5270805 -0.08507563 -0.8455462 0.5946104 0.4575688 -0.6611121 0.5574611 0.5893574 -0.5847179 0.5656759 0.8246276 4.972815E-06 0.6100222 0.7923843 5.32875E-06 0.6100085 0.3962611 0.6861973 0.5637469 0.5624679 0.6048301 0.6893638 0.003234549 0.7244081 0.5660378 -0.5631204 0.6020769 0.6099808 -0.396272 0.6862156 0.5654045 -0.8248139 5.024913E-06 0.6100221 -0.7923843 5.39818E-06 0.6303083 -0.3339158 -0.700865 0.6100085 0.3962611 0.6861973 0.5946104 0.4575688 -0.6611121 0.6100222 0.7923843 5.32875E-06 0.5270805 -0.08507563 -0.8455462 0.4116484 -0.8131199 -0.4115598 0.7071778 4.568236E-05 -0.7070358 0.5453696 -0.6322162 -0.5503405 0.5818236 -0.8133149 9.170057E-07 0.5654045 -0.8248139 5.024913E-06 0.5660378 -0.5631204 0.6020769 0.4115292 -0.8131974 0.4115261 0.6893638 0.003234549 0.7244081 0.7071149 4.785982E-05 0.7070987 6.277702E-05 6.779176E-06 -1 6.277041E-05 6.792444E-06 1 4.704525E-05 -0.8132532 -0.58191 -0.4115845 -0.8131576 -0.4115494 -0.7071393 6.818704E-06 -0.7070742 -1 6.82847E-06 6.364399E-07 -5.150367E-05 -0.8954888 0.4450839 -0.3146725 -0.8955486 0.3146013 0.3146374 -0.8955478 0.3146386 -0.5821163 -0.8131055 4.586166E-07 0.4449089 -0.8955758 -1.186237E-06 -0.4115862 -0.8131561 0.4115507 -0.7071427 6.805383E-06 0.7070709 0.2792984 -0.9186862 -0.2792993 4.704549E-05 -0.8132503 0.5819141 -5.15332E-05 -0.8954927 -0.4450761 0.7071061 8.70862E-06 0.7071074 -0.0001490144 8.697257E-06 1 1 8.739918E-06 -3.452423E-06 -0.7072167 8.687749E-06 0.7069969 0.7071089 8.750101E-06 -0.7071046 -0.0001490359 8.7284E-06 -1 -0.7072195 8.708495E-06 -0.7069941 -0.3146708 -0.8955498 -0.3145994 -0.5237402 -0.8518781 -1.396411E-06 -1 8.708787E-06 -3.46278E-06 0.5574611 0.5893574 -0.5847179 0.5270805 -0.08507563 -0.8455462 0.4116473 0.8131374 -0.4115264 0.5820087 0.8131825 9.051818E-07 0.7071778 4.568236E-05 -0.7070358 0.5656759 0.8246276 4.972815E-06 0.5637469 0.5624679 0.6048301 0.4115283 0.8132157 0.4114907 0.6893638 0.003234549 0.7244081 0.7071149 4.785982E-05 0.7070987 6.277702E-05 6.779176E-06 -1 6.277041E-05 6.792444E-06 1 4.702081E-05 0.8132579 -0.5819033 -0.4115798 0.8131624 -0.4115447 -0.7071393 6.818704E-06 -0.7070742 -1 6.82847E-06 6.364399E-07 -5.150941E-05 0.8954921 0.4450774 -0.3146678 0.8955518 0.3145967 0.3146328 0.8955511 0.3146341 -0.5821096 0.8131104 4.465447E-07 0.4449025 0.8955791 -1.186234E-06 -0.4115814 0.813161 0.411546 -0.7071427 6.805383E-06 0.7070709 0.2792943 0.9186887 -0.2792953 4.702105E-05 0.8132551 0.5819075 -5.151533E-05 0.895496 -0.4450696 0.7071061 8.70862E-06 0.7071074 -0.0001490144 8.697257E-06 1 1 8.739918E-06 -3.452423E-06 -0.7072167 8.687749E-06 0.7069969 0.7071089 8.750101E-06 -0.7071046 -0.0001490359 8.7284E-06 -1 -0.7072195 8.708495E-06 -0.7069941 -0.3146661 0.8955532 -0.3145948 -0.5237327 0.8518827 -1.410302E-06 -1 8.708787E-06 -3.46278E-06  
					<Tangents>: 92 0.04468555 -0.8856741 0.4621521 -0.274755 -0.2115154 0.937961 -0.2721893 -0.1865781 0.9439818 -0.04101422 -0.6759191 0.7358337 -0.06103109 -0.9961966 0.06218909 0.04354881 -0.8393864 -0.5417877 -0.0139884 -0.697539 -0.7164102 -0.01188365 0.008157942 -0.9998962 -0.01069694 0.008241839 -0.9999088 -0.009814365 0.8696909 -0.4934992 0.01729778 0.7240855 -0.6894934 -0.009109907 0.9999497 0.004204337 -0.03097124 0.7152979 0.698133 -0.1179457 0.8109295 0.5731337 0.2493166 0.1709106 0.9532212 0.2540246 0.1955689 0.9472192 0.7724339 0.3602412 0.5230412 -0.792134 0.282734 0.5409114 0.2258134 0.6941268 0.6835177 -0.2548454 0.196188 0.9468707 0.5868096 -0.6832489 0.4345402 0.008432057 -0.4481798 0.8939037 0.4542691 -0.7663167 0.4543109 0.2438597 -0.5085003 0.8258086 -0.01122436 -0.008028494 0.9999048 -0.0118327 -0.008105149 0.9998971 -0.3138772 0.5281157 0.7890341 -0.03162158 0.4385218 0.898164 -0.6194533 0.5210769 0.5871596 -0.4702887 0.7467895 0.4702489 -0.04711934 -0.9988893 0 0.01718102 0.9998524 0 -0.03044254 -0.5816414 0.8128754 -0.08733424 -0.4143026 0.9059393 -0.5255274 -0.6690273 0.5255695 0 0.01214515 0.9999262 -0.03658355 0.4447877 0.8948886 -0.006575258 0.3334869 0.9427319 -0.06143484 0.3115658 0.9482365 -0.0129144 0.009246205 0.9998739 -0.02074446 -0.01030686 0.9997317 0.06708667 0.4233161 0.9034948 0.511776 0.6900175 0.5118214 0.02737879 -0.2831372 0.9586885 0.006699719 0.5819013 0.8132319 0.01772195 -0.4450071 0.8953516 -0.5258334 0.6685866 0.5258243 -0.02196388 0.9997588 0 0 -0.01069223 0.9999429 0.5054922 0.6991459 0.5056408 0.511734 -0.6901174 0.5117286 -0.01316454 -0.9999133 0 -0.5202885 -0.6770788 0.5204459 -0.01840396 -0.3256175 0.9453225 -0.01264262 0.007771133 0.9998899 0 0.01011834 0.9999489 -0.3131909 -0.502977 -0.8055592 -0.7499094 -0.5146284 -0.4156843 -0.0526314 -0.4295951 -0.9014865 -0.02818488 0.02017352 -0.9993992 -0.4821405 -0.7313974 -0.4822846 -0.03265771 0.0224085 -0.9992154 0.2758115 0.5620502 -0.7797612 -0.01131367 0.4560179 -0.8898987 0.5902077 0.577318 -0.564233 0.4429126 0.7794878 -0.4429754 -0.004152394 -0.9999914 0 -0.06723455 0.9977372 0 -0.02039704 -0.5817816 -0.8130892 0.04343083 -0.4335522 -0.9000813 0.500603 -0.7062154 -0.5006559 0 -0.02805908 -0.9996063 -0.01288181 0.4450399 -0.8954181 -0.03878062 0.3190266 -0.946952 0.01598945 0.3264208 -0.9450893 -0.02334146 -0.01670972 -0.999588 -0.02093273 0.01039756 -0.9997268 -0.1095628 0.4041449 -0.9081095 -0.5357153 0.6526509 -0.535776 -0.07217813 -0.2699607 -0.9601622 -0.05680616 0.58097 -0.8119403 -0.06679127 -0.4440788 -0.8934948 0.5016125 0.7048134 -0.5016204 -0.04212278 0.9991124 0 0 0.01979975 -0.999804 -0.5290605 0.6633304 -0.5292332 -0.534824 -0.6541516 -0.5348354 -0.0493188 -0.9987831 0 0.4962692 -0.7122276 -0.496436 -0.02634712 -0.3395435 -0.9402213 -0.02609436 -0.01604431 -0.9995307 0 -0.01994051 -0.9998012  
					<BiTangents>: 92 0.7750579 0.3226168 0.5433265 0.7432244 0.5721785 0.3467407 0.7786083 0.5337329 0.3299976 0.8371916 0.3787295 0.3945555 0.847621 -0.01882595 0.5302681 0.8028337 -0.293362 0.5190345 0.8300852 -0.4075501 0.3806067 0.824542 -0.5656171 -0.01441434 0.7923121 -0.6099666 -0.01350379 0.7923341 -0.2943041 -0.5344079 0.8257665 -0.3991619 -0.3984715 0.724358 0.009497608 -0.6893587 0.8237973 0.4138168 -0.3874452 0.7835894 0.4305367 -0.4479128 0.786231 0.5389543 -0.3022735 0.7505628 0.5778233 -0.3205865 -0.07782873 0.8710491 -0.4849909 -0.02033085 0.8735209 -0.4863621 -0.7716519 0.5557147 -0.3094098 -0.7502843 0.5776135 -0.3216145 0.6146873 0.7252123 0.310204 0.9113038 0.3714443 0.1776362 0.5417925 0.6424631 0.5419428 0.8019379 0.5845768 0.1231485 0.8132375 0.5817683 0.01380011 0.8247289 0.5653463 0.01434246 0.7622875 0.6356014 -0.1221828 0.9108478 0.3826339 -0.15475 0.3755731 0.8535036 -0.3612152 0.5280313 0.6650605 -0.5280885 0.9988893 -0.04711934 6.238786E-05 0.9998524 -0.01718102 -6.264445E-05 0.9995365 -0.01767658 0.02478486 0.9071774 -0.4088129 -0.09950402 0.4730484 -0.7432378 -0.4730991 -6.820237E-06 -0.9999263 0.01214515 0.9993306 0.01623666 0.03278307 0.9491776 -0.2945832 0.1108276 0.9472218 0.3176804 -0.04301242 0.813003 -0.5820429 0.01588314 0.8953356 0.4447895 0.02316385 0.9088984 -0.3994756 0.1196791 0.4878878 -0.7237927 0.4879443 0.959814 0.275407 0.05392724 0.9999776 -0.003860402 -0.005475924 0.9998429 0.007841474 -0.01589281 0.472758 0.7436343 -0.4727663 0.9997588 0.02196388 0.0001487874 -8.702504E-06 0.9999428 0.01069223 0.4942896 -0.7149791 0.494452 0.4879808 0.7236974 0.4879927 0.9999133 -0.01316454 -0.0001491379 0.4786862 -0.7359105 -0.4788479 0.9490224 -0.3032552 -0.08598063 0.8517843 -0.5236825 0.01484003 -8.74338E-06 -0.9999489 0.01011834 0.7688619 -0.6321962 0.09580871 0.3997775 -0.8531821 0.3350496 0.9098222 -0.3927538 0.1340451 0.812694 -0.581659 -0.03466062 0.5171461 -0.6819515 0.517206 0.8239807 -0.5652319 -0.0396064 0.7785355 -0.606407 -0.1617189 0.9113268 -0.3615631 -0.1968648 0.4200388 -0.8165131 -0.3960731 0.551196 -0.6264174 -0.5511662 0.9999914 -0.004152394 6.274833E-05 0.9977372 0.06723455 -6.308506E-05 0.999792 -0.01190734 -0.0165607 0.9103383 0.3883289 -0.143125 0.4993502 0.707997 -0.4993894 6.807924E-06 0.9996063 -0.02805908 0.999917 0.005779525 -0.01151264 0.9484093 0.3101756 0.06565738 0.9490787 -0.3023869 -0.08838332 0.8127752 0.5818697 -0.02870607 0.8953343 -0.4447809 -0.02337281 0.9047634 0.4188511 0.07724632 0.4614741 0.7576588 0.4615136 0.957489 -0.2883268 0.009089251 0.9983852 0.03301774 -0.04622521 0.9977669 -0.02968074 -0.05983419 0.4983832 -0.7093927 -0.4983735 0.9991124 0.04212278 0.0001485158 8.669847E-06 -0.999804 -0.01979975 0.4689772 0.7483267 0.4691137 0.4625583 -0.7563635 0.4625518 0.9987831 -0.0493188 -0.000149285 0.5035451 0.7019486 -0.5036969 0.9488367 0.2875671 -0.1304381 0.8514829 0.5234869 -0.03063226 8.776105E-06 0.9998012 -0.01994051  
					<SubMeshes>: 1
						<SubMesh>: 0 366 0 1 2 2 3 0 0 3 4 4 5 0 5 4 6 5 6 7 7 8 5 9 8 7 7 10 9 10 11 9 9 11 12 9 12 13 13 12 14 14 15 13 13 15 16 16 17 13 17 16 18 18 19 17 20 21 22 20 23 21 21 23 24 23 25 24 26 24 25 27 24 26 27 26 28 27 28 29 30 22 21 27 29 31 21 32 30 33 30 32 33 34 30 34 33 35 21 36 32 24 37 21 21 37 36 38 33 32 32 36 38 33 39 35 40 33 38 33 40 39 41 35 39 35 41 42 42 41 31 39 43 41 39 40 43 44 31 41 44 41 43 31 44 27 44 43 45 44 45 27 46 38 36 40 38 46 36 47 46 46 48 40 47 36 49 40 48 50 50 43 40 45 43 50 50 51 45 49 36 37 45 51 52 45 53 27 45 52 53 27 53 24 49 37 54 24 54 37 53 54 24 54 53 52 54 55 49 52 55 54 56 57 58 59 56 58 60 58 57 59 61 56 62 61 59 63 62 59 63 64 62 63 65 64 66 58 60 65 63 67 66 68 58 69 68 66 66 70 69 71 69 70 58 68 72 58 73 59 72 73 58 69 74 68 74 72 68 71 75 69 74 69 76 69 75 76 77 75 71 78 77 71 77 78 67 77 79 75 79 76 75 77 67 80 80 79 77 80 67 63 81 79 80 63 81 80 72 74 82 82 74 76 82 83 72 76 84 82 72 83 85 86 84 76 76 79 86 86 79 81 87 86 81 85 73 72 88 87 81 81 63 89 81 89 88 59 89 63 90 73 85 73 90 59 59 90 89 88 89 90 85 91 90 90 91 88  
				</Mesh>
				<Materials>: 1
					<Material>: 0
						<AlbedoColor>: 1 1 1 1
						<EmissiveColor>: 0 0 0 1
						<Glossiness>: 0.5
						<Metallic>: 0
						<SpecularHighlight>: 1
						<GlossyReflection>: 1
						<AlbedoMap>: @Grenade_Base_color
						<MetallicMap>: @Grenade_Metallic
						<NormalMap>: @Grenade_Normal
						<EmissionMap>: null
						<DetailAlbedoMap>: null
						<DetailNormalMap>: null
				</Materials>
				<Children>: 0
			</Frame>
			<Frame>: 5 0 Grenade04
				<Transform>: 0.0004065001 0.04850699 -0.04102499 270 0 0 1 1 1 -0.7071068 0 0 0.7071068  
				<TransformMatrix>: 1 0 0 0 0 -1.192093E-07 -1 0 0 1 -1.192093E-07 0 0.0004065001 0.04850699 -0.04102499 1  
				<Mesh>: 165 Grenade04
					<Bounds>: 0 1.862645E-09 0 0.0168815 0.016799 0.011991
					<Positions>: 165 0.01498847 -0.011166 0.004148002 0.01545348 0.007568006 0.009172993 0.0158885 0.006369987 0.010621 0.01544248 -0.01162 0.005797 0.01495849 -0.013439 0.002978001 0.01432249 0.002888007 0.010681 0.01440348 0.006155987 0.011558 0.01303848 0.006443996 0.01005499 0.0139575 -0.011834 0.006732988 0.0154005 -0.01463701 0.004273992 0.0154955 -0.015906 0.001226001 0.0150375 -0.014354 0.0005539799 0.01577049 -0.014972 -0.003934999 0.0143205 -0.01578999 -0.00423501 0.01526049 -0.01354302 -0.003582001 0.0154965 -0.012186 -0.007571998 0.01606649 -0.01321201 -0.008873019 0.0156485 -0.01018703 -0.00921499 0.01401349 -0.016799 0.001558981 0.01390847 -0.015312 0.004993 0.01254448 -0.014531 0.004141011 0.01263849 -0.015799 0.001092 0.0162585 -0.01059399 -0.01087999 0.0148695 -0.01078 -0.011991 0.01637549 -0.007221994 -0.01068799 0.01573748 -0.007634006 -0.009091 0.01684049 0.01151299 -0.005664 0.01620248 0.01110101 -0.004067001 0.01623248 0.01337399 -0.002896008 0.0146535 -0.01378 -0.009759998 0.0132105 -0.013105 -0.009007011 0.0129145 -0.01486599 -0.004067988 0.01500348 -0.006901004 -0.01175799 0.0168815 0.01453101 -0.004141998 0.01546848 0.011834 -0.006732998 0.01678649 0.01579901 -0.001093001 0.01615349 0.014288 -0.0004720116 0.01651149 0.014866 0.004067011 0.0151045 0.01578999 0.004233989 0.01593049 0.01347699 0.003664012 0.0156945 0.01212 0.007654009 0.01621549 0.01310501 0.009005999 0.01554349 0.01012101 0.009296998 0.01541249 0.01679901 -0.001559 0.01551748 0.01531198 -0.004994001 0.0140255 0.01463698 -0.004275007 0.0139835 0.01161999 -0.005797009 0.01393049 0.01590599 -0.00122601 0.0160245 0.010488 0.01101299 0.01455649 0.01078 0.011991 0.01545348 0.007568006 0.009172993 0.0158885 0.006369987 0.010621 0.01440348 0.006155987 0.011558 0.01303848 0.006443996 0.01005499 0.0135185 -0.007115026 -0.01082199 0.01446748 0.01343998 -0.002978001 0.01477248 0.01378001 0.009760013 0.01316748 0.01059401 0.010879 0.01368849 0.007634006 0.00908999 0.0133585 0.01321199 0.008873 0.01365449 0.01497199 0.003934011 0.0137775 0.01018699 0.009214001 0.01554349 0.01012101 0.009296998 0.01545348 0.007568006 0.009172993 0.0139285 0.01218601 0.00757101 0.0156945 0.01212 0.007654009 0.0141655 0.01354301 0.00358201 0.01593049 0.01347699 0.003664012 0.0143885 0.014354 -0.0005539989 0.01615349 0.014288 -0.0004720116 0.01623248 0.01337399 -0.002896008 0.0144375 0.011166 -0.004148989 0.01620248 0.01110101 -0.004067001 0.01397248 -0.007568013 -0.009172999 0.01388249 -0.01012099 -0.009297009 0.01573748 -0.007634006 -0.009091 0.0156485 -0.01018703 -0.00921499 0.0154965 -0.012186 -0.007571998 0.01340149 -0.010488 -0.011013 0.01373149 -0.01211999 -0.00765399 0.01526049 -0.01354302 -0.003582001 0.01349449 -0.01347699 -0.003664999 0.0150375 -0.014354 0.0005539799 0.01327149 -0.01428801 0.0004710006 0.01319248 -0.013374 0.002895999 0.01495849 -0.013439 0.002978001 0.01498847 -0.011166 0.004148002 0.01324248 -0.01093203 0.00378798 0.0125855 -0.01065701 0.005663008 0.01319649 0.001778007 0.009735999 0.01432249 0.002888007 0.010681 0.0132135 0.002230005 0.008027 0.01361448 0.004676986 0.008297 0.01545348 0.007568006 0.009172993 0.01368849 0.007634006 0.00908999 0.01303848 0.006443996 0.01005499 0.009127489 -0.009924004 0.004204001 0.00913349 -0.008438005 0.005162993 0.0091065 -0.01129502 0.005322013 0.009100489 -0.010656 0.006971011 0.0091165 -0.008889995 0.006873012 0.0091065 -0.01129502 0.005322013 -0.01029448 -0.011123 0.00517499 -0.01027349 -0.009752003 0.004057002 0.009127489 -0.009924004 0.004204001 -0.01409849 -0.010335 0.005345011 0.00913349 -0.008438005 0.005162993 -0.0135775 -0.009056006 0.00420898 -0.01276248 -0.007719004 0.005135999 -0.01640248 -0.007476005 0.006079001 -0.01026749 -0.008266006 0.005016012 0.0091165 -0.008889995 0.006873012 -0.01557249 -0.006505995 0.00486401 -0.0168815 -0.001800024 0.007576013 -0.01028449 -0.008718004 0.006726012 0.009100489 -0.010656 0.006971011 -0.01030148 -0.010484 0.006823992 0.0091065 -0.01129502 0.005322013 -0.01029448 -0.011123 0.00517499 -0.01277949 -0.008172026 0.006845999 -0.01360549 -0.009788005 0.006974993 -0.01409849 -0.010335 0.005345011 -0.01640248 -0.007476005 0.006079001 -0.01559949 -0.007238014 0.00763001 -0.0168815 -0.001800024 0.007576013 -0.01427449 -0.006120994 0.007374 -0.01599349 -0.002174005 0.008966012 -0.01425748 -0.005668006 0.005663991 -0.01553048 0.002880983 0.01030899 -0.01632449 0.003866005 0.009081011 -0.01452849 -0.002047024 0.008449011 -0.01596648 -0.001442015 0.006199989 -0.01350048 0.005396004 0.01099399 -0.01398148 0.006683993 0.009849992 -0.01421849 0.002020993 0.009528999 -0.01451249 -0.001595006 0.006739001 -0.01420149 0.002473006 0.007818999 -0.0155025 0.003613996 0.007542 -0.01632449 0.003866005 0.009081011 -0.01398148 0.006683993 0.009849992 -0.01018748 0.006034007 0.01119601 -0.0101675 0.007404995 0.01007899 0.009213489 0.005861983 0.01134299 0.0092345 0.007232995 0.01022601 0.01303848 0.006443996 0.01005499 -0.0126785 0.004498005 0.008369989 -0.01347349 0.006128006 0.00822801 -0.0101675 0.007404995 0.01007899 -0.01269549 0.004045005 0.01007899 -0.01016049 0.006765995 0.008429989 -0.0101935 0.004546985 0.01023701 -0.01017648 0.004999995 0.008527012 0.009240489 0.006593995 0.008576998 0.0092345 0.007232995 0.01022601 0.00920749 0.004374986 0.01038401 0.01170248 0.003829007 0.010264 0.00922447 0.004828005 0.008675013 0.01254549 0.005897994 0.008425011 0.01303848 0.006443996 0.01005499 0.01361448 0.004676986 0.008297 0.0117195 0.004280987 0.008555002 0.0132135 0.002230005 0.008027 0.01319649 0.001778007 0.009735999 0.01432249 0.002888007 0.010681 0.01251749 0.005165987 0.01119201  
					<Colors>: 0  
					<TextureCoords0>: 165 0.095965 0.313637 0.091628 0.246985 0.097878 0.24918 0.102216 0.31256 0.095566 0.324051 0.104817 0.260268 0.103932 0.248726 0.110961 0.248689 0.1082626 0.3120174 0.101334 0.323711 0.099812 0.334564 0.094255 0.335549 0.098443 0.352316 0.104587 0.352319 0.093037 0.352262 0.093602 0.369127 0.099132 0.370141 0.094642 0.381098 0.105467 0.334095 0.10673 0.32359 0.111964 0.324669 0.111082 0.335169 0.100366 0.381135 0.105852 0.380833 0.101591 0.392412 0.095565 0.392584 0.115896 0.457187 0.110446 0.459687 0.114799 0.470502 0.104852 0.37051 0.110658 0.369416 0.110801 0.352328 0.107837 0.391776 0.119866 0.467879 0.121719 0.454949 0.123837 0.478299 0.119425 0.481754 0.131621 0.494476 0.137002 0.491582 0.126892 0.497067 0.135996 0.511314 0.141342 0.509557 0.142697 0.520816 0.128708 0.47532 0.124862 0.465646 0.130343 0.464149 0.127983 0.453879 0.134344 0.473584 0.148016 0.518484 0.152796 0.516039 0.147566 0.529619 0.154924 0.530698 0.161994 0.527694 0.167723 0.521185 0.11391 0.389887 0.136293 0.462905 0.146493 0.507287 0.156759 0.512334 0.16736 0.514341 0.150845 0.503596 0.142444 0.488621 0.160635 0.507722 0.165148 0.503561 0.171371 0.509757 0.154774 0.499382 0.159881 0.496126 0.147233 0.485979 0.152526 0.483079 0.140081 0.472376 0.145587 0.469759 0.142161 0.461053 0.134077 0.453307 0.139948 0.451959 0.119586 0.387649 0.117269 0.378027 0.125437 0.386274 0.123345 0.377016 0.122396 0.367571 0.111411 0.37964 0.1163 0.367807 0.122315 0.3524 0.116275 0.352362 0.122557 0.337248 0.11653 0.336883 0.117547 0.326538 0.123481 0.328054 0.1264185 0.3210609 0.1204025 0.3174995 0.1157604 0.3110716 0.1423123 0.2624771 0.1404653 0.2560516 0.1488169 0.2663299 0.1558979 0.2576572 0.168589 0.250753 0.162395 0.2473859 0.1559639 0.2476101 0.9745365 0.189102 0.9850459 0.1890792 0.9713154 0.1991086 0.9798325 0.2052643 0.9883206 0.1990663 0.965103 0.232443 0.965763 0.167459 0.971635 0.166553 0.971294 0.232536 0.964186 0.156261 0.977468 0.233078 0.970358 0.155708 0.976715 0.154869 0.964981 0.145644 0.977233 0.165354 0.983576 0.233163 0.971009 0.145195 0.96681 0.127766 0.982851 0.165354 0.989602 0.23255 0.988442 0.166509 0.995672 0.232092 0.994306 0.16735 0.983319 0.154865 0.98967 0.155683 0.995842 0.156217 0.995026 0.145656 0.989 0.145209 0.993198 0.127848 0.983159 0.144 0.987607 0.127832 0.976858 0.143993 0.989096 0.110468 0.995126 0.110054 0.982756 0.127815 0.972411 0.127782 0.989824 0.100001 0.996 0.09950399 0.983246 0.111637 0.977278 0.127799 0.976944 0.111602 0.971102 0.110361 0.965074 0.109878 0.964346 0.09925097 0.988653 0.08918202 0.994522 0.08837301 0.990246 0.02316397 0.996326 0.023633 0.997273 0.01136899 0.976863 0.100723 0.970513 0.09984398 0.96599 0.08806503 0.983465 0.10078 0.97185 0.08899403 0.983055 0.09030098 0.977438 0.09023899 0.971645 0.02292299 0.965511 0.02315199 0.984107 0.022569 0.98452 0.012797 0.977842 0.02250099 0.971284 0.011904 0.96526 0.01057601 0.972711 0.006947994 0.977753 0.012725 0.979215 0.003628016 0.983338 0.003647029 0.988374 0.002746999 0.991093 0.01212001  
					<TextureCoords1>: 0  
					<Normals>: 165 0.660921 0.2483299 -0.7081777 0.6432767 0.09618109 -0.7595685 0.9228132 -0.08899812 0.3748267 0.9179697 -0.1592544 0.3632764 0.7266662 0.508296 -0.4621595 0.1097074 -0.2784455 0.9541658 -0.1109014 -0.1839777 0.9766541 -0.6257704 0.6796605 0.382718 -0.07176686 -0.3518333 0.9333075 0.8845349 -0.3392763 0.3201399 0.8950002 -0.4416096 0.06289335 0.6614027 0.7496756 -0.02308231 0.9270369 -0.3720348 -0.0468258 -0.02398827 -0.9655982 -0.25893 0.5967193 0.7662926 0.2381632 0.63389 0.6203625 0.4618807 0.9087061 -0.3770298 -0.1791696 0.6417168 0.2121783 0.7370074 -0.04330782 -0.9893773 0.1387705 -0.07790655 -0.7170478 0.6926565 -0.9357054 -0.2653376 0.2324899 -0.9273641 -0.3735082 -0.02207801 0.9225077 -0.1602288 -0.3511498 0.03417232 -0.2822962 -0.9587184 0.9552951 0.01648172 -0.295194 0.5649973 -0.1432074 0.8125698 0.957105 0.0891686 -0.2756792 0.560975 -0.3086731 0.7681327 0.6218839 -0.5818691 0.5241076 -0.0007044097 -0.7881643 -0.6154644 -0.9136183 -0.3089681 -0.2642733 -0.943746 -0.3022835 -0.1340452 0.05196692 0.1615504 -0.9854953 0.9332257 0.2714904 -0.2353357 0.05663532 0.3506942 -0.9347759 0.9273872 0.3734485 0.02211776 0.5985926 -0.7968722 0.08174113 0.943801 0.3021597 0.1339376 0.02395955 0.9656082 0.2588953 0.5574221 -0.8094773 -0.1844646 0.6261991 -0.6673671 -0.4031078 0.9136731 0.3089368 0.2641204 0.6879302 -0.2587037 -0.6781036 0.04334788 0.989389 -0.1386734 0.05909576 0.7220351 -0.6893279 -0.8845226 0.3392802 -0.3201697 -0.9179956 0.1591912 -0.3632384 -0.8950267 0.441551 -0.06292731 0.8938802 0.08439815 0.4402899 -0.05858696 0.263319 0.9629281 0.6432767 0.09618109 -0.7595685 0.9228132 -0.08899812 0.3748267 -0.1109014 -0.1839777 0.9766541 -0.6257704 0.6796605 0.382718 -0.9197723 0.08648792 -0.3828039 -0.7094961 -0.5322258 0.4618992 0.0007651037 0.7881498 0.6154829 -0.9294813 0.1460104 0.3387408 -0.5312985 0.1527344 -0.8333032 -0.9087195 0.3769556 0.1792581 -0.9270928 0.3719099 0.04671128 -0.6299294 -0.1992593 -0.7506561 0.6879302 -0.2587037 -0.6781036 0.6432767 0.09618109 -0.7595685 -0.6337832 -0.6205117 -0.4618268 0.6261991 -0.6673671 -0.4031078 -0.5965756 -0.7663735 -0.2382633 0.5574221 -0.8094773 -0.1844646 -0.661314 -0.749759 0.02291855 0.5985926 -0.7968722 0.08174113 0.6218839 -0.5818691 0.5241076 -0.6512355 -0.263463 0.7116738 0.560975 -0.3086731 0.7681327 -0.647121 -0.09795509 0.7560683 -0.6898124 0.2619611 0.6749336 0.5649973 -0.1432074 0.8125698 0.6417168 0.2121783 0.7370074 0.63389 0.6203625 0.4618807 -0.8952091 -0.09240671 -0.4359605 -0.6261635 0.6674245 0.4030681 0.5967193 0.7662926 0.2381632 -0.5576203 0.8093612 0.184375 0.6614027 0.7496756 -0.02308231 -0.5987546 0.7967528 -0.08171833 -0.6200348 0.5606771 -0.5488151 0.7266662 0.508296 -0.4621595 0.660921 0.2483299 -0.7081777 -0.5577601 0.2905676 -0.7774793 -0.9513629 -0.08169322 0.2970434 -0.834825 -0.3248487 0.4444554 0.1097074 -0.2784455 0.9541658 -0.5928657 0.02405306 -0.804942 -0.02880058 0.2575621 -0.9658324 0.6432767 0.09618109 -0.7595685 -0.5312985 0.1527344 -0.8333032 -0.6257704 0.6796605 0.382718 0.6012809 -0.0498528 -0.7974811 0.6045336 0.7435843 -0.2856948 0.5902331 -0.7818397 -0.200877 0.5867903 -0.4405716 0.6793922 0.5954305 0.5021995 0.627103 0.5902331 -0.7818397 -0.200877 -0.1045265 -0.9612107 -0.2552414 -0.03089204 -0.08933423 -0.9955225 0.6012809 -0.0498528 -0.7974811 -0.5256227 -0.8210889 -0.2225621 0.6045336 0.7435843 -0.2856948 -0.2170066 -0.1013628 -0.9708933 0.4216523 0.7677131 -0.4825203 -0.9229738 -0.3696927 -0.1069886 0.09671367 0.9181358 -0.3842826 0.5954305 0.5021995 0.627103 -0.3806821 0.1156591 -0.9174444 -0.9999321 0.008866959 -0.007576537 0.08507466 0.6075355 0.7897233 0.5867903 -0.4405716 0.6793922 -0.04894136 -0.5697976 0.8203264 0.5902331 -0.7818397 -0.200877 -0.1045265 -0.9612107 -0.2552414 0.4087507 0.4263582 0.8069334 -0.2345897 -0.5672642 0.7894168 -0.5256227 -0.8210889 -0.2225621 -0.9229738 -0.3696927 -0.1069886 -0.3981895 -0.3513597 0.8473437 -0.9999321 0.008866959 -0.007576537 0.729276 0.07492156 0.6801054 -0.3581823 -0.2366223 0.9031696 0.7414628 0.3978465 -0.540325 -0.3964656 -0.1087798 0.9115821 -0.9177749 0.3860441 0.09305549 0.8104209 -0.1551291 0.5649363 -0.3401488 0.2427826 -0.9084907 -0.2298691 0.1052845 0.9675099 -0.5143611 0.8302876 0.2146045 0.7260395 -0.4109181 0.5513735 0.8213606 0.1406524 -0.5527963 0.7382437 -0.0879891 -0.6687706 -0.3788396 0.358256 -0.8533072 -0.9177749 0.3860441 0.09305549 -0.5143611 0.8302876 0.2146045 -0.04446091 0.08996129 0.9949523 -0.09142288 0.9628934 0.2539257 0.03091149 0.0893357 0.9955218 0.1045789 0.9611658 0.2553891 -0.6257704 0.6796605 0.382718 0.4134003 -0.4337156 -0.8006191 -0.2123929 0.5711594 -0.7928848 -0.09142288 0.9628934 0.2539257 0.4007685 -0.7750006 0.4886294 -0.02640756 0.5705571 -0.8208333 0.07457964 -0.9197163 0.3854346 0.08621152 -0.6087491 -0.7886648 0.04889351 0.5698739 -0.8202762 0.1045789 0.9611658 0.2553891 -0.09674973 -0.9181948 0.3841326 -0.4288307 -0.7662382 0.478522 -0.08512484 -0.6073416 -0.789867 0.2445406 0.5586749 -0.7925164 -0.6257704 0.6796605 0.382718 -0.02880058 0.2575621 -0.9658324 -0.3771822 -0.424092 -0.8233345 -0.5928657 0.02405306 -0.804942 -0.834825 -0.3248487 0.4444554 0.1097074 -0.2784455 0.9541658 0.2099267 0.106719 0.9718754  
					<Tangents>: 165 0.7457082 -0.3232936 0.5825809 0.7404622 -0.3304466 0.5852528 -0.3826319 -0.3249216 0.8648807 -0.3963469 -0.4041042 0.824384 0.6869373 -0.5292185 0.4980412 -0.9925669 -0.08156733 0.09031964 -0.9917303 -0.04338209 -0.1207855 -0.5372448 -0.01984346 -0.8431929 -0.9885241 0.1497931 -0.01954458 -0.4664661 -0.6393633 0.6112477 -0.4427964 -0.8625258 0.2449097 0.7326131 -0.6391431 0.2340387 -0.3712483 -0.8931002 -0.2540607 -0.998226 0.0372531 -0.04644427 0.8000057 -0.5912441 -0.1020849 0.7711422 -0.4611113 -0.4389945 -0.3843299 -0.5881337 -0.7116104 0.7667673 -0.1570088 -0.6224275 -0.9986266 0.04696849 0.02321262 -0.9921638 0.1238361 0.01660319 -0.3474542 0.8072464 -0.4771045 -0.3673563 0.9201158 -0.1357807 -0.3751593 -0.1583267 -0.913339 -0.977452 0.1905651 -0.09095228 -0.2881641 0.2752165 -0.917179 0.8184283 0.2221902 -0.5299119 -0.2613822 0.6762599 -0.6887321 0.7937354 0.4641142 -0.3931693 0.729873 0.67321 -0.1186325 -0.9896935 0.08868434 -0.1124365 -0.4058929 0.7307121 0.5489179 -0.3264023 0.9165157 0.2312153 -0.9512003 0.308574 0 -0.3294591 0.9079377 -0.259048 -0.9310942 0.356488 0.0773292 -0.3660172 0.8935305 0.2600662 0.7409629 0.5895754 0.3215193 -0.3004081 0.6152567 0.7288443 -0.8521897 -0.115671 0.5102872 0.6915296 0.3297432 0.6426944 0.605152 0.09003504 0.7910024 -0.3302749 0.1855708 0.925463 0.6359191 -0.2354523 0.7349619 -0.9012007 0.09863601 0.422029 -0.9107656 0.321695 0.2588794 -0.4364357 -0.3594608 0.8248101 -0.3795684 -0.08721296 0.9210438 -0.3817418 -0.6854269 0.620051 -0.4052435 -0.2678865 0.8740793 -0.80848 -0.5783486 0.1089633 0.7140776 -0.4332617 0.5498887 -0.3423421 -0.635663 0.6919065 -0.6378284 -0.740452 -0.21191 -0.7654685 -0.44081 -0.4687692 -0.3560843 0.2261676 0.906671 0.6629667 -0.281868 0.6935602 -0.8145371 -0.3565574 0.4575982 -0.2944249 -0.8468786 -0.4428438 0.4150603 -0.8105503 -0.4131988 -0.3801188 -0.924768 0.01771243 -0.3302099 -0.8693299 0.3677321 0.5004507 -0.8432583 -0.1961238 0.4504926 -0.5803396 0.6784264 0.458864 -0.8425953 0.2819164 0.6005247 -0.7710343 0.2118398 0.5795173 0.05253451 0.8132649 0.6449223 -0.6344854 0.4260322 0.6715381 0.3089602 0.6734837 0.6292733 -0.5378937 0.5609684 0.6736854 0.5559964 0.4868428 0.7281739 0.6759092 -0.1136202 0.7380059 -0.001455105 0.6747927 0.8026884 0.4297687 -0.4135095 0.740169 0.1569514 0.6538472 0.7185321 0.3619483 0.5938895 0.8048904 0.3122571 -0.5046254 0.7604991 -0.05174595 -0.6472739 0.7734013 -0.5129198 -0.37251 -0.4236028 0.4803072 0.7680271 0.777251 0.4934513 0.3903676 0.8004773 -0.5892292 -0.1097498 0.8276833 0.5251881 0.1977823 0.7406873 -0.6480113 0.1773803 0.7986858 0.601596 0.01354015 0.742668 0.6449805 -0.1801229 0.6422119 -0.2637038 0.7197389 0.6624662 0.2503098 0.7060338 0.6807671 0.6960295 -0.2282519 -0.27167 0.677139 -0.68387 -0.5430347 0.618562 -0.5678858 -0.917733 0.3403111 0.2048282 0.6725409 0.5645778 -0.4784774 0.8481063 0.5176873 0.1127636 0.6434739 0.4696859 0.6044307 0.6898431 0.6489606 -0.3208843 0.3917333 0.6981356 -0.5992928 0.3272189 0.9258883 0.1888349 -0.3184861 0.554361 0.7689281 0.702624 0.3750704 0.6046832 0.002330266 0.8399416 0.5426718 -0.7011132 0.7059521 0.1003587 0.324544 0.4576843 -0.8277658 0.1393965 0.2399535 -0.9607241 0.2637028 0.9599808 -0.09432781 -0.0268338 0.996229 -0.08250909 0.04559789 0.2340489 -0.9711549 -0.03245496 0.3813458 0.9238625 0.5653844 0.7977375 -0.2096555 0.3903708 0.3266087 0.8607772 -0.03749887 0.3630536 -0.9310133 0.1087064 0.374039 0.9210199 0.01610792 -0.7878602 0.6156434 0.797858 0.5426185 -0.2626551 0.009615683 0.2591189 -0.9657976 -0.1174599 -0.7809547 0.6134434 0.05193623 -0.8168211 -0.5745485 -0.2313712 -0.7925029 -0.5642753 -0.2692191 0.04394362 -0.9620759 -0.1309948 0.2677179 -0.9545509 -0.4029227 -0.7090313 0.5787296 -0.5437016 -0.5966132 -0.5902891 -0.05587491 0.2943723 -0.9540561 0.0566971 0.1443474 -0.9879014 -0.7905474 -0.3370908 -0.5112775 0.009615323 0.2590799 -0.965808 -0.5849268 -0.4474364 0.6765066 -0.9335982 0.1011259 -0.3437558 0.5693211 0.05315938 0.8203948 -0.7809598 0.5619543 -0.2725969 0.06111721 0.3688651 -0.9274714 -0.585785 -0.2004134 0.7852963 0.9403661 0.08448283 -0.3295063 -0.5389804 0.8139842 -0.2166333 -0.0155987 0.2411466 -0.9703633 -0.578748 0.06788279 0.8126763 0.5703889 -0.2107427 0.793879 0.5682563 -0.4530555 0.6868955 0.7885736 -0.357633 -0.5002502 -0.01965804 0.1898813 -0.9816103 0.1118967 0.3130854 -0.9431101 -0.2356013 0.9669008 -0.09795311 -0.09269453 0.2456577 -0.9649146 0.1378101 0.9861045 -0.09276974 0.03893795 0.2526431 -0.9667758 0.2614766 0.6450551 -0.7180069 0.3897941 -0.7103344 0.5860764 0.5333273 -0.6121387 -0.5838221 0.1600066 0.2658845 -0.9506331 -0.389176 0.3388189 0.8565885 0.2394013 -0.7936156 -0.5593401 -0.1005889 0.3776015 0.9204885 0.1107825 -0.7808453 0.6148235 -0.08775741 -0.8156312 -0.5718778 0.02946509 0.25369 -0.9668368 0.0610477 0.379742 0.9230759 0.251948 0.4072402 0.8778824 -0.04353648 -0.78972 0.6119207 -0.2225553 -0.7631719 -0.606661 -0.5156321 0.007704069 -0.8567755 -0.3890881 -0.8929173 -0.2265152 -0.2551614 -0.8070052 0.5325742 -0.6441602 -0.6140307 0.4560964 0.3864832 0.2291067 0.8933874 0.4489478 0.8703415 0.202365 0.3075777 0.9363486 -0.1692551  
					<BiTangents>: 165 0.08427706 0.9131339 0.3988532 0.1947066 0.9389112 0.2837871 -0.04481655 0.9415441 0.3338955 -0.01551476 0.900743 0.4340754 -0.008568984 0.6793843 0.7337326 -0.05267966 0.9569822 0.2853243 -0.06459112 0.9819726 0.1776451 0.5654904 0.7332584 -0.3775615 0.1329266 0.9239997 0.3585459 0.002696108 0.6900044 0.7238001 0.05390735 0.2470432 0.9675038 -0.1607002 0.1717042 0.9719532 -0.05269929 -0.2529076 0.9660541 -0.05449245 -0.2573565 0.9647788 -0.06258569 -0.251448 0.9658452 0.05935734 -0.6344499 0.7706816 -0.1629226 -0.715505 0.6793445 0.01634895 -0.9645354 0.2634466 0.02948387 0.1375746 0.9900525 0.09768114 0.6859352 0.7210765 0.06108282 0.5272088 0.8475374 -0.07102954 0.1178077 0.9904929 -0.09074679 -0.9742994 0.2061689 -0.2083738 -0.9402094 0.269419 -0.06612557 -0.961241 -0.2676624 0.1046577 -0.964429 -0.2427419 -0.1250175 -0.7312465 -0.6705588 0.2351405 -0.8302523 -0.5053613 0.2838059 -0.4563076 -0.843349 -0.1432005 -0.6090419 0.7801036 -0.0235096 -0.608768 0.7929998 -0.05296193 -0.2619611 0.9636241 -0.3040982 -0.9374035 -0.1697025 -0.1433411 -0.3192837 -0.9367557 -0.3603553 -0.8659849 -0.3467192 -0.07735842 0.2492775 -0.9653375 0.3044024 0.1318919 -0.9433683 -0.1378214 0.72812 -0.6714512 -0.5226842 0.2328541 -0.8201099 0.4594206 0.4858148 -0.7435837 0.4915951 0.7392665 -0.4602384 -0.2368965 0.932803 -0.2715852 0.3497984 0.9368216 -0.002539873 -0.4312291 -0.1066785 -0.8959137 -0.4086733 -0.6125174 -0.6766155 -0.1647533 -0.8692967 -0.4660252 -0.114943 -0.9833881 -0.1404851 -0.2306521 -0.5789841 -0.7820339 -0.1917184 0.9597468 0.2052566 -0.5856003 0.7721243 -0.2467719 0.276203 0.8961214 0.3473879 -0.1766851 0.7668194 0.617066 -0.7621521 0.6464387 0.03522905 0.149898 0.5863004 -0.7961044 -0.1649939 -0.9702412 0.1772257 0.2389361 -0.798302 -0.5528322 -0.580111 0.5016838 -0.6417045 -0.2222126 0.5113488 -0.830147 0.7385437 0.5654029 -0.3672502 -0.1724489 0.05204374 -0.9836426 -0.1773707 -0.3254973 -0.9287578 0.5939175 0.4992106 -0.6309127 0.5690418 0.7721906 0.282689 0.6128939 0.5298889 0.5861561 0.4875334 0.1430779 -0.8613012 0.5215692 0.7428737 -0.4196478 0.4776743 -0.1004991 -0.8727698 0.4881776 0.4992897 -0.715816 0.4082634 -0.3853983 -0.82752 0.4333993 0.2363527 -0.8696566 0.288137 -0.4523001 -0.8440389 0.1767473 -0.9646685 -0.1953848 0.2024802 -0.8485398 -0.4888579 0.1827136 -0.9827365 0.02906325 0.08871517 -0.8946339 0.4379039 0.1814646 -0.9391417 -0.2916907 0.09920034 -0.97586 0.1945677 -0.0058165 -0.5933495 0.804924 -0.1384241 -0.872219 0.4691192 -0.06164639 -0.5577189 0.8277374 -0.05623229 -0.2561341 0.9650043 -0.06324577 -0.2628915 0.9627502 -0.1180201 0.1344166 0.9838716 -0.05994957 0.05716003 0.9965634 -0.2529843 0.5192699 0.8163074 -0.2439672 0.8198143 0.5180585 -0.3525931 0.9357764 -0.0009248322 -0.474826 0.6565922 0.5860264 0.1452722 0.7313063 0.6663986 0.09044621 0.71544 0.6927952 0.3817467 0.8981405 0.218204 -0.4429435 0.8250293 0.3508955 -0.5290428 0.8158809 0.2333498 -0.4148934 0.8775787 -0.2402479 -0.4917708 0.7453337 0.4501546 0.6745046 0.2250963 0.7031181 -0.7289644 0.3744937 -0.5730317 -0.7301409 0.373853 -0.5719512 0.3974223 0.4980451 -0.7707183 0.8097356 0.3168514 -0.4938963 0.3923047 0.4994268 -0.7724442 -0.7391185 -0.4233814 -0.5238819 -0.9847044 0.1360009 -0.1089079 -0.9641092 0.2654361 0.006098073 -0.798587 -0.07101057 -0.5976757 -0.8494949 0.5206095 0.08558153 -0.7959182 0.5492337 -0.2546694 -0.7957692 0.5944245 0.1158054 -0.8184254 0.5513105 0.1619775 -0.3830315 0.855289 0.3489521 -0.9893581 0.1308492 0.06363255 -0.8032453 0.3564716 0.4772054 -0.4674439 0.8319784 0.2988447 0.006600463 0.9658047 0.2591865 -0.9894269 0.1449493 -0.004921609 -0.8080717 -0.3724246 0.4564211 -0.9716338 0.2174163 0.09304857 -0.7610164 -0.621929 0.1845492 -0.9858572 0.06634057 0.1538973 -0.8188872 0.5616879 0.1180276 -0.8058264 0.567683 0.1684632 -0.8488809 0.4890379 0.200607 -0.3806635 0.9178731 0.1122683 -0.4652741 0.8734507 0.1435404 0.006600852 0.9658152 0.2591475 -0.3549888 0.8911719 0.282481 0.009993599 0.9663247 0.2571317 -0.3551145 0.9159106 0.1870867 0.4826145 0.8199843 0.3077483 0.3923698 0.8455226 0.3621291 0.008601474 0.9673517 0.2532915 0.003246537 0.966395 0.2570412 0.8103459 0.5712661 0.1303635 0.8574318 0.5024648 0.111085 0.3713722 0.9091415 0.1885325 0.00483678 0.9673699 0.2533224 0.3634296 0.8871294 0.2844651 0.4843884 0.8624102 0.1470257 0.3966143 0.9027264 0.1666794 0.8502422 0.4610857 0.2539454 0.9708323 0.2387671 0.0217943 0.9914886 0.1117528 -0.06679621 0.9899762 -0.1400606 -0.01817061 0.9937541 -0.1110487 0.01100468 0.7348751 0.3492357 0.5813717 0.8228978 0.5543608 0.1245927 0.8188109 0.5468668 0.174601 0.9828733 0.04627983 0.1783773 0.8294135 0.5334565 0.1658237 0.9705615 0.2112793 0.1156346 0.9921288 0.1074201 0.06435187 0.9900984 0.1403751 -0.0001208854 0.9949412 -0.09994644 -0.01013159 0.9940799 -0.1086358 0.00179021 0.9934348 -0.1127578 -0.01931374 0.8675404 -0.4970256 -0.01841506 0.9954187 -0.08647767 -0.04078327 0.9437526 -0.3247321 0.06229049 0.5852649 0.7334864 -0.3456338 0.9207503 -0.3692701 -0.1259309 0.8902956 -0.4109606 -0.1961761 0.4832886 -0.7889156 -0.3795318 0.3920434 -0.9175965 0.06571542 0.8867977 -0.4061697 -0.2204904 0.9280769 -0.3344584 -0.1637402  
					<SubMeshes>: 1
						<SubMesh>: 0 738 0 1 2 2 3 0 4 0 3 3 2 5 6 5 2 7 5 6 5 8 3 9 4 3 3 8 9 4 9 10 4 10 11 12 11 10 13 12 10 11 12 14 14 12 15 16 15 12 12 13 16 17 15 16 9 18 10 10 18 13 19 9 8 18 9 19 19 20 18 8 20 19 18 21 13 21 18 20 22 17 16 23 22 16 17 22 24 24 22 23 17 24 25 25 24 26 26 27 25 28 27 26 29 16 13 16 29 23 13 30 29 23 29 30 21 31 13 30 13 31 23 32 24 26 24 32 26 33 28 32 34 26 26 34 33 35 28 33 35 36 28 37 36 35 38 37 35 36 37 39 40 39 37 37 41 40 41 37 38 42 40 41 43 35 33 38 35 43 44 33 34 43 33 44 34 45 44 44 45 43 46 34 32 45 34 46 47 43 45 38 43 47 41 48 42 49 48 41 50 42 48 51 50 48 51 48 49 49 52 51 53 52 49 32 54 46 54 32 23 46 55 45 45 55 47 41 56 49 56 41 38 49 57 53 58 53 57 49 56 59 38 59 56 59 57 49 60 38 47 59 38 60 57 61 58 59 61 57 58 61 62 58 62 63 61 59 64 62 61 64 64 59 60 64 65 62 66 65 64 64 60 66 65 66 67 68 60 47 66 60 68 67 66 68 68 69 67 68 47 55 70 69 68 68 55 70 55 71 70 55 46 71 70 71 72 71 46 54 72 71 73 54 73 71 74 73 54 73 75 72 73 74 75 75 74 76 74 77 76 54 78 74 23 78 54 30 78 23 74 78 30 74 79 77 30 79 74 80 77 79 31 79 30 81 80 79 31 81 79 82 80 81 31 83 81 81 83 82 21 83 31 82 83 84 83 21 84 84 85 82 20 84 21 84 86 85 87 84 20 84 87 86 20 88 87 20 8 88 89 88 8 8 90 89 88 89 91 87 88 91 86 87 91 86 91 92 92 93 86 93 92 94 92 95 94 96 97 98 99 98 97 97 100 99 101 102 103 103 104 101 103 102 105 106 104 103 105 107 103 107 108 103 109 107 105 103 110 106 108 110 103 111 106 110 107 109 112 112 108 107 112 109 113 111 110 114 114 110 108 115 111 114 114 116 115 117 115 116 116 118 117 116 114 119 119 114 108 118 116 120 119 120 116 120 121 118 122 121 120 120 123 122 120 119 123 124 122 123 119 108 125 123 119 125 123 126 124 123 125 126 125 108 127 108 112 127 124 126 128 128 129 124 130 126 125 130 125 127 127 112 131 113 131 112 129 128 132 132 133 129 126 134 128 134 126 130 127 135 130 131 135 127 130 135 136 135 131 136 130 136 134 137 131 113 131 137 136 113 138 137 137 138 139 133 132 140 140 141 133 141 140 142 142 143 141 144 143 142 134 136 145 145 136 137 139 146 137 146 145 137 146 139 147 132 148 140 134 145 148 148 132 128 128 134 148 149 145 146 147 149 146 140 148 150 142 140 150 148 145 151 150 148 151 145 149 151 149 147 152 153 152 147 154 150 151 150 154 142 142 154 155 156 151 149 151 156 154 149 152 156 155 154 156 157 152 153 153 158 157 157 158 159 156 152 160 160 152 157 157 159 160 156 160 155 160 159 161 155 160 161 161 162 155 162 163 155 142 155 164 155 163 164 142 164 144 144 164 163  
				</Mesh>
				<Materials>: 1
					<Material>: 0
						<AlbedoColor>: 1 1 1 1
						<EmissiveColor>: 0 0 0 1
						<Glossiness>: 0.5
						<Metallic>: 0
						<SpecularHighlight>: 1
						<GlossyReflection>: 1
						<AlbedoMap>: @Grenade_Base_color
						<MetallicMap>: @Grenade_Metallic
						<NormalMap>: @Grenade_Normal
						<EmissionMap>: null
						<DetailAlbedoMap>: null
						<DetailNormalMap>: null
				</Materials>
				<Children>: 0
			</Frame>
	</Frame>
</Hierarchy>
