<Hierarchy>:
	<Frame>: 0 3 M18_Smoke_Grenade
		<Transform>: 0.5858945 0.07321289 1.952778 0 0 0 1 1 1 0 0 0 1  
		<TransformMatrix>: 1 0 0 0 0 1 0 0 0 0 1 0 0.5858945 0.07321289 1.952778 1  
		<Children>: 4
			<Frame>: 1 0 Body
				<Transform>: 0 0 0 0 0 0 1 1 1 0 0 0 1  
				<TransformMatrix>: 1 0 0 0 0 1 0 0 0 0 1 0 0 0 0 1  
				<Mesh>: 924 Body
					<Bounds>: 0 -0.0004751198 5.587935E-09 0.03201596 0.07273777 0.03201609
					<Positions>: 924 1.008312E-17 0.06392947 0.0103001 -0.002450522 0.06696556 0.01623898 -0.002450522 0.06392947 0.0103001 0.002450522 0.06696556 0.01623898 0.002450522 0.06392947 0.0103001 -0.002450522 0.07226264 0.01029668 -0.002450522 0.0719078 0.01491471 -0.002450522 0.07226265 0.01623898 -0.002450522 0.07093838 0.01394528 -0.002450522 0.0696141 0.01359044 -0.002450522 0.06392947 0.0103001 -0.002450522 0.06828983 0.01394527 -0.002450522 0.06732039 0.01491471 -0.002450522 0.06696556 0.01623898 -0.009468065 0.0696141 0.01359044 -0.002450522 0.0696141 0.01359044 -0.002450522 0.06828983 0.01394527 -0.009468065 0.06828983 0.01394527 -0.009468065 0.06732039 0.01491471 -0.002450522 0.06732039 0.01491471 -0.009468065 0.06696556 0.01623898 -0.002450522 0.06696556 0.01623898 -0.009468065 0.0673204 0.01756325 0.009468065 0.0673204 0.01756325 0.002450522 0.06696556 0.01623898 0.009468065 0.06828983 0.01853269 0.009468065 0.06696556 0.01623898 -0.009468065 0.06828983 0.01853269 0.002450522 0.06732039 0.01491471 0.009468065 0.0696141 0.01888752 0.009468065 0.06732039 0.01491471 -0.009468065 0.0696141 0.01888752 0.009468065 0.07093838 0.01853268 -0.009468065 0.07093838 0.01853268 0.002450522 0.06828983 0.01394527 0.009468065 0.06828983 0.01394527 0.009468065 0.0696141 0.01359044 0.002450522 0.0696141 0.01359044 0.009468065 0.0719078 0.01756325 -0.009468065 0.0719078 0.01756325 -0.002450522 0.07226265 0.01623898 -0.009468065 0.07226265 0.01623898 -0.009468065 0.0719078 0.01491471 -0.002450522 0.0719078 0.01491471 0.002450522 0.07226265 0.01623898 0.009468065 0.07226265 0.01623898 0.009468065 0.0719078 0.01491471 0.002450522 0.0719078 0.01491471 0.009468065 0.07093838 0.01394528 0.002450522 0.07093838 0.01394528 0.009468065 0.0696141 0.01359044 0.002450522 0.0696141 0.01359044 -0.002450522 0.07093838 0.01394528 -0.009468065 0.07093838 0.01394528 -0.009468065 0.0696141 0.01359044 -0.002450522 0.0696141 0.01359044 -0.009468065 0.07226264 -0.01610627 -0.007766392 0.07226264 -0.01610627 -0.007766392 0.06387517 -0.01996874 -0.009468065 0.06387517 -0.01996874 -0.007766392 0.05352682 -0.02473417 -0.009468065 0.05352682 -0.02473417 -0.009468068 0.06497436 -0.01716529 -0.007766392 0.06497436 -0.01716529 -0.007766392 0.064732 -0.01626074 -0.009468068 0.064732 -0.01626074 -0.007766392 0.06406981 -0.01559856 -0.009468068 0.06406981 -0.01559856 -0.009468064 0.06316526 -0.01535619 -0.007766392 0.06316526 -0.01535619 -0.009468069 0.06226072 -0.01559856 -0.007766388 0.06226071 -0.01559857 -0.009468069 0.06159853 -0.01626074 -0.007766388 0.06159853 -0.01626074 -0.009468067 0.06135616 -0.0171653 -0.00776639 0.06135616 -0.0171653 -0.007766388 0.06159853 -0.01806984 -0.009468069 0.06159853 -0.01806984 -0.007766388 0.06226072 -0.01873203 -0.009468069 0.06226072 -0.01873203 -0.007766392 0.06316526 -0.0189744 -0.009468064 0.06316526 -0.0189744 -0.007766392 0.06406981 -0.01873202 -0.009468068 0.06406981 -0.01873202 -0.007766392 0.064732 -0.01806985 -0.009468068 0.064732 -0.01806985 -0.007766392 0.06497436 -0.01716529 -0.009468068 0.06497436 -0.01716529 -0.009468065 0.05277056 -0.02491863 -0.009468065 0.05352682 -0.02473417 -0.007766392 0.05352682 -0.02473417 0.007766392 0.05352682 -0.02473417 0.009468065 0.05277056 -0.02491863 0.009468065 0.05352682 -0.02473417 -0.009468065 0.05213646 -0.02474418 0.009468065 0.05213646 -0.02474418 -0.009468065 0.05171278 -0.02424119 0.009468065 0.05171278 -0.02424119 0.007766392 0.06696555 -0.007991269 -0.007766392 0.06696555 -0.007991269 -0.009468065 0.051564 -0.02348622 -0.007766392 0.06696555 0.004599851 0.007766392 0.06696555 0.004599851 0.007501758 0.06696555 0.005663263 -0.007501758 0.06696555 0.005663263 0.006725892 0.06696555 0.006657656 -0.006725892 0.06696555 0.006657656 0.00549167 0.06696556 0.007505077 -0.005491671 0.06696556 0.007505077 0.0038832 0.06696555 0.008157993 -0.003883199 0.06696555 0.008157993 0.009468065 0.051564 -0.02348622 1.043539E-17 0.06696556 0.008568442 -0.002010096 0.06696556 0.008568442 0.002010096 0.06696556 0.008568442 7.015099E-18 0.051564 -0.01130131 -0.002924971 0.051564 -0.01091623 -0.0056506 0.051564 -0.009787234 -0.007991152 0.051564 -0.007991266 -0.009468065 0.051564 -0.006066508 0.002924971 0.051564 -0.01091623 0.0056506 0.051564 -0.009787234 0.007991152 0.051564 -0.007991266 0.009468065 0.051564 -0.006066508 0.002450522 0.06392947 0.0103001 0.002450522 0.06732039 0.01491471 0.002450522 0.06696556 0.01623898 0.002450522 0.06828983 0.01394527 0.002450522 0.0696141 0.01359044 0.002450522 0.07226264 0.01029668 0.002450522 0.07093838 0.01394528 0.002450522 0.0719078 0.01491471 0.002450522 0.07226265 0.01623898 0.007766392 0.06387517 -0.01996874 0.007766392 0.07226264 -0.01610627 0.009468065 0.07226264 -0.01610627 0.009468065 0.06387517 -0.01996874 0.007766392 0.05352682 -0.02473417 0.009468065 0.05352682 -0.02473417 0.007766392 0.064732 -0.01626074 0.007766392 0.06497436 -0.01716529 0.009468068 0.06497436 -0.01716529 0.009468068 0.064732 -0.01626074 0.007766392 0.06406981 -0.01559856 0.009468068 0.06406981 -0.01559856 0.009468064 0.06316526 -0.01535619 0.007766392 0.06316526 -0.01535619 0.009468069 0.06226072 -0.01559856 0.007766388 0.06226071 -0.01559857 0.009468069 0.06159853 -0.01626074 0.007766388 0.06159853 -0.01626074 0.009468067 0.06135616 -0.0171653 0.00776639 0.06135616 -0.0171653 0.007766388 0.06159853 -0.01806984 0.009468069 0.06159853 -0.01806984 0.007766388 0.06226072 -0.01873203 0.009468069 0.06226072 -0.01873203 0.007766392 0.06316526 -0.0189744 0.009468064 0.06316526 -0.0189744 0.007766392 0.06406981 -0.01873202 0.009468068 0.06406981 -0.01873202 0.007766392 0.064732 -0.01806985 0.009468068 0.064732 -0.01806985 0.007766392 0.06497436 -0.01716529 0.009468068 0.06497436 -0.01716529 -0.007971009 -0.06960863 -0.02974827 4.720752E-18 0.0435993 -0.03079769 -1.209504E-17 -0.06960864 -0.03079769 -0.007971009 0.0435993 -0.02974828 -0.01539879 0.04359931 -0.02667159 -0.01539879 -0.06960863 -0.02667159 -0.02177717 0.0435993 -0.02177728 -0.02177717 -0.06960864 -0.02177728 -0.02667147 -0.06960863 -0.0153989 -0.02667147 0.0435993 -0.0153989 -0.02974815 0.0435993 -0.007971119 -0.02974815 -0.06960863 -0.007971117 -0.03079756 0.0435993 5.587935E-09 -0.03079756 -0.06960863 3.72529E-09 -0.02974815 0.0435993 0.007971127 -0.02974815 -0.06960863 0.007971125 -0.02667147 -0.06960864 0.01539891 -0.02667147 0.0435993 0.01539891 -0.02177717 -0.06960863 0.02177729 -0.02177717 0.04359931 0.02177729 -0.01539879 0.0435993 0.0266716 -0.01539879 -0.06960864 0.02667161 -0.007971009 0.0435993 0.02974829 -0.007971009 -0.06960864 0.02974829 -8.584151E-18 -0.06960863 0.0307977 8.231642E-18 0.0435993 0.0307977 0.007971009 0.0435993 0.02974829 0.007971009 -0.06960864 0.02974829 0.01539879 -0.06960864 0.02667161 0.01539879 0.0435993 0.0266716 0.02177717 -0.06960863 0.02177729 0.02177717 0.04359931 0.02177729 0.02667147 0.0435993 0.01539891 0.02667147 -0.06960864 0.01539891 0.02974815 0.0435993 0.007971127 0.02974815 -0.06960863 0.007971125 0.03079756 -0.06960863 3.72529E-09 0.03079756 0.0435993 5.587935E-09 0.02974815 -0.06960863 -0.007971117 0.02974815 0.0435993 -0.007971119 0.02667147 -0.06960863 -0.0153989 0.02667147 0.0435993 -0.0153989 0.02177717 0.0435993 -0.02177728 0.02177717 -0.06960864 -0.02177728 0.01539879 -0.06960863 -0.02667159 0.01539879 0.04359931 -0.02667159 0.007971009 -0.06960863 -0.02974827 0.007971009 0.0435993 -0.02974828 4.720752E-18 0.0435993 -0.03079769 -1.209504E-17 -0.06960864 -0.03079769 -0.006671099 -0.07194655 -0.02489696 -1.244243E-17 -0.07321289 -0.02749959 -1.215604E-17 -0.07194655 -0.02577522 -0.007117398 -0.07321289 -0.02656257 -0.01288756 -0.07194655 -0.02232202 -0.007995475 -0.07321289 -0.02983959 -1.26358E-17 -0.07321289 -0.03089222 -1.256017E-17 -0.07227243 -0.03201608 -0.01374974 -0.07321288 -0.02381536 -0.01944506 -0.07321288 -0.01944518 -0.01822576 -0.07194655 -0.01822587 -0.02232189 -0.07194655 -0.01288767 -0.01544605 -0.07321288 -0.02675345 -0.008286353 -0.07227243 -0.03092515 -0.008286353 -0.07053281 -0.03092516 -1.230177E-17 -0.07053281 -0.03201608 -1.209504E-17 -0.06960864 -0.03079769 -0.007971009 -0.06960863 -0.02974827 -0.01600799 -0.0705328 -0.02772675 -0.01539879 -0.06960863 -0.02667159 -0.02177717 -0.06960864 -0.02177728 -0.01600799 -0.07227243 -0.02772675 -0.0226387 -0.0705328 -0.02263881 -0.02667147 -0.06960863 -0.0153989 -0.02184401 -0.07321289 -0.02184413 -0.0226387 -0.07227243 -0.02263881 -0.02772663 -0.0705328 -0.01600809 -0.02974815 -0.06960863 -0.007971117 -0.02675334 -0.07321288 -0.01544617 -0.02772663 -0.07227243 -0.01600809 -0.03092504 -0.0705328 -0.008286459 -0.03079756 -0.06960863 3.72529E-09 -0.02381524 -0.07321289 -0.01374985 -0.02983947 -0.07321289 -0.007995591 -0.03092504 -0.07227243 -0.008286458 -0.02656244 -0.07321288 -0.00711751 -0.02489683 -0.07194655 -0.006671208 -0.03201596 -0.0705328 7.450581E-09 -0.02974815 -0.06960863 0.007971125 -0.03089209 -0.07321288 3.72529E-09 -0.02749947 -0.07321288 3.72529E-09 -0.0257751 -0.07194655 0 -0.02489683 -0.07194655 0.006671223 -0.03201596 -0.07227243 3.72529E-09 -0.03092504 -0.0705328 0.008286476 -0.02667147 -0.06960864 0.01539891 -0.02656244 -0.07321288 0.007117521 -0.02983947 -0.07321288 0.007995598 -0.03092504 -0.07227243 0.008286476 -0.02381524 -0.07321289 0.01374986 -0.02232189 -0.07194656 0.01288768 -0.02772663 -0.07227243 0.0160081 -0.02772663 -0.0705328 0.01600811 -0.0226387 -0.07227243 0.02263883 -0.02675334 -0.07321288 0.01544618 -0.01944506 -0.07321289 0.01944518 -0.01822576 -0.07194655 0.01822588 -0.01288756 -0.07194655 0.02232202 -0.0226387 -0.0705328 0.02263883 -0.02177717 -0.06960863 0.02177729 -0.01600799 -0.0705328 0.02772676 -0.01539879 -0.06960864 0.02667161 -0.02184401 -0.07321288 0.02184414 -0.01374974 -0.07321288 0.02381537 -0.006671099 -0.07194655 0.02489697 -0.01544605 -0.07321289 0.02675347 -0.01600799 -0.07227243 0.02772676 -0.008286353 -0.0705328 0.03092517 -0.007971009 -0.06960864 0.02974829 -8.584151E-18 -0.06960863 0.0307977 -0.008286353 -0.07227243 0.03092517 -0.007995475 -0.07321289 0.0298396 -0.007117398 -0.07321289 0.02656258 -8.651979E-18 -0.07053281 0.03201609 -9.307512E-18 -0.07321288 0.0274996 -9.2177E-18 -0.07194655 0.02577524 0.006671099 -0.07194655 0.02489697 -9.114136E-18 -0.07321288 0.03089223 -8.910383E-18 -0.07227243 0.03201608 0.008286353 -0.0705328 0.03092517 0.007971009 -0.06960864 0.02974829 0.01539879 -0.06960864 0.02667161 0.007117398 -0.07321289 0.02656258 0.007995475 -0.07321289 0.0298396 0.008286353 -0.07227243 0.03092517 0.01600799 -0.0705328 0.02772676 0.02177717 -0.06960863 0.02177729 0.01374974 -0.07321288 0.02381537 0.01288756 -0.07194655 0.02232202 0.01544605 -0.07321289 0.02675347 0.01944506 -0.07321289 0.01944518 0.01822576 -0.07194655 0.01822588 0.02232189 -0.07194656 0.01288768 0.01600799 -0.07227243 0.02772676 0.0226387 -0.07227243 0.02263883 0.0226387 -0.0705328 0.02263883 0.02667147 -0.06960864 0.01539891 0.02184401 -0.07321288 0.02184414 0.02381524 -0.07321289 0.01374986 0.02489683 -0.07194655 0.006671223 0.02675334 -0.07321288 0.01544618 0.02772663 -0.0705328 0.01600811 0.02772663 -0.07227243 0.0160081 0.03092503 -0.0705328 0.008286476 0.02974815 -0.06960863 0.007971125 0.02983947 -0.07321288 0.007995598 0.02656244 -0.07321288 0.007117521 0.03092503 -0.07227243 0.008286476 0.03201596 -0.0705328 7.450581E-09 0.03079756 -0.06960863 3.72529E-09 0.02749947 -0.07321288 3.72529E-09 0.0257751 -0.07194655 0 0.02489683 -0.07194655 -0.006671208 0.03089209 -0.07321288 3.72529E-09 0.03201596 -0.07227243 3.72529E-09 0.03092503 -0.0705328 -0.008286459 0.02974815 -0.06960863 -0.007971117 0.02656244 -0.07321288 -0.00711751 0.02232189 -0.07194655 -0.01288767 0.03092503 -0.07227243 -0.008286458 0.02772663 -0.0705328 -0.01600809 0.02667147 -0.06960863 -0.0153989 0.02983947 -0.07321289 -0.007995591 0.02772663 -0.07227243 -0.01600809 0.02381524 -0.07321289 -0.01374985 0.01944506 -0.07321288 -0.01944518 0.01822576 -0.07194655 -0.01822587 0.01288756 -0.07194655 -0.02232202 0.02675334 -0.07321288 -0.01544617 0.0226387 -0.0705328 -0.02263881 0.02177717 -0.06960864 -0.02177728 0.0226387 -0.07227243 -0.02263881 0.01600799 -0.0705328 -0.02772675 0.01539879 -0.06960863 -0.02667159 0.007971009 -0.06960863 -0.02974827 0.02184401 -0.07321289 -0.02184413 0.01600799 -0.07227243 -0.02772675 0.008286353 -0.07053281 -0.03092516 -1.209504E-17 -0.06960864 -0.03079769 -1.230177E-17 -0.07053281 -0.03201608 -1.256017E-17 -0.07227243 -0.03201608 0.008286353 -0.07227243 -0.03092515 0.01544605 -0.07321288 -0.02675345 0.007995475 -0.07321289 -0.02983959 -1.26358E-17 -0.07321289 -0.03089222 -1.244243E-17 -0.07321289 -0.02749959 0.01374974 -0.07321288 -0.02381536 0.007117398 -0.07321289 -0.02656257 0.006671099 -0.07194655 -0.02489696 -1.215604E-17 -0.07194655 -0.02577522 0.002450522 0.07226265 0.01623898 -0.002450522 0.07226264 0.01029668 -0.002450522 0.07226265 0.01623898 0.002450522 0.07226264 0.01029668 1.122222E-17 0.07226265 0.00856844 -0.002010096 0.07226265 0.00856844 0.002010096 0.07226265 0.00856844 -0.003883199 0.07226264 0.008157995 0.0038832 0.07226264 0.008157995 -0.004734037 0.07226264 0.009707497 0.004734037 0.07226264 0.009707497 -0.005491671 0.07226265 0.007505077 0.00549167 0.07226265 0.007505077 -0.006694935 0.07226265 0.008770237 0.006694935 0.07226265 0.008770237 -0.006725892 0.07226265 0.006657653 0.006725892 0.07226265 0.006657653 -0.008199585 0.07226265 0.007553789 0.008199585 0.07226265 0.007553789 -0.007501758 0.07226265 0.005663264 0.007501758 0.07226265 0.005663264 -0.009145447 0.07226265 0.006126359 0.009145447 0.07226265 0.006126359 -0.007766392 0.07226264 0.004599851 -0.009468065 0.07226264 0.004599851 -0.009468065 0.07226264 -0.01610627 -0.007766392 0.07226264 -0.01610627 0.007766392 0.07226264 0.004599851 0.009468065 0.07226264 0.004599851 0.009468065 0.07226264 -0.01610627 0.007766392 0.07226264 -0.01610627 0.0038832 0.07226264 0.008157995 0.00549167 0.06696556 0.007505077 0.0038832 0.06696555 0.008157993 0.002010096 0.06696556 0.008568442 0.00549167 0.07226265 0.007505077 0.002010096 0.07226265 0.00856844 0.006725892 0.07226265 0.006657653 0.006725892 0.06696555 0.006657656 0.007501758 0.07226265 0.005663264 0.007501758 0.06696555 0.005663263 1.043539E-17 0.06696556 0.008568442 1.122222E-17 0.07226265 0.00856844 -0.002010096 0.07226265 0.00856844 -0.002010096 0.06696556 0.008568442 0.007766392 0.07226264 0.004599851 0.007766392 0.06696555 0.004599851 0.007766392 0.06696555 -0.007991269 -0.003883199 0.07226264 0.008157995 -0.003883199 0.06696555 0.008157993 -0.005491671 0.06696556 0.007505077 -0.005491671 0.07226265 0.007505077 -0.006725892 0.07226265 0.006657653 -0.006725892 0.06696555 0.006657656 -0.007501758 0.07226265 0.005663264 -0.007501758 0.06696555 0.005663263 -0.007766392 0.07226264 0.004599851 -0.007766392 0.06696555 0.004599851 -0.007766392 0.06696555 -0.007991269 0.007766392 0.07226264 -0.01610627 -0.007766392 0.07226264 -0.01610627 0.007766392 0.064732 -0.01626074 0.007766392 0.06497436 -0.01716529 0.007766392 0.064732 -0.01806985 0.007766392 0.06406981 -0.01559856 0.007766392 0.06387517 -0.01996874 0.007766392 0.06316526 -0.01535619 0.007766388 0.06226071 -0.01559857 0.007766388 0.06159853 -0.01626074 0.007766392 0.06406981 -0.01873202 0.007766392 0.06316526 -0.0189744 0.007766388 0.06226072 -0.01873203 0.007766392 0.05352682 -0.02473417 0.00776639 0.06135616 -0.0171653 0.007766388 0.06159853 -0.01806984 0.008063945 0.05085561 -0.00806406 0.0056506 0.051564 -0.009787234 0.007991152 0.051564 -0.007991266 0.009468065 0.051564 -0.006066508 0.005702073 0.05085562 -0.009876391 0.002924971 0.051564 -0.01091623 0.002951615 0.05085561 -0.01101567 7.015099E-18 0.051564 -0.01130131 6.904008E-18 0.05085561 -0.01140426 0.003157191 0.05030705 -0.01178289 6.777251E-18 0.05030705 -0.01219854 5.888922E-18 0.04443981 -0.01249356 0.003233548 0.04443981 -0.01206785 0.006099212 0.05030705 -0.01056426 0.006246723 0.04443981 -0.01081976 0.008834197 0.04443981 -0.008834319 0.008625587 0.05030705 -0.008625707 0.01056414 0.05030705 -0.006099332 0.01081963 0.04443981 -0.006246842 0.009876272 0.05085561 -0.005702188 0.01178276 0.05030705 -0.00315731 0.01206773 0.04443981 -0.003233667 0.01249344 0.04443981 3.72529E-09 0.01091611 0.051564 -0.002925081 0.009468065 0.0528185 -0.004065353 0.01101555 0.05085561 -0.00295173 0.01219842 0.05030705 7.450581E-09 0.01039196 0.05281851 3.72529E-09 0.009468065 0.0535269 7.450581E-09 0.009145447 0.05352689 0.002450624 0.01140414 0.05085561 0 0.01178276 0.05030705 0.003157323 0.01206773 0.04443981 0.003233677 0.01081963 0.04443981 0.006246852 0.01003786 0.05281851 0.002689755 0.008199585 0.05352689 0.004734138 0.01130119 0.051564 7.450581E-09 0.01101555 0.05085561 0.002951734 0.01056414 0.05030705 0.006099347 0.008834197 0.04443981 0.008834327 0.008999699 0.05281851 0.005196093 0.006694935 0.05352689 0.006695034 0.01091611 0.05156399 0.002925087 0.009876272 0.05085562 0.005702194 0.009787118 0.051564 0.005650719 0.007348226 0.05281851 0.007348332 0.004734036 0.0535269 0.00819969 0.008625587 0.05030705 0.00862572 0.006246723 0.04443981 0.01081977 0.008063945 0.05085561 0.008064067 0.007991152 0.05156399 0.007991269 0.005195982 0.05281851 0.008999808 0.002450522 0.0535269 0.009145554 0.006099212 0.05030705 0.01056427 0.003233548 0.04443981 0.01206786 0.005702073 0.05085561 0.009876395 0.002689644 0.05281851 0.01003797 8.490509E-18 0.05352689 0.00946817 0.0056506 0.051564 0.009787245 0.002951615 0.05085561 0.01101567 0.003157191 0.05030705 0.0117829 8.204076E-18 0.05085561 0.01140426 0.002924971 0.051564 0.01091624 8.167868E-18 0.05030705 0.01219855 7.31317E-18 0.04443981 0.01249357 -0.003233548 0.04443981 0.01206786 8.437948E-18 0.0528185 0.01039207 -0.003157191 0.05030705 0.0117829 -0.006099213 0.05030705 0.01056427 -0.006246723 0.04443981 0.01081977 -0.002689644 0.05281851 0.01003797 -0.002450522 0.0535269 0.009145554 8.303432E-18 0.051564 0.01130132 -0.002924971 0.051564 0.01091624 -0.002951615 0.05085561 0.01101567 -0.008625587 0.05030705 0.00862572 -0.008834197 0.04443981 0.008834327 -0.005195982 0.05281851 0.008999808 -0.004734036 0.0535269 0.00819969 -0.0056506 0.051564 0.009787245 -0.005702073 0.05085561 0.009876395 -0.01056414 0.05030705 0.006099347 -0.01081963 0.04443981 0.006246852 -0.007348225 0.05281851 0.007348332 -0.006694935 0.05352689 0.006695034 -0.007991152 0.05156399 0.007991269 -0.008063945 0.05085561 0.008064067 -0.01178276 0.05030705 0.003157323 -0.01206773 0.04443981 0.003233677 -0.01249344 0.04443981 3.72529E-09 -0.009876272 0.05085562 0.005702194 -0.008999699 0.05281851 0.005196093 -0.008199585 0.05352689 0.004734138 -0.009787118 0.051564 0.005650719 -0.01101555 0.05085561 0.002951734 -0.01219842 0.05030705 7.450581E-09 -0.01003786 0.05281851 0.002689755 -0.009145447 0.05352689 0.002450624 -0.01091611 0.05156399 0.002925087 -0.01039196 0.05281851 3.72529E-09 -0.009468065 0.0535269 7.450581E-09 -0.009468065 0.0528185 -0.004065353 -0.01130119 0.051564 7.450581E-09 -0.01091611 0.051564 -0.002925081 -0.009468065 0.051564 -0.006066508 -0.01140414 0.05085561 0 -0.01101555 0.05085561 -0.00295173 -0.009876272 0.05085561 -0.005702188 -0.01178276 0.05030705 -0.00315731 -0.01206773 0.04443981 -0.003233667 -0.01056414 0.05030705 -0.006099332 -0.01081963 0.04443981 -0.006246842 -0.008834197 0.04443981 -0.008834319 -0.008063945 0.05085561 -0.00806406 -0.007991152 0.051564 -0.007991266 -0.0056506 0.051564 -0.009787234 -0.008625587 0.05030705 -0.008625707 -0.005702073 0.05085562 -0.009876391 -0.002924971 0.051564 -0.01091623 -0.006099213 0.05030705 -0.01056426 -0.006246723 0.04443981 -0.01081976 -0.003233548 0.04443981 -0.01206785 -0.002951615 0.05085561 -0.01101567 7.015099E-18 0.051564 -0.01130131 6.904008E-18 0.05085561 -0.01140426 -0.003157191 0.05030705 -0.01178289 5.888922E-18 0.04443981 -0.01249356 6.777251E-18 0.05030705 -0.01219854 7.31317E-18 0.04443981 0.01249357 0.006934363 0.04443982 0.02587948 0.003233548 0.04443981 0.01206786 0.006246723 0.04443981 0.01081977 8.128193E-18 0.04443981 0.02679241 0.01339614 0.04443981 0.02320292 0.018945 0.04443982 0.01894513 0.008834197 0.04443981 0.008834327 0.02320279 0.04443981 0.01339626 0.01081963 0.04443981 0.006246852 0.02587934 0.04443982 0.006934484 0.01206773 0.04443981 0.003233677 -0.006934362 0.04443982 0.02587948 -0.003233548 0.04443981 0.01206786 0.02679227 0.04443982 3.72529E-09 0.01249344 0.04443981 3.72529E-09 0.01206773 0.04443981 -0.003233667 0.02587934 0.04443981 -0.006934475 0.01081963 0.04443981 -0.006246842 0.02320279 0.04443981 -0.01339626 0.008834197 0.04443981 -0.008834319 0.018945 0.04443981 -0.01894512 -0.006246723 0.04443981 0.01081977 -0.01339614 0.04443981 0.02320292 -0.018945 0.04443982 0.01894513 -0.008834197 0.04443981 0.008834327 -0.02320279 0.04443981 0.01339626 -0.01081963 0.04443981 0.006246852 -0.02587934 0.04443982 0.006934484 -0.01206773 0.04443981 0.003233677 0.006246723 0.04443981 -0.01081976 0.01339614 0.04443982 -0.02320291 -0.02679227 0.04443982 3.72529E-09 -0.01249344 0.04443981 3.72529E-09 0.006934363 0.04443981 -0.02587946 0.003233548 0.04443981 -0.01206785 -0.01206773 0.04443981 -0.003233667 -0.02587934 0.04443981 -0.006934475 5.888922E-18 0.04443981 -0.01249356 5.073899E-18 0.04443981 -0.0267924 -0.02320279 0.04443981 -0.01339626 -0.01081963 0.04443981 -0.006246842 -0.008834197 0.04443981 -0.008834319 -0.018945 0.04443981 -0.01894512 -0.006934362 0.04443981 -0.02587946 -0.003233548 0.04443981 -0.01206785 -0.006246723 0.04443981 -0.01081976 -0.01339614 0.04443982 -0.02320291 0.02587934 0.04443982 0.006934484 0.0284963 0.04718727 1.862645E-09 0.02679227 0.04443982 3.72529E-09 0.02587934 0.04443981 -0.006934475 0.0275253 0.04718727 0.007375522 0.02320279 0.04443981 0.01339626 0.0275253 0.04718727 -0.00737551 0.02320279 0.04443981 -0.01339626 0.03087706 0.04718727 1.862645E-09 0.02467852 0.04718727 -0.01424827 0.02982494 0.04718727 -0.007991696 0.02014993 0.04718727 -0.02015004 0.018945 0.04443981 -0.01894512 0.01339614 0.04443982 -0.02320291 0.02183338 0.04718727 -0.02183349 0.01424816 0.04718727 -0.02467864 0.02674032 0.04718727 -0.01543865 0.007375396 0.04718727 -0.02752543 0.006934363 0.04443981 -0.02587946 5.073899E-18 0.04443981 -0.0267924 5.384875E-18 0.04718727 -0.02849642 0.007991584 0.04718726 -0.02982507 5.249173E-18 0.04718727 -0.03087719 0.01543854 0.04718726 -0.02674044 0.008286353 0.04634674 -0.03092516 5.059406E-18 0.04634674 -0.03201608 0.01600799 0.04634674 -0.02772675 0.0226387 0.04634674 -0.02263882 0.008286353 0.04443981 -0.03092516 4.776154E-18 0.04443981 -0.03201608 4.720752E-18 0.0435993 -0.03079769 0.007971009 0.0435993 -0.02974828 0.01539879 0.04359931 -0.02667159 0.01600799 0.04443982 -0.02772675 0.02177717 0.0435993 -0.02177728 0.0226387 0.04443981 -0.02263882 0.02667147 0.0435993 -0.0153989 0.02772663 0.04634674 -0.0160081 0.02772663 0.04443982 -0.0160081 0.03092503 0.04634674 -0.008286463 0.03092503 0.04443982 -0.008286465 0.02974815 0.0435993 -0.007971119 0.03201596 0.04634674 3.72529E-09 0.03201596 0.04443982 3.72529E-09 0.03079756 0.0435993 5.587935E-09 0.02974815 0.0435993 0.007971127 0.02982494 0.04718726 0.007991703 0.03092503 0.04634674 0.008286471 0.03092503 0.04443982 0.008286472 0.02772663 0.04634674 0.0160081 0.02772663 0.04443981 0.0160081 0.02667147 0.0435993 0.01539891 0.0226387 0.04443982 0.02263882 0.02177717 0.04359931 0.02177729 0.02674032 0.04718727 0.01543866 0.01600799 0.04443981 0.02772676 0.01539879 0.0435993 0.0266716 0.008286353 0.04443982 0.03092517 0.007971009 0.0435993 0.02974829 8.231642E-18 0.0435993 0.0307977 0.0226387 0.04634674 0.02263882 0.01600799 0.04634674 0.02772676 0.02467852 0.04718727 0.01424828 0.02014993 0.04718727 0.02015005 0.018945 0.04443982 0.01894513 0.01424816 0.04718727 0.02467865 0.01339614 0.04443981 0.02320292 0.006934363 0.04443982 0.02587948 0.02183338 0.04718727 0.02183351 0.01543854 0.04718727 0.02674044 0.008286353 0.04634675 0.03092517 0.007991584 0.04718727 0.02982507 0.007375396 0.04718727 0.02752544 8.633425E-18 0.04718727 0.02849643 8.128193E-18 0.04443981 0.02679241 -0.006934362 0.04443982 0.02587948 8.769126E-18 0.04718727 0.03087719 8.709193E-18 0.04634675 0.03201609 8.42594E-18 0.04443982 0.03201609 -0.008286353 0.04443982 0.03092517 -0.007971009 0.0435993 0.02974829 -0.01539879 0.0435993 0.0266716 -0.008286353 0.04634675 0.03092517 -0.007991584 0.04718727 0.02982507 -0.007375396 0.04718727 0.02752544 -0.01424816 0.04718727 0.02467865 -0.01339614 0.04443981 0.02320292 -0.018945 0.04443982 0.01894513 -0.01600799 0.04443981 0.02772676 -0.02177717 0.04359931 0.02177729 -0.01600799 0.04634674 0.02772676 -0.01543854 0.04718727 0.02674044 -0.0226387 0.04443982 0.02263882 -0.02667147 0.0435993 0.01539891 -0.02014993 0.04718727 0.02015005 -0.02320279 0.04443981 0.01339626 -0.02183338 0.04718727 0.02183351 -0.0226387 0.04634674 0.02263882 -0.02772663 0.04443981 0.0160081 -0.02974815 0.0435993 0.007971127 -0.02674032 0.04718727 0.01543866 -0.02772663 0.04634674 0.0160081 -0.02467852 0.04718727 0.01424828 -0.02752531 0.04718727 0.007375522 -0.02587934 0.04443982 0.006934484 -0.03092504 0.04443982 0.008286472 -0.02982494 0.04718726 0.007991703 -0.0284963 0.04718727 1.862645E-09 -0.02679227 0.04443982 3.72529E-09 -0.02587934 0.04443981 -0.006934475 -0.03201596 0.04443982 3.72529E-09 -0.03079756 0.0435993 5.587935E-09 -0.02974815 0.0435993 -0.007971119 -0.03092504 0.04634674 0.008286471 -0.03087706 0.04718727 1.862645E-09 -0.02752531 0.04718727 -0.00737551 -0.02320279 0.04443981 -0.01339626 -0.03201596 0.04634674 3.72529E-09 -0.03092504 0.04443982 -0.008286465 -0.02667147 0.0435993 -0.0153989 -0.02982494 0.04718727 -0.007991696 -0.02467852 0.04718727 -0.01424827 -0.03092504 0.04634674 -0.008286463 -0.02772663 0.04443982 -0.0160081 -0.02772663 0.04634674 -0.0160081 -0.0226387 0.04443981 -0.02263882 -0.02177717 0.0435993 -0.02177728 -0.02674032 0.04718727 -0.01543865 -0.0226387 0.04634674 -0.02263882 -0.02014993 0.04718727 -0.02015004 -0.018945 0.04443981 -0.01894512 -0.01339614 0.04443982 -0.02320291 -0.02183338 0.04718727 -0.02183349 -0.01600799 0.04443982 -0.02772675 -0.01539879 0.04359931 -0.02667159 -0.01600799 0.04634674 -0.02772675 -0.01424816 0.04718727 -0.02467864 -0.008286353 0.04443981 -0.03092516 -0.007971009 0.0435993 -0.02974828 4.720752E-18 0.0435993 -0.03079769 4.776154E-18 0.04443981 -0.03201608 5.059406E-18 0.04634674 -0.03201608 -0.008286353 0.04634674 -0.03092516 5.249173E-18 0.04718727 -0.03087719 -0.01543854 0.04718726 -0.02674044 -0.007991584 0.04718726 -0.02982507 5.384875E-18 0.04718727 -0.02849642 -0.007375396 0.04718727 -0.02752543 5.073899E-18 0.04443981 -0.0267924 -0.006934362 0.04443981 -0.02587946 0.009468064 0.06316526 -0.01535619 0.009468068 0.06406981 -0.01559856 0.009468065 0.06251384 7.450581E-09 0.009468069 0.06226072 -0.01559856 0.009468068 0.064732 -0.01626074 0.009468065 0.0535269 7.450581E-09 0.009468069 0.06159853 -0.01626074 0.009468065 0.0528185 -0.004065353 0.009468067 0.06135616 -0.0171653 0.009468065 0.051564 -0.006066508 0.009468069 0.06159853 -0.01806984 0.009468065 0.051564 -0.02348622 0.009468065 0.05171278 -0.02424119 0.009468069 0.06226072 -0.01873203 0.009468065 0.05213646 -0.02474418 0.009468065 0.05277056 -0.02491863 0.009468065 0.05352682 -0.02473417 0.009468065 0.06387517 -0.01996874 0.009468064 0.06316526 -0.0189744 0.009468068 0.06406981 -0.01873202 0.009468068 0.064732 -0.01806985 0.009468065 0.07226264 -0.01610627 0.009468068 0.06497436 -0.01716529 0.009468065 0.07226264 0.004599851 0.009468065 0.06392947 0.004606562 0.009145447 0.07226265 0.006126359 0.009145447 0.06392947 0.006132187 0.008199585 0.07226265 0.007553789 0.009145447 0.06251384 0.002450624 0.009145447 0.05352689 0.002450624 0.008199585 0.06251384 0.004734138 0.008199585 0.05352689 0.004734138 0.006694935 0.05352689 0.006695034 0.008199585 0.06392947 0.007553784 0.006694935 0.07226265 0.008770237 0.006694935 0.06251384 0.006695035 0.004734036 0.0535269 0.00819969 0.006694935 0.06392948 0.008774543 0.004734037 0.07226264 0.009707497 0.004734036 0.06251385 0.008199692 0.002450522 0.0535269 0.009145554 0.004734036 0.06392947 0.009711256 0.002450522 0.07226264 0.01029668 0.002450522 0.06392947 0.0103001 0.002450522 0.06251385 0.009145558 9.825422E-18 0.06251384 0.009468174 8.490509E-18 0.05352689 0.00946817 1.008312E-17 0.06392947 0.0103001 -0.002450522 0.0535269 0.009145554 -0.002450522 0.06392947 0.0103001 -0.002450522 0.06251385 0.009145558 -0.004734036 0.06251385 0.008199692 -0.004734036 0.0535269 0.00819969 -0.004734036 0.06392947 0.009711256 -0.002450522 0.07226264 0.01029668 -0.004734037 0.07226264 0.009707497 -0.006694935 0.06392948 0.008774543 -0.006694935 0.07226265 0.008770237 -0.006694935 0.06251384 0.006695035 -0.006694935 0.05352689 0.006695034 -0.008199585 0.06392947 0.007553784 -0.008199585 0.07226265 0.007553789 -0.008199585 0.06251384 0.004734138 -0.008199585 0.05352689 0.004734138 -0.009145447 0.05352689 0.002450624 -0.009145447 0.06392947 0.006132187 -0.009145447 0.07226265 0.006126359 -0.009145447 0.06251384 0.002450624 -0.009468065 0.0535269 7.450581E-09 -0.009468065 0.06392947 0.004606562 -0.009468065 0.07226264 0.004599851 -0.009468065 0.06251384 7.450581E-09 -0.009468068 0.064732 -0.01626074 -0.009468065 0.07226264 -0.01610627 -0.009468068 0.06497436 -0.01716529 -0.009468068 0.064732 -0.01806985 -0.009468068 0.06406981 -0.01559856 -0.009468064 0.06316526 -0.01535619 -0.009468069 0.06226072 -0.01559856 -0.009468069 0.06159853 -0.01626074 -0.009468065 0.0528185 -0.004065353 -0.009468067 0.06135616 -0.0171653 -0.009468065 0.051564 -0.006066508 -0.009468065 0.06387517 -0.01996874 -0.009468069 0.06159853 -0.01806984 -0.009468065 0.051564 -0.02348622 -0.009468065 0.05171278 -0.02424119 -0.009468068 0.06406981 -0.01873202 -0.009468064 0.06316526 -0.0189744 -0.009468069 0.06226072 -0.01873203 -0.009468065 0.05213646 -0.02474418 -0.009468065 0.05352682 -0.02473417 -0.009468065 0.05277056 -0.02491863 0.02489683 -0.07194655 0.006671223 0.02232189 -0.07194656 0.01288768 -1.068687E-17 -0.07194655 0 0.0257751 -0.07194655 0 0.01822576 -0.07194655 0.01822588 0.02489683 -0.07194655 -0.006671208 0.01288756 -0.07194655 0.02232202 0.02232189 -0.07194655 -0.01288767 0.006671099 -0.07194655 0.02489697 0.01822576 -0.07194655 -0.01822587 -9.2177E-18 -0.07194655 0.02577524 0.01288756 -0.07194655 -0.02232202 -0.006671099 -0.07194655 0.02489697 0.006671099 -0.07194655 -0.02489696 -0.01288756 -0.07194655 0.02232202 -1.215604E-17 -0.07194655 -0.02577522 -0.01822576 -0.07194655 0.01822588 -0.006671099 -0.07194655 -0.02489696 -0.02232189 -0.07194656 0.01288768 -0.01288756 -0.07194655 -0.02232202 -0.02489683 -0.07194655 0.006671223 -0.01822576 -0.07194655 -0.01822587 -0.0257751 -0.07194655 0 -0.02232189 -0.07194655 -0.01288767 -0.02489683 -0.07194655 -0.006671208 0.009468065 0.06696556 0.01623898 0.009468065 0.06732039 0.01491471 0.009468065 0.06961408 0.01623897 0.009468065 0.0673204 0.01756325 0.009468065 0.06828983 0.01394527 0.009468065 0.06828983 0.01853269 0.009468065 0.0696141 0.01359044 0.009468065 0.0696141 0.01888752 0.009468065 0.07093838 0.01394528 0.009468065 0.07093838 0.01853268 0.009468065 0.0719078 0.01491471 0.009468065 0.0719078 0.01756325 0.009468065 0.07226265 0.01623898 -0.007766392 0.06406981 -0.01559856 -0.007766392 0.064732 -0.01626074 -0.007766392 0.06316526 -0.01535619 -0.007766388 0.06226071 -0.01559857 -0.007766388 0.06159853 -0.01626074 -0.007766392 0.06497436 -0.01716529 -0.007766392 0.064732 -0.01806985 -0.007766392 0.05352682 -0.02473417 -0.007766392 0.06387517 -0.01996874 -0.00776639 0.06135616 -0.0171653 -0.007766388 0.06159853 -0.01806984 -0.007766388 0.06226072 -0.01873203 -0.007766392 0.06406981 -0.01873202 -0.007766392 0.06316526 -0.0189744 -0.009468065 0.06696556 0.01623898 -0.009468065 0.06961408 0.01623897 -0.009468065 0.06732039 0.01491471 -0.009468065 0.0673204 0.01756325 -0.009468065 0.06828983 0.01394527 -0.009468065 0.06828983 0.01853269 -0.009468065 0.0696141 0.01359044 -0.009468065 0.0696141 0.01888752 -0.009468065 0.07093838 0.01394528 -0.009468065 0.07093838 0.01853268 -0.009468065 0.0719078 0.01491471 -0.009468065 0.0719078 0.01756325 -0.009468065 0.07226265 0.01623898  
					<Colors>: 0  
					<TextureCoords0>: 924 0.2665513 0.1980106 0.2773203 0.1686993 0.2773203 0.1980106 0.2557825 0.1686993 0.2557825 0.1980106 0.2414449 0.165144 0.2211515 0.1667116 0.2153313 0.1651546 0.2254134 0.1709701 0.2269752 0.1767892 0.2414449 0.2017643 0.2254182 0.1826092 0.2211598 0.1868714 0.2153406 0.1884328 0.6800111 0.2143632 0.6800111 0.183524 0.686036 0.183524 0.686036 0.2143632 0.6920609 0.2143632 0.6920609 0.183524 0.6980855 0.2143632 0.6980855 0.183524 0.7041106 0.2143632 0.7041106 0.1311474 0.698086 0.1619859 0.7101354 0.1311474 0.698086 0.1311474 0.7101354 0.2143632 0.6920612 0.1619859 0.7161602 0.1311474 0.6920612 0.1311474 0.7161602 0.2143632 0.7221853 0.1311474 0.7221853 0.2143632 0.6860365 0.1619859 0.6860365 0.1311474 0.6800116 0.1311474 0.6800116 0.1619859 0.72821 0.1311474 0.72821 0.2143632 0.7342348 0.1835242 0.7342348 0.2143632 0.7402599 0.2143632 0.7402599 0.1835242 0.7342348 0.1619864 0.7342348 0.1311474 0.7402599 0.1311474 0.7402599 0.1619864 0.7462847 0.1311474 0.7462847 0.1619864 0.7523093 0.1311474 0.7523093 0.1619864 0.7462847 0.1835242 0.7462847 0.2143632 0.7523098 0.2143632 0.7523098 0.1835242 0.3015706 0.1552801 0.301571 0.1478021 0.3421502 0.1478022 0.3421502 0.1552801 0.392217 0.1478021 0.3922169 0.1552801 0.3191038 0.1969262 0.3191037 0.1894484 0.3232195 0.1894482 0.3232194 0.1969265 0.3273344 0.1894482 0.3273343 0.1969265 0.3314493 0.1969263 0.3314494 0.1894482 0.335565 0.1969265 0.335565 0.1894482 0.3396803 0.1969264 0.3396803 0.1894484 0.3437954 0.1969264 0.3437954 0.1894482 0.3479107 0.1894483 0.3479106 0.1969262 0.352026 0.1894482 0.352026 0.1969265 0.3561413 0.1894482 0.3561412 0.1969265 0.3602567 0.1894482 0.3602566 0.1969262 0.364372 0.1894482 0.364372 0.1969262 0.3684871 0.1894483 0.3684871 0.1969261 0.4965243 0.1305831 0.4999449 0.1305831 0.4999449 0.1380615 0.4999444 0.2063206 0.4965235 0.2137985 0.4999444 0.2137987 0.493634 0.1305831 0.4936335 0.2137985 0.4907436 0.1305831 0.4907433 0.2137985 0.5942916 0.2063214 0.5942917 0.1380621 0.4873619 0.1305831 0.6496239 0.1380625 0.6496236 0.2063218 0.6542968 0.205159 0.6542973 0.1392253 0.6586666 0.2017494 0.6586668 0.1426352 0.6623908 0.1963256 0.6623911 0.148059 0.6652598 0.1892568 0.6652604 0.1551276 0.4873619 0.2137985 0.6670638 0.1721926 0.6670641 0.1633591 0.6670638 0.1810258 0.4338148 0.1721907 0.4321226 0.1593369 0.4271613 0.147359 0.4192689 0.1370735 0.4108103 0.1305831 0.4321226 0.1850446 0.4271613 0.1970225 0.4192689 0.2073082 0.4108103 0.2137987 0.1754644 0.2017621 0.1957435 0.1868607 0.201563 0.1884199 0.1914835 0.1826001 0.189924 0.1767808 0.1754495 0.1651417 0.1914835 0.1709615 0.1957437 0.1667014 0.201563 0.1651422 0.3421491 0.1399896 0.3015706 0.1399896 0.3015706 0.1325116 0.3421492 0.1325116 0.3922152 0.1399896 0.3922152 0.1325113 0.3232191 0.1816352 0.3191038 0.1816353 0.3191037 0.174157 0.3232192 0.1741573 0.3273342 0.1816353 0.3273343 0.1741571 0.3314499 0.1741574 0.3314499 0.1816352 0.335565 0.1741574 0.3355652 0.1816353 0.3396808 0.1741576 0.3396806 0.1816357 0.3437957 0.1741576 0.3437959 0.1816351 0.3479115 0.1816351 0.3479113 0.1741576 0.3520266 0.1816354 0.3520263 0.1741572 0.3561414 0.1816351 0.3561415 0.1741574 0.3602569 0.1816354 0.3602569 0.1741573 0.3643722 0.1816353 0.3643722 0.1741572 0.3684879 0.1816352 0.368488 0.174157 0.9608946 0.9959675 0.9962261 0.4984717 0.996226 0.9959675 0.9608945 0.4984717 0.9255639 0.4984717 0.9255637 0.9959675 0.8902329 0.4984717 0.8902326 0.9959675 0.8549014 0.9959674 0.8549017 0.4984717 0.8195705 0.4984717 0.8195705 0.9959674 0.7842382 0.4984717 0.7842389 0.9959674 0.7489066 0.4984717 0.7489063 0.9959674 0.713575 0.9959674 0.7135755 0.4984717 0.6782444 0.9959674 0.6782444 0.4984717 0.6429135 0.4984717 0.6429123 0.9959673 0.6075823 0.4984717 0.6075815 0.9959673 0.5722497 0.9959671 0.5722511 0.4984716 0.5369197 0.4984716 0.5369185 0.9959671 0.5015875 0.995967 0.5015889 0.4984715 0.4662565 0.9959668 0.4662571 0.4984715 0.4309263 0.4984714 0.4309254 0.9959668 0.3955948 0.4984714 0.3955945 0.9959668 0.3602627 0.9959667 0.3602624 0.4984714 0.3249314 0.9959667 0.324931 0.4984714 0.2896007 0.9959667 0.2895998 0.4984714 0.2542687 0.4984716 0.25427 0.9959669 0.2189388 0.995967 0.2189378 0.4984716 0.1836074 0.995967 0.1836066 0.4984716 0.1482756 0.4984716 0.1482758 0.9959671 0.05559231 0.9566319 0.06468262 0.9959675 0.05559255 0.9959675 0.06468262 0.9566319 0.05559219 0.9172968 0.07909764 0.9566319 0.07909764 0.9959674 0.08532412 0.9959675 0.0646828 0.9172969 0.0646825 0.8779616 0.05559219 0.8779616 0.05559206 0.8388199 0.0790977 0.9172966 0.0853243 0.956632 0.09271564 0.9566318 0.09271564 0.9959672 0.0992135 0.9959674 0.09921338 0.956632 0.09271593 0.9172968 0.09921356 0.9172966 0.09921338 0.8779616 0.0853243 0.9172966 0.09271576 0.8779616 0.0992135 0.8388199 0.07909758 0.8779615 0.08532418 0.8779615 0.09271574 0.8388199 0.09921336 0.7992966 0.07909745 0.83882 0.08532405 0.83882 0.09271556 0.7992966 0.09921348 0.7608234 0.0646826 0.83882 0.07909739 0.7992966 0.08532405 0.7992967 0.06468248 0.7992966 0.05559229 0.7992967 0.09271574 0.760823 0.0992133 0.7301224 0.07909757 0.760823 0.06468248 0.7608234 0.05559212 0.760823 0.05559229 0.7301224 0.08532417 0.7608231 0.09271562 0.7301224 0.09921336 0.69926 0.0646826 0.7301224 0.07909739 0.7301224 0.08532405 0.7301224 0.06468248 0.69926 0.05559224 0.6992601 0.08532393 0.69926 0.0927155 0.69926 0.0853238 0.6681595 0.07909763 0.69926 0.0646826 0.6681595 0.05559235 0.6681595 0.05559229 0.6368145 0.09271561 0.6681595 0.09921324 0.6681595 0.09271585 0.6368145 0.09921329 0.6368145 0.07909738 0.6681595 0.06468236 0.6368145 0.05559229 0.6052806 0.0790975 0.6368145 0.08532392 0.6368145 0.09271573 0.6052806 0.09921329 0.6052805 0.09921323 0.5708218 0.08532368 0.6052804 0.07909738 0.6052806 0.06468235 0.6052804 0.09271549 0.5708219 0.06468235 0.5708218 0.05559217 0.5708218 0.05559229 0.5363631 0.07909732 0.5708218 0.08532386 0.5708216 0.09271561 0.5363631 0.09921317 0.5363629 0.0992133 0.5048289 0.06468213 0.536363 0.07909739 0.5363631 0.08532417 0.5363628 0.09271555 0.5048293 0.09921323 0.4734837 0.06468253 0.5048293 0.05559228 0.5048293 0.07909761 0.5048292 0.06468229 0.4734841 0.05559216 0.473484 0.05559222 0.4423836 0.08532397 0.5048293 0.08532403 0.4734837 0.09271549 0.4734841 0.09921317 0.4423836 0.07909738 0.473484 0.06468229 0.4423835 0.05559204 0.4115211 0.07909749 0.4423835 0.09271561 0.4423838 0.08532391 0.4423836 0.09271561 0.411521 0.09921311 0.411521 0.07909738 0.411521 0.06468247 0.411521 0.08532409 0.4115208 0.09271549 0.3808203 0.09921317 0.3808203 0.06468235 0.3808202 0.05559204 0.3808203 0.05559222 0.3423469 0.07909738 0.3808202 0.08532391 0.3808202 0.09271549 0.342347 0.09921311 0.3423468 0.06468229 0.3423469 0.05559204 0.3028234 0.08532403 0.3423468 0.09271567 0.3028234 0.09921305 0.3028237 0.07909749 0.342347 0.08532391 0.3028234 0.06468229 0.3028234 0.06468241 0.2636819 0.05559222 0.2636819 0.05559204 0.2243469 0.07909761 0.3028234 0.09271555 0.263682 0.09921323 0.2636819 0.0853238 0.2636819 0.09271549 0.2243464 0.09921305 0.224347 0.09921323 0.1850115 0.07909726 0.2636819 0.0853238 0.224347 0.09271537 0.1850115 0.09921299 0.1456759 0.09271537 0.1456763 0.08532374 0.1456761 0.08532368 0.1850117 0.07909738 0.2243468 0.07909749 0.1850117 0.07909726 0.1456759 0.06468211 0.1456761 0.06468223 0.2243468 0.06468211 0.1850117 0.05559216 0.1850115 0.05559216 0.1456763 0.1170428 0.1718304 0.1431566 0.193368 0.1170428 0.193368 0.1431566 0.1718304 0.1507515 0.1825993 0.1507515 0.1914322 0.1507515 0.1737659 0.1525551 0.1996639 0.1525551 0.1655345 0.1457458 0.2034035 0.1457459 0.1617954 0.1554244 0.2067325 0.1554245 0.1584659 0.1498646 0.2120206 0.1498646 0.1531782 0.1591484 0.2121563 0.1591485 0.1530421 0.1552104 0.2186322 0.1552106 0.1465659 0.1635184 0.2155659 0.1635185 0.1496325 0.1614833 0.222789 0.1614833 0.1424088 0.1681915 0.2167292 0.1681916 0.2242072 0.2591861 0.2242069 0.2591861 0.2167292 0.1681917 0.1484694 0.1681917 0.1409912 0.2591859 0.1409917 0.2591859 0.1484699 0.6082343 0.1020867 0.6006055 0.07880837 0.6082339 0.07880825 0.6166609 0.07880837 0.6006055 0.1020867 0.6166609 0.1020867 0.5940263 0.1020867 0.5940263 0.07880825 0.5884837 0.1020867 0.5884837 0.07880825 0.6254945 0.07880837 0.6254945 0.1020867 0.6343278 0.1020867 0.6343278 0.07880837 0.5836678 0.1020867 0.5836678 0.07880825 0.5283355 0.07880825 0.6427549 0.1020866 0.6427549 0.07880825 0.6503833 0.07880837 0.6503833 0.1020867 0.6569625 0.1020867 0.6569628 0.07880837 0.6625053 0.1020867 0.6625053 0.07880837 0.6673209 0.1020867 0.6673209 0.07880837 0.7226533 0.07880861 0.4926739 0.1020865 0.7583151 0.1020871 0.4919941 0.06899303 0.4880197 0.07005817 0.484044 0.06899303 0.4949044 0.06608313 0.4756995 0.06522828 0.4959695 0.06210822 0.494904 0.05813307 0.4919941 0.05522341 0.4811341 0.06608337 0.4800693 0.06210846 0.4811338 0.0581333 0.454757 0.01975292 0.4880195 0.05415827 0.484044 0.05522341 0.5135664 0.4582858 0.499321 0.4548767 0.5135664 0.4548767 0.5277414 0.4548767 0.499321 0.4582858 0.4850754 0.4548767 0.4850754 0.4582858 0.4708297 0.4548767 0.4708297 0.4582858 0.4850754 0.4627889 0.4708297 0.4627889 0.4708297 0.4901941 0.4850754 0.4901941 0.499321 0.4627889 0.499321 0.4901941 0.5135664 0.4901941 0.5135664 0.4627889 0.5277414 0.4627889 0.5277414 0.4901941 0.5277414 0.4582858 0.5420555 0.4627889 0.5420555 0.4901941 0.5559886 0.4901941 0.5420555 0.4548767 0.5420555 0.4472258 0.5420555 0.4582858 0.5559886 0.4627889 0.5559886 0.4472258 0.5559886 0.4417948 0.5671073 0.4417948 0.5559886 0.4582858 0.5671073 0.4627889 0.5671073 0.4901941 0.5782844 0.4901941 0.5671073 0.4472258 0.5782844 0.4417948 0.5559886 0.4548767 0.5671073 0.4582858 0.5782844 0.4627889 0.5895476 0.4901941 0.5782844 0.4472258 0.5895476 0.4417948 0.5671073 0.4548767 0.5782844 0.4582858 0.5782844 0.4548767 0.5895476 0.4472258 0.6008991 0.4417948 0.5895476 0.4627889 0.6008991 0.4901941 0.5895476 0.4582858 0.5895476 0.4548767 0.6008991 0.4472258 0.6123195 0.4417948 0.6008991 0.4627889 0.6123195 0.4901941 0.6008991 0.4582858 0.6123195 0.4472258 0.624799 0.4417948 0.6008991 0.4548767 0.6123195 0.4582858 0.6123195 0.4627889 0.624799 0.4582858 0.6123195 0.4548767 0.624799 0.4627889 0.624799 0.4901941 0.6372786 0.4901941 0.624799 0.4472258 0.6372786 0.4627889 0.6486984 0.4627889 0.6486984 0.4901941 0.6372786 0.4472258 0.6372786 0.4417948 0.624799 0.4548767 0.6372786 0.4548767 0.6372786 0.4582858 0.6600507 0.4627889 0.6600507 0.4901941 0.6486984 0.4472258 0.6486984 0.4417948 0.6486984 0.4548767 0.6486984 0.4582858 0.6713138 0.4627889 0.6713138 0.4901941 0.6600507 0.4472258 0.6600507 0.4417948 0.6600507 0.4548767 0.6600507 0.4582858 0.6824906 0.4627889 0.6824906 0.4901941 0.6936091 0.4901941 0.6713138 0.4582858 0.6713138 0.4472258 0.6713138 0.4417948 0.6713138 0.4548767 0.6824906 0.4582858 0.6936091 0.4627889 0.6824906 0.4472258 0.6824906 0.4417948 0.6824906 0.4548767 0.6936091 0.4472258 0.6936091 0.4417948 0.7075428 0.4472258 0.6936091 0.4548767 0.7075428 0.4548767 0.7218562 0.4548767 0.6936091 0.4582858 0.7075428 0.4582858 0.7218562 0.4582858 0.7075428 0.4627889 0.7075428 0.4901941 0.7218562 0.4627889 0.7218562 0.4901941 0.7360316 0.4901941 0.7360316 0.4582858 0.7360316 0.4548767 0.750277 0.4548767 0.7360316 0.4627889 0.750277 0.4582858 0.7645226 0.4548767 0.750277 0.4627889 0.750277 0.4901941 0.7645226 0.4901941 0.7645226 0.4582858 0.7787683 0.4548767 0.7787683 0.4582858 0.7645226 0.4627889 0.7787683 0.4901941 0.7787683 0.4627889 0.8784865 0.4280106 0.8480134 0.4868354 0.8642768 0.4261398 0.8510352 0.420655 0.8784865 0.4908473 0.819617 0.4750731 0.7952322 0.4563621 0.8396644 0.41193 0.7765214 0.4319776 0.8309396 0.4005593 0.764759 0.403581 0.8254548 0.3873179 0.9089602 0.4868354 0.8926965 0.4261398 0.7607473 0.3731072 0.8235839 0.3731072 0.8254548 0.3588969 0.764759 0.3426334 0.8309396 0.3456554 0.7765214 0.3142372 0.8396644 0.3342845 0.7952322 0.2898525 0.9059382 0.420655 0.9373564 0.4750731 0.961741 0.4563621 0.9173089 0.41193 0.9804521 0.4319776 0.926034 0.4005593 0.9922144 0.403581 0.9315186 0.3873179 0.8510352 0.3255595 0.819617 0.2711414 0.9962261 0.3731072 0.9333893 0.3731072 0.8480134 0.259379 0.8642768 0.3200748 0.9315186 0.3588969 0.9922144 0.3426334 0.8784865 0.3182038 0.8784865 0.2553673 0.9804521 0.3142372 0.926034 0.3456554 0.9173089 0.3342845 0.961741 0.2898525 0.9089602 0.259379 0.8926965 0.3200748 0.9059382 0.3255595 0.9373564 0.2711414 0.04777906 0.3991742 0.03420011 0.367825 0.04777906 0.3678248 0.04777906 0.3285385 0.03420017 0.3991741 0.04777918 0.4306886 0.03420017 0.3285385 0.04777906 0.2881801 0.02420054 0.3678248 0.03420011 0.2881801 0.02420054 0.3285387 0.03420011 0.2482121 0.04777901 0.2482121 0.04777895 0.2080454 0.02420066 0.2482121 0.03419993 0.2080456 0.0242006 0.28818 0.03419976 0.1678792 0.04777883 0.1678792 0.04777901 0.1277128 0.03420005 0.1277128 0.0242003 0.1678792 0.0242003 0.1277128 0.02420042 0.2080455 0.01825498 0.1678792 0.0182551 0.1277128 0.0182551 0.2080455 0.01825522 0.2482121 0.01024554 0.1678791 0.01024578 0.1277128 0.0040286 0.1277128 0.0040286 0.1678792 0.004028719 0.2080454 0.01024566 0.2080455 0.004028898 0.248212 0.0102459 0.2482121 0.004028898 0.2881802 0.01825533 0.28818 0.0102459 0.28818 0.01825539 0.3285387 0.01024602 0.3285385 0.004028898 0.3285384 0.01825533 0.3678248 0.0102459 0.3678248 0.004028957 0.3678248 0.004028898 0.3991741 0.02420066 0.3991741 0.01825522 0.3991742 0.01024584 0.3991742 0.01825533 0.4306886 0.0102459 0.4306886 0.004028898 0.4306886 0.01024602 0.462446 0.004028898 0.462446 0.02420066 0.4306885 0.0102459 0.4944534 0.004028898 0.4944535 0.0102459 0.5266536 0.004028898 0.5266536 0.004028957 0.5618403 0.01825533 0.4624461 0.01825522 0.4944535 0.03420011 0.4306885 0.03420017 0.462446 0.04777906 0.4624461 0.03420017 0.4944534 0.04777924 0.4944535 0.0477793 0.5266536 0.02420066 0.4624459 0.02420066 0.4944533 0.01825533 0.5266538 0.02420066 0.5266535 0.03420011 0.5266535 0.03420023 0.5618403 0.0477793 0.5618404 0.04777907 0.5970271 0.02420066 0.5618403 0.01825533 0.5618403 0.0102459 0.5618404 0.01024609 0.5970271 0.004028972 0.5970271 0.004028913 0.6292273 0.01825547 0.5970271 0.02420079 0.5970271 0.03420024 0.5970271 0.03420025 0.629227 0.04777932 0.6292273 0.04777914 0.6612347 0.01024592 0.6292273 0.004028972 0.6612346 0.01825535 0.6292272 0.02420055 0.6292272 0.01024603 0.6612346 0.004028849 0.692992 0.03420018 0.6612345 0.0477792 0.692992 0.02420067 0.6612346 0.01825523 0.6612345 0.01024597 0.6929919 0.004029147 0.7245064 0.02420067 0.6929919 0.01825523 0.692992 0.03420018 0.6929919 0.03420013 0.7245066 0.0477792 0.7245064 0.01024609 0.7245065 0.02420055 0.7245064 0.03420019 0.755856 0.04777944 0.7558558 0.04777908 0.7951421 0.0102461 0.7558559 0.004029095 0.7558559 0.004029036 0.7951421 0.01825541 0.7245065 0.02420086 0.7558559 0.03420025 0.7951419 0.04777908 0.8355004 0.01825547 0.7558559 0.01024616 0.7951419 0.004029151 0.8355004 0.02420067 0.7951419 0.03420013 0.8355005 0.01825541 0.7951421 0.01024603 0.8355004 0.01825553 0.8355005 0.01024598 0.8754686 0.004029032 0.8754685 0.02420067 0.8355005 0.01825553 0.8754685 0.03420014 0.8754686 0.04777921 0.8754685 0.04777927 0.915635 0.02420079 0.8754686 0.01024611 0.915635 0.004028987 0.9156348 0.01825572 0.915635 0.03420032 0.915635 0.01024605 0.9558009 0.004029166 0.9558011 0.004029166 0.9959674 0.01024629 0.9959674 0.01825572 0.9959674 0.0182556 0.9558011 0.02420093 0.9959674 0.02420081 0.915635 0.02420081 0.9558009 0.03420056 0.9959675 0.03420032 0.9558009 0.04777945 0.9959674 0.04777957 0.9558009 0.155865 0.05831462 0.1541554 0.05462807 0.2229834 0.06188828 0.1554963 0.06238884 0.1508409 0.05231518 0.2276185 0.1011028 0.153166 0.06569499 0.2111283 0.1070394 0.149493 0.0673911 0.2036246 0.1138082 0.1454655 0.06702393 0.1299872 0.1138082 0.1266621 0.1137404 0.1421457 0.06469864 0.124202 0.112316 0.1229811 0.109749 0.123195 0.1063917 0.1356448 0.05874723 0.1404269 0.06102437 0.140777 0.0569877 0.1431023 0.05367094 0.145806 0.01975292 0.1467896 0.05195731 0.237764 0.01975292 0.2407825 0.05152923 0.2443278 0.01975292 0.2469794 0.05153197 0.251682 0.01975292 0.234123 0.06189066 0.2380001 0.1011028 0.2455369 0.06189066 0.2484221 0.1011028 0.2589135 0.1011028 0.2535125 0.05153197 0.2599591 0.01975292 0.2568079 0.06189066 0.2694872 0.1011028 0.2608967 0.05153197 0.2692094 0.01975292 0.2680829 0.06189066 0.2801445 0.1011028 0.2694922 0.05153197 0.2792284 0.01975292 0.2792284 0.05153197 0.2794352 0.06189066 0.2908652 0.06189066 0.2908761 0.1011028 0.2908601 0.05153197 0.3016095 0.1011028 0.3024745 0.05153197 0.3022983 0.06189066 0.3136588 0.06189066 0.3122718 0.1011028 0.3122393 0.05153197 0.3024745 0.01975292 0.3124895 0.01975292 0.3208435 0.05153197 0.3217539 0.01975292 0.3249443 0.06189066 0.322853 0.1011028 0.3282357 0.05153197 0.3300437 0.01975292 0.3362273 0.06189066 0.3333543 0.1011028 0.3437886 0.1011028 0.3347759 0.05153197 0.3374096 0.01975292 0.3476549 0.06189066 0.3541843 0.1011028 0.3409804 0.05148 0.3439842 0.01975292 0.3588098 0.06184071 0.4310521 0.05223602 0.4360761 0.01975292 0.4351094 0.05187553 0.4388036 0.05358988 0.427734 0.0545544 0.4260234 0.05824739 0.4263948 0.06232804 0.4287306 0.06563777 0.3706992 0.1070464 0.4324107 0.06733459 0.378216 0.113817 0.4462751 0.05866987 0.4364446 0.06696457 0.4519673 0.113817 0.4552984 0.1137421 0.4411342 0.05691034 0.4414871 0.06095296 0.4397679 0.06463426 0.4577628 0.1123155 0.4587686 0.1063809 0.4589844 0.1097435 0.9923663 0.1634234 0.9810508 0.190742 0.8829564 0.1341067 0.9962261 0.1341067 0.9630502 0.2142009 0.9923663 0.1047897 0.9395911 0.2322016 0.9810508 0.07747144 0.9122727 0.2435172 0.9630502 0.05401254 0.8829564 0.2473768 0.9395911 0.03601229 0.8536403 0.2435172 0.9122727 0.02469635 0.8263216 0.2322016 0.8829564 0.02083695 0.8028627 0.2142009 0.8536403 0.02469635 0.784862 0.190742 0.8263218 0.03601229 0.7735463 0.1634234 0.8028627 0.05401254 0.7696869 0.1341067 0.784862 0.07747144 0.7735463 0.1047897 0.7740433 0.2517542 0.7740433 0.2457291 0.7852857 0.2487417 0.7770556 0.2569721 0.7770556 0.2405115 0.7822735 0.2599841 0.7822735 0.2374994 0.7882983 0.2599841 0.7882983 0.2374994 0.7935157 0.2569718 0.7935157 0.2405115 0.7965284 0.2517542 0.7965284 0.2457291 0.7560847 0.06608337 0.7589943 0.06899327 0.7550196 0.06210846 0.756085 0.05813307 0.7589946 0.05522341 0.7629697 0.07005852 0.7669445 0.06899351 0.7962325 0.01975304 0.7752894 0.06522828 0.7629699 0.05415851 0.7669447 0.05522364 0.7698547 0.05813354 0.7698547 0.06608385 0.7709199 0.06210881 0.8824612 0.3841625 0.8794491 0.3729204 0.8876787 0.3811501 0.8764366 0.3841625 0.8906913 0.3759327 0.8712185 0.3811504 0.8906915 0.3699076 0.8682061 0.3759327 0.8876789 0.3646901 0.8682061 0.3699077 0.8824612 0.3616776 0.8712186 0.3646903 0.8764366 0.3616776  
					<TextureCoords1>: 0  
					<Normals>: 924 0 -0.8903945 0.4551896 0 -0.8903945 0.4551896 0 -0.8903945 0.4551896 0 -0.8903945 0.4551896 0 -0.8903945 0.4551896 -1 0 0 -1 -1.932318E-07 0 -1 -2.924544E-07 0 -1 0 1.421424E-07 -1 0 0 -1 0 0 -1 0 0 -1 0 0 -1 0 0 0 -0.258811 -0.965928 0 -0.2588109 -0.9659281 0 -0.4999959 -0.8660278 0 -0.4999962 -0.8660276 0 -0.866026 -0.499999 0 -0.866026 -0.4999991 0 -1 5.637268E-06 0 -0.9960344 0.08896847 0 -0.8660247 0.5000013 0 -0.8660244 0.5000018 0 -0.9960343 0.08896941 0 -0.5000018 0.8660244 0 -1 5.637268E-06 0 -0.5000015 0.8660246 0 -0.8660258 -0.4999993 0 1.119596E-06 1 0 -0.866026 -0.499999 0 2.180265E-06 1 0 0.5000034 0.8660235 0 0.500004 0.8660231 0 -0.4999957 -0.866028 0 -0.4999962 -0.8660276 0 -0.258811 -0.965928 0 -0.2588109 -0.9659281 0 0.8660243 0.5000019 0 0.8660248 0.5000011 0 0.9960346 0.08896627 0 1 5.892625E-07 0 0.8660249 -0.500001 0 0.8660248 -0.5000011 0 0.9960346 0.08896637 0 1 5.892625E-07 0 0.8660249 -0.500001 0 0.8660248 -0.500001 0 0.500001 -0.8660249 0 0.5000015 -0.8660246 0 0.2588154 -0.9659268 0 0.2588166 -0.9659265 0 0.5000013 -0.8660247 0 0.500001 -0.8660249 0 0.2588154 -0.9659268 0 0.2588166 -0.9659265 0 0.418283 -0.9083167 0 0.418283 -0.9083167 0 0.4182826 -0.9083169 0 0.4182826 -0.9083169 0 0.4182817 -0.9083174 0 0.4182818 -0.9083174 0 -0.9659275 -0.2588127 0 -0.9659276 -0.2588124 0 -0.866025 -0.5000008 0 -0.8660253 -0.5000001 0 -0.4999952 -0.8660282 0 -0.4999971 -0.8660271 0 7.365733E-07 -1 -7.792833E-07 4.105179E-06 -1 1.996235E-06 0.4999945 -0.8660287 -3.894899E-07 0.5 -0.8660254 1.606498E-06 0.8660248 -0.500001 0 0.8660253 -0.5000002 0 1 1.286548E-06 0 1 1.787419E-06 0 0.8660266 0.4999979 -1.96815E-07 0.8660268 0.4999976 0 0.4999982 0.8660264 -2.895518E-07 0.5000011 0.8660248 0 -6.059568E-06 1 0 -2.160619E-07 1 0 -0.4999999 0.8660255 0 -0.4999964 0.8660275 0 -0.8660253 0.5000002 0 -0.8660246 0.5000016 0 -0.9659282 0.2588105 0 -0.965928 0.2588111 0 -0.01461785 -0.9998932 0 0.2369608 -0.9715192 0 0.4385965 -0.8986841 0 0.4385997 -0.8986825 0 -0.01461524 -0.9998932 0 0.2369608 -0.9715192 0 -0.5393149 -0.8421041 0 -0.5393124 -0.8421057 0 -0.9016182 -0.4325328 0 -0.9016179 -0.4325334 0 0.9433606 -0.331769 0 0.9433607 -0.3317689 0 -0.9952711 -0.09713533 0 1 0 0 1 0 0 1 0 0 1 0 0 1 -1.865926E-06 0 1 -1.865928E-06 0 1 -6.129133E-06 0 1 -6.129142E-06 0 1 9.265221E-06 0 1 9.2652E-06 0 -0.9952713 -0.0971349 0 1 -1.815214E-05 0 1 -1.815225E-05 0 1 -1.815225E-05 0 -1 0 0 -1 -2.551167E-07 0 -1 -1.681796E-07 0 -1 0 0 -1 0 0 -1 -2.551166E-07 0 -1 -1.681794E-07 0 -1 0 0 -1 0 1 0 0 1 0 0 1 0 0 1 0 0 1 0 0 1 0 0 1 0 0 1 0 0 1 0 0 0 0.4182824 -0.908317 0 0.4182833 -0.9083167 0 0.4182833 -0.9083166 0 0.4182825 -0.908317 0 0.4182817 -0.9083174 0 0.4182818 -0.9083174 0 -0.866025 -0.5000007 0 -0.9659276 -0.2588124 0 -0.9659275 -0.2588127 0 -0.8660253 -0.5000001 0 -0.4999952 -0.8660282 0 -0.4999971 -0.8660271 0 7.365733E-07 -1 7.792834E-07 4.115001E-06 -1 -1.996235E-06 0.4999945 -0.8660287 3.894899E-07 0.5 -0.8660254 -1.606498E-06 0.8660248 -0.5000011 0 0.8660253 -0.5000002 0 1 1.30619E-06 0 1 1.777598E-06 0 0.8660266 0.4999979 0 0.8660268 0.4999976 -2.895569E-07 0.4999976 0.8660269 0 0.5000008 0.8660249 -1.968205E-07 -6.540796E-06 1 0 -5.008708E-07 1 0 -0.4999999 0.8660254 0 -0.4999966 0.8660273 0 -0.8660253 0.5000002 0 -0.8660246 0.5000016 0 -0.9659282 0.2588105 0 -0.965928 0.2588111 -0.2588196 0 -0.9659256 -0.1305271 0 -0.9914448 -0.1305275 0 -0.9914446 -0.2588198 0 -0.9659256 -0.5000005 0 -0.8660251 -0.5000004 0 -0.8660253 -0.707107 0 -0.7071065 -0.7071069 0 -0.7071066 -0.8660254 0 -0.5 -0.8660254 0 -0.5 -0.9659259 0 -0.2588185 -0.9659262 0 -0.2588178 -1 0 -2.48774E-07 -1 0 5.262526E-07 -0.9659261 0 0.258818 -0.9659261 0 0.2588183 -0.8660254 0 0.5 -0.8660256 0 0.4999996 -0.7071071 0 0.7071065 -0.7071071 0 0.7071064 -0.5000004 0 0.8660251 -0.5000007 0 0.8660251 -0.2588197 0 0.9659256 -0.2588192 0 0.9659257 0 0 1 0 0 1 0.2588197 0 0.9659256 0.2588192 0 0.9659257 0.5000007 0 0.8660251 0.5000005 0 0.8660251 0.7071069 0 0.7071066 0.7071072 0 0.7071064 0.8660256 0 0.4999996 0.8660255 0 0.4999999 0.9659261 0 0.2588181 0.9659261 0 0.2588181 1 0 2.822627E-07 1 0 -1.24387E-07 0.9659262 0 -0.2588179 0.9659259 0 -0.2588185 0.8660255 0 -0.4999997 0.8660255 0 -0.4999999 0.707107 0 -0.7071065 0.707107 0 -0.7071065 0.5000004 0 -0.8660253 0.5000004 0 -0.8660251 0.2588196 0 -0.9659256 0.2588198 0 -0.9659256 0.1305271 0 -0.9914448 0.1305275 0 -0.9914446 0.1531998 -0.8060007 0.5717452 0.03784255 -0.957049 0.2874459 0.07769037 -0.8035648 0.5901251 0.07445013 -0.9577349 0.2778504 0.2959565 -0.8060033 0.5126094 -0.09473591 -0.9306053 -0.3535518 -0.04813327 -0.9295262 -0.3656015 -0.1192059 -0.407373 -0.9054487 0.143825 -0.9577357 0.2491119 0.2034027 -0.9577348 0.2033997 0.4185496 -0.806001 0.4185434 0.5126119 -0.8060022 0.2959554 -0.1830117 -0.930606 -0.3169844 -0.2360321 -0.4102985 -0.8808768 -0.2335854 0.4306819 -0.8717517 -0.1179876 0.427672 -0.8962007 -0.0793115 0.7942203 -0.6024316 -0.1564131 0.7967303 -0.5837429 -0.4512519 0.4306832 -0.7815905 -0.3021677 0.7967318 -0.5233669 -0.4273266 0.7967331 -0.4273269 -0.4559752 -0.4102998 -0.7897725 -0.638166 0.4306837 -0.6381659 -0.5233662 0.7967327 -0.3021669 -0.2588208 -0.9306046 -0.2588181 -0.6448492 -0.4102964 -0.6448459 -0.7815906 0.4306838 -0.451251 -0.5837368 0.7967348 -0.1564128 -0.316987 -0.9306048 -0.1830137 -0.7897735 -0.4102972 -0.4559759 -0.8717505 0.430685 -0.2335843 -0.6043307 0.7967335 3.293679E-07 0.2491131 -0.9577355 0.1438244 -0.3535519 -0.9306055 -0.09473378 -0.8808775 -0.4102984 -0.2360296 0.2778486 -0.9577356 0.0744497 0.5717409 -0.8060044 0.1531968 -0.9025027 0.4306842 4.399077E-07 -0.5837416 0.7967315 0.1564121 -0.3660204 -0.9306068 4.802053E-07 0.2876503 -0.9577355 0 0.5919102 -0.8060039 4.815086E-07 0.5717445 -0.8060017 -0.1531977 -0.9119499 -0.4103014 1.523372E-07 -0.8717515 0.4306828 0.2335843 -0.5233681 0.7967324 0.3021643 0.2778489 -0.9577355 -0.0744492 -0.3535503 -0.9306062 0.09473299 -0.8808763 -0.4103012 0.2360292 0.2491115 -0.9577358 -0.1438249 0.5126096 -0.8060035 -0.295956 -0.7897715 -0.4103018 0.4559752 -0.7815915 0.4306828 0.4512504 -0.6448486 -0.4102985 0.6448453 -0.3169843 -0.930606 0.1830121 0.2034001 -0.9577355 -0.2033989 0.4185464 -0.8060015 -0.4185455 0.2959567 -0.8060033 -0.5126092 -0.6381661 0.4306844 0.6381654 -0.4273272 0.7967331 0.4273263 -0.4512528 0.4306848 0.7815892 -0.3021681 0.7967331 0.5233649 -0.2588203 -0.9306052 0.2588167 0.1438257 -0.9577354 -0.2491128 0.1531997 -0.8060018 -0.5717437 -0.1830123 -0.9306058 0.316985 -0.4559762 -0.4102975 0.7897732 -0.2335856 0.4306839 0.8717507 -0.1564124 0.7967321 0.5837407 0 0.7967303 0.6043351 -0.2360318 -0.4102975 0.8808774 -0.09473505 -0.9306051 0.3535526 0.07445057 -0.9577352 -0.2778498 0 0.4306803 0.9025045 -3.655526E-07 -0.9577353 -0.287651 -5.038003E-07 -0.8060027 -0.591912 -0.1531999 -0.8060019 -0.5717437 -1.057166E-07 -0.9306049 0.3660253 0 -0.4102992 0.911951 0.2335855 0.4306844 0.8717504 0.1564121 0.796733 0.5837396 0.3021685 0.7967324 0.5233657 -0.07445062 -0.9577352 -0.2778497 0.09473519 -0.9306051 0.3535528 0.2360319 -0.4102975 0.8808774 0.4512529 0.4306841 0.7815893 0.4273273 0.7967331 0.4273264 -0.1438257 -0.9577354 -0.2491127 -0.2959567 -0.8060033 -0.5126092 0.1830121 -0.9306059 0.3169847 -0.2034005 -0.9577354 -0.2033988 -0.4185472 -0.8060012 -0.4185454 -0.5126103 -0.806003 -0.2959557 0.4559761 -0.410298 0.7897729 0.6448484 -0.4102985 0.6448454 0.6381661 0.4306844 0.6381654 0.5233662 0.7967337 0.3021644 0.2588202 -0.9306051 0.2588169 -0.2491118 -0.9577357 -0.1438247 -0.5717444 -0.8060018 -0.1531975 0.3169834 -0.9306064 0.183012 0.781591 0.4306837 0.4512507 0.7897711 -0.4103026 0.4559753 0.8717511 0.4306835 0.2335844 0.5837405 0.7967321 0.1564121 0.3535504 -0.9306061 0.09473311 -0.2778487 -0.9577356 -0.07444906 0.8808764 -0.410301 0.2360294 0.9025031 0.4306835 4.76581E-07 0.6043323 0.7967324 1.070933E-07 -0.2876504 -0.9577355 0 -0.5919102 -0.8060039 4.815086E-07 -0.5717406 -0.8060046 0.1531965 0.3660209 -0.9306066 4.870144E-07 0.9119501 -0.410301 2.434674E-07 0.8717505 0.4306849 -0.2335843 0.5837367 0.7967349 -0.1564126 -0.2778483 -0.9577356 0.07444953 -0.5126122 -0.8060019 0.2959554 0.8808779 -0.4102978 -0.2360294 0.7815905 0.4306841 -0.451251 0.5233657 0.7967331 -0.3021667 0.3535528 -0.9306051 -0.09473373 0.789774 -0.4102968 -0.4559754 -0.2491134 -0.9577354 0.1438244 -0.2034026 -0.9577348 0.2033996 -0.4185499 -0.8060009 0.4185433 -0.2959565 -0.8060035 0.5126094 0.3169877 -0.9306046 -0.1830133 0.6381661 0.4306837 -0.6381658 0.4273266 0.7967332 -0.4273268 0.6448491 -0.4102965 -0.6448461 0.4512517 0.4306835 -0.7815905 0.3021674 0.7967324 -0.5233665 0.1564125 0.7967307 -0.5837424 0.2588208 -0.9306045 -0.2588183 0.4559749 -0.4102996 -0.7897729 0.2335851 0.4306821 -0.8717517 0.0793115 0.7942204 -0.6024315 0.1179876 0.427672 -0.8962007 0.1192059 -0.4073731 -0.9054486 0.236032 -0.4102988 -0.8808767 0.1830116 -0.9306059 -0.3169849 0.09473585 -0.9306054 -0.3535515 0.04813327 -0.9295262 -0.3656015 -0.03784254 -0.957049 0.2874459 -0.1438246 -0.9577357 0.2491118 -0.07445011 -0.9577351 0.2778503 -0.1531998 -0.8060008 0.5717451 -0.07769037 -0.8035648 0.5901251 0 1 -1.253821E-06 -5.880626E-07 1 1.423615E-06 0 1 -1.25382E-06 5.880627E-07 1 1.423615E-06 0 1 4.311074E-06 0 1 3.767173E-06 0 1 3.767175E-06 -1.399581E-07 1 1.634713E-06 1.399573E-07 1 1.634714E-06 1.461053E-07 1 1.256727E-06 -1.461045E-07 1 1.256726E-06 1.918151E-06 1 1.336638E-06 -1.918151E-06 1 1.336638E-06 3.462148E-07 1 1.073456E-06 -3.462136E-07 1 1.073456E-06 -1.396115E-06 1 0 1.396115E-06 1 0 -2.003221E-06 1 0 2.003221E-06 1 0 0 1 -2.945153E-06 0 1 -2.94515E-06 0 1 -2.994434E-06 0 1 -2.994434E-06 0 1 -3.097907E-06 0 1 -2.26712E-06 0 1 0 0 1 0 0 1 -3.097907E-06 0 1 -2.267122E-06 0 1 0 0 1 0 -0.2961503 -2.202222E-07 -0.9551413 -0.4738351 -1.108247E-07 -0.8806136 -0.2961507 2.789929E-07 -0.9551412 -0.1076503 -2.830244E-07 -0.9941888 -0.4738362 0 -0.880613 -0.1076491 -7.039191E-07 -0.9941889 -0.6852522 -3.161895E-07 -0.7283058 -0.6852522 -1.55835E-07 -0.7283058 -0.8990337 -1.761651E-07 -0.4378797 -0.8990341 1.443695E-07 -0.4378786 0 -6.833383E-07 -1 0 -6.833382E-07 -1 0.107649 -7.039193E-07 -0.994189 0.1076502 -2.830244E-07 -0.9941888 -0.9925733 0 -0.121648 -0.9925733 0 -0.1216477 -1 0 0 0.2961502 -2.202223E-07 -0.9551414 0.2961506 2.789929E-07 -0.9551412 0.473835 -2.05952E-07 -0.8806137 0.4738362 0 -0.880613 0.6852522 -3.365386E-07 -0.7283059 0.6852523 -2.718782E-07 -0.7283058 0.8990335 -1.761653E-07 -0.4378799 0.8990341 1.443695E-07 -0.4378785 0.9925733 0 -0.1216482 0.9925733 0 -0.1216477 1 0 0 -1 0 0 1 0 0 -1 0 0 -1 0 -1.070398E-07 -1 0 0 -1 0 0 -1 7.808654E-07 -2.9632E-07 -1 3.010806E-06 -1.7965E-06 -1 0 -2.118147E-07 -1 -2.116072E-06 1.580412E-06 -1 0 -9.701686E-07 -1 3.407811E-06 2.439969E-06 -1 8.945497E-07 -9.855839E-07 -1 -3.548106E-07 -4.046845E-07 -1 1.164829E-06 -1.494141E-06 -1 -1.080407E-06 2.123266E-07 0.5939276 0.5426778 -0.5939282 0.4948054 0.1438192 -0.8570202 0.6997548 0.1438142 -0.6997576 0.816287 0.2593346 -0.5161599 0.4199721 0.5426784 -0.7274089 0.2561295 0.143816 -0.9558843 0.2173928 0.5426773 -0.811321 0.1291924 0.1426117 -0.981311 0.1099108 0.5393925 -0.8348504 0.2282157 0.4717039 -0.8517119 0.1153127 0.4685592 -0.875874 0.130366 0.04979077 -0.9902149 0.2584933 0.05021914 -0.9647068 0.4408786 0.4717031 -0.7636244 0.4993687 0.0502187 -0.8649329 0.7062145 0.05021915 -0.7062147 0.6234965 0.4717043 -0.6234958 0.7636242 0.4717039 -0.4408782 0.8649327 0.05021935 -0.4993692 0.7108348 0.5818412 -0.3951894 0.8517125 0.4717036 -0.2282135 0.9647075 0.0502196 -0.2584906 0.9987382 0.05021941 0 0.8843173 0.400968 -0.239181 0.7346403 0.621049 -0.273133 0.8113219 0.5426766 -0.2173907 0.8817574 0.4717031 2.7063E-07 0.7162518 0.6976028 -0.01826521 0.6083261 0.7933959 -0.02149658 0.5877322 0.7935807 0.1574819 0.8399436 0.5426736 -5.210476E-07 0.8517117 0.4717051 0.2282137 0.9647076 0.05021941 0.2584905 0.8649325 0.05021895 0.4993694 0.6977068 0.69156 0.186949 0.526948 0.7935791 0.3042334 0.9292364 0.3694857 6.164478E-07 0.8113208 0.5426787 0.2173902 0.7636241 0.4717037 0.4408786 0.7062147 0.05021874 0.7062145 0.6255471 0.6915603 0.3611583 0.430252 0.7935796 0.4302494 0.8975741 0.3694856 0.2405017 0.7274097 0.5426774 0.4199719 0.8047408 0.3694888 0.4646187 0.510757 0.6915606 0.5107555 0.3042348 0.7935767 0.5269509 0.6234955 0.4717056 0.6234961 0.4993692 0.0502188 0.8649327 0.5939276 0.5426804 0.5939258 0.6570697 0.3694886 0.6570674 0.3611599 0.6915615 0.6255448 0.1574829 0.7935765 0.5877376 0.4408778 0.4717071 0.7636224 0.2584929 0.05021871 0.9647069 0.419971 0.5426787 0.7274092 0.1869495 0.6915618 0.6977049 0 0.793578 0.6084685 0.4646191 0.3694878 0.8047409 0.2173935 0.5426793 0.8113195 0.2282159 0.4717064 0.8517104 -2.883473E-07 0.5426798 0.8399397 0.2405041 0.3694887 0.8975723 -3.269558E-07 0.4717075 0.881755 0 0.05021897 0.9987382 -0.258493 0.0502187 0.9647069 0 0.6915631 0.722316 -0.2282159 0.4717065 0.8517104 -0.4408778 0.471707 0.7636225 -0.4993691 0.05021884 0.8649327 -0.186949 0.6915618 0.697705 -0.1574818 0.7935765 0.5877379 0 0.369489 0.9292352 -0.2405042 0.3694891 0.897572 -0.2173933 0.5426797 0.8113192 -0.623495 0.4717058 0.6234962 -0.7062147 0.05021874 0.7062145 -0.361159 0.6915618 0.6255451 -0.3042336 0.793577 0.526951 -0.464619 0.3694881 0.8047408 -0.419971 0.5426787 0.7274092 -0.7636237 0.4717041 0.4408787 -0.8649325 0.05021887 0.4993694 -0.5107566 0.6915609 0.5107555 -0.4302524 0.7935795 0.4302494 -0.6570694 0.3694889 0.6570675 -0.593927 0.5426807 0.5939262 -0.8517118 0.4717049 0.2282137 -0.9647076 0.05021913 0.2584904 -0.9987382 0.05021916 -1.873581E-07 -0.7274095 0.5426778 0.4199717 -0.6255472 0.6915602 0.3611582 -0.5269483 0.7935789 0.3042333 -0.8047411 0.3694885 0.4646182 -0.8113205 0.5426791 0.2173902 -0.8817573 0.4717034 2.675391E-07 -0.6977069 0.6915599 0.1869491 -0.5877333 0.7935799 0.1574818 -0.8975738 0.3694864 0.2405018 -0.7162522 0.6976025 -0.01826502 -0.6083271 0.7933953 -0.02149671 -0.7346406 0.6210487 -0.273133 -0.9292361 0.3694865 7.342242E-07 -0.8843171 0.4009683 -0.2391813 -0.8162866 0.2593349 -0.5161604 -0.8399431 0.5426745 -4.95754E-07 -0.8113213 0.5426774 -0.217391 -0.7108344 0.5818415 -0.3951897 -0.8517126 0.4717034 -0.2282136 -0.9647076 0.0502193 -0.2584904 -0.7636241 0.4717039 -0.4408784 -0.8649325 0.05021925 -0.4993693 -0.7062144 0.05021913 -0.7062147 -0.5939278 0.5426781 -0.5939279 -0.6997554 0.1438148 -0.6997569 -0.4948056 0.143819 -0.8570202 -0.6234965 0.4717044 -0.6234958 -0.4199722 0.5426781 -0.727409 -0.2561294 0.1438168 -0.9558842 -0.4408787 0.471703 -0.7636245 -0.4993686 0.05021878 -0.864933 -0.2584932 0.05021919 -0.9647068 -0.2173928 0.5426776 -0.8113208 -0.1291924 0.1426117 -0.981311 -0.1099108 0.5393931 -0.8348501 -0.2282157 0.471704 -0.8517119 -0.130366 0.04979066 -0.9902149 -0.1153127 0.4685597 -0.8758737 -4.269942E-07 1 -4.478842E-07 2.04554E-07 1 -4.035769E-07 -1.337608E-06 1 -5.033072E-07 3.136343E-07 1 -7.557529E-07 -1.100713E-07 1 -2.605311E-07 -2.935243E-07 1 -2.256265E-07 -6.538719E-07 1 -5.124363E-07 6.294647E-07 1 -9.558213E-07 -5.870485E-07 1 -2.573049E-07 -3.912206E-07 1 -2.313501E-07 -1.133204E-06 1 0 -4.796214E-07 1 2.242656E-07 -3.807889E-07 1 -4.035769E-07 7.868284E-07 1 -5.033071E-07 -9.978054E-07 1 -2.350756E-07 0 1 0 -4.796214E-07 1 -3.522399E-07 -8.837458E-07 1 -1.245934E-07 -4.66142E-07 1 7.593955E-07 -3.171495E-07 1 2.67448E-07 -1.131654E-07 1 1.931644E-07 -4.989152E-07 1 4.143932E-07 -2.829135E-07 1 -7.557528E-07 0 1 -2.256265E-07 7.215634E-07 1 -5.124363E-07 -5.028194E-07 1 -9.558211E-07 8.128806E-07 1 -2.57305E-07 2.338541E-07 1 -2.313497E-07 1.133203E-06 1 0 4.796214E-07 1 2.24266E-07 -6.224106E-07 1 0 0 1 5.425736E-07 9.978053E-07 1 -2.350754E-07 0 1 0 4.51665E-07 1 1.035903E-07 -3.147358E-07 1 1.490903E-07 4.736643E-07 1 -3.522401E-07 8.805617E-07 1 -1.245934E-07 4.476051E-07 1 0 1.834522E-07 1 0 2.967082E-07 1 2.674481E-07 3.147328E-07 1 7.593953E-07 0 1 1.931644E-07 4.989152E-07 1 4.143932E-07 -2.130657E-07 1 1.035903E-07 8.655153E-07 1 1.490903E-07 6.224106E-07 1 0 0 1 5.425735E-07 -0.8208618 0.5270756 -0.2199485 -0.4541472 0.8909267 -1.998785E-07 -0.8498183 0.5270759 -1.783222E-07 -0.8208618 0.5270756 0.2199484 -0.4386708 0.8909276 -0.1175413 -0.7359648 0.5270751 -0.424909 -0.4386726 0.8909267 0.1175416 -0.7359648 0.5270749 0.4249093 0.335677 0.9419771 0 -0.3933027 0.8909267 0.2270736 0.3242379 0.9419776 -0.08687913 -0.3211306 0.890927 0.3211296 -0.6009136 0.5270742 0.6009123 -0.4249091 0.5270768 0.7359635 0.2373599 0.941977 -0.2373593 -0.2270726 0.8909279 0.3933009 0.290707 0.9419764 -0.1678385 -0.1175416 0.8909273 0.4386713 -0.2199503 0.527076 0.820861 -0.1111872 0.5238066 0.8445496 -0.05968203 0.8893385 0.4533377 0.08687998 0.9419774 -0.3242382 0.04415091 0.9410573 -0.3353534 0.1678374 0.9419774 -0.2907049 0.2328939 0.4362373 -0.8691706 0.1176434 0.4332037 -0.8935852 0.4499156 0.4362377 -0.779277 0.6362777 0.4362367 -0.6362768 0.231181 -0.4496306 -0.8627791 0.1167896 -0.4465526 -0.8871026 0.0745496 -0.8208444 -0.5662656 0.146969 -0.823136 -0.5484954 0.2839229 -0.8231356 -0.4917678 0.446608 -0.4496299 -0.7735465 0.4015266 -0.8231359 -0.4015266 0.6315982 -0.4496306 -0.631598 0.4917698 -0.8231345 -0.2839226 0.7792785 0.4362351 -0.4499155 0.7735473 -0.4496293 -0.4466074 0.8691706 0.4362376 -0.2328931 0.8627796 -0.4496297 -0.2311805 0.5484973 -0.8231348 -0.1469685 0.8998321 0.4362366 2.349964E-07 0.8932154 -0.4496292 0 0.5678472 -0.823134 0 0.5484979 -0.8231344 0.1469688 0.3242393 0.941977 0.08687935 0.8691707 0.4362378 0.2328924 0.8627802 -0.4496289 0.2311802 0.779278 0.4362352 0.4499163 0.7735459 -0.4496315 0.4466075 0.4917656 -0.8231374 0.2839217 0.6315981 -0.4496306 0.6315981 0.4015254 -0.8231364 0.4015267 0.2907068 0.9419763 0.1678394 0.4466074 -0.4496302 0.7735467 0.2839227 -0.8231354 0.4917681 0.2311817 -0.4496296 0.8627794 0.1469703 -0.8231351 0.5484965 0 -0.8231339 0.5678473 0.6362788 0.4362352 0.6362769 0.4499155 0.4362366 0.7792776 -0.3933023 0.8909271 -0.2270733 -0.3211312 0.8909262 -0.3211312 -0.600913 0.5270746 -0.6009125 -0.2270736 0.890927 -0.3933021 -0.4249091 0.5270754 -0.7359645 -0.2199494 0.5270751 -0.8208618 0.2373611 0.9419766 0.2373597 0.1678379 0.941977 0.2907052 0.2328943 0.4362374 0.8691704 0.08687978 0.9419776 0.3242379 -0.1175422 0.8909267 -0.4386722 0 0.890927 -0.4541465 0 0.5270747 -0.8498191 0.2199495 0.5270748 -0.8208619 0 0.941977 0.3356772 0 0.4362385 0.8998311 0 -0.4496271 0.8932163 -0.2311815 -0.44963 0.8627792 -0.1469697 -0.8231356 0.5484959 -0.283923 -0.8231357 0.4917675 -0.2328943 0.4362374 0.8691704 -0.08687976 0.9419776 0.3242379 0.1175423 0.8909267 -0.4386725 0.2270736 0.8909269 -0.3933025 0.4249093 0.5270749 -0.7359648 0.6009132 0.5270745 -0.6009126 -0.4466076 -0.4496304 0.7735466 -0.4015245 -0.8231368 0.4015269 -0.4499156 0.4362366 0.7792776 -0.167838 0.941977 0.2907053 -0.6315978 -0.4496309 0.6315982 -0.491767 -0.8231364 0.2839218 0.3211312 0.8909262 -0.3211312 0.7359649 0.5270749 -0.424909 -0.2373611 0.9419766 0.2373597 -0.6362788 0.4362351 0.6362769 -0.7735463 -0.4496309 0.4466074 -0.5484984 -0.823134 0.1469687 -0.2907072 0.9419762 0.1678396 -0.779278 0.436235 0.4499165 0.3933022 0.8909271 -0.2270734 0.4386707 0.8909276 -0.1175411 0.8208619 0.5270756 -0.2199478 -0.8627803 -0.4496286 0.2311801 -0.3242394 0.941977 0.08687929 0.4541472 0.8909267 -2.400767E-07 0.8498183 0.5270759 -3.429274E-07 0.8208616 0.5270758 0.2199481 -0.8932154 -0.4496292 0 -0.5678472 -0.823134 0 -0.5484973 -0.8231348 -0.1469685 -0.8691706 0.4362379 0.2328924 -0.3356769 0.9419771 0 0.4386728 0.8909265 0.1175415 0.7359645 0.5270751 0.4249094 -0.899832 0.4362366 2.474374E-07 -0.8627797 -0.4496296 -0.2311805 -0.4917709 -0.8231338 -0.2839226 -0.3242372 0.9419779 -0.0868791 0.3933028 0.8909267 0.2270737 -0.8691704 0.4362381 -0.232893 -0.7735476 -0.4496288 -0.4466072 -0.7792786 0.436235 -0.4499155 -0.6315985 -0.4496302 -0.6315981 -0.4015272 -0.8231356 -0.4015268 -0.2907071 0.9419764 -0.1678386 -0.6362778 0.4362367 -0.6362768 0.3211306 0.890927 0.3211296 0.6009136 0.5270741 0.6009123 0.4249091 0.5270767 0.7359635 -0.2373599 0.941977 -0.2373593 -0.4466079 -0.4496299 -0.7735466 -0.2839229 -0.8231356 -0.4917677 -0.4499154 0.4362377 -0.7792771 0.2270726 0.8909278 0.393301 -0.2311811 -0.4496305 -0.8627791 -0.1469692 -0.8231359 -0.5484955 -0.0745496 -0.8208444 -0.5662656 -0.1167896 -0.4465526 -0.8871026 -0.1176434 0.4332037 -0.8935852 -0.2328939 0.4362372 -0.8691706 -0.04415072 0.9410573 -0.3353534 -0.1678374 0.9419773 -0.2907049 -0.08687998 0.9419774 -0.3242383 0.05968206 0.8893385 0.4533377 0.1175416 0.8909274 0.4386712 0.111187 0.5238066 0.8445496 0.2199502 0.5270762 0.8208609 1 3.191103E-07 -1.242283E-07 1 -1.546148E-06 0 0.9990382 -0.02023971 0.03889758 1 2.063787E-06 1.58688E-07 1 3.743074E-07 0 0.9980764 0 0.06199609 1 -2.246304E-06 -1.462254E-06 1 -3.657848E-07 1.857536E-07 1 2.668333E-06 4.343211E-06 1 -1.56169E-07 0 1 2.407849E-07 1.436961E-06 1 -4.357317E-07 -1.10238E-06 1 -3.577922E-07 -7.552987E-07 1 1.302613E-06 4.979883E-07 1 -2.556015E-07 0 1 0 -6.386334E-07 1 3.390077E-07 -4.826035E-06 1 5.705454E-07 -7.714183E-07 1 3.820034E-06 8.086429E-06 1 1.02475E-06 -3.428931E-06 1 1.205523E-06 -1.782364E-06 1 5.534861E-07 -1.906026E-07 1 5.134809E-07 0 0.9945879 8.373554E-05 0.103899 0.9672412 -0.2148994 0.1351399 0.9223519 0.0002800515 0.3863507 0.8461054 -0.3656014 0.3878675 0.7396925 0.0001699743 0.672945 0.9482463 -0.2382988 0.209863 0.9659264 0 0.2588168 0.7978867 -0.4103198 0.4416044 0.8660254 0 0.5 0.7071076 0 0.7071059 0.6762751 -0.4027045 0.6168315 0.5337439 0.0002638171 0.8456461 0.633439 -0.4360967 0.6391985 0.5000015 -1.651926E-07 0.8660246 0.5008178 -0.3930546 0.7711613 0.3421293 0.000448742 0.9396527 0.4450214 -0.404012 0.7992061 0.2588191 -2.76014E-07 0.9659258 0.3299626 -0.3582817 0.8733606 0.2498105 0.0004298035 0.9682946 0.1776408 -0.4145447 0.8925225 0.2286492 -0.3542128 0.9067816 0 -0.299437 0.9541161 0 -3.303841E-07 1 0 -0.5066614 0.8621452 -0.2588191 -2.76014E-07 0.9659258 -0.1776409 -0.4145446 0.8925226 -0.2286493 -0.3542128 0.9067816 -0.4450215 -0.404012 0.799206 -0.5000014 -1.651926E-07 0.8660246 -0.3299627 -0.3582817 0.8733606 -0.2498105 0.0004297754 0.9682947 -0.3421293 0.0004487367 0.9396527 -0.5008178 -0.3930546 0.7711612 -0.533744 0.0002638171 0.8456461 -0.6334391 -0.4360967 0.6391985 -0.7071076 0 0.7071059 -0.676275 -0.4027046 0.6168316 -0.7396924 0.0001699744 0.672945 -0.7978867 -0.4103199 0.4416044 -0.8660254 0 0.5 -0.9659264 0 0.2588169 -0.8461054 -0.3656015 0.3878676 -0.9223519 0.0002800517 0.3863505 -0.9482463 -0.2382988 0.209863 -0.9980764 0 0.06199615 -0.9672412 -0.2148994 0.1351399 -0.9945879 8.37356E-05 0.1038988 -0.9990382 -0.02023971 0.03889759 -1 3.743069E-07 0 -1 5.53486E-07 -1.906026E-07 -1 5.134809E-07 0 -1 1.205523E-06 -1.782364E-06 -1 -1.54615E-06 0 -1 3.191103E-07 -1.242283E-07 -1 2.063787E-06 1.58688E-07 -1 -2.246304E-06 -1.462254E-06 -1 -3.657848E-07 1.857536E-07 -1 2.668333E-06 4.343211E-06 -1 -1.56169E-07 0 -1 5.705454E-07 -7.714183E-07 -1 2.407849E-07 1.43696E-06 -1 -4.357317E-07 -1.10238E-06 -1 -3.577922E-07 -7.552987E-07 -1 1.02475E-06 -3.428931E-06 -1 3.820034E-06 8.086429E-06 -1 1.302613E-06 4.979882E-07 -1 -2.556015E-07 0 -1 3.390077E-07 -4.826035E-06 -1 0 -6.386334E-07 1.01556E-06 -1 -4.64598E-07 -3.385244E-07 -1 -6.281342E-07 0 -1 0 0 -1 5.584118E-07 -2.031106E-06 -1 7.897273E-07 0 -1 0 0 -1 5.295435E-07 -6.770386E-07 -1 -4.836091E-07 3.808325E-07 -1 2.792102E-07 6.770384E-07 -1 -2.043952E-07 0 -1 2.890596E-07 0 -1 0 -3.808325E-07 -1 2.792102E-07 -1.354071E-06 -1 -4.237406E-07 0 -1 5.295435E-07 0 -1 -2.890598E-07 2.031106E-06 -1 7.897273E-07 1.354071E-06 -1 -4.237406E-07 3.385244E-07 -1 -6.281342E-07 0 -1 0 -1.01556E-06 -1 -4.64598E-07 -6.770384E-07 -1 -2.043952E-07 0 -1 5.584118E-07 6.770386E-07 -1 -4.836091E-07 0 -1 0 1 0 -5.186232E-07 1 0 -5.186224E-07 1 0 -1.026147E-07 1 0 0 1 0 0 1 0 0 1 0 0 1 0 0 1 0 0 1 0 -1.781859E-07 1 0 0 1 0 -2.593053E-07 1 0 0 1 0 0 1 0 0 1 3.017684E-06 -1.7965E-06 1 0 -2.118147E-07 1 -1.800344E-06 1.580412E-06 1 0 -1.070398E-07 1 -1.506908E-07 0 1 -3.064457E-07 -4.046845E-07 1 6.615617E-07 -2.9632E-07 1 1.235508E-06 -1.494141E-06 1 -1.040276E-06 2.123266E-07 1 8.67384E-07 -9.855841E-07 1 -3.394227E-07 -9.701686E-07 1 3.476797E-06 2.439969E-06 -1 0 -5.186232E-07 -1 0 -1.026147E-07 -1 0 -5.186224E-07 -1 0 0 -1 0 0 -1 0 0 -1 0 0 -1 0 0 -1 0 0 -1 0 -1.781859E-07 -1 0 0 -1 0 -2.593053E-07 -1 0 0  
					<Tangents>: 924 -1 0 0 -1 0 0 -1 0 0 -1 0 0 -1 0 0 0 0 -1 0 0 -1 0 0 -1 0 0 -1 0 0 -1 0 0 -1 0 0 -1 0 0 -1 0 0 -1 0 -0.965928 0.258811 0 -0.9659281 0.2588109 0 -0.8660278 0.4999959 0 -0.8660276 0.4999962 0 -0.4999989 0.866026 0 -0.499999 0.866026 0 0 1 0 0.08896846 0.9960344 0 0.5000013 0.8660247 0 0.5000018 0.8660244 0 0.08896939 0.9960343 0 0.8660244 0.5000018 0 0 1 0 0.8660246 0.5000015 0 -0.4999992 0.8660259 0 1 0 0 -0.499999 0.866026 0 1 0 0 0.8660235 -0.5000034 0 0.8660231 -0.5000041 0 -0.866028 0.4999957 0 -0.8660276 0.4999962 0 -0.965928 0.258811 0 -0.9659281 0.2588109 0 0.5000019 -0.8660243 0 0.5000011 -0.8660248 0 0.08896627 -0.9960346 0 0 -1 0 -0.5000009 -0.8660249 0 -0.5000011 -0.8660248 0 0.08896638 -0.9960346 0 0 -1 0 -0.500001 -0.8660249 0 -0.500001 -0.8660248 0 -0.8660249 -0.500001 0 -0.8660246 -0.5000015 0 -0.9659268 -0.2588153 0 -0.9659265 -0.2588166 0 -0.8660247 -0.5000013 0 -0.8660249 -0.500001 0 -0.9659268 -0.2588153 0 -0.9659265 -0.2588166 0 -0.9083167 -0.418283 0 -0.9083167 -0.418283 0 -0.9083169 -0.4182826 0 -0.9083169 -0.4182826 0 -0.9083174 -0.4182818 0 -0.9083174 -0.4182818 0 -0.2588127 0.9659275 0 -0.2588124 0.9659276 0 -0.5000008 0.866025 0 -0.5000001 0.8660254 0 -0.8660281 0.4999953 0 -0.8660271 0.499997 0 -1 0 0 -1 0 0 -0.8660287 -0.4999945 0 -0.8660254 -0.5 0 -0.500001 -0.8660248 0 -0.5000002 -0.8660253 0 0 -1 0 0 -1 0 0.4999979 -0.8660266 0 0.4999976 -0.8660268 0 0.8660265 -0.4999981 0 0.8660248 -0.5000011 0 1 0 0 1 0 0 0.8660255 0.4999998 0 0.8660275 0.4999964 0 0.5000002 0.8660253 0 0.5000015 0.8660246 0 0.2588104 0.9659282 0 0.2588111 0.965928 0 0.9998932 -0.01461785 0 0.9715192 0.2369608 0 0.8986841 0.4385965 0 0.8986825 0.4385997 0 0.9998932 -0.01461525 0 0.9715192 0.2369608 0 0.8421041 -0.539315 0 0.8421057 -0.5393124 0 0.4325328 -0.9016182 0 0.4325334 -0.9016179 0 0.331769 0.9433607 0 0.3317689 0.9433607 0 0.09713534 -0.9952711 0 0 1 0 0 1 0 0 1 0 0 1 0 0 1 0 0 1 0 0 1 0 0 1 0 0 1 0 0 1 0 0.0971349 -0.9952713 0 0 1 0 0 1 0 0 1 0 0 -1 0 0 -1 0 0 -1 0 0 -1 0 0 -1 0 0 -1 0 0 -1 0 0 -1 0 0 -1 0 0 1 0 0 1 0 0 1 0 0 1 0 0 1 0 0 1 0 0 1 0 0 1 0 0 1 0 -0.908317 -0.4182824 0 -0.9083167 -0.4182833 0 -0.9083167 -0.4182833 0 -0.908317 -0.4182825 0 -0.9083174 -0.4182818 0 -0.9083174 -0.4182818 0 -0.5000007 0.866025 0 -0.2588124 0.9659276 0 -0.2588126 0.9659275 0 -0.5000001 0.8660254 0 -0.8660282 0.4999951 0 -0.8660271 0.499997 0 -1 0 0 -1 0 0 -0.8660285 -0.4999945 0 -0.8660254 -0.5 0 -0.5000011 -0.8660248 0 -0.5000002 -0.8660253 0 0 -1 0 0 -1 0 0.4999979 -0.8660266 0 0.4999976 -0.8660269 0 0.8660269 -0.4999975 0 0.8660249 -0.5000008 0 1 0 0 1 0 0 0.8660254 0.4999999 0 0.8660274 0.4999967 0 0.5000002 0.8660253 0 0.5000016 0.8660244 0 0.2588105 0.9659282 0 0.2588111 0.965928 0.9659257 0 -0.2588195 0.9914448 0 -0.1305271 0.9914448 0 -0.1305275 0.9659256 0 -0.2588198 0.8660251 0 -0.5000005 0.8660253 0 -0.5000003 0.7071065 0 -0.7071069 0.7071066 0 -0.7071069 0.4999999 0 -0.8660254 0.5 0 -0.8660254 0.2588185 0 -0.9659259 0.2588179 0 -0.9659262 0 0 -1 0 0 -1 -0.2588179 0 -0.9659261 -0.2588183 0 -0.9659261 -0.5000001 0 -0.8660254 -0.4999995 0 -0.8660257 -0.7071065 0 -0.707107 -0.7071064 0 -0.7071072 -0.8660253 0 -0.5000004 -0.866025 0 -0.5000007 -0.9659256 0 -0.2588197 -0.9659257 0 -0.2588192 -1 0 0 -1 0 0 -0.9659256 0 0.2588198 -0.9659257 0 0.2588192 -0.8660251 0 0.5000007 -0.8660251 0 0.5000005 -0.7071066 0 0.7071069 -0.7071064 0 0.7071072 -0.4999996 0 0.8660257 -0.4999997 0 0.8660255 -0.2588181 0 0.9659261 -0.2588181 0 0.9659261 0 0 1 0 0 1 0.2588179 0 0.9659262 0.2588185 0 0.9659259 0.4999997 0 0.8660256 0.4999999 0 0.8660254 0.7071066 0 0.7071069 0.7071065 0 0.707107 0.8660253 0 0.5000004 0.8660253 0 0.5000004 0.9659256 0 0.2588196 0.9659256 0 0.2588198 0.9914448 0 0.1305271 0.9914448 0 0.1305275 -0.1906421 -0.5918125 -0.7832072 -0.05407782 -0.2891918 -0.9557425 0 -0.5919142 -0.806001 -0.2574105 -0.287638 -0.9224989 -0.4030051 -0.591911 -0.6980173 -0.2354351 0.3660185 -0.9003337 0 0.3660237 -0.9306056 -0.01151545 0.9124571 -0.4090101 -0.4639573 -0.2876075 -0.8378697 -0.6772196 -0.2876528 -0.677222 -0.5699284 -0.5919142 -0.5699291 -0.6980215 -0.5919126 -0.4029956 -0.4754577 0.365997 -0.7999913 -0.1116005 0.9119369 -0.3948623 0.1055942 0.9024872 0.4175726 0 0.9025031 0.4306831 0.02259754 0.6056125 0.7954388 0.2171258 0.6042964 0.7666044 0.2153421 0.9025031 0.3729823 0.3983802 0.604333 0.6899818 0.5553247 0.6042925 0.5713538 -0.2100089 0.9119363 -0.3525172 0.3088312 0.9024863 0.3002362 0.6842791 0.604293 0.4081569 -0.6540764 0.3660203 -0.6619768 -0.2940873 0.9119378 -0.2861502 0.3760206 0.9024861 0.210065 0.7666031 0.6042902 0.2171472 -0.7942339 0.3659292 -0.4850654 -0.3581228 0.9119375 -0.2002946 0.4175775 0.9024856 0.1055876 0.7966818 0.6042916 0.0113886 -0.8378708 -0.2876082 -0.4639547 -0.8927187 0.3659274 -0.2629647 -0.3977636 0.9119369 -0.1007724 -0.926953 -0.2876426 -0.2408735 -0.7832087 -0.5918077 -0.1906506 0.4306763 0.9024861 -0.006059938 0.7724681 0.6042947 -0.1952457 -0.9305922 0.3660147 -0.005612061 -0.9577355 -0.2876503 0 -0.8060039 -0.5919102 0 -0.7785373 -0.5919132 0.2086109 -0.410295 0.9119356 0.005607798 0.4144259 0.9024866 -0.1173411 0.6899908 0.6043322 -0.3983657 -0.9294007 -0.2876081 0.2312917 -0.8942634 0.3659668 0.2576071 -0.3963207 0.9119501 0.1061933 -0.8426473 -0.287544 0.4552627 -0.6886243 -0.591809 0.4189971 -0.3581294 0.9119354 0.2002923 0.3729835 0.9025034 -0.2153393 -0.2901284 0.9119513 0.2901213 -0.794235 0.365926 0.485066 -0.6892636 -0.2876079 0.6649792 -0.5699309 -0.5919135 0.5699275 -0.4190065 -0.591809 0.6886185 0.3088325 0.902486 -0.300236 0.5553281 0.6042925 -0.5713504 0.2206042 0.9024857 -0.3699369 0.3885226 0.6042925 -0.6956154 -0.6456646 0.3659694 0.6702115 -0.470248 -0.2876366 0.8343452 -0.2086226 -0.591913 0.7785341 -0.4653042 0.3660232 0.8059275 -0.2051493 0.9119517 0.3553277 0.1114793 0.9025029 -0.4160059 0.2062017 0.6043327 -0.7695861 0 0.6043351 -0.7967303 -0.1116086 0.9119374 0.3948591 -0.2522188 0.3659994 0.8957847 -0.2312956 -0.2876092 0.9293994 0 0.9025045 -0.4306804 0 -0.2876511 0.9577353 0 -0.591912 0.8060027 0.2085986 -0.591913 0.7785407 0 0.3660253 0.9306049 0 0.911951 0.4102992 -0.1114564 0.9025026 -0.4160128 -0.2062476 0.6043316 -0.7695748 -0.3885747 0.6042939 -0.6955851 0.231291 -0.2876092 0.9294006 0.2521735 0.3659998 0.8957971 0.1116032 0.9119375 0.3948606 -0.2206284 0.9024858 -0.3699222 -0.5553644 0.604293 -0.5713146 0.4702443 -0.2876366 0.8343474 0.4190073 -0.5918091 0.6886182 0.4653063 0.3660228 0.8059264 0.6892647 -0.2876082 0.6649781 0.5699391 -0.5919139 0.5699188 0.688613 -0.5918093 0.4190154 0.2051591 0.9119515 0.3553226 0.2901317 0.9119513 0.290118 -0.3088328 0.902486 -0.3002357 -0.6900028 0.6043306 -0.3983476 0.6456459 0.3659694 0.6702296 0.8426417 -0.2875443 0.4552729 0.7785347 -0.5919131 0.2086209 0.7942406 0.3659253 0.4850573 -0.3729843 0.902503 -0.2153396 0.3581405 0.9119351 0.2002746 -0.4144241 0.9024863 -0.1173509 -0.772468 0.6042938 -0.195249 0.8942604 0.3659669 0.2576171 0.929399 -0.2876079 0.2312994 0.3963198 0.9119502 0.1061954 -0.4306755 0.9024864 -0.006088888 -0.7966812 0.6042934 0.01133741 0.9577355 -0.2876504 0 0.8060039 -0.5919102 0 0.7832109 -0.5918072 -0.1906435 0.9305919 0.3660151 -0.005614709 0.4102947 0.9119359 0.005598102 -0.4175753 0.9024857 0.1055956 -0.7665955 0.6042899 0.2171753 0.9269534 -0.2876423 -0.2408718 0.6980175 -0.5919129 -0.4030021 0.397763 0.9119372 -0.1007726 -0.3760253 0.902486 0.2100574 -0.6842949 0.6042927 0.4081309 0.89272 0.3659283 -0.2629589 0.3581265 0.9119377 -0.2002876 0.8378681 -0.2876085 -0.4639595 0.6772208 -0.2876526 -0.6772206 0.5699284 -0.5919142 -0.569929 0.4030074 -0.591911 -0.6980161 0.794234 0.3659296 -0.4850648 -0.308833 0.9024863 0.3002345 -0.5553163 0.6042923 0.5713621 0.2940796 0.9119378 -0.2861582 -0.2153407 0.9025031 0.3729835 -0.3984356 0.6043323 0.6899503 -0.2171514 0.6042956 0.7665977 0.6540769 0.3660205 -0.6619761 0.2100195 0.9119363 -0.3525108 -0.1055789 0.9024869 0.4175769 -0.0225858 0.6056119 0.7954397 0 0.9025022 0.4306853 0.0115097 0.9124569 -0.4090109 0.1116233 0.9119368 -0.3948565 0.4754455 0.3659976 -0.7999984 0.2354314 0.3660182 -0.9003348 0 0.366023 -0.9306058 0.0540874 -0.289192 -0.9557419 0.4639639 -0.2876073 -0.8378661 0.2574024 -0.2876379 -0.9225012 0.1906257 -0.5918122 -0.7832114 0 -0.5919148 -0.8060006 0 0 -1 0 0 -1 0 0 -1 0 0 -1 0 0 -1 0 0 -1 0 0 -1 0 0 -1 0 0 -1 0 0 -1 0 0 -1 0 0 -1 0 0 -1 0 0 -1 0 0 -1 0 0 -1 0 0 -1 0 0 -1 0 0 -1 0 0 -1 0 0 -1 0 0 -1 0 0 -1 0 0 -1 0 0 -1 0 0 -1 0 0 -1 0 0 -1 0 0 -1 0 0 -1 0 0 -1 -0.9551413 0 0.2961504 -0.8806137 0 0.473835 -0.9551412 0 0.2961508 -0.9941888 0 0.1076503 -0.880613 0 0.4738362 -0.9941889 0 0.1076491 -0.7283058 0 0.6852523 -0.7283058 0 0.6852523 -0.4378796 0 0.8990335 -0.4378786 0 0.899034 -1 0 0 -1 0 0 -0.994189 0 -0.107649 -0.9941888 0 -0.1076502 -0.121648 0 0.9925733 -0.1216477 0 0.9925733 0 0 1 -0.9551414 0 -0.2961502 -0.9551412 0 -0.2961506 -0.8806137 0 -0.473835 -0.880613 0 -0.4738362 -0.7283059 0 -0.6852522 -0.7283058 0 -0.6852523 -0.4378799 0 -0.8990335 -0.4378786 0 -0.8990341 -0.1216482 0 -0.9925733 -0.1216477 0 -0.9925733 0 0 -1 0 0 1 0 0 -1 0 0 1 0 0 1 0 0 1 0 0 1 0 0 1 0 0 1 0 0 1 0 0 1 0 0 1 0 0 1 0 0 1 0 0 1 0 0 1 0 0 1 0.7071069 0 0.7071066 0.8660235 0 0.5000033 0.7071081 0 0.7071055 0.5341721 0.001198935 0.8453749 0.8660246 0 0.5000015 0.9659256 0 0.2588201 0.9659257 0 0.2588193 0.9914449 0 0.1305266 0.9914448 0 0.1305271 0.9659257 0 0.2588193 0.9914446 0 0.1305281 0.9914446 0 0.1305279 0.9659256 0 0.2588198 0.8660254 0 0.5 0.8660257 0 0.4999995 0.7071068 0 0.7071068 0.7071065 0 0.707107 0.4999997 0 0.8660256 0.5000001 0 0.8660253 0.4861432 0 0.8738793 0.2588167 0 0.9659265 0.2588171 0 0.9659264 0 0 1 0.2609077 0 0.9653637 0.3456161 0.003857594 0.9383681 0.2588165 0 0.9659265 0 0 1 0.02718066 -0.001734173 0.999629 0.03477238 0 0.9993953 -0.2588166 0 0.9659265 0 0 1 -0.2588173 0 0.9659263 -0.258817 0 0.9659264 -0.5000003 0 0.8660253 -0.2588172 0 0.9659264 -0.4999998 0 0.8660256 0 0 1 -0.2588163 0 0.9659266 -0.4999999 0 0.8660254 -0.7071068 0 0.7071068 -0.4999995 0 0.8660257 -0.7071062 0 0.7071073 -0.2588163 0 0.9659266 -0.5000006 0 0.8660251 -0.500001 0 0.8660249 -0.7071062 0 0.7071074 -0.8660254 0 0.5 -0.7071072 0 0.7071064 -0.8660254 0 0.5 -0.7071058 0 0.7071077 -0.7071054 0 0.7071081 -0.8660248 0 0.500001 -0.9659256 0 0.2588197 -0.8660255 0 0.4999999 -0.9659257 0 0.2588195 -0.8660251 0 0.5000007 -0.9659256 0 0.2588198 -1 0 0 -0.8660249 0 0.5000008 -0.9659256 0 0.2588199 -0.9659256 0 0.2588197 -1 0 0 -0.9659257 0 0.2588195 -1 0 0 -1 0 0 -0.9659256 0 -0.2588196 -1 0 0 -0.9659256 0 -0.2588197 -0.8660255 0 -0.4999998 -0.8660254 0 -0.5 -0.9659257 0 -0.2588195 -0.9659258 0 -0.258819 -1 0 0 -0.9659256 0 -0.2588196 -0.9659256 0 -0.2588199 -0.7071074 0 -0.7071061 -0.7071068 0 -0.7071068 -0.8660251 0 -0.5000005 -0.8660258 0 -0.4999995 -0.8660249 0 -0.5000009 -0.8660251 0 -0.5000006 -0.5000003 0 -0.8660253 -0.5000004 0 -0.8660253 -0.7071064 0 -0.7071072 -0.7071061 0 -0.7071074 -0.7071056 0 -0.7071078 -0.7071062 0 -0.7071073 -0.2588173 0 -0.9659263 -0.2588169 0 -0.9659264 0 0 -1 -0.5000006 0 -0.8660251 -0.4999994 0 -0.8660258 -0.4999996 0 -0.8660256 -0.5000006 0 -0.8660251 -0.2588164 0 -0.9659265 0 0 -1 -0.2588172 0 -0.9659264 -0.2588164 0 -0.9659265 -0.2588166 0 -0.9659265 0.02718049 0.001734283 -0.999629 0.03477246 0 -0.9993953 0.3456161 -0.003857506 -0.9383681 0 0 -1 0.260908 0 -0.9653637 0.5341725 -0.001199089 -0.8453746 0 0 -1 0.2588169 0 -0.9659264 0.4861435 0 -0.873879 0.2588168 0 -0.9659264 0.2588169 0 -0.9659264 0.4999999 0 -0.8660255 0.5000002 0 -0.8660253 0.7071069 0 -0.7071066 0.7071066 0 -0.7071069 0.7071074 0 -0.7071061 0.8660235 0 -0.5000034 0.7071064 0 -0.7071071 0.8660246 0 -0.5000015 0.9659256 0 -0.2588201 0.8660254 0 -0.5000001 0.8660257 0 -0.4999995 0.9659256 0 -0.2588198 0.9659257 0 -0.2588193 0.9914449 0 -0.1305266 0.9914448 0 -0.1305271 0.9659257 0 -0.2588192 0.9914446 0 -0.1305279 0.9914446 0 -0.1305281 -1 0 0 -1 0 0 -1 0 0 -1 0 0 -1 0 0 -1 0 0 -1 0 0 -1 0 0 -1 0 0 -1 0 0 -1 0 0 -1 0 0 -1 0 0 -1 0 0 -1 0 0 -1 0 0 -1 0 0 -1 0 0 -1 0 0 -1 0 0 -1 0 0 -1 0 0 -1 0 0 -1 0 0 -1 0 0 -1 0 0 -1 0 0 -1 0 0 -1 0 0 -1 0 0 -1 0 0 -1 0 0 -1 0 0 -1 0 0 -1 0 0 -1 0 0 -1 0 0 -1 0 0 -1 0 0 -1 0 0 -1 0 0 -1 0 0 -1 0 0 -1 0 0 -1 0 0 -1 0 0 -1 0 0 -1 0 0 -0.5135911 -0.8496868 -0.1194004 -0.8909267 -0.4541471 0 -0.5270759 -0.8498183 0 -0.5135921 -0.8496867 0.1193965 -0.8581451 -0.454126 -0.2394923 -0.4564559 -0.8498187 -0.2635454 -0.8613192 -0.4541452 0.2277747 -0.4564601 -0.8498188 0.2635378 -0.9419771 0.335677 0 -0.7715675 -0.4541469 0.4454595 -0.9066339 0.3356504 0.2556438 -0.6299807 -0.4541466 0.6299803 -0.3726983 -0.8498192 0.3726972 -0.2635293 -0.8498176 0.4564672 -0.6620529 0.3356718 0.6700824 -0.445462 -0.4541449 0.7715672 -0.8129358 0.3356735 0.4758768 -0.2305885 -0.454146 0.8605699 -0.1364166 -0.8498181 0.5091165 -0.03503159 -0.8513567 0.5234164 -0.02450272 -0.4553157 0.8899928 -0.2438026 0.3356763 0.9098801 -0.01134905 0.3361315 0.9417466 -0.4660852 0.3356712 0.8185899 -0.1129133 0.8998316 0.421371 0 0.899832 0.4362366 -0.2230326 0.8998169 0.3749479 -0.3124746 0.8998174 0.3044473 0.1163737 0.8932146 -0.4343096 0 0.8932125 -0.4496347 0.02259354 0.5690903 -0.8219646 0.2130593 0.5678443 -0.7950841 0.401732 0.5678084 -0.7184741 0.2300646 0.8931985 -0.3863505 0.5739968 0.5678079 -0.5900185 0.3222218 0.8931981 -0.3136401 0.7128687 0.5678465 -0.4115443 -0.3806234 0.8998182 0.2131971 0.3893988 0.8932153 -0.2248001 -0.4213749 0.8998315 0.1129 0.4327248 0.8931984 -0.1222526 0.7979607 0.5678096 -0.2021161 -0.4362366 0.899832 0 0.4496292 0.8932154 0 0.823134 0.5678472 0 0.7950913 0.5678467 0.2130257 -0.9098835 0.3356771 -0.2437889 -0.4213764 0.8998314 -0.1128952 0.434311 0.8932155 0.1163616 -0.3806302 0.8998182 -0.2131854 0.3924235 0.8931977 0.219549 0.7071561 0.5678059 0.421339 0.3222333 0.8931981 0.3136286 0.574008 0.5678073 0.5900082 -0.8129308 0.3356738 -0.4758849 0.2300677 0.8931984 0.3863491 0.4017272 0.5678086 0.7184766 0.1163807 0.8932151 0.4343067 0.2130439 0.5678457 0.7950872 0 0.5678473 0.8231339 -0.3124844 0.8998182 -0.3044352 -0.2230469 0.8998174 -0.3749383 -0.7715629 -0.4541464 -0.4454679 -0.6449078 -0.4540449 -0.614766 -0.3601893 -0.8496873 -0.3850912 -0.445453 -0.4541464 -0.7715715 -0.2635338 -0.8498185 -0.4564629 -0.1364131 -0.8498187 -0.5091165 -0.6533027 0.3356244 -0.6786397 -0.4660934 0.3356718 -0.818585 -0.1129137 0.8998316 -0.421371 -0.2438176 0.3356759 -0.9098762 -0.230587 -0.454147 -0.8605696 0 -0.4541464 -0.8909271 0 -0.8498191 -0.5270747 0.1364189 -0.8498189 -0.5091146 0 0.3356772 -0.941977 0 0.8998311 -0.4362385 0 0.8932163 0.4496271 -0.1163735 0.8932149 0.4343091 -0.2130438 0.5678449 0.7950876 -0.4017518 0.5678084 0.718463 0.1129065 0.8998316 -0.421373 0.243802 0.3356759 -0.9098803 0.2305892 -0.4541472 -0.8605689 0.445463 -0.4541467 -0.7715656 0.2635474 -0.8498189 -0.4564545 0.3602062 -0.8496877 -0.3850745 -0.2300814 0.8931981 0.3863412 -0.5740162 0.5678068 0.5900006 0.2230277 0.8998175 -0.3749494 0.4660753 0.3356719 -0.8185953 -0.3222343 0.893198 0.313628 -0.7071652 0.5678075 0.4213217 0.6449144 -0.4540449 -0.614759 0.4564632 -0.8498189 -0.2635324 0.6532919 0.3356243 -0.6786502 0.312479 0.8998182 -0.3044406 -0.3924227 0.893198 0.2195489 -0.7950815 0.5678472 0.2130613 0.8129188 0.3356743 -0.4759052 0.3806222 0.8998182 -0.2131988 0.7715676 -0.4541464 -0.4454599 0.8581483 -0.454126 -0.239481 0.5135882 -0.849687 -0.1194113 -0.4343046 0.8932155 0.1163846 0.9098805 0.3356772 -0.2437998 0.8909267 -0.4541471 0 0.5270759 -0.8498183 0 0.5135925 -0.8496867 0.1193959 -0.4496292 0.8932153 0 -0.823134 0.5678472 0 -0.7979627 0.5678096 -0.2021087 0.4213703 0.8998314 -0.1129186 0.9419771 0.335677 0 0.8613199 -0.4541453 0.2277717 0.4564629 -0.8498187 0.2635331 0.4362366 0.899832 0 -0.4327284 0.8931986 -0.1222391 -0.712854 0.5678474 -0.4115685 0.9066363 0.3356497 0.255636 0.7715657 -0.4541471 0.4454626 0.421374 0.8998313 0.1129055 -0.3893908 0.8932155 -0.224813 0.3806213 0.8998182 0.2132004 -0.3222278 0.8931984 -0.3136337 -0.5740203 0.5678087 -0.5899948 0.8129316 0.3356737 0.4758838 0.3124731 0.8998175 0.3044488 0.6299835 -0.4541466 0.6299775 0.3727028 -0.8498193 0.3726926 0.2635388 -0.8498177 0.4564617 0.6620456 0.3356718 0.6700895 -0.2300852 0.8931984 -0.3863385 -0.4017696 0.5678086 -0.7184529 0.2230314 0.899817 0.3749485 0.4454664 -0.454145 0.7715647 -0.1163727 0.8932147 -0.4343098 -0.2130133 0.5678443 -0.7950964 -0.02259606 0.5690905 -0.8219644 0 0.8932126 -0.4496346 0 0.899832 0.4362366 0.1129091 0.8998317 0.4213722 0.011346 0.3361315 0.9417467 0.4660797 0.3356712 0.818593 0.2438203 0.3356763 0.9098753 0.02450136 -0.4553156 0.889993 0.2305899 -0.4541459 0.8605695 0.03503669 -0.8513567 0.5234159 0.1364168 -0.8498181 0.5091166 0 0.01208002 0.999927 0 0.0308007 0.9995255 -0.03923221 -0.01640773 0.9990954 0 -0.01662373 0.9998618 0 -0.06255011 0.9980419 -0.06198824 -0.0159109 0.99795 0 -0.06991463 0.9975531 0 -0.0793648 0.9968455 0 -0.1660207 0.9861223 0 -0.03651645 0.999333 0 -0.1116725 0.9937451 0 -0.1104252 0.9938844 0 -0.1737704 0.9847862 0 -0.1731317 0.9848987 0 -0.1743045 0.9846918 0 -0.1744563 0.9846649 0 -0.174439 0.984668 0 -0.1718352 0.9851257 0 -0.1740596 0.9847351 0 -0.1740821 0.9847311 0 -0.167696 0.9858387 0 -0.03478824 0.9993948 0 -0.1710552 0.9852615 -0.1038788 -0.01890551 0.9944103 -0.1414541 -0.01420632 0.989843 -0.3863507 0 0.9223519 -0.4181664 -0.004072845 0.9083613 -0.6729451 0 0.7396925 -0.2160092 0 0.9763914 -0.2588168 0 0.9659264 -0.4837231 0.001327717 0.8752201 -0.5 0 0.8660254 -0.7071059 0 0.7071075 -0.6739116 0 0.738812 -0.8456462 0 0.5337439 -0.7104494 0 0.7037482 -0.8660246 0 0.5000014 -0.8381903 0.002012456 0.5453743 -0.9396529 0 0.3421293 -0.8739017 -0.001013801 0.4861016 -0.9659258 0 0.2588191 -0.935295 0.001230784 0.3538668 -0.9682947 0 0.2498105 -0.9808865 -0.001404287 0.1945758 -0.9696987 0 0.2443042 -1 0 0 -1 0 0 -1 0 0 -0.9659258 0 -0.2588191 -0.9808865 0.001404317 -0.1945759 -0.9696987 0 -0.2443042 -0.8739017 0.001013814 -0.4861016 -0.8660246 0 -0.5000014 -0.9352949 -0.001230715 -0.3538668 -0.9682947 0 -0.2498105 -0.9396529 0 -0.3421293 -0.8381901 -0.002012443 -0.5453743 -0.8456461 0 -0.533744 -0.7104494 0 -0.7037482 -0.7071059 0 -0.7071076 -0.6739116 0 -0.738812 -0.6729451 0 -0.7396925 -0.4837231 -0.001327715 -0.8752201 -0.5 0 -0.8660254 -0.2588169 0 -0.9659264 -0.4173744 0.001845429 -0.9087327 -0.3863507 0 -0.9223519 -0.2155028 -0.002440301 -0.9765002 -0.06198872 0.01547329 -0.9979569 -0.1406322 0.0104034 -0.9900073 -0.1038789 0.01876448 -0.994413 -0.03920507 0.01502381 -0.9991183 0 0.06215752 -0.9980664 0 0.03500403 -0.9993871 0 0.1713775 -0.9852055 0 0.1693779 -0.9855512 0 -0.03100325 -0.9995192 0 -0.01228899 -0.9999245 0 0.01643937 -0.9998648 0 0.06969831 -0.9975681 0 0.07917931 -0.9968604 0 0.1656226 -0.9861893 0 0.0362059 -0.9993443 0 0.1719278 -0.9851096 0 0.1113579 -0.9937803 0 0.1090967 -0.9940311 0 0.1727697 -0.9849622 0 0.1735804 -0.9848198 0 0.1736057 -0.9848152 0 0.1726199 -0.9849885 0 0.1740297 -0.9847404 0 0.1736614 -0.9848054 0 0.173743 -0.984791 1 0 0 1 0 0 1 0 0 1 0 0 1 0 0 1 0 0 1 0 0 1 0 0 1 0 0 1 0 0 1 0 0 1 0 0 1 0 0 1 0 0 1 0 0 1 0 0 1 0 0 1 0 0 1 0 0 1 0 0 1 0 0 1 0 0 1 0 0 1 0 0 1 0 0 0 0.9659292 0.2588065 0 0.9659308 0.2588003 0 0.9659253 0.2588213 0 0.9659205 0.2588388 0 0.965933 0.2587925 0 0.965919 0.2588447 0 0.9659299 0.2588037 0 0.9659282 0.2588104 0 0.9659212 0.2588366 0 0.965928 0.2588113 0 0.9659177 0.2588495 0 0.9659243 0.2588249 0 0.9659213 0.2588362 0 0 -1 0 0 -1 0 0 -1 0 0 -1 0 0 -1 0 0 -1 0 0 -1 0 0 -1 0 0 -1 0 0 -1 0 0 -1 0 0 -1 0 0 -1 0 0 -1 0 -0.2588298 -0.965923 0 -0.2588259 -0.965924 0 -0.2588215 -0.9659252 0 -0.2588348 -0.9659216 0 -0.2588207 -0.9659254 0 -0.2588301 -0.9659228 0 -0.2588383 -0.9659207 0 -0.2588142 -0.9659272 0 -0.2588326 -0.9659222 0 -0.258806 -0.9659293 0 -0.2588252 -0.9659241 0 -0.2588215 -0.9659252 0 -0.2588362 -0.9659212  
					<BiTangents>: 924 0 0.4551896 0.8903946 0 0.4551896 0.8903945 0 0.4551896 0.8903946 0 0.4551896 0.8903945 0 0.4551896 0.8903946 0 1 0 -1.932318E-07 1 0 -2.924544E-07 1 0 0 1 0 0 1 0 0 1 0 0 1 0 0 1 0 0 1 0 1 0 0 1 0 0 1 0 0 1 0 0 1 0 0 1 0 0 1 0 0 1 0 0 1 0 0 1 0 0 1 0 0 1 0 0 1 0 0 1 0 0 1 0 0 1 0 0 1 0 0 1 0 0 1 0 0 1 0 0 1 0 0 1 0 0 1 0 0 1 0 0 1 0 0 1 0 0 1 0 0 1 0 0 1 0 0 1 0 0 1 0 0 1 0 0 1 0 0 1 0 0 1 0 0 1 0 0 1 0 0 1 0 0 1 0 0 1 0 0 1 0 0 1 0 0 1 0 0 1 0 0 1 0 0 1 0 0 1 0 0 1 0 0 1 0 0 1 0 0 1 0 0 1 0 0 1 0 0 1 0 0 1 0 0 1 0 -7.792833E-07 1 -9.981063E-07 1.728796E-06 1 1.947449E-07 -3.373081E-07 1 -1.391267E-06 8.032508E-07 1 0 0 1 0 0 1 0 0 1 0 0 1 1.704471E-07 9.840705E-08 1 0 0 1 1.447762E-07 2.507591E-07 1 0 0 1 0 0 1 0 0 1 0 0 1 0 0 1 0 0 1 0 0 1 0 0 -1 0 0 -1 0 0 -1 0 0 -1 0 0 -1 0 0 -1 0 0 -1 0 0 -1 0 0 -1 0 0 -1 0 0 -1 0 0 -1 0 0 -1 0 0 -1 0 0 -1 0 0 -1 0 0 -1 0 0 -1 0 0 -1 0 0 -1 0 0 -1 0 0 -1 0 0 -1 0 0 -1 0 0 -1 0 0 -1 0 0 -1 0 0 -1 0 0 -1 0 0 -1 0 0 -1 0 0 -1 0 0 -1 0 0 -1 0 0 -1 0 0 -1 0 0 0 1 0 0 1 0 0 1 0 0 1 0 0 1 0 0 1 0 0 1 0 0 1 0 0 1 0 1 0 0 1 0 0 1 0 0 1 0 0 1 0 0 1 0 0 1 0 0 1 0 0 1 0 0 1 0 0 1 0 0 1 0 0 1 0 0 1 0 7.792834E-07 1 9.981064E-07 -1.728796E-06 1 -1.947449E-07 3.373081E-07 1 1.391267E-06 -8.032508E-07 1 0 0 1 0 0 1 0 0 1 0 0 1 0 0 1 1.447777E-07 2.507641E-07 1 0 0 1 0 1.968205E-07 1 0 0 1 0 0 1 0 0 1 0 0 1 0 0 1 0 0 1 0 0 0 1 0 0 1 0 0 1 0 0 1 0 0 1 0 0 1 0 0 1 0 0 1 0 0 1 0 0 1 0 0 1 0 0 1 0 0 1 0 0 1 0 0 1 0 0 1 0 0 1 0 0 1 0 0 1 0 0 1 0 0 1 0 0 1 0 0 1 0 0 1 0 0 1 0 0 1 0 0 1 0 0 1 0 0 1 0 0 1 0 0 1 0 0 1 0 0 1 0 0 1 0 0 1 0 0 1 0 0 1 0 0 1 0 0 1 0 0 1 0 0 1 0 0 1 0 0 1 0 0 1 0 0 1 0 0 1 0 0 1 0 0 1 0 0 1 0 0 1 0 -0.9696316 -0.01098849 0.2443233 -0.9978194 -0.02062328 0.06269887 -0.9969775 -0.06261852 0.04598603 -0.9634298 0.002841456 0.2679458 -0.8660235 1.492606E-06 0.5000034 -0.9672619 0.002055415 0.2537723 -0.9988409 0.04479308 0.01761791 -0.9928028 0.03832977 0.1134614 -0.8741041 -0.004929364 0.4857135 -0.7071075 -2.575893E-06 0.7071061 -0.7071052 -3.790357E-06 0.7071084 -0.4999951 2.893895E-06 0.8660283 -0.8604921 -0.004304938 0.5094456 -0.9653156 -0.005106101 0.2610359 -0.9665856 -0.005486978 0.2562853 -0.9930151 -0.05081528 0.1064842 -0.9965937 -0.04947398 0.06597946 -0.9635306 0.006838708 0.2675106 -0.8660251 4.407764E-07 0.5000005 -0.8660184 8.800912E-06 0.5000122 -0.7134469 -0.006849478 0.7006758 -0.86486 -0.005120114 0.501987 -0.7052428 0.005485051 0.7089447 -0.5077893 -0.006848997 0.8614541 -0.7107713 0.002046531 0.7034202 -0.7054658 -0.005117273 0.7087255 -0.4977194 0.005494831 0.8673207 -0.2675275 -0.006850325 0.9635259 -0.5183742 0.008403733 0.8551126 -0.4980019 -0.005107963 0.8671609 -0.2562815 0.005493559 0.9665866 -0.009073479 -0.006882742 0.9999352 -0.4857109 0.004929013 0.8741056 -0.2793821 0.008401048 0.9601433 -0.2565909 -0.005115887 0.9665065 -0.252108 0.002085008 0.9676968 -0.2443283 0.01098233 0.9696304 0.002610317 0.005468921 0.9999816 0.2500774 -0.006850333 0.9682016 -0.005222446 0.002054575 0.9999842 0 0 1 -2.850098E-07 3.880978E-07 1 0.2588204 2.017508E-06 0.9659254 0.002301027 -0.005113969 0.9999843 0.2613436 0.005488876 0.9652302 0.4999985 1.340573E-06 0.8660262 0.2429285 -0.00492899 0.9700317 0.2743999 -0.006360827 0.9615946 0.2588181 6.85347E-08 0.9659261 0.4773774 -0.007782462 0.8786639 0.5128626 0.01097943 0.8584006 0.4980003 0.005112989 0.8671618 0.4999979 -1.610779E-06 0.8660266 0.7071038 3.641984E-06 0.7071097 0.5183742 -0.0084037 0.8551126 0.6953733 -0.004938605 0.7186318 0.7071052 -8.53521E-07 0.7071084 0.8583957 -0.01098535 0.5128706 0.7052422 -0.005485743 0.7089453 0.7134439 0.006847272 0.7006789 0.8646992 -0.005486786 0.50226 0.8704852 0.006853713 0.4921467 0.7184213 -0.006355609 0.6955792 0.8707358 0.002855515 0.4917427 0.9659226 -7.444449E-06 0.2588312 0.8660245 -1.490601E-07 0.5000014 0.8660251 4.630683E-07 0.5000005 0.9659244 -9.206251E-06 0.258824 0.9659275 4.445458E-06 0.2588126 1 0 0 0.9653147 0.005114227 0.261039 0.9630218 0.004310386 0.269389 0.9700307 0.004928894 0.2429326 1 0 0 1 -3.501026E-07 -1.051516E-07 1 -4.060643E-07 -2.982054E-07 0.9659278 -7.384015E-06 -0.2588118 1 -9.838034E-08 3.869494E-08 1 0 0 0.9659272 -1.238809E-05 -0.2588141 0.9659178 2.403634E-05 -0.258849 0.8704619 -0.00681724 -0.4921887 0.9700317 -0.004930313 -0.2429282 0.9630336 -0.004293129 -0.269347 0.9653153 -0.005109015 -0.2610368 0.864693 0.005512299 -0.5022706 0.7134156 -0.006816512 -0.700708 0.8707379 -0.002856774 -0.4917391 0.8583953 0.01098584 -0.5128712 0.8660235 -6.917986E-07 -0.5000033 0.6953722 0.00493877 -0.7186328 0.7070981 7.429E-06 -0.7071155 0.512877 -0.0109927 -0.8583917 0.8660228 -1.046819E-05 -0.5000045 0.7071026 -7.994829E-06 -0.7071109 0.705242 0.005486123 -0.7089454 0.4999841 1.263671E-05 -0.8660346 0.7184381 0.006364879 -0.6955617 0.4773871 0.00777889 -0.8786587 0.2588285 -8.276489E-06 -0.9659233 0.5183661 0.008399508 -0.8551175 0.4999984 1.951846E-06 -0.8660264 0.497993 -0.005132144 -0.8671659 0.2613478 -0.00549778 -0.965229 0.2500801 0.006848602 -0.9682009 0.2744092 0.006364555 -0.961592 0.2429357 0.004926657 -0.9700298 0.2588191 1.874208E-06 -0.9659259 0.002622813 -0.005495034 -0.9999815 -0.009032815 0.006851647 -0.9999357 0 0 -1 -2.850098E-07 -3.880978E-07 -1 -0.2443223 -0.01098654 -0.9696319 -0.005224908 -0.002055554 -0.9999843 0.002297129 0.00510509 -0.9999843 -0.2562849 -0.005485984 -0.9665857 -0.2675497 0.006867943 -0.9635196 -0.2521063 -0.002085429 -0.9676973 -0.5000003 1.753779E-06 -0.8660252 -0.2565908 0.005115429 -0.9665066 -0.4977161 -0.005502931 -0.8673226 -0.5077685 0.006830595 -0.8614665 -0.2793767 -0.008399156 -0.9601449 -0.4979985 0.005114988 -0.8671628 -0.4857155 -0.004927417 -0.8741031 -0.7071063 2.002087E-06 -0.7071073 -0.707105 4.003202E-06 -0.7071085 -0.8660224 -2.992191E-06 -0.5000052 -0.5183735 -0.008404136 -0.8551129 -0.705242 -0.00548722 -0.7089455 -0.7134534 0.006856676 -0.7006691 -0.7054693 0.00510721 -0.7087221 -0.8660256 1.209761E-06 -0.4999997 -0.8659931 -4.738941E-05 -0.500056 -0.963525 -0.006855034 -0.2675307 -0.7107708 -0.002046126 -0.7034208 -0.8648576 0.005131692 -0.501991 -0.9665873 0.005501178 -0.2562784 -0.996594 0.04948111 -0.06597009 -0.9930151 0.05081554 -0.1064841 -0.9928029 -0.03833507 -0.113459 -0.965313 0.005127546 -0.2610452 -0.8604989 0.004300017 -0.5094342 -0.9672627 -0.002056856 -0.2537688 -0.9988409 -0.0447931 -0.01761788 -0.9978189 0.0206205 -0.06270805 -0.8741007 0.00492691 -0.4857198 -0.963432 -0.002839019 -0.2679379 -0.9696348 0.01099855 -0.24431 -0.9969776 0.06261849 -0.04598608 1 0 0 1 5.880626E-07 0 1 0 0 1 -5.880627E-07 0 1 0 0 1 0 0 1 0 0 1 1.399581E-07 0 1 -1.399573E-07 0 1 -1.461053E-07 0 1 1.461045E-07 0 1 -1.918151E-06 0 1 1.918151E-06 0 1 -3.462148E-07 0 1 3.462136E-07 0 1 1.396115E-06 0 1 -1.396115E-06 0 1 2.003221E-06 0 1 -2.003221E-06 0 1 0 0 1 0 0 1 0 0 1 0 0 1 0 0 1 0 0 1 0 0 1 0 0 1 0 0 1 0 0 1 0 0 1 0 0 6.52189E-08 -1 2.103434E-07 5.251262E-08 -1 9.759374E-08 -8.262397E-08 -1 -2.664776E-07 3.046766E-08 -1 2.813798E-07 0 -1 0 7.577625E-08 -1 6.998286E-07 2.166696E-07 -1 2.302827E-07 1.067863E-07 -1 1.134956E-07 1.583783E-07 -1 7.71391E-08 -1.297931E-07 -1 -6.321633E-08 0 -1 6.833383E-07 0 -1 6.833382E-07 -7.577621E-08 -1 6.998288E-07 -3.046765E-08 -1 2.813798E-07 0 -1 0 0 -1 0 0 -1 0 -6.521886E-08 -1 2.103434E-07 8.262391E-08 -1 -2.664776E-07 -9.758724E-08 -1 1.813641E-07 0 -1 0 -2.306138E-07 -1 2.45103E-07 -1.863052E-07 -1 1.980105E-07 -1.583785E-07 -1 7.713923E-08 1.297931E-07 -1 -6.321631E-08 0 -1 0 0 -1 0 0 -1 0 0 -1 0 0 -1 0 0 -1 0 0 -1 0 0 -1 0 0 -1 0 -7.808654E-07 -1 0 -3.010806E-06 -1 0 0 -1 0 2.116072E-06 -1 0 0 -1 0 -3.407811E-06 -1 0 -8.945497E-07 -1 0 3.548106E-07 -1 0 -1.164829E-06 -1 0 1.080407E-06 -1 0 -0.3837311 0.839941 0.3837312 -0.07191005 0.989604 0.1245508 -0.1016918 0.9896047 0.1016922 -0.2198538 0.9657868 0.1375507 -0.27134 0.8399406 0.4699728 -0.03722247 0.9896045 0.1389156 -0.1404554 0.8399413 0.524186 -0.01861461 0.9897788 0.1413916 -0.07040533 0.8420544 0.5347779 -0.1220861 0.881757 0.4556309 -0.06116012 0.8834321 0.4645505 -0.006499085 0.9987597 0.0493648 -0.01299771 0.9987382 0.04850796 -0.2358515 0.8817575 0.4085068 -0.02510933 0.9987382 0.04349069 -0.0355103 0.9987382 0.0355103 -0.3335454 0.8817568 0.3335452 -0.4085076 0.8817571 0.2358518 -0.04349123 0.9987382 0.02510968 -0.508459 0.8133024 0.2828581 -0.455631 0.8817572 0.1220848 -0.04850844 0.9987382 0.01299769 -0.05021941 0.9987382 0 -0.3870799 0.9160921 0.1046157 -0.5838262 0.7837622 0.2118106 -0.5241858 0.8399417 0.1404537 -0.4717031 0.8817574 0 -0.6973124 0.7164826 0.02020341 -0.7929162 0.6087058 0.02758827 -0.7665406 0.6084651 -0.2053919 -0.5426736 0.8399436 0 -0.4556324 0.8817564 -0.1220854 -0.04850825 0.9987382 -0.01299764 -0.04349088 0.9987383 -0.02510949 -0.667996 0.722319 -0.1789876 -0.6872598 0.608467 -0.3967893 -0.3694858 0.9292364 0 -0.5241877 0.8399403 -0.1404541 -0.4085074 0.8817571 -0.2358518 -0.03551001 0.9987382 -0.03551001 -0.598909 0.7223188 -0.3457798 -0.561146 0.6084664 -0.5611451 -0.356896 0.9292364 -0.09562891 -0.4699723 0.8399413 -0.271339 -0.3199865 0.9292352 -0.1847447 -0.4890076 0.7223185 -0.4890068 -0.3967883 0.6084702 -0.6872576 -0.333546 0.8817561 -0.3335464 -0.0251094 0.9987383 -0.04349076 -0.3837335 0.8399393 -0.3837325 -0.2612684 0.9292353 -0.2612674 -0.3457815 0.7223176 -0.5989094 -0.2053933 0.6084705 -0.7665359 -0.2358535 0.8817554 -0.4085104 -0.01299758 0.9987382 -0.04850755 -0.2713397 0.8399404 -0.4699733 -0.1789899 0.7223173 -0.6679973 0 0.6084685 -0.793578 -0.1847442 0.9292356 -0.3199856 -0.1404562 0.83994 -0.5241877 -0.1220869 0.8817557 -0.4556333 0 0.8399397 -0.5426798 -0.09563086 0.9292352 -0.3568986 0 0.8817551 -0.4717076 0 0.9987382 -0.05021897 0.01299758 0.9987382 -0.04850753 0 0.7223161 -0.6915631 0.1220869 0.8817557 -0.4556334 0.2358534 0.8817554 -0.4085103 0.02510942 0.9987382 -0.0434908 0.1789897 0.7223173 -0.6679974 0.2053926 0.6084706 -0.7665361 0 0.9292352 -0.369489 0.09563104 0.929235 -0.3568991 0.1404563 0.8399397 -0.5241882 0.333546 0.881756 -0.3335467 0.03551001 0.9987382 -0.03551001 0.3457812 0.7223174 -0.5989099 0.3967881 0.6084698 -0.6872581 0.1847444 0.9292355 -0.3199859 0.2713397 0.8399404 -0.4699734 0.4085077 0.881757 -0.2358522 0.0434908 0.9987382 -0.02510945 0.4890077 0.7223181 -0.4890071 0.5611459 0.6084666 -0.5611449 0.2612685 0.9292352 -0.2612677 0.3837335 0.8399391 -0.3837329 0.4556322 0.8817565 -0.1220854 0.04850799 0.9987382 -0.01299756 0.05021916 0.9987382 0 0.4699726 0.839941 -0.2713392 0.5989089 0.7223188 -0.3457797 0.6872597 0.6084673 -0.3967892 0.3199863 0.9292353 -0.1847445 0.5241881 0.8399402 -0.1404542 0.4717034 0.8817573 0 0.6679959 0.7223192 -0.1789876 0.7665398 0.608466 -0.2053915 0.3568967 0.9292362 -0.09562922 0.697312 0.7164829 0.02020336 0.7929155 0.6087068 0.02758831 0.5838259 0.7837625 0.2118105 0.3694865 0.9292361 0 0.3870802 0.9160919 0.1046158 0.2198541 0.9657867 0.1375508 0.5426745 0.8399431 0 0.5241865 0.8399412 0.1404541 0.5084591 0.8133022 0.2828585 0.4556308 0.8817573 0.1220848 0.04850815 0.9987382 0.01299761 0.4085076 0.8817571 0.2358519 0.04349114 0.9987382 0.02510964 0.03551028 0.9987382 0.03551029 0.3837314 0.8399408 0.3837313 0.1016923 0.9896046 0.1016925 0.07190998 0.9896041 0.1245506 0.3335455 0.8817568 0.3335452 0.2713398 0.8399408 0.4699725 0.03722267 0.9896044 0.1389163 0.2358515 0.8817575 0.4085067 0.02510936 0.9987382 0.04349075 0.01299772 0.9987382 0.04850801 0.1404555 0.8399411 0.5241863 0.01861462 0.9897788 0.1413916 0.07040542 0.8420541 0.5347785 0.1220861 0.881757 0.455631 0.006499071 0.9987597 0.04936468 0.06116019 0.8834319 0.464551 0 -4.478842E-07 -1 0 -4.035769E-07 -1 0 -5.033072E-07 -1 0 -7.557529E-07 -1 0 -2.605311E-07 -1 0 -2.256265E-07 -1 0 -5.124363E-07 -1 0 -9.558213E-07 -1 0 -2.573049E-07 -1 0 -2.313501E-07 -1 0 0 -1 0 2.242656E-07 -1 0 -4.035769E-07 -1 0 -5.033071E-07 -1 0 -2.350756E-07 -1 0 0 -1 0 -3.522399E-07 -1 0 -1.245934E-07 -1 0 7.593955E-07 -1 0 2.67448E-07 -1 0 1.931644E-07 -1 0 4.143932E-07 -1 0 -7.557528E-07 -1 0 -2.256265E-07 -1 0 -5.124363E-07 -1 0 -9.558211E-07 -1 0 -2.57305E-07 -1 0 -2.313497E-07 -1 0 0 -1 0 2.24266E-07 -1 0 0 -1 0 5.425736E-07 -1 0 -2.350754E-07 -1 0 0 -1 0 1.035903E-07 -1 0 1.490903E-07 -1 0 -3.522401E-07 -1 0 -1.245934E-07 -1 0 0 -1 0 0 -1 0 2.674481E-07 -1 0 7.593953E-07 -1 0 1.931644E-07 -1 0 4.143932E-07 -1 0 1.035903E-07 -1 0 1.490903E-07 -1 0 0 -1 0 5.425735E-07 -1 0.2498204 -0.01495238 -0.9681767 9.077424E-08 -1.780771E-07 -1 1.515415E-07 -9.398933E-08 -1 -0.2498183 0.01495579 -0.9681773 0.2667489 0.00419079 -0.963757 0.5000038 7.917401E-06 -0.8660232 -0.2563115 0.001322341 -0.9665934 -0.5000001 -4.417404E-07 -0.8660254 0 0 -1 -0.4999966 2.154375E-06 -0.8660274 -0.2699718 0.004121863 -0.9628594 -0.7071064 -4.859511E-07 -0.7071072 -0.7071059 1.337758E-07 -0.7071077 -0.866028 -9.155344E-06 -0.4999955 -0.7108771 0.001906267 -0.7033137 -0.8660263 -1.18942E-06 -0.4999984 -0.5046037 0.001898831 -0.863349 -0.965926 -2.644324E-07 -0.2588186 -0.9659257 -1.265388E-06 -0.2588196 -0.9931819 -0.02861128 -0.1130097 -0.9979166 -0.04200857 -0.04896538 -0.9659256 2.616262E-07 -0.2588201 -0.9989604 0.03777303 -0.02552062 -0.8686744 0.001896721 -0.4953799 -0.965925 -6.178975E-06 -0.2588223 -0.9930559 0.05132035 -0.1058593 -0.8647731 -0.005109231 -0.5021369 -0.7053441 -0.005107266 -0.7088467 -0.9659258 7.024556E-07 -0.2588194 -0.9931567 -0.05251263 -0.1043179 -0.9969614 -0.04848319 -0.06097124 -0.9659222 9.365798E-06 -0.2588322 -0.8706315 -0.00643237 -0.4918937 -0.8646454 0.005418365 -0.5023535 -0.7136555 -0.006433168 -0.7004674 -0.7051644 0.005420127 -0.7090231 -0.4999807 1.44543E-05 -0.8660365 -0.4978462 -0.005108424 -0.8672503 -0.4999932 1.485463E-05 -0.8660293 -0.2588157 -5.989406E-06 -0.9659267 -0.2614585 -0.005439506 -0.9651994 -0.2498189 0.006414995 -0.9682713 2.114573E-07 1.02514E-07 -1 0 0 -1 0 0 -1 0.2588046 -9.465421E-06 -0.9659297 0.2588069 4.171282E-06 -0.9659291 0.2588131 1.019162E-05 -0.9659274 0.2588133 -9.670653E-06 -0.9659274 0.4978418 0.005121005 -0.8672526 0.4976249 -0.005428061 -0.8673754 0.5080324 0.006423026 -0.8613141 0.7051592 -0.005434677 -0.7090282 0.7136471 0.006423773 -0.7004761 0.5046117 -0.00190118 -0.8633444 0.8646448 -0.005421734 -0.5023544 0.8706337 0.006435183 -0.4918897 0.9659247 -7.150173E-06 -0.2588232 0.9659255 3.681175E-07 -0.2588203 1 0 0 0.7053388 0.005120952 -0.7088519 0.8647694 0.005124924 -0.5021431 0.5000039 2.237478E-06 -0.8660231 0.6935192 -0.009679462 -0.7203732 0.7135595 0.01496403 -0.7004349 0.8660308 5.880438E-06 -0.4999908 0.8660266 3.730918E-06 -0.4999979 0.9659263 3.588619E-06 -0.2588171 0.7189264 -0.00601495 -0.6950601 0.8686699 -0.001893832 -0.4953878 0.9659248 6.37206E-06 -0.2588228 0.9659218 5.060702E-06 -0.2588342 0.9659262 1.11128E-06 -0.2588176 1 0 0 1 0 0 0.9659255 1.578753E-06 0.2588202 1 0 0 1 0 0 1 0 0 0.9659256 4.531721E-07 0.2588198 0.9659256 -1.343764E-07 0.2588199 0.8706223 -0.006419666 0.4919101 0.9659256 3.416783E-07 0.2588197 0.9659257 3.352225E-07 0.2588195 0.9659257 -8.827298E-08 0.2588196 0.8660256 -4.883414E-07 0.4999998 0.8660224 9.847021E-06 0.5000051 0.713551 -0.01494393 0.700444 0.8646411 0.005435743 0.5023606 0.713641 -0.006416749 0.7004823 0.8647743 -0.005104912 0.5021348 0.8686796 0.001900864 0.4953707 0.7051591 0.005435902 0.7090283 0.5080182 -0.006412498 0.8613224 0.6935129 0.009683847 0.7203792 0.499997 4.72066E-06 0.8660271 0.7189364 0.006019984 0.6950499 0.7053412 -0.005114069 0.7088495 0.4976248 0.005427646 0.8673754 0.2588338 -1.168675E-05 0.9659219 0.5046308 0.001909099 0.8633331 0.4978479 -0.005107113 0.8672493 0.4999968 2.124503E-06 0.8660272 0.2667387 -0.004185647 0.9637598 0.2498256 0.0149424 0.9681755 0.2588235 -1.170719E-05 0.9659246 0.2588172 -2.802788E-07 0.9659263 1.090301E-07 2.138907E-07 1 2.914259E-07 1.807487E-07 1 -0.2498177 -0.01495622 0.9681774 0 0 1 0 0 1 -0.2498128 -0.006419337 0.9682729 0.2588232 1.155774E-05 0.9659247 0 0 1 -0.2563089 -0.001323607 0.966594 -0.4999977 -4.38598E-06 0.8660268 2.226521E-07 -1.079413E-07 1 -0.2614524 0.005427065 0.9652011 -0.5000006 2.038537E-06 0.866025 -0.2699644 -0.004118943 0.9628615 -0.4999994 -6.044613E-07 0.8660258 -0.2588181 9.436994E-07 0.9659261 -0.4999989 -1.176798E-06 0.866026 -0.4978477 0.005104966 0.8672495 -0.7051615 -0.005427883 0.709026 -0.7136361 0.006414438 0.7004872 -0.5046104 -0.001901527 0.8633451 -0.7053447 0.00510537 0.7088461 -0.7071039 -1.332063E-06 0.7071096 -0.7071036 -5.62242E-06 0.70711 -0.8660251 -2.041664E-07 0.5000004 -0.7108839 -0.001909705 0.7033069 -0.8646399 -0.005439802 0.5023627 -0.8706141 0.006407929 0.4919248 -0.8647735 0.005108141 0.5021363 -0.8660241 -1.143667E-06 0.5000023 -0.9659258 2.917023E-07 0.2588191 -0.9659324 1.788699E-05 0.2587945 -0.9969613 0.04848175 0.06097332 -0.9931567 0.05251263 0.1043179 -0.9930559 -0.05132035 0.1058593 -0.9659254 2.217063E-06 0.2588204 -0.9989604 -0.03777388 0.02551769 -0.8686773 -0.001898886 0.4953747 -0.9659211 5.923825E-06 0.2588368 -0.9979167 0.04200922 0.04896417 -0.9659256 -4.039573E-07 0.2588198 -0.9931817 0.02860681 0.1130122 -0.9659257 1.089947E-06 0.2588197 -3.205877E-07 0.999927 -0.01208002 1.545414E-06 0.9995255 -0.0308007 0.01958319 0.9996606 0.01718599 -2.06614E-06 0.9998618 0.01662373 -3.735745E-07 0.9980419 0.06255011 -0.0009864137 0.9998734 0.0158803 2.34304E-06 0.9975529 0.06991462 3.498886E-07 0.9968457 0.07936481 -3.352366E-06 0.9861223 0.1660207 1.560648E-07 0.999333 0.03651645 -3.997478E-07 0.993745 0.1116725 5.547975E-07 0.9938844 0.1104252 4.835974E-07 0.9847862 0.1737704 -1.369159E-06 0.9848986 0.1731317 2.516887E-07 0.9846918 0.1743045 1.114136E-07 0.9846649 0.1744563 5.080387E-07 0.984668 0.174439 -4.295021E-07 0.9851257 0.1718352 -5.169242E-06 0.9847351 0.1740596 -4.121872E-07 0.9847311 0.1740821 -8.895558E-07 0.9858388 0.167696 -5.465203E-07 0.9993947 0.03478824 -5.05913E-07 0.9852615 0.1710552 -0.002047531 0.9998212 0.01879449 0.2107968 0.9765328 0.04413934 -0.0002583061 0.9999999 -0.0001081981 0.3305185 0.9307626 0.1563283 -0.0001257287 1 -0.0001143834 0.2326729 0.9711919 0.05147472 0 1 0 0.3597065 0.9119408 0.1974218 0 1 0 0 1 0 0.2975229 0.9153301 0.2713872 -0.0001408108 0.9999999 -0.0002230959 0.3069023 0.8998998 0.3098246 8.259652E-08 1 1.430608E-07 0.2159138 0.9195129 0.3284467 -0.0001535278 0.9999999 -0.0004216617 0.1955806 0.9147531 0.3535179 7.14377E-08 1 2.66609E-07 0.1278589 0.9336127 0.334693 -0.0001073695 0.9999999 -0.0004161765 0.07940703 0.9100279 0.4068708 0.08653569 0.9351649 0.3434797 0 0.9541161 0.299437 0 1 3.303841E-07 0 0.8621452 0.5066614 -7.14377E-08 1 2.66609E-07 -0.07940701 0.910028 0.4068706 -0.08653569 0.9351649 0.3434797 -0.1955806 0.9147531 0.3535179 -8.259651E-08 1 1.430608E-07 -0.1278589 0.9336128 0.334693 0.0001073624 0.9999999 -0.0004161492 0.000153526 0.9999999 -0.0004216567 -0.2159138 0.9195129 0.3284466 0.0001408108 0.9999999 -0.0002230959 -0.3069023 0.8998998 0.3098246 0 1 0 -0.297523 0.9153301 0.2713873 0.0001257288 1 -0.0001143834 -0.3597065 0.9119407 0.1974218 0 1 0 0 1 0 -0.3315182 0.9307697 0.1541541 0.0002583062 0.9999999 -0.0001081982 -0.233211 0.9711888 0.04904005 0.0009592842 0.9998803 0.01544352 -0.2113461 0.9765808 0.04028437 0.002032875 0.999824 0.01865423 -0.01963748 0.9996823 0.01580286 3.735831E-07 0.9980664 0.06215752 5.46475E-07 0.9993871 0.03500403 5.058842E-07 0.9852055 0.1713775 8.862113E-07 0.9855511 0.1693779 -1.545407E-06 0.9995193 -0.03100325 3.206129E-07 0.9999245 -0.01228899 2.066117E-06 0.9998649 0.01643937 -2.342758E-06 0.9975681 0.06969832 -3.499285E-07 0.9968604 0.07917931 3.350815E-06 0.9861892 0.1656225 -1.560666E-07 0.9993443 0.0362059 4.294214E-07 0.9851096 0.1719278 3.993042E-07 0.9937804 0.1113579 -5.533968E-07 0.9940311 0.1090967 -4.829045E-07 0.9849622 0.1727697 4.139984E-07 0.9848197 0.1735804 5.165878E-06 0.9848152 0.1736057 1.369021E-06 0.9849885 0.1726199 -2.517011E-07 0.9847404 0.1740297 -5.042394E-07 0.9848054 0.1736614 -1.109581E-07 0.984791 0.173743 0 4.64598E-07 -1 0 6.281342E-07 -1 0 0 -1 0 -5.584118E-07 -1 0 -7.897273E-07 -1 0 0 -1 0 -5.295435E-07 -1 0 4.836091E-07 -1 0 -2.792102E-07 -1 0 2.043952E-07 -1 0 -2.890596E-07 -1 0 0 -1 0 -2.792102E-07 -1 0 4.237406E-07 -1 0 -5.295435E-07 -1 0 2.890598E-07 -1 0 -7.897273E-07 -1 0 4.237406E-07 -1 0 6.281342E-07 -1 0 0 -1 0 4.64598E-07 -1 0 2.043952E-07 -1 0 -5.584118E-07 -1 0 4.836091E-07 -1 0 0 -1 -5.009533E-07 0.2588065 -0.9659292 -5.009533E-07 0.2588003 -0.9659308 -9.911814E-08 0.2588213 -0.9659253 0 0.2588388 -0.9659205 0 0.2587925 -0.965933 0 0.2588447 -0.965919 0 0.2588037 -0.9659299 0 0.2588104 -0.9659282 0 0.2588366 -0.9659212 -1.721147E-07 0.2588113 -0.965928 0 0.2588495 -0.9659177 -2.504692E-07 0.2588249 -0.9659243 0 0.2588362 -0.9659213 0 -1 0 0 -1 0 3.017684E-06 -1 0 0 -1 0 -1.800344E-06 -1 0 0 -1 0 -1.506908E-07 -1 0 -3.064457E-07 -1 0 6.615617E-07 -1 0 1.235508E-06 -1 0 -1.040276E-06 -1 0 8.67384E-07 -1 0 -3.394227E-07 -1 0 3.476797E-06 -1 0 1.342352E-07 0.965923 -0.2588298 2.655935E-08 0.965924 -0.2588259 1.342306E-07 0.9659252 -0.2588215 0 0.9659216 -0.2588348 0 0.9659254 -0.2588207 0 0.9659229 -0.2588301 0 0.9659207 -0.2588383 0 0.9659271 -0.2588142 0 0.9659222 -0.2588326 4.611558E-08 0.9659293 -0.258806 0 0.9659242 -0.2588252 6.711378E-08 0.9659252 -0.2588215 0 0.9659212 -0.2588362  
					<SubMeshes>: 1
						<SubMesh>: 0 3534 0 1 2 0 3 1 4 3 0 5 6 7 5 8 6 5 9 8 10 9 5 11 9 10 12 11 10 13 12 10 14 15 16 14 16 17 18 17 16 18 16 19 20 18 19 20 19 21 20 21 22 23 22 21 23 21 24 25 22 23 26 23 24 25 27 22 28 26 24 29 27 25 28 30 26 29 31 27 32 31 29 32 33 31 34 30 28 34 35 30 34 36 35 34 37 36 38 33 32 38 39 33 40 39 38 39 40 41 42 41 40 42 40 43 40 38 44 38 45 44 44 45 46 44 46 47 47 46 48 47 48 49 49 48 50 49 50 51 42 43 52 42 52 53 54 53 52 54 52 55 56 57 58 56 58 59 59 58 60 59 60 61 62 63 64 62 64 65 65 64 66 65 66 67 66 68 67 66 69 68 69 70 68 69 71 70 71 72 70 71 73 72 73 74 72 73 75 74 74 75 76 74 76 77 77 76 78 77 78 79 79 78 80 79 80 81 81 80 82 81 82 83 83 82 84 83 84 85 85 84 86 85 86 87 88 89 90 91 88 90 91 92 88 92 91 93 92 94 88 92 95 94 95 96 94 95 97 96 98 91 90 98 90 99 97 100 96 101 98 99 101 102 98 103 102 101 103 101 104 105 103 104 105 104 106 107 105 106 107 106 108 109 107 108 109 108 110 97 111 100 110 112 109 110 113 112 109 112 114 115 100 111 115 116 100 116 117 100 117 118 100 118 119 100 115 111 120 120 111 121 121 111 122 122 111 123 124 125 126 124 127 125 124 128 127 129 128 124 130 128 129 131 130 129 132 131 129 133 134 135 133 135 136 137 133 136 137 136 138 139 140 141 139 141 142 143 139 142 143 142 144 143 144 145 143 145 146 146 145 147 146 147 148 148 147 149 148 149 150 150 149 151 150 151 152 153 152 151 153 151 154 155 153 154 155 154 156 157 155 156 157 156 158 159 157 158 159 158 160 161 159 160 161 160 162 163 161 162 163 162 164 165 166 167 165 168 166 169 168 165 169 165 170 171 169 170 171 170 172 173 171 172 173 174 171 175 174 173 175 173 176 177 175 176 177 176 178 179 177 178 179 178 180 179 180 181 179 181 182 182 181 183 182 183 184 185 184 183 185 183 186 187 185 186 187 186 188 187 188 189 187 189 190 191 190 189 191 189 192 193 191 192 193 194 191 195 194 193 195 196 194 197 196 195 197 195 198 199 197 198 199 198 200 201 199 200 201 202 199 202 201 203 202 203 204 204 203 205 204 205 206 207 206 205 207 205 208 207 208 209 207 209 210 210 209 211 210 211 212 213 212 211 213 211 214 215 216 217 215 218 216 219 218 215 220 216 218 220 221 216 222 221 220 219 223 218 223 220 218 224 223 219 224 219 225 226 224 225 223 227 220 224 227 223 222 220 228 228 220 227 222 228 229 222 229 230 231 230 229 231 229 232 232 229 233 228 233 229 232 233 234 233 235 234 228 227 236 228 236 233 233 237 235 236 237 233 237 238 235 236 227 239 224 239 227 236 240 237 236 239 240 237 241 238 240 241 237 241 242 238 243 239 224 240 239 243 240 244 241 240 243 244 241 245 242 245 246 242 243 224 247 226 247 224 244 243 248 248 243 247 241 244 249 241 249 245 244 248 249 250 247 226 248 247 250 250 226 251 245 252 246 252 253 246 249 248 254 254 248 250 255 250 251 254 250 255 255 251 256 255 256 257 245 249 258 245 258 252 249 254 258 252 259 253 259 260 253 254 255 261 255 257 261 262 258 254 254 261 262 263 252 258 263 259 252 262 263 258 264 261 257 262 261 264 264 257 265 266 259 263 262 266 263 259 267 260 266 267 259 268 267 266 262 269 266 262 264 269 269 268 266 270 264 265 269 264 270 270 265 271 270 271 272 273 260 267 268 273 267 273 274 260 275 274 273 268 275 273 275 276 274 269 270 277 269 277 268 270 272 278 277 270 278 278 272 279 280 268 277 277 278 280 268 281 275 280 281 268 282 276 275 282 283 276 282 284 283 285 275 281 280 285 281 285 282 275 286 280 278 280 286 285 278 279 287 286 278 287 282 288 284 285 288 282 289 287 279 289 279 290 291 289 290 292 286 287 292 287 289 286 293 285 285 293 288 286 292 293 284 288 294 284 294 295 294 296 295 291 297 289 297 292 289 293 292 298 297 298 292 288 293 299 288 299 294 293 298 299 294 300 296 299 300 294 300 301 296 302 297 291 302 298 297 302 291 303 299 298 304 302 304 298 305 302 303 305 303 306 307 305 306 299 308 300 299 304 308 300 308 309 304 309 308 300 310 301 300 309 310 310 311 301 312 304 302 312 302 305 304 312 309 307 313 305 314 313 307 315 312 305 309 312 315 315 305 313 310 316 311 309 316 310 309 315 317 309 317 316 311 316 318 317 318 316 311 318 319 320 315 313 317 315 320 314 321 313 320 313 321 317 322 318 317 320 322 319 318 323 322 323 318 319 323 324 325 321 314 325 314 326 325 326 327 328 320 321 328 321 325 320 329 322 322 329 323 320 328 329 330 324 323 329 330 323 330 331 324 325 327 332 328 325 332 332 327 333 328 334 329 329 334 330 335 331 330 335 336 331 328 332 337 328 337 334 338 330 334 338 335 330 337 338 334 332 333 339 337 332 339 340 339 333 340 333 341 340 341 342 337 339 343 337 343 338 343 339 340 344 336 335 344 345 336 346 335 338 343 346 338 346 344 335 347 345 344 347 348 345 347 349 348 343 350 346 343 340 350 351 344 346 350 351 346 351 347 344 347 352 349 352 353 349 352 354 353 355 354 352 356 352 347 356 347 351 355 352 356 350 357 351 357 350 340 357 356 351 358 355 356 357 358 356 358 359 355 358 360 359 357 340 361 358 357 361 340 342 361 358 361 362 362 361 342 358 362 360 362 342 363 360 362 363 360 363 364 365 366 367 365 368 366 369 366 368 370 366 369 369 368 371 366 370 372 368 373 371 366 372 374 368 375 373 374 372 376 375 377 373 374 376 378 375 379 377 378 376 380 379 381 377 378 380 382 379 383 381 382 380 384 383 385 381 382 384 386 383 387 385 386 384 388 386 388 389 390 389 388 390 388 391 387 392 385 387 393 392 392 393 394 392 394 395 396 397 398 399 396 398 396 400 397 399 401 396 397 400 402 397 402 403 403 402 404 403 404 405 406 401 399 406 407 401 408 407 406 408 406 409 405 404 410 405 410 411 412 411 410 413 408 409 413 409 414 413 414 415 413 415 416 417 416 415 417 415 418 419 417 418 419 418 420 421 419 420 421 420 422 423 421 422 412 410 424 423 425 421 412 424 426 424 427 426 427 424 428 412 426 429 424 430 428 431 412 429 412 431 432 412 432 433 430 434 428 435 434 430 436 435 430 437 412 433 437 436 430 438 437 433 436 437 439 439 437 438 440 441 442 443 440 442 440 444 441 444 445 441 444 446 445 446 447 445 446 448 447 449 448 446 449 450 448 451 450 449 451 449 452 453 449 446 452 449 453 453 446 444 452 453 454 455 454 453 456 453 444 455 453 456 456 444 440 455 456 457 457 456 440 455 457 458 457 440 459 443 459 440 458 457 460 460 457 459 458 460 461 462 461 460 463 459 443 443 464 463 460 459 465 463 465 459 462 460 466 466 460 465 463 464 467 467 464 468 469 467 468 470 465 463 466 465 470 471 462 466 471 472 462 473 472 471 469 474 467 475 474 469 463 467 476 470 463 476 476 467 474 477 466 470 477 470 476 477 471 466 473 471 478 479 473 478 475 480 474 481 480 475 476 474 482 477 476 482 482 474 480 483 471 477 483 478 471 484 477 482 482 480 484 484 483 477 481 485 480 484 480 485 486 485 481 479 478 487 488 479 487 489 478 483 489 487 478 490 483 484 484 485 490 490 489 483 486 491 485 490 485 491 492 491 486 488 487 493 494 488 493 495 487 489 495 489 490 495 493 487 492 496 491 497 496 492 490 491 498 495 490 498 498 491 496 499 493 495 499 495 498 494 493 500 499 500 493 501 500 499 499 498 502 498 496 502 501 499 502 503 494 500 501 503 500 503 504 494 505 504 503 497 506 496 502 496 506 505 503 507 507 503 501 505 507 508 505 508 509 510 506 497 510 497 511 502 506 512 501 502 512 506 513 512 501 512 513 506 510 513 507 501 514 501 513 514 508 507 514 509 508 515 509 515 516 517 510 511 517 511 518 510 519 513 514 513 519 510 517 519 508 514 520 514 519 520 515 508 520 516 515 521 516 521 522 523 517 518 523 518 524 517 525 519 520 519 525 517 523 525 515 520 526 521 515 526 520 525 526 522 521 527 522 527 528 529 528 527 521 526 530 530 526 525 527 521 530 531 523 524 531 524 532 523 533 525 530 525 533 523 531 533 527 530 534 534 530 533 529 527 535 535 527 534 536 531 532 536 532 537 531 538 533 534 533 538 531 536 538 539 536 537 539 537 540 539 540 541 536 542 538 534 538 542 536 539 542 539 541 543 539 543 542 544 543 541 534 542 545 535 534 545 545 542 543 535 545 546 545 543 546 547 543 544 547 546 543 535 546 548 548 546 547 548 529 535 548 549 529 550 549 548 548 547 550 550 551 549 552 551 550 553 547 544 550 547 553 553 544 554 553 554 555 552 550 556 550 553 556 553 555 557 556 553 557 557 555 558 559 552 556 556 557 559 559 560 552 561 560 559 557 558 562 559 557 562 562 558 563 562 563 564 561 559 565 559 562 565 565 562 564 566 561 565 565 564 567 566 565 567 568 569 570 569 571 570 568 572 569 569 573 571 571 573 574 571 574 575 575 574 576 575 576 577 577 576 578 577 578 579 580 572 568 580 568 581 579 578 582 579 582 583 582 584 583 582 585 584 585 586 584 585 587 586 587 588 586 587 589 588 580 581 590 580 590 591 592 591 590 592 590 593 594 592 593 594 593 595 596 594 595 596 595 597 589 598 588 589 599 598 600 596 597 600 597 601 602 598 599 602 603 598 604 600 601 604 605 600 602 606 603 602 607 606 608 605 604 608 604 609 610 608 609 610 611 608 606 607 612 606 612 613 614 611 610 612 614 613 614 615 611 612 615 614 616 617 618 617 619 618 616 620 617 621 620 616 617 622 619 622 623 619 620 624 617 624 622 617 622 625 623 624 626 622 626 625 622 627 623 625 627 628 623 627 629 628 630 627 625 627 631 629 630 631 627 626 632 625 630 625 632 633 629 631 633 634 629 633 635 634 633 636 635 637 636 633 637 633 631 637 638 636 637 631 639 630 639 631 640 638 637 640 637 639 640 641 638 642 639 630 640 639 642 643 630 632 642 630 643 644 641 640 644 645 641 646 645 644 646 644 647 648 647 644 649 644 640 648 644 649 649 640 642 650 648 649 651 649 642 650 649 651 651 642 643 652 650 651 643 632 653 653 632 626 654 651 643 652 651 654 654 643 653 653 626 655 654 653 655 652 654 656 654 655 656 652 656 657 658 655 626 656 655 658 658 626 624 657 656 659 656 658 659 657 659 660 661 660 659 662 658 624 620 662 624 663 659 658 662 663 658 661 659 664 663 664 659 665 663 662 665 664 663 666 661 664 665 666 664 666 667 661 668 667 666 668 666 665 668 669 667 670 662 620 665 662 670 671 669 668 671 672 669 673 672 671 673 674 672 675 674 673 668 665 676 676 665 670 677 671 668 677 668 676 673 671 677 670 620 678 621 678 620 679 678 621 679 670 678 679 621 680 681 679 680 681 680 682 683 681 682 676 670 684 679 684 670 677 676 684 681 684 679 677 684 685 681 685 684 686 677 685 673 677 686 687 685 681 686 685 687 683 688 681 687 681 688 689 688 683 689 687 688 689 683 690 689 690 691 692 686 687 689 692 687 693 673 686 692 693 686 693 694 673 695 694 693 675 673 694 675 694 695 675 695 696 697 696 695 698 693 692 695 693 698 699 692 689 698 692 699 689 691 700 699 689 700 701 700 691 699 700 701 701 691 702 701 702 703 697 695 704 705 697 704 695 698 706 695 706 704 698 699 707 699 701 707 698 707 706 705 704 708 708 704 706 709 705 708 701 703 710 710 703 711 712 707 701 706 707 712 712 701 710 706 712 713 708 706 713 709 708 714 715 709 714 716 712 710 713 712 716 708 713 717 708 717 714 713 716 717 710 711 718 716 710 718 719 718 711 716 718 719 719 711 720 715 714 721 721 714 717 717 716 722 716 719 722 723 719 720 723 720 724 725 723 724 715 721 726 715 726 727 728 727 726 721 717 729 717 722 729 726 721 729 730 722 719 730 719 723 725 731 723 731 730 723 732 731 725 733 729 722 726 729 733 733 722 730 728 726 734 734 726 733 735 728 734 731 736 730 736 733 730 732 737 731 737 736 731 734 733 738 736 738 733 735 734 739 739 734 738 740 738 736 739 738 740 741 735 739 741 742 735 740 736 743 737 743 736 744 739 740 744 740 743 744 741 739 745 737 732 745 732 746 747 745 746 748 743 737 744 743 748 748 737 745 749 742 741 749 750 742 751 741 744 751 744 748 751 749 741 747 752 745 752 748 745 753 750 749 753 754 750 755 754 753 755 753 756 757 756 753 758 753 749 757 753 758 758 749 751 759 757 758 751 748 760 758 751 760 752 760 748 759 758 761 758 760 761 761 760 752 762 759 761 761 752 763 762 761 763 763 752 747 764 762 763 763 747 765 764 763 765 766 767 768 766 768 769 768 767 770 768 771 769 771 772 769 771 773 772 773 774 772 773 775 774 775 776 774 775 777 776 777 778 776 776 778 779 778 780 779 780 781 779 782 779 781 782 783 779 783 784 779 785 784 783 786 785 783 787 786 783 788 786 787 770 788 787 770 787 789 790 770 789 791 790 789 768 770 790 791 792 790 793 792 791 794 768 790 794 790 792 794 771 768 794 795 771 796 795 794 796 794 792 796 797 795 798 797 796 793 799 792 796 792 799 799 793 800 798 796 801 801 796 799 802 798 801 799 800 803 801 799 803 804 803 800 802 801 805 805 801 803 806 802 805 804 807 803 805 803 807 808 807 804 808 809 807 810 805 807 806 805 810 810 807 809 811 806 810 811 810 809 811 812 806 811 809 813 814 812 811 811 813 815 814 811 816 811 815 816 814 816 817 814 817 818 816 815 819 816 819 817 819 815 820 819 820 821 822 819 821 817 819 822 822 821 823 818 817 824 817 822 824 818 824 825 823 826 822 824 822 826 823 827 826 825 824 828 824 826 828 825 828 829 830 829 828 831 826 827 828 826 831 831 827 832 830 828 833 828 831 833 834 830 833 835 831 832 833 831 835 835 832 836 833 835 837 834 833 837 835 836 838 838 837 835 838 836 839 838 839 840 840 839 841 838 842 837 843 837 842 843 844 837 837 844 834 834 844 845 834 845 846 846 845 847 846 847 848 839 849 841 848 847 850 848 850 851 851 850 852 841 849 853 853 849 854 850 855 852 849 855 854 852 855 856 857 855 849 856 855 858 857 858 855 859 860 861 859 861 862 860 863 861 862 861 864 863 865 861 864 861 866 865 867 861 866 861 868 861 867 869 868 861 870 861 869 871 870 861 872 873 861 871 872 861 874 875 861 873 876 874 861 877 861 875 878 876 861 879 861 877 880 878 861 879 881 861 882 880 861 881 883 861 883 882 861 884 885 886 887 884 886 885 888 886 889 887 886 888 890 886 891 889 886 890 892 886 893 891 886 892 894 886 895 893 886 894 896 886 896 895 886 423 897 898 899 897 423 423 900 899 423 901 900 423 898 425 425 898 902 902 903 425 904 901 423 425 903 905 906 901 904 907 906 904 908 907 904 904 905 908 905 903 909 908 905 910 910 905 909 911 912 913 914 912 911 913 912 915 916 912 914 915 912 917 918 912 916 917 912 919 920 912 918 919 912 921 922 912 920 921 912 923 923 912 922  
				</Mesh>
				<Materials>: 1
					<Material>: 0
						<AlbedoColor>: 1 1 1 1
						<EmissiveColor>: 0 0 0 1
						<Glossiness>: 0.5
						<Metallic>: 0
						<SpecularHighlight>: 1
						<GlossyReflection>: 1
						<AlbedoMap>: M18_Smoke_Grenade_Material_AlbedoTransparency
						<MetallicMap>: M18_Smoke_Grenade_Material_MetallicSmoothness
						<NormalMap>: M18_Smoke_Grenade_Material_Normal
						<EmissionMap>: null
						<DetailAlbedoMap>: null
						<DetailNormalMap>: null
				</Materials>
				<Children>: 0
			</Frame>
			<Frame>: 2 0 Safety_Lever
				<Transform>: 0 0.06961408 0.01623897 0 0 0 1 1 1 0 0 0 1  
				<TransformMatrix>: 1 0 0 0 0 1 0 0 0 0 1 0 0 0.06961408 0.01623897 1  
				<Mesh>: 592 Safety_Lever
					<Bounds>: 0 -0.04590637 -0.02481145 0.01036524 0.04990074 0.02784261
					<Positions>: 592 -0.009145447 -0.003028013 0.001750086 -0.009145447 -0.001747094 0.003031156 -0.009145447 -0.001345329 0.00233649 -0.009145447 -0.002333915 0.001347332 -0.009145447 -0.002700569 9.429641E-09 -0.009145447 -0.003503037 1.916545E-06 -0.009145447 -0.003022474 -0.001743702 -0.009145447 -0.00232754 -0.001342408 -0.009145447 -0.001339735 -0.002327736 -0.009145447 -0.001666177 -0.003060819 -0.009145447 1.676381E-08 -0.002685838 -0.009145447 9.366777E-07 -0.003488318 -0.009145447 0.0008564172 -0.003604637 -0.009145447 0.001084829 -0.00283635 -0.009145447 0.001617013 -0.003922457 -0.009145447 0.002071678 -0.003262971 -0.009145447 0.002227544 -0.004464609 -0.009145447 0.002863963 -0.003978127 -0.009145447 0.002628274 -0.005159385 -0.009145447 0.003384121 -0.004893198 -0.009145447 0.002779941 -0.005928696 -0.009145447 0.003581243 -0.005928696 -0.009145447 0.002878812 -0.0101328 -0.009145447 0.003680139 -0.01011261 -0.003492666 -0.001747094 0.003031156 -0.003492666 -0.001345329 0.00233649 -0.009145447 -0.001345329 0.00233649 -0.009145447 -0.001747094 0.003031156 -0.003492666 0.002779941 -0.005928696 -0.003492666 0.003581243 -0.005928696 -0.003492666 0.003384137 -0.004893194 -0.003492666 0.002628274 -0.005159385 -0.003492666 0.002863974 -0.003978128 -0.003492666 0.002227546 -0.004464612 -0.003492666 0.00207169 -0.003262961 -0.003492666 0.001617007 -0.003922462 -0.003492666 0.001084834 -0.002836345 -0.003492666 0.0008564172 -0.003604637 -0.003492666 1.676381E-08 -0.002685838 -0.003492666 9.366777E-07 -0.003488318 -0.003492666 -0.001666177 -0.003060819 -0.003492666 -0.001339735 -0.002327736 -0.003492666 -0.003022474 -0.001743702 -0.003492666 -0.00232754 -0.001342408 -0.003492666 -0.002700569 9.429641E-09 -0.003492666 -0.003503037 1.916545E-06 -0.003492666 -0.003028013 0.001750086 -0.003492666 -0.002333915 0.001347332 -0.003492666 -0.001345329 0.00233649 -0.003492666 -0.001747094 0.003031156 -0.003492666 0.002779941 -0.005928696 0.003492666 0.002779941 -0.005928696 0.003492666 0.003581243 -0.005928696 -0.003492666 0.003581243 -0.005928696 -0.009145447 0.002878812 -0.0101328 -0.009145447 0.003680139 -0.01011261 -0.009755341 0.003394034 -0.01011514 -0.00956227 0.002470699 -0.0101337 -0.01020182 0.002951357 -0.01012203 -0.01036524 0.002470725 -0.01013145 -0.01036524 0.001942852 -0.0103388 -0.00956227 0.001942865 -0.01033991 -0.01036524 0.001564784 -0.01089961 -0.00956227 0.001564792 -0.01089991 -0.01036524 0.001437829 -0.01166362 -0.009562271 0.001437829 -0.01166362 -0.00956227 0.001697702 -0.02956316 -0.01036524 0.001697702 -0.02956316 -0.01036524 0.001455013 -0.03076566 -0.00956227 0.001455013 -0.03076566 -0.01036524 0.0007606214 -0.03189005 -0.00956227 0.0007606214 -0.03189005 -0.00956227 -0.003742615 -0.03050826 -0.00956227 0.0007606214 -0.03189005 -0.01036524 0.0007606214 -0.03189005 -0.01036524 -0.003742615 -0.03050826 -0.01036524 -0.005673086 -0.03027924 -0.00956227 -0.005673086 -0.03027924 -0.01036524 -0.007701076 -0.03069167 -0.00956227 -0.007701076 -0.03069167 -0.01036524 -0.009517832 -0.03168275 -0.00956227 -0.009517832 -0.03168275 -0.01036524 -0.01084677 -0.0331016 -0.00956227 -0.01084677 -0.0331016 -0.00956227 -0.01503989 -0.03959982 -0.01036524 -0.01503989 -0.03959982 -0.01036524 -0.01525586 -0.04019672 -0.00956227 -0.01525586 -0.04019672 -0.01036524 -0.01523224 -0.04087648 -0.00956227 -0.01523224 -0.04087648 -0.00956227 -0.01496199 -0.04147477 -0.01036524 -0.01496196 -0.04147481 -0.01020182 -0.01464956 -0.04189216 -0.009755341 -0.01436185 -0.04227656 -0.009145447 -0.01469674 -0.04182915 -0.009145447 -0.0141759 -0.04252499 0.00956227 0.001942865 -0.01033991 0.00956227 0.002470699 -0.0101337 0.00956227 0.001564792 -0.01089991 0.009562271 0.001437829 -0.01166362 0.00956227 0.002772584 -0.03030603 0.00956227 0.001697702 -0.02956316 0.00956227 0.001455013 -0.03076566 0.009145447 0.002878812 -0.0101328 0.00956227 0.002529895 -0.03150854 0.00956227 0.0007606214 -0.03189005 0.009145447 0.003184831 -0.03059097 0.00956227 0.001835501 -0.03263292 0.009145447 0.002942151 -0.03179346 -0.009145447 0.003184831 -0.03059097 -0.009145447 0.002942151 -0.03179346 0.009145448 0.00224776 -0.03291785 -0.009145448 0.00224776 -0.03291785 0.009145448 0.001287712 -0.03366286 -0.009145448 0.001287712 -0.03366286 -0.00956227 0.001835501 -0.03263292 0.00956227 0.00087546 -0.03337792 0.00956227 -0.0001994167 -0.03263505 0.009145447 -0.01469674 -0.04182915 0.00956227 -0.01496199 -0.04147477 0.00956227 -0.01523224 -0.04087648 -0.009145447 -0.01469674 -0.04182915 0.008115008 -0.01647391 -0.04315777 -0.008115008 -0.01647391 -0.04315777 0.007065331 -0.01875079 -0.04562777 -0.007065332 -0.01875079 -0.04562777 0.006518409 -0.02084768 -0.04810327 -0.006518409 -0.02084768 -0.04810327 0.006143332 -0.0230949 -0.05050692 -0.006143332 -0.0230949 -0.05050692 -0.005919125 -0.02448834 -0.05137907 0.005919125 -0.02448834 -0.05137907 -0.00579656 -0.02616411 -0.05174013 0.00579656 -0.02616411 -0.05174013 0.00579656 -0.09330233 -0.05172829 -0.00579656 -0.09330233 -0.05172829 0.005480877 -0.09455471 -0.05172807 -0.005480877 -0.09455471 -0.05172807 0.004618414 -0.09547153 -0.0517279 -0.004618414 -0.09547153 -0.0517279 -0.003440267 -0.09580709 -0.05172784 0.003440267 -0.09580709 -0.05172784 -0.01036524 -0.004639721 -0.03340426 -0.009562266 -0.004639721 -0.03340426 -0.009562274 -0.00488209 -0.03249971 -0.01036524 -0.00488209 -0.03249971 -0.009562274 -0.005544269 -0.03183753 -0.01036524 -0.005544269 -0.03183753 -0.01036524 -0.006448823 -0.03159516 -0.009562269 -0.006448823 -0.03159516 -0.009562271 -0.007353377 -0.03183754 -0.01036524 -0.007353377 -0.03183754 -0.01036524 -0.008015553 -0.03249971 -0.009562272 -0.008015553 -0.03249971 -0.01036524 -0.00825792 -0.03340427 -0.009562263 -0.00825792 -0.03340427 -0.009562264 -0.008015554 -0.03430881 -0.01036524 -0.008015554 -0.03430881 -0.009562264 -0.007353372 -0.034971 -0.01036524 -0.007353372 -0.034971 -0.01036524 -0.006448822 -0.03521337 -0.00956226 -0.006448822 -0.03521337 -0.009562266 -0.005544269 -0.03497099 -0.01036524 -0.005544269 -0.03497099 -0.009562266 -0.004882087 -0.03430882 -0.01036524 -0.004882087 -0.03430882 -0.009562266 -0.004639721 -0.03340426 -0.01036524 -0.004639721 -0.03340426 0.003492666 -0.001345329 0.00233649 0.003492666 -0.001747094 0.003031156 0.009145447 -0.001747094 0.003031156 0.009145447 -0.001345329 0.00233649 0.003492666 0.003384137 -0.004893194 0.003492666 0.003581243 -0.005928696 0.003492666 0.002779941 -0.005928696 0.003492666 0.002628274 -0.005159385 0.003492666 0.002863974 -0.003978128 0.003492666 0.002227546 -0.004464612 0.003492666 0.00207169 -0.003262961 0.003492666 0.001617007 -0.003922462 0.003492666 0.001084834 -0.002836345 0.003492666 0.0008564172 -0.003604637 0.003492666 1.676381E-08 -0.002685838 0.003492666 9.366777E-07 -0.003488318 0.003492666 -0.001666177 -0.003060819 0.003492666 -0.001339735 -0.002327736 0.003492666 -0.003022474 -0.001743702 0.003492666 -0.00232754 -0.001342408 0.003492666 -0.002700569 9.429641E-09 0.003492666 -0.003503037 1.916545E-06 0.003492666 -0.003028013 0.001750086 0.003492666 -0.002333915 0.001347332 0.003492666 -0.001345329 0.00233649 0.003492666 -0.001747094 0.003031156 0.01036524 0.002470725 -0.01013145 0.01036524 0.001942852 -0.0103388 0.01036524 0.001564784 -0.01089961 0.01036524 0.001437829 -0.01166362 0.01036524 0.002772617 -0.03030607 0.01036524 0.001697702 -0.02956316 0.01020182 0.002951357 -0.01012203 0.01036524 0.001455013 -0.03076566 0.01020182 0.003258161 -0.03064164 0.009755341 0.003394034 -0.01011514 0.01036524 0.002529925 -0.03150857 0.01036524 0.0007606214 -0.03189005 0.009755341 0.003705355 -0.0309507 0.009145447 0.003680139 -0.01011261 0.01020182 0.003015465 -0.03184414 0.01036524 0.001835532 -0.03263296 0.009755341 0.003462667 -0.03215321 0.009145447 0.003994376 -0.03115045 0.01020182 0.00232107 -0.03296852 0.009145447 0.003751673 -0.03235295 -0.009145447 0.003994376 -0.03115045 0.009755341 0.002768267 -0.03327759 0.01020182 0.001361027 -0.03371352 0.01036524 0.0008754879 -0.03337795 0.01036524 -0.0001994167 -0.03263505 0.009755341 0.001808209 -0.03402259 0.01036524 -0.00488209 -0.03249971 0.01036524 -0.003742615 -0.03050826 0.01036524 -0.005544269 -0.03183753 0.01036524 -0.005673086 -0.03027924 0.01036524 -0.006448823 -0.03159516 0.01036524 -0.004639721 -0.03340426 0.01036524 -0.007701076 -0.03069167 0.01036524 -0.007353377 -0.03183754 0.01036524 -0.008015553 -0.03249971 0.01036524 -0.009517832 -0.03168275 0.01036523 -0.00825792 -0.03340427 0.01036524 -0.01084677 -0.0331016 0.01036524 -0.008015554 -0.03430881 0.01036524 -0.01503989 -0.03959982 0.01036524 -0.004882087 -0.03430882 0.01036524 -0.007353372 -0.034971 0.01036524 -0.01525586 -0.04019672 0.01036524 -0.01523224 -0.04087648 0.01036523 -0.006448822 -0.03521337 0.01036524 -0.005544269 -0.03497099 0.01036524 -0.01496196 -0.04147481 0.01020182 -0.01464956 -0.04189216 0.009755341 -0.01436185 -0.04227656 0.009145447 -0.0141759 -0.04252499 0.009145447 0.002097228 -0.03422233 0.009145447 0.003057273 -0.03347733 -0.009145447 0.003751673 -0.03235295 -0.009145447 0.003057273 -0.03347733 -0.009145447 0.002097228 -0.03422233 -0.009755341 0.002768267 -0.03327759 -0.009755341 0.003462667 -0.03215321 -0.009145447 -0.0141759 -0.04252499 -0.008110828 -0.01592222 -0.04389481 0.008110828 -0.01592222 -0.04389481 -0.007061922 -0.01816273 -0.0464134 0.007061923 -0.01816273 -0.0464134 0.006515802 -0.02022325 -0.0489375 -0.006515802 -0.02022325 -0.0489375 -0.006143332 -0.02243963 -0.05138237 0.006143332 -0.02243963 -0.05138237 -0.005919125 -0.02381941 -0.05227275 0.005919125 -0.02381941 -0.05227275 -0.00579656 -0.02548923 -0.05264176 0.00579656 -0.02548923 -0.05264176 -0.00579656 -0.09330232 -0.05265361 0.00579656 -0.09330232 -0.05265361 0.005480876 -0.09455471 -0.05265383 -0.005480877 -0.09455471 -0.05265383 0.004618414 -0.09547153 -0.052654 -0.004618414 -0.09547153 -0.052654 0.003440267 -0.09580711 -0.05265405 -0.003440267 -0.09580711 -0.05265405 0.01036524 0.0007606214 -0.03189005 0.00956227 0.0007606214 -0.03189005 0.00956227 -0.003742615 -0.03050826 0.01036524 -0.003742615 -0.03050826 0.01036524 -0.005673086 -0.03027924 0.00956227 -0.005673086 -0.03027924 0.01036524 -0.007701076 -0.03069167 0.00956227 -0.007701076 -0.03069167 0.01036524 -0.009517832 -0.03168275 0.00956227 -0.009517832 -0.03168275 0.01036524 -0.01084677 -0.0331016 0.00956227 -0.01084677 -0.0331016 0.00956227 -0.01503989 -0.03959982 0.01036524 -0.01503989 -0.03959982 0.01036524 -0.01525586 -0.04019672 0.00956227 -0.01525586 -0.04019672 0.01036524 -0.01523224 -0.04087648 0.00956227 -0.01523224 -0.04087648 0.00956227 -0.01496199 -0.04147477 0.01036524 -0.01496196 -0.04147481 0.01020182 -0.01464956 -0.04189216 0.009755341 -0.01436185 -0.04227656 0.009145447 -0.01469674 -0.04182915 0.009145447 -0.0141759 -0.04252499 -0.00956227 0.002470699 -0.0101337 -0.00956227 0.001942865 -0.01033991 -0.00956227 0.001564792 -0.01089991 -0.009562271 0.001437829 -0.01166362 -0.00956227 0.002772584 -0.03030603 -0.00956227 0.001697702 -0.02956316 -0.00956227 0.001455013 -0.03076566 -0.009145447 0.002878812 -0.0101328 -0.00956227 0.002529895 -0.03150854 -0.00956227 0.0007606214 -0.03189005 0.003492666 0.002779941 -0.005928696 0.009145447 0.002779941 -0.005928696 -0.003492666 0.002779941 -0.005928696 0.003492666 0.002628274 -0.005159385 -0.009145447 0.002779941 -0.005928696 0.009145447 0.002628274 -0.005159385 -0.003492666 0.002628274 -0.005159385 0.003492666 0.002227546 -0.004464612 -0.009145447 0.002628274 -0.005159385 0.009145447 0.002227544 -0.004464609 -0.003492666 0.002227546 -0.004464612 -0.009145447 0.002227544 -0.004464609 0.003492666 0.001617007 -0.003922462 0.009145447 0.001617013 -0.003922457 -0.003492666 0.001617007 -0.003922462 -0.009145447 0.001617013 -0.003922457 0.009145447 0.0008564172 -0.003604637 0.003492666 0.0008564172 -0.003604637 0.003492666 9.366777E-07 -0.003488318 0.009145447 9.366777E-07 -0.003488318 0.003492666 -0.001666177 -0.003060819 0.009145447 -0.001666177 -0.003060819 0.003492666 -0.003022474 -0.001743702 0.009145447 -0.003022474 -0.001743702 0.003492666 -0.003503037 1.916545E-06 0.009145447 -0.003503037 1.916545E-06 0.003492666 -0.003028013 0.001750086 0.009145447 -0.003028013 0.001750086 0.003492666 -0.001747094 0.003031156 0.009145447 -0.001747094 0.003031156 0.009562274 -0.00488209 -0.03249971 0.009562266 -0.004639721 -0.03340426 0.01036524 -0.004639721 -0.03340426 0.01036524 -0.00488209 -0.03249971 0.009562274 -0.005544269 -0.03183753 0.01036524 -0.005544269 -0.03183753 0.01036524 -0.006448823 -0.03159516 0.009562269 -0.006448823 -0.03159516 0.009562271 -0.007353377 -0.03183754 0.01036524 -0.007353377 -0.03183754 0.01036524 -0.008015553 -0.03249971 0.009562272 -0.008015553 -0.03249971 0.01036523 -0.00825792 -0.03340427 0.009562263 -0.00825792 -0.03340427 0.009562264 -0.008015554 -0.03430881 0.01036524 -0.008015554 -0.03430881 0.009562264 -0.007353372 -0.034971 0.01036524 -0.007353372 -0.034971 0.01036523 -0.006448822 -0.03521337 0.00956226 -0.006448822 -0.03521337 0.009562266 -0.005544269 -0.03497099 0.01036524 -0.005544269 -0.03497099 0.009562266 -0.004882087 -0.03430882 0.01036524 -0.004882087 -0.03430882 0.009562266 -0.004639721 -0.03340426 0.01036524 -0.004639721 -0.03340426 -0.003492666 -0.002333915 0.001347332 -0.009145447 -0.001345329 0.00233649 -0.003492666 -0.001345329 0.00233649 -0.009145447 -0.002333915 0.001347332 -0.003492666 -0.002700569 9.429641E-09 -0.009145447 -0.002700569 9.429641E-09 -0.003492666 -0.00232754 -0.001342408 -0.009145447 -0.00232754 -0.001342408 -0.003492666 -0.001339735 -0.002327736 -0.009145447 -0.001339735 -0.002327736 -0.003492666 1.676381E-08 -0.002685838 -0.009145447 1.676381E-08 -0.002685838 -0.009145447 0.001084829 -0.00283635 -0.003492666 0.001084834 -0.002836345 -0.009145447 0.002071678 -0.003262971 -0.003492666 0.00207169 -0.003262961 -0.009145447 0.002863963 -0.003978127 -0.003492666 0.002863974 -0.003978128 -0.009145447 0.003384121 -0.004893198 -0.003492666 0.003384137 -0.004893194 -0.003492666 0.003581243 -0.005928696 -0.009145447 0.003581243 -0.005928696 -0.009145447 0.003680139 -0.01011261 0.003492666 0.003581243 -0.005928696 0.009145447 0.003581243 -0.005928696 0.009145447 0.003384121 -0.004893198 0.003492666 0.003384137 -0.004893194 0.003492666 0.002863974 -0.003978128 0.009145447 0.002863963 -0.003978127 0.003492666 0.00207169 -0.003262961 0.009145447 0.002071678 -0.003262971 0.003492666 0.001084834 -0.002836345 0.009145447 0.001084829 -0.00283635 0.003492666 1.676381E-08 -0.002685838 0.009145447 1.676381E-08 -0.002685838 0.009145447 -0.001339735 -0.002327736 0.003492666 -0.001339735 -0.002327736 0.009145447 -0.00232754 -0.001342408 0.003492666 -0.00232754 -0.001342408 0.009145447 -0.002700569 9.429641E-09 0.003492666 -0.002700569 9.429641E-09 0.009145447 -0.002333915 0.001347332 0.003492666 -0.002333915 0.001347332 0.009145447 -0.001345329 0.00233649 0.003492666 -0.001345329 0.00233649 -0.009145447 -0.003028013 0.001750086 -0.003492666 -0.001747094 0.003031156 -0.009145447 -0.001747094 0.003031156 -0.003492666 -0.003028013 0.001750086 -0.009145447 -0.003503037 1.916545E-06 -0.003492666 -0.003503037 1.916545E-06 -0.009145447 -0.003022474 -0.001743702 -0.003492666 -0.003022474 -0.001743702 -0.009145447 -0.001666177 -0.003060819 -0.003492666 -0.001666177 -0.003060819 -0.009145447 9.366777E-07 -0.003488318 -0.003492666 9.366777E-07 -0.003488318 -0.009145447 0.0008564172 -0.003604637 -0.003492666 0.0008564172 -0.003604637 0.009145447 0.003581243 -0.005928696 0.009145447 0.002878812 -0.0101328 0.009145447 0.003680139 -0.01011261 0.009145447 0.002779941 -0.005928696 0.009145447 0.003384121 -0.004893198 0.009145447 0.002628274 -0.005159385 0.009145447 0.002863963 -0.003978127 0.009145447 0.002227544 -0.004464609 0.009145447 0.002071678 -0.003262971 0.009145447 0.001617013 -0.003922457 0.009145447 0.001084829 -0.00283635 0.009145447 0.0008564172 -0.003604637 0.009145447 1.676381E-08 -0.002685838 0.009145447 9.366777E-07 -0.003488318 0.009145447 -0.001666177 -0.003060819 0.009145447 -0.001339735 -0.002327736 0.009145447 -0.003022474 -0.001743702 0.009145447 -0.00232754 -0.001342408 0.009145447 -0.002700569 9.429641E-09 0.009145447 -0.003503037 1.916545E-06 0.009145447 -0.003028013 0.001750086 0.009145447 -0.002333915 0.001347332 0.009145447 -0.001345329 0.00233649 0.009145447 -0.001747094 0.003031156 -0.01036524 0.002470725 -0.01013145 -0.01036524 0.001564784 -0.01089961 -0.01036524 0.001942852 -0.0103388 -0.01036524 0.001437829 -0.01166362 -0.01036524 0.002772617 -0.03030607 -0.01036524 0.001697702 -0.02956316 -0.01020182 0.002951357 -0.01012203 -0.01036524 0.001455013 -0.03076566 -0.01020182 0.003258161 -0.03064164 -0.009755341 0.003394034 -0.01011514 -0.01036524 0.002529925 -0.03150857 -0.01036524 0.0007606214 -0.03189005 -0.009755341 0.003705355 -0.0309507 -0.01020182 0.003015465 -0.03184414 -0.01036524 0.001835532 -0.03263296 -0.01020182 0.00232107 -0.03296852 -0.009755341 0.001808209 -0.03402259 -0.009755341 -0.01436185 -0.04227656 -0.01020182 0.001361027 -0.03371352 -0.01020182 -0.01464956 -0.04189216 -0.01036524 0.0008754879 -0.03337795 -0.01036524 -0.0001994167 -0.03263505 -0.01036524 -0.01496196 -0.04147481 -0.01036524 -0.01523224 -0.04087648 -0.01036524 -0.00488209 -0.03249971 -0.01036524 -0.003742615 -0.03050826 -0.01036524 -0.005544269 -0.03183753 -0.01036524 -0.005673086 -0.03027924 -0.01036524 -0.006448823 -0.03159516 -0.01036524 -0.004639721 -0.03340426 -0.01036524 -0.004882087 -0.03430882 -0.01036524 -0.005544269 -0.03497099 -0.01036524 -0.006448822 -0.03521337 -0.01036524 -0.007701076 -0.03069167 -0.01036524 -0.007353377 -0.03183754 -0.01036524 -0.008015553 -0.03249971 -0.01036524 -0.009517832 -0.03168275 -0.01036524 -0.00825792 -0.03340427 -0.01036524 -0.01084677 -0.0331016 -0.01036524 -0.008015554 -0.03430881 -0.01036524 -0.01503989 -0.03959982 -0.01036524 -0.007353372 -0.034971 -0.01036524 -0.01525586 -0.04019672 -0.009145447 -0.0141759 -0.04252499 -0.008115008 -0.01647391 -0.04315777 -0.009145447 -0.01469674 -0.04182915 -0.008110828 -0.01592222 -0.04389481 -0.007065332 -0.01875079 -0.04562777 -0.007061922 -0.01816273 -0.0464134 -0.006518409 -0.02084768 -0.04810327 -0.006515802 -0.02022325 -0.0489375 -0.006143332 -0.0230949 -0.05050692 -0.006143332 -0.02243963 -0.05138237 -0.005919125 -0.02381941 -0.05227275 -0.005919125 -0.02448834 -0.05137907 -0.00579656 -0.02548923 -0.05264176 -0.00579656 -0.02616411 -0.05174013 -0.00579656 -0.09330232 -0.05265361 -0.00579656 -0.09330233 -0.05172829 -0.005480877 -0.09455471 -0.05265383 -0.005480877 -0.09455471 -0.05172807 -0.004618414 -0.09547153 -0.052654 -0.004618414 -0.09547153 -0.0517279 -0.003440267 -0.09580709 -0.05172784 -0.003440267 -0.09580711 -0.05265405 0.003440267 -0.09580711 -0.05265405 0.003440267 -0.09580709 -0.05172784 0.004618414 -0.09547153 -0.052654 0.004618414 -0.09547153 -0.0517279 0.005480877 -0.09455471 -0.05172807 0.005480876 -0.09455471 -0.05265383 0.00579656 -0.09330233 -0.05172829 0.00579656 -0.09330232 -0.05265361 0.00579656 -0.02616411 -0.05174013 0.00579656 -0.02548923 -0.05264176 0.005919125 -0.02448834 -0.05137907 0.005919125 -0.02381941 -0.05227275 0.006143332 -0.0230949 -0.05050692 0.006143332 -0.02243963 -0.05138237 0.006515802 -0.02022325 -0.0489375 0.006518409 -0.02084768 -0.04810327 0.007061923 -0.01816273 -0.0464134 0.007065331 -0.01875079 -0.04562777 0.008110828 -0.01592222 -0.04389481 0.008115008 -0.01647391 -0.04315777 0.009145447 -0.0141759 -0.04252499 0.009145447 -0.01469674 -0.04182915 0.009145447 0.002878812 -0.0101328 0.009755341 0.003394034 -0.01011514 0.009145447 0.003680139 -0.01011261 0.00956227 0.002470699 -0.0101337 0.01020182 0.002951357 -0.01012203 0.01036524 0.002470725 -0.01013145 0.01036524 0.001942852 -0.0103388 0.00956227 0.001942865 -0.01033991 0.01036524 0.001564784 -0.01089961 0.00956227 0.001564792 -0.01089991 0.01036524 0.001437829 -0.01166362 0.009562271 0.001437829 -0.01166362 0.00956227 0.001697702 -0.02956316 0.01036524 0.001697702 -0.02956316 0.01036524 0.001455013 -0.03076566 0.00956227 0.001455013 -0.03076566 0.01036524 0.0007606214 -0.03189005 0.00956227 0.0007606214 -0.03189005 -0.00956227 0.00087546 -0.03337792 -0.00956227 -0.01496199 -0.04147477 -0.00956227 -0.0001994167 -0.03263505 -0.00956227 -0.01523224 -0.04087648 -0.009562274 -0.00488209 -0.03249971 -0.00956227 -0.003742615 -0.03050826 -0.009562274 -0.005544269 -0.03183753 -0.00956227 -0.005673086 -0.03027924 -0.009562269 -0.006448823 -0.03159516 -0.009562266 -0.004639721 -0.03340426 -0.009562266 -0.004882087 -0.03430882 -0.009562266 -0.005544269 -0.03497099 -0.00956226 -0.006448822 -0.03521337 -0.00956227 -0.007701076 -0.03069167 -0.009562271 -0.007353377 -0.03183754 -0.009562272 -0.008015553 -0.03249971 -0.00956227 -0.009517832 -0.03168275 -0.009562263 -0.00825792 -0.03340427 -0.00956227 -0.01084677 -0.0331016 -0.009562264 -0.008015554 -0.03430881 -0.00956227 -0.01503989 -0.03959982 -0.009562264 -0.007353372 -0.034971 -0.00956227 -0.01525586 -0.04019672 0.00956227 -0.003742615 -0.03050826 0.009562274 -0.00488209 -0.03249971 0.009562274 -0.005544269 -0.03183753 0.00956227 -0.005673086 -0.03027924 0.009562269 -0.006448823 -0.03159516 0.009562266 -0.004639721 -0.03340426 0.009562266 -0.004882087 -0.03430882 0.009562266 -0.005544269 -0.03497099 0.00956227 -0.007701076 -0.03069167 0.009562271 -0.007353377 -0.03183754 0.009562272 -0.008015553 -0.03249971 0.00956227 -0.009517832 -0.03168275 0.009562263 -0.00825792 -0.03340427 0.00956227 -0.01084677 -0.0331016 0.009562264 -0.008015554 -0.03430881 0.00956227 -0.01503989 -0.03959982 0.00956226 -0.006448822 -0.03521337 0.009562264 -0.007353372 -0.034971 0.00956227 -0.01525586 -0.04019672  
					<Colors>: 0  
					<TextureCoords0>: 592 0.2192418 0.2514454 0.2123246 0.2514452 0.2123245 0.2480003 0.2192416 0.2480003 0.2261543 0.2480003 0.2261542 0.2514454 0.2330584 0.2514454 0.2330582 0.2480003 0.2401387 0.2480003 0.2401388 0.2514452 0.2468357 0.2480003 0.2468356 0.2514454 0.2510564 0.2514454 0.2510563 0.2480003 0.2551495 0.2514452 0.2551493 0.2480003 0.2592087 0.2514454 0.2592087 0.2480003 0.2632055 0.2514452 0.2632055 0.2480003 0.2671664 0.2514454 0.2671664 0.2480003 0.2852467 0.2514454 0.2852468 0.2480003 0.6460686 0.3589993 0.6460686 0.3554729 0.6709117 0.3554729 0.6709117 0.3589993 0.2931004 0.2512827 0.2931004 0.2479967 0.2973484 0.2479967 0.2973484 0.2512829 0.3016343 0.2479967 0.3016343 0.2512827 0.305988 0.2479967 0.305988 0.2512827 0.3103776 0.2479969 0.3103777 0.2512827 0.3149038 0.2479967 0.3149036 0.2512827 0.322086 0.2512827 0.3220861 0.2479967 0.3296795 0.2512829 0.3296794 0.2479969 0.3370836 0.2479969 0.3370837 0.2512827 0.3444969 0.2512827 0.3444969 0.2479967 0.3519154 0.2479967 0.3519155 0.2512827 0.3903206 0.2515484 0.3596245 0.2515484 0.3596244 0.248027 0.3903206 0.248027 0.7335535 0.04558235 0.7370757 0.04558235 0.7358189 0.04826242 0.7317609 0.04741436 0.7338737 0.05022484 0.731761 0.05094308 0.729269 0.05094069 0.72927 0.04741234 0.7262971 0.0509364 0.7263013 0.04740745 0.7228931 0.05093092 0.7228989 0.04740208 0.6442329 0.0472756 0.6442267 0.05080444 0.6388361 0.05079561 0.6388415 0.0472669 0.6330288 0.05078644 0.6330344 0.04725772 0.5966337 0.04742461 0.6173341 0.04742461 0.6173341 0.05095321 0.5966337 0.05095321 0.5880905 0.05095321 0.5880905 0.04742461 0.578996 0.05095321 0.578996 0.04742461 0.5699009 0.05095321 0.5699009 0.04742461 0.5613584 0.05095321 0.5613584 0.04742461 0.5273725 0.04742461 0.5273725 0.05095321 0.524583 0.05095321 0.524583 0.04742461 0.521594 0.05095321 0.521594 0.04742461 0.5187089 0.04742461 0.5187086 0.05095321 0.5164176 0.05023509 0.5143077 0.04827303 0.5167637 0.04559261 0.512944 0.04559261 0.6743684 0.2455662 0.6752093 0.2478986 0.6719499 0.2438573 0.6686155 0.2429508 0.5872083 0.2479653 0.5897725 0.2429508 0.5832588 0.2429508 0.6752093 0.2503539 0.5821001 0.2485938 0.5758011 0.2429508 0.5865751 0.2506526 0.5765948 0.2486517 0.5818184 0.2510498 0.5866006 0.3296984 0.5818578 0.3293097 0.5767695 0.2510996 0.5768231 0.329267 0.5721392 0.2508024 0.5722071 0.3295684 0.576652 0.3317099 0.5717333 0.2482146 0.5698789 0.2430364 0.4945843 0.2506156 0.494212 0.2478915 0.4943343 0.2449672 0.4945843 0.3299117 0.4849309 0.2549559 0.4849309 0.3256012 0.47026 0.2594002 0.47026 0.3212147 0.4560147 0.261664 0.4560146 0.319021 0.4414805 0.2631893 0.4414805 0.3175818 0.4341641 0.3167845 0.4341641 0.2640294 0.4264843 0.31713 0.4264844 0.2650279 0.1242408 0.2650278 0.1242408 0.31713 0.1185867 0.2670707 0.1185867 0.3164303 0.1144424 0.2709738 0.1144422 0.31257 0.1129137 0.3072734 0.1129137 0.2762885 0.3191037 0.2196094 0.3191039 0.216081 0.3232191 0.2160811 0.3232192 0.2196093 0.327334 0.2160807 0.327334 0.2196096 0.3314496 0.2196093 0.3314496 0.2160808 0.3355648 0.2160807 0.3355649 0.2196093 0.3396801 0.2196093 0.3396802 0.2160807 0.3437953 0.2196093 0.3437954 0.2160807 0.3479105 0.2160805 0.3479105 0.2196093 0.3520255 0.2160808 0.3520256 0.2196093 0.3561407 0.2196096 0.3561408 0.2160805 0.3602563 0.2160808 0.3602565 0.2196093 0.3643715 0.2160807 0.3643714 0.2196093 0.3684869 0.2160807 0.3684868 0.2196093 0.6380233 0.3554617 0.6380233 0.358988 0.6131809 0.358988 0.6131809 0.3554617 0.3686382 0.1630927 0.3728414 0.1630927 0.3728415 0.1663443 0.3686379 0.1663443 0.3643967 0.1630927 0.3643967 0.1663445 0.3600891 0.1630927 0.360089 0.1663445 0.3557455 0.1630927 0.3557453 0.1663443 0.3512667 0.1630928 0.3512666 0.1663443 0.3441598 0.1663442 0.3441599 0.1630928 0.3366462 0.1663443 0.3366462 0.1630927 0.3293198 0.1630926 0.3293198 0.1663443 0.3219843 0.1663443 0.3219843 0.1630929 0.3146436 0.1630929 0.3146435 0.1663443 0.1801933 0.3534363 0.1810698 0.351083 0.183516 0.3493614 0.1868832 0.3484873 0.2690271 0.3536599 0.26648 0.3484873 0.1801933 0.3557395 0.2732102 0.3484873 0.2697631 0.35612 0.1801933 0.3585742 0.2743725 0.3544945 0.2809895 0.3484873 0.2703108 0.3589415 0.1801933 0.3609686 0.2747241 0.3569734 0.2802202 0.3545544 0.2749829 0.3596346 0.2705146 0.3618045 0.2800443 0.3570265 0.2750924 0.3621604 0.2705047 0.4401038 0.2799488 0.3596679 0.2848122 0.3563004 0.2852753 0.3539063 0.2870689 0.3485935 0.2844903 0.3590522 0.305293 0.3380484 0.2962397 0.3325155 0.306507 0.3339826 0.3036717 0.3273734 0.3096269 0.3310962 0.3062364 0.3421954 0.3128229 0.3248277 0.31378 0.3301883 0.3178105 0.3314862 0.322174 0.3251277 0.3206636 0.3346135 0.3303723 0.3280953 0.3215837 0.3387429 0.3603867 0.3452844 0.3091012 0.3453193 0.3203202 0.3427803 0.3624606 0.3472016 0.363755 0.3499405 0.317222 0.3456523 0.3131148 0.3466014 0.3639001 0.3529089 0.3635254 0.3553967 0.3631943 0.3583708 0.3629788 0.3614792 0.2844356 0.3618311 0.2799395 0.3621739 0.2750789 0.439752 0.2799225 0.4397417 0.2844142 0.4400867 0.2799302 0.4422459 0.2749679 0.4422764 0.3629788 0.4404902 0.3726147 0.4362293 0.3726147 0.3657447 0.3873336 0.4318961 0.3873336 0.3700799 0.4016726 0.3722327 0.4016726 0.4297447 0.4163205 0.4283468 0.4163205 0.373633 0.4236888 0.4276039 0.4236888 0.3743812 0.4314356 0.4274601 0.4314356 0.3746981 0.7408082 0.4274604 0.7408082 0.3746981 0.746545 0.3761499 0.746545 0.4261796 0.7507529 0.3800816 0.7507529 0.4222462 0.7523098 0.385457 0.7523098 0.416869 0.6173275 0.03305966 0.6173277 0.03658825 0.5966272 0.03658825 0.5966272 0.03305966 0.5880842 0.03305966 0.5880842 0.03658825 0.5789896 0.03305966 0.5789896 0.03658825 0.5698949 0.03305966 0.5698949 0.03658825 0.561352 0.03305966 0.561352 0.03658825 0.5273656 0.03658825 0.5273656 0.03305966 0.524576 0.03305966 0.524576 0.03658825 0.5215871 0.03305966 0.5215871 0.03658825 0.5187021 0.03658825 0.5187021 0.03305966 0.5164111 0.03377777 0.514301 0.03573996 0.5167568 0.03842002 0.5129372 0.03842002 0.6752093 0.3324188 0.6743701 0.3347501 0.6719529 0.336459 0.6686195 0.337378 0.5872394 0.3323798 0.5898061 0.337378 0.5833057 0.337378 0.6752093 0.3298525 0.5821422 0.3317606 0.5758696 0.337378 0.693451 0.2754785 0.693451 0.2503539 0.693451 0.3053687 0.696928 0.2754785 0.693451 0.3298525 0.696928 0.2503539 0.696928 0.3053687 0.7004663 0.2754785 0.696928 0.3298525 0.7004663 0.2503539 0.7004663 0.3053687 0.7004663 0.3298525 0.7040856 0.2754785 0.7040856 0.2503539 0.7040856 0.3053687 0.7040856 0.3298525 0.7077563 0.2503539 0.7077563 0.2754785 0.7116156 0.2754785 0.7116156 0.2503539 0.7193236 0.2754785 0.7193236 0.2503539 0.7278151 0.2754785 0.7278151 0.2503539 0.7359666 0.2754785 0.7359666 0.2503539 0.744135 0.2754785 0.744135 0.2503539 0.7523098 0.2754785 0.7523098 0.2503539 0.3232188 0.208268 0.3191037 0.2082679 0.3191037 0.2047394 0.3232188 0.2047394 0.3273337 0.208268 0.3273336 0.2047394 0.3314491 0.2047392 0.3314491 0.208268 0.3355644 0.208268 0.3355644 0.2047394 0.33968 0.204739 0.3396798 0.208268 0.3437951 0.2047392 0.3437951 0.208268 0.3479103 0.208268 0.3479103 0.2047392 0.3520255 0.208268 0.3520254 0.2047394 0.3561406 0.2047392 0.3561407 0.208268 0.3602564 0.2082679 0.3602563 0.2047392 0.3643712 0.208268 0.3643712 0.2047392 0.3684865 0.208268 0.3684865 0.2047394 0.1133487 0.4160601 0.107026 0.4403508 0.107026 0.4160601 0.1133487 0.4403508 0.1196567 0.4160601 0.1196567 0.4403508 0.1259417 0.4160601 0.1259417 0.4403508 0.1322203 0.4160601 0.1322203 0.4403508 0.1384411 0.4160601 0.1384411 0.4403508 0.1433385 0.4403508 0.1433385 0.4160601 0.1481244 0.4403508 0.1481244 0.4160601 0.15285 0.4403508 0.15285 0.4160601 0.1574826 0.4403508 0.1574826 0.4160601 0.1621492 0.4160601 0.1621492 0.4403508 0.1801933 0.4403508 0.1621492 0.3859923 0.1621492 0.3609686 0.1574826 0.3609686 0.1574826 0.3859923 0.15285 0.3859923 0.15285 0.3609686 0.1481244 0.3859923 0.1481244 0.3609686 0.1433385 0.3859923 0.1433385 0.3609686 0.1384411 0.3859923 0.1384411 0.3609686 0.1322203 0.3609686 0.1322203 0.3859923 0.1259417 0.3609686 0.1259417 0.3859923 0.1196567 0.3609686 0.1196567 0.3859923 0.1133487 0.3609686 0.1133487 0.3859923 0.107026 0.3609686 0.107026 0.3859923 0.744135 0.3298525 0.7523098 0.3053687 0.7523098 0.3298525 0.744135 0.3053687 0.7359666 0.3298525 0.7359666 0.3053687 0.7278151 0.3298525 0.7278151 0.3053687 0.7193236 0.3298525 0.7193236 0.3053687 0.7116156 0.3298525 0.7116156 0.3053687 0.7077563 0.3298525 0.7077563 0.3053687 0.1487734 0.2480146 0.1304024 0.2515165 0.1304024 0.2480148 0.1487734 0.2515165 0.1527983 0.2480148 0.1527981 0.2515165 0.1568591 0.2480146 0.156859 0.2515165 0.1609837 0.2480146 0.1609838 0.2515165 0.1651426 0.2480148 0.1651426 0.2515165 0.1694312 0.2480146 0.1694312 0.2515165 0.1762359 0.2515165 0.176236 0.2480146 0.1834303 0.2515165 0.1834303 0.2480146 0.1904452 0.2480146 0.1904452 0.2515165 0.197469 0.2515165 0.197469 0.2480146 0.2044977 0.2480146 0.2044977 0.2515165 0.1801933 0.448454 0.1835136 0.4525287 0.1810682 0.4508063 0.1868803 0.4534093 0.2690109 0.4482446 0.2664629 0.4534093 0.1801933 0.4461505 0.2731898 0.4534093 0.2697486 0.4457857 0.1801933 0.4433166 0.2743548 0.4474133 0.2809642 0.4534093 0.2702984 0.4429658 0.2747075 0.4449363 0.2801993 0.4473575 0.2800246 0.444886 0.2844685 0.4428638 0.3631649 0.4435983 0.2847893 0.4456146 0.3634943 0.4465726 0.2852514 0.448008 0.2870418 0.4533202 0.3638666 0.44906 0.3637198 0.4520278 0.305256 0.463877 0.2962003 0.4694021 0.3064667 0.467943 0.3036273 0.474549 0.3095842 0.4708311 0.3062022 0.4597311 0.3090684 0.4566095 0.3130828 0.4553303 0.3171891 0.4562824 0.3127753 0.4771011 0.3137363 0.4717422 0.3177668 0.4704472 0.3221254 0.4768082 0.3206221 0.4673222 0.3303244 0.4738471 0.3215451 0.4631943 0.360348 0.4566816 0.320285 0.4591566 0.3624231 0.454766 0.9962261 0.01185203 0.9855856 0.003779173 0.9962257 0.003779531 0.9855852 0.01185274 0.9702616 0.003779531 0.9702611 0.01185274 0.9559294 0.003779531 0.9559292 0.01185274 0.9415126 0.003779531 0.9415116 0.01185203 0.9343032 0.01185203 0.9343032 0.003779531 0.9268404 0.01185203 0.926841 0.003779531 0.6335111 0.01185238 0.6335112 0.003779531 0.6278965 0.01185203 0.6278964 0.003779531 0.6224244 0.01185238 0.6224238 0.003779531 0.6170995 0.003779531 0.6170994 0.01185238 0.5571311 0.01185238 0.5571312 0.003779531 0.5518059 0.01185238 0.551806 0.003779531 0.5463341 0.003779531 0.5463341 0.01185238 0.5407187 0.003779531 0.5407189 0.01185238 0.2473867 0.003779531 0.2473866 0.01185203 0.2399248 0.003779531 0.2399248 0.01185238 0.2327155 0.003779531 0.2327155 0.01185274 0.2182988 0.01185274 0.2182985 0.003779531 0.2039666 0.01185238 0.2039666 0.003779531 0.1886427 0.01185238 0.1886429 0.003779531 0.1780024 0.01185274 0.1780024 0.003779531 0.7335598 0.03841716 0.7358292 0.03574067 0.7370823 0.03842288 0.7317697 0.03658229 0.733887 0.03377551 0.7317756 0.0330537 0.729284 0.03305179 0.7292795 0.03658062 0.7263115 0.03305155 0.7263106 0.03658038 0.7229081 0.03305155 0.7229081 0.03658038 0.6442414 0.03658038 0.6442414 0.03305155 0.6388504 0.03305155 0.6388504 0.03658038 0.6330425 0.03305155 0.6330425 0.03658038 0.5718014 0.3321518 0.4943094 0.3326354 0.5699548 0.3373276 0.4944382 0.3355583 0.5519547 0.347591 0.5608159 0.3530744 0.5507365 0.3515828 0.5534914 0.3580941 0.5476516 0.3544068 0.5510485 0.3435053 0.5482448 0.3404161 0.5442981 0.339133 0.5402498 0.3400433 0.5444781 0.3605615 0.5435594 0.3552808 0.5395972 0.3539836 0.5352697 0.3602252 0.5368037 0.3508899 0.5272071 0.3572617 0.5359197 0.3468204 0.4977321 0.3401657 0.5371844 0.3428532 0.4956992 0.3382645 0.5607032 0.227299 0.551848 0.2328057 0.5506206 0.2288141 0.5533627 0.2222931 0.5475283 0.2259957 0.5509503 0.2368951 0.5481519 0.239992 0.5442066 0.2412843 0.5443396 0.2198451 0.5434321 0.2251307 0.539471 0.2264371 0.5351279 0.2202021 0.5366834 0.229538 0.527069 0.2231848 0.5358077 0.2336111 0.4976195 0.240351 0.5401546 0.2403821 0.5370814 0.2375779 0.4955901 0.2422571  
					<TextureCoords1>: 0  
					<Normals>: 592 -1 0 -4.952195E-07 -1 0 3.237786E-07 -1 0 -1.680089E-07 -1 0 -8.382839E-07 -1 0 0 -1 0 0 -1 0 -4.765272E-07 -1 0 -1.055988E-06 -1 0 4.030815E-07 -1 0 7.406381E-07 -1 0 -4.144704E-07 -1 0 -1.169536E-06 -1 0 -4.175983E-07 -1 0 -5.302693E-07 -1 0 -6.568884E-07 -1 0 -1.051796E-06 -1 0 0 -1 0 0 -1 0 -7.227202E-07 -1 0 -4.358412E-07 -1 0 -3.896064E-07 -1 0 0 -1 0 2.425121E-07 -1 0 2.711128E-07 0 0.8656479 0.5006534 0 0.8656479 0.5006534 0 0.865648 0.5006532 0 0.865648 0.5006532 1 0 -2.427459E-07 1 0 -4.110398E-07 1 0 -1.046718E-07 1 0 0 1 0 0 1 0 0 1 0 0 1 0 0 1 0 0 1 0 -2.656758E-07 1 -1.284964E-07 -5.118289E-07 1 -1.15578E-07 -5.624648E-07 1 -2.369244E-07 -7.131065E-07 1 -2.23653E-07 -6.492772E-07 1 -2.675428E-07 -1.629864E-07 1 -2.503467E-07 0 1 -2.899135E-07 0 1 -2.901438E-07 0 1 -2.510475E-07 2.211886E-07 1 -2.510152E-07 2.100204E-07 1 -2.123562E-07 2.441908E-07 1 -2.12369E-07 3.237786E-07 0 0 1 0 -1.29989E-06 1 0 -1.205375E-06 1 0 0 1 0.01199255 -0.02006919 0.9997266 0.007668946 -0.02518674 0.9996533 0.007891417 -0.02117419 0.9997446 0.005641405 -0.1591192 0.9872433 0.00328621 -0.01989788 0.9997967 0.002720995 -0.2164344 0.9762934 0.001506296 -0.6252367 0.7804337 0.0009284251 -0.6249092 0.7806969 0.0003100013 -0.9289941 0.3700945 0.0001284133 -0.9289516 0.3702013 1.821752E-05 -0.997182 0.07502083 0 -0.9971806 0.0750395 0 -0.995742 0.09218303 0 -0.995742 0.09218297 0 -0.9300701 0.3673822 0 -0.9300701 0.3673822 0 -0.8508265 0.5254468 0 -0.8508265 0.5254468 0 0.2064082 0.978466 0 0.2933446 0.9560067 0 0.2933445 0.9560068 0 0.2064081 0.978466 0 -0.04126241 0.9991484 0 -0.0412624 0.9991484 0 -0.3429123 0.9393674 0 -0.3429121 0.9393675 0 -0.612132 0.7907556 0 -0.6121314 0.7907559 0 -0.7882315 0.6153789 0 -0.7882313 0.6153791 0 -0.8960068 0.4440403 0 -0.8960068 0.4440404 0 -0.9878243 0.1555738 0 -0.9878243 0.1555738 -3.964744E-06 -0.9737791 -0.2274954 0 -0.9737799 -0.2274926 -5.608134E-06 -0.8500918 -0.5266347 -7.684338E-06 -0.8669793 -0.4983442 -8.467074E-06 -0.8005723 -0.5992361 -4.027886E-06 -0.8005736 -0.5992344 0 -0.8005748 -0.5992327 3.431355E-06 -0.8005695 -0.5992399 -1 0 8.358531E-06 -0.9001184 -0.4355965 -0.0065184 -1 1.078542E-06 -4.651438E-06 -1 -5.62853E-07 -9.022921E-07 -0.9176884 -0.3964929 0.02532658 -1 0 4.912304E-07 -1 0 0 -0.250536 -0.9679487 -0.01752789 -0.9246434 -0.3572525 0.1319292 -1 -1.394562E-07 0 -0.3870377 -0.9172903 0.09370302 -0.9267351 -0.2762503 0.2546524 -0.40264 -0.849133 0.3418394 0.3870378 -0.9172903 0.09370298 0.40264 -0.8491334 0.3418383 -0.4056943 -0.6820722 0.6084321 0.4056945 -0.6820736 0.6084304 -0.3989132 -0.4969762 0.770638 0.3989132 -0.4969772 0.7706373 0.9267351 -0.2762502 0.2546522 -0.9252116 -0.1972864 0.3241317 -1 -2.308036E-07 5.208352E-07 -0.3021474 -0.4753443 0.8262897 -0.9319048 -0.1651048 0.3229457 -1 -1.603822E-07 -2.041878E-07 0.3021476 -0.475346 0.8262888 0 -0.6542697 0.7562613 0 -0.6542721 0.7562591 0 -0.7473262 0.6644574 0 -0.7473243 0.6644595 0 -0.7484145 0.6632313 0 -0.7484143 0.6632316 0 -0.6438794 0.7651271 0 -0.6438818 0.7651249 0 -0.3866938 0.9222082 0 -0.3866896 0.9222099 0 -0.1081782 0.9941315 0 -0.1081758 0.9941317 0 0.0001764482 1 0 0.000176597 1 0 0.0001758188 1 0 0.0001772141 1 0 0.0001748338 1 0 0.0001784282 1 0 0.0001760616 1 0 0.0001764725 1 0 -0.9659273 -0.2588136 0 -0.9659272 -0.2588141 0 -0.8660274 -0.4999966 0 -0.8660267 -0.4999977 0 -0.4999975 -0.8660269 0 -0.4999951 -0.8660282 0 4.09536E-06 -1 0 1.68922E-06 -1 0 0.4999991 -0.866026 0 0.4999993 -0.8660258 0 0.866026 -0.499999 0 0.8660267 -0.4999978 0 1 7.218416E-07 0 1 1.14906E-06 0 0.8660275 0.4999964 0 0.8660275 0.4999965 0 0.5000014 0.8660246 0 0.500002 0.8660243 0 -4.610967E-06 1 0 -4.262339E-06 1 0 -0.5000016 0.8660246 0 -0.5000019 0.8660244 0 -0.866026 0.4999991 0 -0.8660262 0.4999987 0 -0.9659285 0.2588093 0 -0.9659287 0.2588083 0 0.865648 0.5006531 0 0.865648 0.5006531 0 0.865648 0.5006532 0 0.865648 0.5006532 -1 0 1.395625E-07 -1 0 5.480532E-07 -1 0 3.236613E-07 -1 0 0 -1 0 0 -1 0 1.752173E-07 -1 0 0 -1 0 0 -1 0 -1.295374E-07 -1 0 0 -1 0 0 -1 0 0 -1 0 3.703191E-07 -1 0 3.04861E-07 -1 0 0 -1 0 -2.109038E-07 -1 0 0 -1 0 0 -1 0 0 -1 0 2.09571E-07 -1 0 -3.853316E-07 -1 0 -6.475573E-07 0.9828585 0.1843406 0.002758465 1 0 0 1 0 3.437136E-07 1 0 0 0.9860092 0.166437 -0.009197879 1 0 0 0.8477771 0.5302933 0.007930809 1 0 0 0.854313 0.5180937 -0.04157326 0.5728897 0.8195409 0.01224898 0.9880261 0.1450971 -0.05245261 1 0 2.152583E-07 0.5926747 0.8020396 -0.07395505 0.1448047 0.9893013 0.01773924 0.8726661 0.4561579 -0.1742812 0.9885181 0.1107041 -0.1028428 0.6275998 0.7245365 -0.2848953 0.2287894 0.9686531 -0.09678023 0.8762357 0.3563569 -0.3243777 0.2467195 0.8994071 -0.3608272 -0.2287894 0.9686531 -0.09678047 0.6337737 0.5748597 -0.5175589 0.8666567 0.264087 -0.4232779 0.9878269 0.08012406 -0.1333346 1 2.057531E-07 8.196381E-07 0.6125782 0.423704 -0.6672503 1 4.289756E-07 3.331781E-07 1 2.676513E-07 7.900522E-07 1 -3.246732E-07 9.508029E-07 1 -3.180009E-07 1.110181E-06 1 0 1.565826E-06 1 4.222174E-07 0 1 -2.724534E-07 1.808507E-06 1 -1.302895E-06 2.971948E-06 1 -2.968466E-06 -1.714987E-06 1 -2.103457E-07 -1.264442E-06 1 2.344669E-07 0 1 8.802409E-07 -5.262498E-07 1 6.468177E-07 9.199921E-07 1 3.290985E-07 0 1 5.7185E-07 0 1 1.025701E-06 -1.218272E-06 1 2.488098E-07 -2.034586E-06 1 0 -8.709804E-07 1 -8.037502E-06 1.35644E-05 1 6.252025E-07 -1.25159E-06 0.9890761 0.06710028 -0.1312481 0.8719905 0.222738 -0.4359133 0.6058628 0.3617957 -0.7085437 0.1747376 0.4928575 -0.8523839 0.2390763 0.5248428 -0.8169348 0.2498782 0.722142 -0.6450362 -0.2467195 0.8994071 -0.3608276 -0.2498782 0.7221406 -0.6450378 -0.2390761 0.5248409 -0.8169362 -0.633774 0.5748594 -0.5175588 -0.6276002 0.7245362 -0.2848951 -0.1747374 0.4928575 -0.8523839 0 0.6700641 -0.7423033 0 0.6700642 -0.7423032 0 0.7591069 -0.6509659 0 0.7591079 -0.6509648 0 0.7594913 -0.6505174 0 0.7594913 -0.6505174 0 0.6549965 -0.7556319 0 0.654996 -0.7556324 0 0.3957619 -0.9183532 0 0.3957606 -0.9183537 0 0.111034 -0.9938166 0 0.1110324 -0.9938168 0 0.0001760839 -1 0 0.0001741194 -1 0 0.0001737004 -1 0 0.0001802329 -1 0 0.0001756936 -1 0 0.0001861322 -1 0 0.0001877114 -1 0 0.000182767 -1 0 0.2933441 0.9560069 0 0.2933441 0.9560069 0 0.2064083 0.978466 0 0.2064086 0.9784659 0 -0.04126339 0.9991484 0 -0.04126363 0.9991482 0 -0.3429113 0.9393678 0 -0.3429114 0.9393678 0 -0.6121321 0.7907556 0 -0.612132 0.7907556 0 -0.7882314 0.615379 0 -0.7882312 0.6153792 0 -0.8960064 0.4440411 0 -0.8960059 0.4440421 0 -0.9878241 0.1555754 0 -0.9878242 0.1555742 3.964797E-06 -0.9737791 -0.2274959 0 -0.9737803 -0.2274902 5.608147E-06 -0.8500926 -0.5266333 7.684429E-06 -0.866979 -0.4983446 8.467012E-06 -0.8005748 -0.5992327 4.027856E-06 -0.8005741 -0.5992336 0 -0.8005748 -0.5992327 -3.431355E-06 -0.8005695 -0.5992399 0.9001185 -0.4355965 -0.006518808 1 0 4.179265E-06 1 1.078542E-06 -4.044019E-06 1 -5.628532E-07 -7.182658E-07 0.9176884 -0.3964928 0.02532653 1 0 3.840068E-07 1 0 0 0.250536 -0.9679486 -0.01752789 0.9246434 -0.3572524 0.1319289 1 -1.394562E-07 0 0 -0.9967618 -0.08040989 0 -0.9940565 -0.1088652 0 -0.9967618 -0.08040988 0 -0.9362808 -0.3512525 0 -0.9940565 -0.1088652 0 -0.9362807 -0.3512527 0 -0.9362808 -0.3512525 0 -0.775106 -0.6318312 0 -0.9362807 -0.3512527 4.914235E-07 -0.7751084 -0.6318284 0 -0.775106 -0.6318313 -4.896185E-07 -0.7751084 -0.6318283 1.349961E-07 -0.5320118 -0.8467369 1.224272E-06 -0.5320122 -0.8467367 -1.297215E-07 -0.5320117 -0.846737 -1.230084E-06 -0.5320121 -0.8467367 5.245575E-07 -0.2623657 -0.9649685 0 -0.2623698 -0.9649674 0 -0.1918841 -0.9814176 0 -0.1918837 -0.9814177 0 -0.4889475 -0.8723131 0 -0.4889473 -0.8723133 0 -0.8606013 -0.5092794 0 -0.8606012 -0.5092794 0 -0.9999987 -0.001660872 0 -0.9999987 -0.001660862 0 -0.8651586 0.5014983 0 -0.8651586 0.5014983 0 -0.7071484 0.707065 0 -0.7071484 0.7070651 0 -0.8660274 -0.4999966 0 -0.9659272 -0.2588142 0 -0.9659273 -0.2588136 0 -0.8660267 -0.4999977 0 -0.4999974 -0.8660269 0 -0.4999951 -0.8660283 0 3.447171E-06 -1 0 -1.767787E-06 -1 0 0.4999988 -0.866026 0 0.5000015 -0.8660246 0 0.8660259 -0.4999991 0 0.8660267 -0.4999977 0 1 1.055754E-06 0 1 1.954384E-06 0 0.8660275 0.4999965 0 0.8660275 0.4999963 0 0.5000014 0.8660246 0 0.5000019 0.8660243 0 -4.208302E-06 1 0 -3.555223E-06 1 0 -0.5000013 0.8660246 0 -0.5000019 0.8660244 0 -0.866026 0.4999991 0 -0.8660262 0.4999987 0 -0.9659285 0.2588093 0 -0.9659287 0.2588083 0 0.8651209 -0.5015633 0 0.7073111 -0.7069023 0 0.7073111 -0.7069024 0 0.8651209 -0.5015633 0 0.9999964 0.002669966 0 0.9999964 0.002670025 0 0.8633896 0.5045379 0 0.8633896 0.5045381 0 0.4991898 0.8664927 0 0.4991899 0.8664926 -4.34721E-07 0.1982005 0.9801615 0 0.198203 0.980161 -6.554221E-07 0.2695764 0.962979 -1.632457E-06 0.2695715 0.9629804 -2.026635E-06 0.540608 0.8412746 -1.882643E-06 0.5406086 0.8412741 -2.075633E-06 0.779642 0.6262253 -1.950176E-06 0.7796425 0.6262249 -1.060319E-06 0.9385127 0.3452445 -2.91769E-06 0.9385141 0.345241 -8.558118E-07 0.9969283 0.07831971 0 0.9944007 0.1056754 -0.1448048 0.9893013 0.01773924 8.473378E-07 0.9969283 0.07831971 0 0.9944007 0.1056754 1.058611E-06 0.9385127 0.3452445 2.903136E-06 0.9385141 0.345241 1.950176E-06 0.7796425 0.6262249 2.075633E-06 0.779642 0.6262253 1.882643E-06 0.5406089 0.8412741 2.026634E-06 0.540608 0.8412746 1.632458E-06 0.2695715 0.9629804 6.554221E-07 0.2695767 0.962979 4.34721E-07 0.1982004 0.9801615 0 0.1982032 0.9801609 0 0.4991898 0.8664926 0 0.4991898 0.8664926 0 0.8633894 0.504538 0 0.8633896 0.5045379 0 0.9999964 0.002669986 0 0.9999964 0.002670006 0 0.8651209 -0.5015633 0 0.8651209 -0.5015633 0 0.7073111 -0.7069023 0 0.707311 -0.7069025 0 -0.8651586 0.5014985 0 -0.7071484 0.707065 0 -0.7071484 0.7070651 0 -0.8651586 0.5014983 0 -0.9999987 -0.001660852 0 -0.9999987 -0.001660862 0 -0.8606012 -0.5092794 0 -0.8606013 -0.5092793 0 -0.4889473 -0.8723133 0 -0.4889475 -0.8723131 0 -0.1918837 -0.9814177 0 -0.1918841 -0.9814176 -5.245575E-07 -0.2623657 -0.9649685 0 -0.2623698 -0.9649675 1 0 0 1 0 2.425121E-07 1 0 2.711128E-07 1 0 -3.896063E-07 1 0 -4.358411E-07 1 0 -7.227202E-07 1 0 0 1 0 0 1 0 -1.051796E-06 1 0 -6.568885E-07 1 0 -5.302693E-07 1 0 -4.175984E-07 1 0 -5.981454E-07 1 0 -1.298616E-06 1 0 3.919817E-07 1 0 0 1 0 -8.063868E-07 1 0 -1.477795E-06 1 0 1.032518E-07 1 0 0 1 0 -3.574449E-07 1 0 -6.282634E-07 1 0 -1.680089E-07 1 0 3.237786E-07 -0.9828585 0.1843406 0.002758739 -1 -1.08145E-06 3.093422E-06 -1 0 0 -1 5.628138E-07 4.254625E-07 -0.9860092 0.166437 -0.009197641 -1 0 -4.60044E-07 -0.8477775 0.5302929 0.007930737 -1 0 -1.999106E-07 -0.854313 0.5180935 -0.04157275 -0.5728904 0.8195404 0.01224893 -0.9880262 0.1450971 -0.05245221 -1 1.045924E-07 -2.208087E-07 -0.5926749 0.8020394 -0.07395487 -0.8726664 0.4561576 -0.1742806 -0.9885181 0.1107041 -0.1028429 -0.8762358 0.3563564 -0.3243776 -0.6125785 0.4237034 -0.6672502 -0.6058632 0.3617955 -0.7085435 -0.8666571 0.2640864 -0.4232776 -0.8719908 0.2227379 -0.4359127 -0.987827 0.08012407 -0.1333343 -1 3.086303E-07 -6.082957E-07 -0.989076 0.06710029 -0.1312483 -1 0 -1.140155E-06 -1 6.434628E-07 1.194733E-06 -1 4.014767E-07 9.131082E-07 -1 2.176875E-07 1.732597E-06 -1 -1.151482E-07 1.857297E-06 -1 1.163667E-07 2.658678E-06 -1 6.33326E-07 -1.892629E-07 -1 8.57775E-07 -4.692531E-07 -1 1.510478E-06 -3.416926E-07 -1 -6.740123E-06 9.740662E-06 -1 -8.322789E-07 2.258355E-06 -1 -2.158349E-06 2.971947E-06 -1 -3.204068E-06 -2.748979E-07 -1 -6.462753E-07 -1.51506E-07 -1 -3.848959E-07 1.829564E-07 -1 4.401204E-07 -3.501539E-07 -1 3.234089E-07 2.189513E-07 -1 1.645492E-07 6.735124E-07 -1 5.128502E-07 -3.385076E-07 -1 1.244049E-07 -1.829064E-06 -0.9068308 -0.3368759 -0.2533228 -0.9303941 -0.2911949 -0.2226484 -0.9069712 -0.3371975 -0.2523908 -0.9332724 -0.2850325 -0.2185386 -0.9695265 -0.1940382 -0.149558 -0.9738033 -0.1800538 -0.13888 -0.9893427 -0.1150125 -0.08929311 -0.9903933 -0.1093632 -0.08462069 -0.9921992 -0.09966281 -0.07488689 -0.9921097 -0.1003708 -0.0751273 -0.9936953 -0.0897557 -0.06718268 -0.9946956 -0.08234924 -0.06163886 -0.998565 -0.04287439 -0.03209137 -0.9996433 -0.02137954 -0.01600237 -0.9923872 -0.1231576 -5.292697E-07 -0.9923867 -0.1231606 -2.281235E-07 -0.8771428 -0.4802296 -7.098171E-07 -0.8771418 -0.4802315 -2.403927E-07 -0.519866 -0.8542477 3.178185E-06 -0.5198681 -0.8542466 0 -0.1382954 -0.990391 1.276148E-05 -0.138292 -0.9903915 1.601344E-05 0.138292 -0.9903915 1.601344E-05 0.1382954 -0.990391 1.276148E-05 0.5198669 -0.8542473 3.178186E-06 0.5198697 -0.8542455 0 0.8771428 -0.4802296 -6.332833E-07 0.8771426 -0.48023 -9.517505E-07 0.9923867 -0.1231612 -6.150411E-07 0.9923868 -0.1231598 -7.655751E-07 0.9996433 -0.02137956 -0.01600236 0.998565 -0.04287443 -0.03209141 0.9946956 -0.08234928 -0.0616388 0.9936953 -0.08975572 -0.06718259 0.9921992 -0.09966282 -0.07488704 0.9921096 -0.1003708 -0.07512757 0.9903933 -0.1093637 -0.08462044 0.9893426 -0.1150131 -0.08929286 0.9738035 -0.1800539 -0.1388793 0.9695265 -0.1940384 -0.1495574 0.9332721 -0.2850331 -0.218539 0.9303937 -0.2911957 -0.2226489 0.9068307 -0.3368758 -0.2533234 0.906971 -0.3371977 -0.2523915 -0.01199255 -0.02006919 0.9997266 -0.007891415 -0.02117353 0.9997447 -0.007668946 -0.02518674 0.9996533 -0.005641398 -0.1591194 0.9872433 -0.003286206 -0.01989799 0.9997967 -0.002721018 -0.2164335 0.9762937 -0.001506336 -0.625236 0.7804342 -0.0009283926 -0.62491 0.7806962 -0.0003099689 -0.9289939 0.3700947 -0.0001283571 -0.9289514 0.3702015 -1.820027E-05 -0.997182 0.07502081 0 -0.9971806 0.07503961 0 -0.995742 0.09218289 0 -0.9957421 0.09218264 0 -0.9300701 0.3673822 0 -0.93007 0.3673825 0 -0.8508262 0.5254472 0 -0.850826 0.5254474 0.9252116 -0.1972864 0.3241317 0.9319048 -0.1651048 0.3229457 1 -2.308036E-07 5.208352E-07 1 -1.603824E-07 -1.320422E-07 1 -7.74157E-07 2.100653E-06 1 -5.353027E-07 -1.457048E-06 1 1.001695E-06 -1.561437E-06 1 8.169282E-07 -1.760826E-06 1 1.156849E-06 -1.623312E-06 1 2.264591E-07 3.138261E-06 1 1.1437E-06 0 1 3.684275E-06 -6.906758E-06 1 6.766984E-06 -1.502936E-05 1 -3.159744E-07 -1.231139E-06 1 -1.001277E-06 -1.242655E-06 1 2.836762E-06 2.688775E-06 1 0 1.714172E-06 1 -6.217159E-07 2.238908E-06 1 -1.889389E-06 1.574017E-06 1 -1.327891E-06 -1.135276E-07 1 -9.872987E-07 3.535623E-06 1 -1.688618E-06 9.116811E-07 1 -7.464288E-07 1.1263E-06 -1 -5.353027E-07 -1.580104E-06 -1 -7.741572E-07 1.788237E-06 -1 1.001698E-06 -1.901606E-06 -1 8.169301E-07 -1.531059E-06 -1 1.156853E-06 -1.409085E-06 -1 2.264591E-07 3.138261E-06 -1 1.1437E-06 0 -1 3.684275E-06 -6.906758E-06 -1 -3.159742E-07 -1.099156E-06 -1 -1.001276E-06 -1.420176E-06 -1 2.836762E-06 2.688775E-06 -1 0 1.714172E-06 -1 -6.217158E-07 2.238908E-06 -1 -1.889389E-06 1.574017E-06 -1 -1.327891E-06 -1.135277E-07 -1 -9.872987E-07 3.535623E-06 -1 6.766984E-06 -1.491513E-05 -1 -1.688617E-06 1.213914E-06 -1 -7.464284E-07 9.395312E-07  
					<Tangents>: 592 0 -0.5016146 -0.8650912 0 -0.7070442 -0.7071694 0 -0.7070094 -0.7072042 0 -0.5015168 -0.8651479 0 0.002660524 -0.9999965 0 0 -1 0 0.504247 -0.8635595 0 0.5051813 -0.8630133 0 0.861608 -0.5075742 0 0.8795555 -0.4757964 0 0.9796131 -0.2008935 0 0.9828218 -0.1845568 0 0.9652163 -0.2614526 0 0.96342 -0.2679962 0 0.8469353 -0.5316958 0 0.8403777 -0.5420011 0 0.632174 -0.7748264 0 0.6253225 -0.7803665 0 0.3513322 -0.9362508 0 0.3452597 -0.9385072 0 0.112449 -0.9936574 0 0.09978786 -0.9950087 0 0.0236162 -0.9997211 0 0.02363055 -0.9997208 -1 0 0 -1 0 0 -1 0 0 -1 0 0 0 -0.1895955 0.9818622 0 -0.1869904 0.9823617 0 -0.3452256 0.9385197 0 -0.351295 0.9362648 0 -0.6253483 0.7803457 0 -0.6322162 0.7747921 0 -0.8403555 0.5420355 0 -0.8469193 0.5317213 0 -0.9634283 0.267966 0 -0.9652285 0.2614074 0 -0.9796129 0.2008944 0 -0.9828194 0.1845702 0 -0.8795525 0.4758019 0 -0.8616052 0.507579 0 -0.5042399 0.8635635 0 -0.5051638 0.8630235 0 -0.002677185 0.9999964 0 0 1 0 0.5016075 0.8650953 0 0.5014994 0.865158 0 0.7070252 0.7071884 0 0.707065 0.7071484 -1 0 0 -1 0 0 -1 0 0 -1 0 0 0 0.9997986 0.02007145 0 0.9996828 0.02518748 0 0.9997758 0.02117538 0 0.9872593 0.1591201 0 0.9998021 0.01989824 0 0.9762973 0.2164338 0.001228807 0.7804351 0.6252356 0.001242943 0.7806973 0.624908 0.001609368 0.3700946 0.9289927 0.001658162 0.370201 0.9289502 0.001608024 0.07502075 0.9971807 0.001598969 0.0750394 0.9971793 0.001627151 0.09218292 0.9957408 0.00163127 0.09218284 0.9957408 0.001626937 0.3673816 0.9300689 0.001622742 0.3673816 0.9300689 0.001580543 0.5254461 0.8508254 0.001580541 0.5254461 0.8508254 0 0.978466 -0.2064082 0 0.9560067 -0.2933446 0 0.9560068 -0.2933445 0 0.978466 -0.2064081 0 0.9991484 0.04126242 0 0.9991484 0.0412624 0 0.9393674 0.3429123 0 0.9393675 0.3429121 0 0.7907556 0.6121319 0 0.790756 0.6121315 0 0.6153789 0.7882314 0 0.615379 0.7882314 0 0.4440404 0.8960068 0 0.4440403 0.8960068 0 0.1555738 0.9878243 0 0.1555738 0.9878243 0 -0.2274954 0.9737791 0 -0.2274926 0.9737799 0 -0.5266347 0.8500918 0 -0.4983442 0.8669793 0 -0.5992361 0.8005723 0 -0.5992344 0.8005736 0 -0.5992327 0.8005748 0 -0.5992399 0.8005695 0 -0.02124826 0.9997743 0.004463621 -0.02418343 0.9996976 0 -0.1170159 0.99313 0 -0.03072687 0.9995278 -0.02853588 0.1293603 0.991187 0 0.05953447 0.9982262 0 0.374301 0.9273072 0.00346279 -0.01900119 0.9998135 -0.02850361 0.4103699 0.9114736 0 0.7082576 0.7059541 -0.04703016 0.1211297 0.991522 0.01644293 0.6473097 0.7620497 -0.03736708 0.3883848 0.9207393 0.04634323 0.1208466 0.9915888 0.03468762 0.3873335 0.9212869 0.02020539 0.6588189 0.7520302 -0.02253016 0.6580076 0.7526743 0.03474702 0.831605 0.5542796 -0.03417436 0.831759 0.5540839 -0.01688628 0.64647 0.7627525 0.01880576 0.8293213 0.5584555 0 0.8396364 0.5431488 0.002345155 0.8664298 0.4992935 0.001288888 0.8888728 0.4581522 0 0.8894715 0.4569905 -0.005047494 0.8659921 0.5000321 0.01020752 0.756222 0.6542356 -0.0150615 0.7561734 0.6541979 0.007264602 0.6644399 0.7473064 -0.01265133 0.6644063 0.7472645 0.007112755 0.6632146 0.7483955 -0.01313472 0.6631743 0.7483498 0.01072555 0.7650831 0.6438423 -0.02071754 0.7649608 0.6437436 -0.0676062 0.9200982 0.385809 -0.01849705 0.9220521 0.3866235 -0.05705251 0.9925122 0.108002 -0.02982462 0.9936895 0.1081277 -0.05048211 0.9987249 0 -0.05754113 0.9983431 0 -0.07833526 0.9969271 0 -0.08950789 0.9959862 0 -0.004914148 0.999988 0 -0.005732678 0.9999835 0 -0.005927301 0.9999825 0 -0.006089106 0.9999815 0 0 -0.2588136 0.9659273 0 -0.2588141 0.9659272 0 -0.4999966 0.8660274 0 -0.4999977 0.8660267 0 -0.8660269 0.4999974 0 -0.8660281 0.4999952 0 -1 0 0 -1 0 0 -0.866026 -0.4999991 0 -0.8660258 -0.4999993 0 -0.499999 -0.866026 0 -0.4999977 -0.8660267 0 0 -1 0 0 -1 0 0.4999964 -0.8660275 0 0.4999964 -0.8660275 0 0.8660246 -0.5000014 0 0.8660243 -0.500002 0 1 0 0 1 0 0 0.8660246 0.5000016 0 0.8660244 0.5000019 0 0.499999 0.866026 0 0.4999987 0.8660262 0 0.2588093 0.9659284 0 0.2588083 0.9659287 -1 0 0 -1 0 0 -1 0 0 -1 0 0 0 0.3452429 -0.9385134 0 0.1869905 -0.9823617 0 0.189625 -0.9818566 0 0.3513079 -0.93626 0 0.6253268 -0.7803631 0 0.632175 -0.7748256 0 0.8403697 -0.5420136 0 0.8469319 -0.5317013 0 0.9634239 -0.2679822 0 0.9652268 -0.2614138 0 0.9796109 -0.2009038 0 0.9828207 -0.1845631 0 0.879557 -0.4757934 0 0.8616119 -0.5075676 0 0.5042605 -0.8635516 0 0.5051989 -0.863003 0 0.00265559 -0.9999965 0 0 -1 0 -0.5016363 -0.8650786 0 -0.5015432 -0.8651326 0 -0.7070252 -0.7071884 0 -0.707065 -0.7071484 -0.001489463 0.02290146 -0.9997366 0 0.0198164 -0.9998037 0 0.1024561 -0.9947374 0 0.026994 -0.9996356 0.01541274 -0.1459733 -0.9891684 0 -0.05953388 -0.9982263 0.001697692 0.01224028 -0.9999237 0 -0.3817354 -0.9242716 0.052332 -0.1653202 -0.9848505 0.003661532 0.01238535 -0.9999167 0.017217 -0.4415323 -0.8970802 0 -0.7040837 -0.7101169 0.06925391 -0.1422236 -0.987409 0 0.01806663 -0.9998368 0.04635216 -0.4326699 -0.90036 -0.01157242 -0.6231495 -0.7820171 0.05098138 -0.4033987 -0.913603 0.05344633 -0.1117661 -0.9922962 -0.0347526 -0.6246619 -0.7801216 0.03472476 -0.3803031 -0.9242098 -0.04730446 -0.1103625 -0.992765 -0.04203227 -0.6425143 -0.76512 -0.04309248 -0.8056191 -0.5908646 -0.01131036 -0.8178796 -0.5752782 0 -0.839058 -0.5440421 -0.06022293 -0.8167089 -0.5738987 0 -0.8772214 -0.4800859 0 -0.8759201 -0.4824561 0 -0.8838814 -0.467711 0 -0.8852234 -0.4651662 0 -0.8890384 -0.4578327 0 -0.8829631 -0.4694423 0 -0.8903167 -0.4553418 0 -0.8887579 -0.4583768 0 -0.8907427 -0.4545081 0 -0.8912327 -0.4535463 0 -0.8905602 -0.4548653 0 -0.8888049 -0.4582859 0 -0.8880532 -0.4597406 0 -0.8872894 -0.4612131 0 -0.8840284 -0.4674332 0 -0.8864052 -0.4629101 0 -0.8872555 -0.4612783 0 -0.8858634 -0.4639463 0 -0.8855252 -0.4645914 0 -0.884784 -0.4660014 -0.001727024 -0.8850493 -0.4654939 -0.005586929 -0.8858998 -0.4638428 -0.007606044 -0.8879375 -0.4599013 -0.007144318 -0.8650452 -0.501643 -0.04643503 -0.8341904 -0.549518 -0.0326987 -0.6594957 -0.7509969 -0.03554832 -0.3804865 -0.924103 0.03169033 -0.6597145 -0.7508478 0.04702519 -0.8340886 -0.5496224 0.0424839 -0.6422182 -0.7653437 -0.05045503 -0.4030198 -0.9137994 0.01008135 -0.8647617 -0.5020812 0.01753091 -0.7421892 -0.669961 -0.01921864 -0.7421661 -0.6699404 0.01180315 -0.6509206 -0.7590541 -0.01703473 -0.6508703 -0.7589977 -0.01177416 -0.6504723 -0.7594387 0.01749276 -0.6504179 -0.7593751 0.02258695 -0.7554391 -0.6548294 -0.02285701 -0.755435 -0.6548249 0.04107623 -0.9175781 -0.3954279 -0.02992802 -0.9179423 -0.3955833 0.02342192 -0.993544 -0.1110036 -0.01591016 -0.993691 -0.1110183 0.01183019 -0.99993 0 0.001208217 -0.9999993 0 0.002547165 -0.9999968 0 0.01951104 -0.9998097 0 -0.001098214 -0.9999994 0 0 -1 0 -0.001693589 -0.9999986 0 0 -1 0 0 0.9560069 -0.2933441 0 0.9560069 -0.293344 0 0.978466 -0.2064082 0 0.9784659 -0.2064086 0 0.9991484 0.04126339 0 0.9991482 0.04126364 0 0.9393678 0.3429113 0 0.9393678 0.3429113 0 0.7907556 0.6121321 0 0.7907556 0.6121319 0 0.6153789 0.7882314 0 0.6153793 0.7882312 0 0.4440411 0.8960064 0 0.4440421 0.8960059 0 0.1555754 0.9878241 0 0.1555742 0.9878242 0 -0.2274959 0.9737791 0 -0.2274902 0.9737803 0 -0.5266333 0.8500926 0 -0.4983446 0.8669791 0 -0.5992327 0.8005749 0 -0.5992337 0.8005741 0 -0.5992327 0.8005748 0 -0.5992399 0.8005695 -0.004794891 -0.02486863 0.9996792 0 -0.02168681 0.9997649 0 -0.1217822 0.9925568 0 -0.03173565 0.9994963 0.0281595 0.1284968 0.99131 0 0.05953448 0.9982262 0 0.3739938 0.9274312 0.001680344 -0.0176705 0.9998424 0.0280664 0.4094031 0.9119218 0 0.7059306 0.708281 0.0129744 -0.08040313 0.996678 0 -0.1088652 0.9940565 -0.008738003 -0.08040681 0.9967238 0 -0.3512524 0.9362808 0 -0.1088653 0.9940565 0 -0.3512527 0.9362807 0 -0.3512525 0.9362807 0 -0.6318312 0.775106 0 -0.3512527 0.9362807 0 -0.6318284 0.7751083 0 -0.6318313 0.775106 0 -0.6318283 0.7751084 0 -0.8467369 0.5320119 0 -0.8467367 0.5320122 0 -0.8467369 0.5320119 0 -0.8467367 0.5320122 0 -0.9649685 0.2623657 0 -0.9649674 0.2623698 0 -0.9814176 0.1918841 0 -0.9814177 0.1918837 0 -0.8723131 0.4889475 0 -0.8723133 0.4889472 0 -0.5092794 0.8606012 0 -0.5092794 0.8606012 0 -0.001660881 0.9999987 0 -0.00166085 0.9999987 0 0.5014983 0.8651587 0 0.5014984 0.8651586 0 0.707065 0.7071484 0 0.707065 0.7071484 0 -0.4999966 0.8660274 0 -0.2588142 0.9659272 0 -0.2588136 0.9659273 0 -0.4999978 0.8660267 0 -0.8660269 0.4999974 0 -0.8660283 0.4999951 0 -1 0 0 -1 0 0 -0.866026 -0.4999988 0 -0.8660246 -0.5000014 0 -0.4999991 -0.8660259 0 -0.4999977 -0.8660267 0 0 -1 0 0 -1 0 0.4999966 -0.8660274 0 0.4999963 -0.8660275 0 0.8660246 -0.5000014 0 0.8660243 -0.5000019 0 1 0 0 1 0 0 0.8660246 0.5000013 0 0.8660244 0.5000019 0 0.4999991 0.866026 0 0.4999987 0.8660262 0 0.2588093 0.9659285 0 0.2588083 0.9659287 0 -0.5015633 -0.8651209 0 -0.7069023 -0.7073112 0 -0.7069024 -0.707311 0 -0.5015632 -0.865121 0 0.002669957 -0.9999964 0 0.002670004 -0.9999964 0 0.5045378 -0.8633896 0 0.5045381 -0.8633894 0 0.8664927 -0.4991897 0 0.8664926 -0.4991899 0 0.9801615 -0.1982005 0 0.980161 -0.1982029 0 0.962979 -0.2695765 0 0.9629804 -0.2695715 0 0.8412746 -0.540608 0 0.8412743 -0.5406086 0 0.6262254 -0.7796422 0 0.6262249 -0.7796425 0 0.3452445 -0.9385127 0 0.345241 -0.9385141 -0.00880236 0.07831667 -0.9968897 0 0.1056754 -0.9944007 -0.003877621 0.01736067 -0.9998418 -0.02043394 0.07830337 -0.9967201 0 0.1056754 -0.9944007 0 0.3452445 -0.9385127 0 0.345241 -0.9385141 0 0.6262248 -0.7796425 0 0.6262253 -0.779642 0 0.8412741 -0.5406089 0 0.8412746 -0.540608 0 0.9629804 -0.2695715 0 0.962979 -0.2695767 0 0.9801615 -0.1982004 0 0.980161 -0.1982032 0 0.8664926 -0.4991898 0 0.8664927 -0.4991898 0 0.504538 -0.8633894 0 0.5045381 -0.8633896 0 0.002669988 -0.9999964 0 0.002670019 -0.9999964 0 -0.5015633 -0.8651209 0 -0.5015632 -0.865121 0 -0.7069023 -0.7073111 0 -0.7069024 -0.707311 0 0.5014985 0.8651586 0 0.707065 0.7071484 0 0.7070651 0.7071484 0 0.5014983 0.8651587 0 -0.00166085 0.9999987 0 -0.00166085 0.9999987 0 -0.5092794 0.8606012 0 -0.5092792 0.8606013 0 -0.8723133 0.4889473 0 -0.8723132 0.4889475 0 -0.9814177 0.1918837 0 -0.9814176 0.1918841 0 -0.9649685 0.2623657 0 -0.9649675 0.2623698 0 -0.0997652 0.995011 0 -0.02362766 0.9997208 0 -0.02364359 0.9997204 0 -0.1124179 0.993661 0 -0.3452547 0.938509 0 -0.3513275 0.9362526 0 -0.6253462 0.7803475 0 -0.6321892 0.774814 0 -0.840355 0.5420364 0 -0.8469172 0.5317248 0 -0.9634279 0.2679678 0 -0.9652289 0.2614063 0 -0.9796125 0.2008961 0 -0.9828194 0.1845702 0 -0.8795589 0.4757902 0 -0.8616137 0.5075645 0 -0.5042509 0.8635572 0 -0.5051813 0.8630133 0 -0.002660549 0.9999965 0 0 1 0 0.5016189 0.8650886 0 0.5015168 0.8651479 0 0.7070252 0.7071885 0 0.707065 0.7071484 0.001575944 0.02336388 -0.9997258 0 0.1049317 -0.9944794 0 0.02059727 -0.9997879 0 0.02750839 -0.9996215 -0.01537775 -0.1457663 -0.9891995 0 -0.05953388 -0.9982263 -0.001613618 0.01237454 -0.9999222 0 -0.3816597 -0.9243029 -0.05212101 -0.1649769 -0.9849193 -0.003135243 0.01275315 -0.9999138 -0.01713793 -0.4410734 -0.8973073 0 -0.702978 -0.7112116 -0.06738997 -0.1408757 -0.987731 -0.04603167 -0.4321564 -0.9006231 0.01166631 -0.6226674 -0.7823995 0.03501924 -0.6242766 -0.780418 0.06071799 -0.8164629 -0.5741964 0.008118131 -0.8877545 -0.4602456 0.04340399 -0.8052868 -0.5912945 0.005904709 -0.8856354 -0.4643438 0.01147069 -0.8172897 -0.5761128 0 -0.8377436 -0.5460638 0.001826802 -0.8847376 -0.4660861 0 -0.8855314 -0.4645795 0 -0.876779 -0.4808937 0 -0.8754719 -0.483269 0 -0.883533 -0.4683689 0 -0.8848773 -0.465824 0 -0.8886983 -0.4584924 0 -0.88264 -0.4700496 0 -0.8837129 -0.4680293 0 -0.8844692 -0.4665987 0 -0.8851975 -0.4652156 0 -0.8899779 -0.4560037 0 -0.8884281 -0.4590159 0 -0.8904187 -0.4551423 0 -0.8908964 -0.4542065 0 -0.89021 -0.4555504 0 -0.8884657 -0.458943 0 -0.8877134 -0.4603966 0 -0.8869543 -0.4618572 0 -0.8860751 -0.4635415 0 -0.8869141 -0.4619346 -0.4214937 0.7234202 0.5468146 -0.365348 0.687287 0.6278197 -0.4211926 0.7264006 0.5430828 -0.3575955 0.6804892 0.6395779 -0.2405536 0.6383973 0.7311518 -0.2229765 0.6363351 0.7384843 -0.1429093 0.6495145 0.7467984 -0.1358129 0.6542766 0.7439603 -0.1244476 0.7566082 0.6419165 -0.1251807 0.7598628 0.6379172 -0.1094156 0.9070618 0.4065306 -0.09886745 0.930783 0.3519493 -0.04710641 0.988239 0.1454806 -0.02247957 0.9971476 0.0720513 -0.1231576 0.9923872 0 -0.1231606 0.9923867 0 -0.4802296 0.8771428 0 -0.4802315 0.8771418 0 -0.8542477 0.519866 0 -0.8542466 0.519868 0 -0.990391 0.1382954 0 -0.9903915 0.138292 0 -0.9903915 -0.1382921 0 -0.990391 -0.1382954 0 -0.8542473 -0.5198669 0 -0.8542455 -0.5198697 0 -0.4802296 -0.8771428 0 -0.4802299 -0.8771426 0 -0.1231612 -0.9923867 0 -0.1231598 -0.9923868 0 -0.02247959 -0.9971476 -0.07205129 -0.04710662 -0.9882382 -0.1454867 -0.09886776 -0.9307793 -0.3519586 -0.109416 -0.9070547 -0.4065462 -0.1244477 -0.7566103 -0.641914 -0.1251809 -0.7598618 -0.6379182 -0.1358133 -0.6542834 -0.7439542 -0.1429096 -0.6495192 -0.7467942 -0.2229761 -0.6363363 -0.7384835 -0.2405532 -0.6383967 -0.7311524 -0.3575952 -0.6804698 -0.6395987 -0.3653481 -0.6872705 -0.6278375 -0.421494 -0.7234206 -0.5468139 -0.4211932 -0.7264098 -0.5430701 0.001669445 0.9997968 0.02009063 0.001658128 0.9997742 0.02118725 0.001624409 0.9996811 0.0251999 0.001325935 0.9872569 0.1591291 0.001702488 0.9998005 0.01990367 0.001213754 0.9762958 0.2164373 0 0.7804348 0.6252372 0 0.7806963 0.6249106 0 0.3700947 0.9289941 0 0.3702015 0.9289514 0 0.07502081 0.997182 0 0.0750396 0.9971806 0 0.09218289 0.995742 0 0.09218263 0.9957421 0 0.3673822 0.9300701 0 0.3673825 0.93007 0 0.5254472 0.8508262 0 0.5254474 0.850826 -0.01968422 0.8281072 0.5602241 -0.001980196 0.8880566 0.4597298 0 0.8366938 0.5476708 0 0.8885034 0.4588699 0 0.8792719 0.4763203 0 0.8777907 0.4790442 0 0.8861239 0.4634482 0 0.8873642 0.461069 0 0.8910769 0.4538524 0 0.8857779 0.4641094 0 0.8867197 0.4623075 0 0.8874021 0.4609961 0 0.8881389 0.4595751 0 0.8923719 0.4513009 0 0.8909799 0.4540427 0 0.8928924 0.4502701 0 0.8933987 0.4492649 0 0.892751 0.4505503 0 0.89121 0.453591 0 0.8905008 0.4549815 0 0.8898403 0.4562722 0 0.8890027 0.4579021 0 0.8898195 0.4563126 0 0.8790038 0.4768145 0 0.8804685 0.4741045 0 0.8871753 0.4614326 0 0.8884127 0.4590456 0 0.8921147 0.451809 0 0.8867305 0.4622868 0 0.8876697 0.4604808 0 0.888337 0.4591922 0 0.8933863 0.4492894 0 0.8919822 0.4520705 0 0.8938646 0.448337 0 0.8943868 0.4472943 0 0.893733 0.4485993 0 0.8921979 0.4516447 0 0.8914759 0.4530682 0 0.8908222 0.4543521 0 0.8890948 0.4577232 0 0.8899722 0.4560149 0 0.8907941 0.4544071  
					<BiTangents>: 592 2.484093E-07 0.8650912 -0.5016146 -2.289258E-07 0.7071694 -0.7070442 1.187839E-07 0.7072042 -0.7070094 4.204135E-07 0.8651479 -0.5015168 0 0.9999964 0.002660524 0 1 0 -2.402874E-07 0.8635595 0.504247 -5.334655E-07 0.8630133 0.5051813 3.472983E-07 0.5075742 0.861608 6.514323E-07 0.4757964 0.8795555 -4.060206E-07 0.2008935 0.9796131 -1.149445E-06 0.1845568 0.9828218 -4.030727E-07 0.2614526 0.9652163 -5.10872E-07 0.2679962 0.9634199 -5.563421E-07 0.5316959 0.8469354 -8.83906E-07 0.5420011 0.8403777 0 0.7748265 0.632174 0 0.7803665 0.6253225 -2.539149E-07 0.9362509 0.3513322 -1.504784E-07 0.9385072 0.3452597 -4.381086E-08 0.9936575 0.112449 0 0.9950087 0.09978786 5.727215E-09 0.9997211 0.0236162 6.406546E-09 0.9997208 0.02363055 0 0.5006534 -0.8656479 0 0.5006534 -0.8656479 0 0.5006531 -0.8656479 0 0.5006531 -0.8656479 4.602353E-08 0.9818623 0.1895955 7.686051E-08 0.9823617 0.1869904 3.613541E-08 0.9385197 0.3452257 0 0.9362648 0.351295 0 0.7803458 0.6253483 0 0.7747921 0.6322162 0 0.5420355 0.8403556 0 0.5317214 0.8469194 0 0.267966 0.9634284 2.564379E-07 0.2614074 0.9652286 5.272084E-07 0.2008944 0.9796129 5.741335E-07 0.1845702 0.9828194 7.399437E-07 0.4758019 0.8795525 6.729422E-07 0.5075791 0.8616052 3.132245E-07 0.8635636 0.50424 2.16055E-07 0.8630235 0.5051638 2.899125E-07 0.9999964 0.002677185 2.901438E-07 1 0 3.281299E-07 0.8650953 -0.5016075 3.22493E-07 0.865158 -0.5014994 3.228249E-07 0.7071884 -0.7070252 3.79109E-07 0.7071485 -0.7070651 0 1 0 0 1 1.29989E-06 0 1 1.205375E-06 0 1 0 0.9999281 0.0002407079 -0.01199014 0.9999706 0.0001931614 -0.007666513 0.9999689 0.0001671038 -0.00788965 0.9999841 0.0008976609 -0.005569529 0.9999946 6.538979E-05 -0.003285559 0.9999963 0.0005889152 -0.0026565 0.9999981 -1.721251E-05 -0.001943861 0.9999988 -0.0003901811 -0.001501545 0.9999987 -0.0003076293 -0.001609823 0.9999986 -0.0004945639 -0.00158789 0.9999987 -0.0001024691 -0.001604859 0.9999987 -0.0001199859 -0.001594461 0.9999987 -0.0001499957 -0.001620222 0.9999987 -0.0001503754 -0.001624325 0.9999987 -0.0005977078 -0.001513166 0.9999987 -0.0005961664 -0.001509263 0.9999987 -0.0008304912 -0.001344768 0.9999987 -0.0008304905 -0.001344767 1 0 0 1 0 0 1 0 0 1 0 0 1 0 0 1 0 0 1 0 0 1 0 0 1 0 0 1 0 0 1 0 0 1 0 0 1 0 0 1 0 0 1 0 0 1 0 0 1 -3.860785E-06 -9.01961E-07 1 0 0 1 -4.767428E-06 -2.953437E-06 1 -6.662162E-06 -3.829445E-06 1 -6.778505E-06 -5.073776E-06 1 -3.224619E-06 -2.413648E-06 1 0 0 1 2.747038E-06 2.056205E-06 -1.776043E-07 -0.9997743 -0.02124826 0.4356225 -0.8998171 -0.02371229 -5.268401E-07 -0.99313 -0.1170159 5.903119E-07 -0.9995278 -0.03072687 0.3962748 -0.9088781 0.1300267 2.924514E-08 -0.9982262 0.05953447 0 -0.9273073 0.374301 0.9681011 -0.2504285 -0.008112282 0.3797659 -0.8390275 0.3896287 9.84497E-08 -0.7059541 0.7082576 0.9208637 -0.3793495 0.09002206 0.3753554 -0.7104054 0.5953423 0.9145954 -0.357953 0.1881089 0.9208985 0.3794398 -0.08928239 0.914701 0.3590894 -0.1854104 0.9137855 -0.317388 0.2534975 0.913731 0.3190638 -0.2515828 0.9163302 -0.2478868 0.3144697 0.9163517 0.2473674 -0.3148158 0.3753356 0.7111697 -0.5944417 0.3789851 -0.5227851 0.7635877 5.626729E-07 -0.5431488 0.8396364 0.9532583 -0.152798 0.2606748 0.3627008 -0.4273705 0.828132 -1.083262E-07 -0.4569905 0.8894716 0.9532478 0.1552542 -0.2592581 0.9999478 -0.007719553 -0.006678471 0.9998866 0.0113904 0.00985432 0.9999736 -0.004827019 -0.005429028 0.99992 0.008406295 0.009454645 0.9999747 -0.004717402 -0.005323289 0.9999138 0.008711361 0.009830214 0.9999425 -0.008206405 -0.006905957 0.9997854 0.01585151 0.01333965 0.9977121 0.06234699 0.0261429 0.9998289 0.01705816 0.007152617 0.9983712 0.0567177 0.00617184 0.9995552 0.02964961 0.003226303 0.9987249 0.05048212 -8.907477E-06 0.9983431 0.05754113 -1.016159E-05 0.9969271 0.07833526 -1.377281E-05 0.9959862 0.08950789 -1.586206E-05 0.999988 0.004914148 -8.591592E-07 0.9999835 0.005732678 -1.022871E-06 0.9999825 0.005927301 -1.04357E-06 0.9999814 0.006089105 -1.07456E-06 1 0 0 1 0 0 1 0 0 1 0 0 1 0 0 1 0 0 1 0 0 1 0 0 1 0 0 1 0 0 1 0 0 1 0 0 1 0 0 1 0 0 1 0 0 1 0 0 1 0 0 1 0 0 1 0 0 1 0 0 1 0 0 1 0 0 1 0 0 1 0 0 1 0 0 1 0 0 0 0.5006531 -0.865648 0 0.5006531 -0.865648 0 0.5006531 -0.8656479 0 0.5006531 -0.8656479 4.818296E-08 0.9385134 0.3452429 1.024807E-07 0.9823617 0.1869905 6.137427E-08 0.9818566 0.189625 0 0.93626 0.3513079 0 0.7803631 0.6253268 1.10768E-07 0.7748256 0.632175 0 0.5420136 0.8403697 0 0.5317014 0.8469319 -1.247994E-07 0.2679822 0.9634239 0 0.2614138 0.9652268 0 0.2009038 0.979611 0 0.1845631 0.9828206 3.257168E-07 0.4757935 0.8795571 2.626719E-07 0.5075676 0.861612 0 0.8635516 0.5042605 -1.065484E-07 0.863003 0.5051989 0 0.9999964 0.002655589 0 1 0 0 0.8650786 -0.5016363 -1.051089E-07 0.8651326 -0.5015432 2.724392E-07 0.7071884 -0.7070252 4.578651E-07 0.7071485 -0.7070651 0.1843552 -0.9825956 -0.02278347 0 -0.9998036 -0.0198164 3.521557E-08 -0.9947375 -0.1024562 0 -0.9996356 -0.026994 0.1659769 -0.9751874 0.1464963 0 -0.9982263 0.05953388 0.5303499 -0.8477259 -0.009476758 0 -0.9242716 0.3817354 0.5171177 -0.839195 0.1683481 0.8196242 -0.5728868 -0.004094663 0.1533233 -0.8854356 0.4387435 -1.515599E-07 -0.7101169 0.7040837 0.8024591 -0.5800906 0.1398367 0.9894603 -0.144781 -0.002616132 0.4861126 -0.7776354 0.3987203 0.1506589 -0.7742282 0.6147135 0.7768651 -0.5588527 0.2901108 0.9720077 -0.2218543 0.07734187 0.4806281 -0.6948434 0.5349666 0.9684646 -0.2154909 0.1250599 0.9723259 0.222556 -0.07107141 0.7723756 -0.5066671 0.3830461 0.4970404 -0.5303168 0.686815 0.1551453 -0.5697833 0.8070173 -5.757856E-07 -0.5440421 0.839058 0.7881125 -0.3917416 0.4747813 -8.632588E-08 -0.4800859 0.8772215 -5.628926E-07 -0.4824561 0.8759201 -9.922503E-07 -0.467711 0.8838814 -1.130682E-06 -0.4651662 0.8852234 -1.392079E-06 -0.4578327 0.8890384 1.982067E-07 -0.4694423 0.8829631 -1.734204E-06 -0.4553418 0.8903167 -3.238559E-06 -0.4583769 0.8887579 1.784206E-07 -0.4545081 0.8907427 1.03151E-06 -0.4535463 0.8912327 1.066509E-07 -0.4548653 0.8905603 8.711353E-07 -0.4582859 0.8888049 -5.196336E-07 -0.4597406 0.8880532 1.517845E-07 -0.4612131 0.8872894 2.673017E-07 -0.4674332 0.8840284 1.55469E-06 -0.4629101 0.8864052 1.919969E-06 -0.4612783 0.8872555 7.715696E-07 -0.4639463 0.8858634 -1.574578E-05 -0.4645914 0.8855252 1.398732E-06 -0.4660014 0.884784 0.1473958 -0.4606356 0.8752652 0.489491 -0.406902 0.7712519 0.7955328 -0.2840263 0.5352165 0.9845891 -0.09374561 0.1476348 0.9698898 -0.1693111 0.1750641 0.967725 -0.2087496 0.1411805 0.9684348 0.2151674 -0.1258458 0.9677585 0.208062 -0.1419634 0.9698615 0.1698182 -0.1747299 0.7723507 0.5070429 -0.3825989 0.7768992 0.5591263 -0.2894918 0.9845635 0.09632555 -0.1461376 0.9998463 0.01301325 0.01174683 0.9998153 -0.01426606 -0.01287772 0.9999303 0.007683451 0.008959856 0.9998549 -0.01108901 -0.0129312 0.9999307 -0.007659297 -0.008942373 0.999847 0.01137935 0.0132856 0.9997449 0.01706742 0.01479437 0.9997387 -0.0172715 -0.01497125 0.9991561 0.03772249 0.01625641 0.9995521 -0.0274845 -0.01184433 0.9997256 0.02327709 0.00260063 0.9998734 -0.01581178 -0.001766542 0.99993 0.01183019 2.083106E-06 0.9999993 0.001208217 2.10374E-07 0.9999968 0.002547165 4.424438E-07 0.9998097 0.01951104 3.516531E-06 0.9999994 -0.001098214 -1.929492E-07 1 0 0 0.9999986 -0.001693589 -3.17906E-07 1 0 0 1 0 0 1 0 0 1 0 0 1 0 0 1 0 0 1 0 0 1 0 0 1 0 0 1 0 0 1 0 0 1 0 0 1 0 0 1 0 0 1 0 0 1 0 0 1 0 0 1 3.860836E-06 9.019749E-07 1 0 0 1 4.767444E-06 2.953436E-06 1 6.66224E-06 3.829494E-06 1 6.778478E-06 5.073711E-06 1 3.224598E-06 2.413627E-06 1 0 0 1 -2.747038E-06 -2.056205E-06 0.4356188 0.8997985 0.02447335 -9.063494E-08 0.9997649 0.02168681 -5.780242E-07 0.9925569 0.1217822 5.853643E-07 0.9994963 0.03173565 0.3963017 0.9090006 -0.1290851 2.286164E-08 0.9982262 -0.05953448 0 0.9274312 -0.3739938 0.9681059 0.250526 0.002800611 0.3797984 0.8394997 -0.3885787 9.877418E-08 0.708281 -0.7059306 0.9999158 0.00104327 -0.01293238 1 0 0 0.9999618 -0.0007026218 0.008709708 1 0 0 1 0 0 1 0 0 1 0 0 1 0 0 1 0 0 1 3.809064E-07 3.104953E-07 1 0 0 1 -3.795074E-07 -3.093548E-07 1 7.181955E-08 1.143062E-07 1 6.513275E-07 1.036636E-06 1 -6.901339E-08 -1.0984E-07 1 -6.544195E-07 -1.041557E-06 1 1.376259E-07 5.061815E-07 1 0 0 1 0 0 1 0 0 1 0 0 1 0 0 1 0 0 1 0 0 1 0 0 1 0 0 1 0 0 1 0 0 1 0 0 1 0 0 1 0 0 1 0 0 1 0 0 1 0 0 1 0 0 1 0 0 1 0 0 1 0 0 1 0 0 1 0 0 1 0 0 1 0 0 1 0 0 1 0 0 1 0 0 1 0 0 1 0 0 1 0 0 1 0 0 1 0 0 1 0 0 1 0 0 1 0 0 1 0 0 1 0 0 1 0 0 1 0 0 1 0 0 1 0 0 1 0 0 1 0 0 1 0 0 1 0 0 1 0 0 1 0 0 1 0 0 1 8.616192E-08 4.260967E-07 1 0 0 1 1.766864E-07 6.311577E-07 1 4.400639E-07 1.572025E-06 1 1.095615E-06 1.704956E-06 1 1.017773E-06 1.583819E-06 1 1.618251E-06 1.299814E-06 1 1.52044E-06 1.221248E-06 1 9.951234E-07 3.660695E-07 1 2.738293E-06 1.007306E-06 0.9999613 0.0006902515 -0.008775256 1 0 0 0.9894526 0.1448507 -0.001322226 0.9997912 0.001599536 -0.02037124 1 0 0 1 -9.935203E-07 -3.654797E-07 1 -2.724634E-06 -1.002281E-06 1 -1.52044E-06 -1.221248E-06 1 -1.618251E-06 -1.299814E-06 1 -1.017773E-06 -1.583819E-06 1 -1.095615E-06 -1.704956E-06 1 -4.40064E-07 -1.572025E-06 1 -1.766865E-07 -6.311577E-07 1 -8.61619E-08 -4.260968E-07 1 0 0 1 0 0 1 0 0 1 0 0 1 0 0 1 0 0 1 0 0 1 0 0 1 0 0 1 0 0 1 0 0 1 0 0 1 0 0 1 0 0 1 0 0 1 0 0 1 0 0 1 0 0 1 0 0 1 0 0 1 0 0 1 0 0 1 0 0 1 -1.376259E-07 -5.061815E-07 1 0 0 0 0.995011 0.0997652 -5.729995E-09 0.9997208 0.02362766 -6.41008E-09 0.9997205 0.02364359 4.379874E-08 0.993661 0.1124179 1.504762E-07 0.938509 0.3452547 2.539115E-07 0.9362527 0.3513275 0 0.7803475 0.6253462 0 0.774814 0.6321893 8.838821E-07 0.5420364 0.840355 5.563301E-07 0.5317248 0.8469172 5.108763E-07 0.2679678 0.9634279 4.03078E-07 0.2614063 0.9652289 5.859507E-07 0.2008961 0.9796125 1.276304E-06 0.1845702 0.9828194 -3.44771E-07 0.4757902 0.8795589 0 0.5075646 0.8616138 4.066212E-07 0.8635572 0.5042509 7.465546E-07 0.8630133 0.5051813 -2.747065E-10 0.9999964 0.002660549 0 1 0 -1.793012E-07 0.8650887 -0.501619 -3.150846E-07 0.8651479 -0.5015168 -1.187865E-07 0.7071884 -0.7070251 2.289326E-07 0.7071485 -0.7070651 0.1843545 0.9825847 0.0232539 -7.508818E-07 0.9944794 0.1049317 0 0.9997879 0.02059727 5.743046E-07 0.9996216 0.02750839 0.1659801 0.9752184 -0.1462863 2.738821E-08 0.9982263 -0.05953388 0.5303497 0.8477242 0.009635164 7.629782E-08 0.9243029 -0.3816597 0.5171389 0.8392626 -0.1679455 0.819626 0.5728794 0.004736698 0.153332 0.8856642 -0.4382787 2.296109E-07 0.7112116 -0.702978 0.8026176 0.5804196 -0.1375429 0.4861425 0.777921 -0.398126 0.1506518 0.7746159 -0.6142265 0.4806083 0.6951897 -0.5345342 0.7880742 0.3922545 -0.4744212 0.7955275 0.2845979 -0.5349206 0.4970127 0.5308215 -0.6864451 0.4894867 0.4074775 -0.7709507 0.1551333 0.5706292 -0.8064217 6.781277E-07 0.5460638 -0.8377436 0.1473948 0.4612343 -0.8749501 1.009643E-06 0.4645795 -0.8855314 -7.380795E-07 0.4808937 -0.876779 -6.053793E-07 0.483269 -0.8754719 -1.428848E-06 0.4683689 -0.883533 -1.697119E-06 0.4658241 -0.8848774 -2.309409E-06 0.4584925 -0.8886983 4.647456E-07 0.4700496 -0.88264 8.161489E-07 0.4680293 -0.8837129 1.007004E-06 0.4665987 -0.8844692 -1.175802E-05 0.4652156 -0.8851975 -2.389408E-06 0.4560037 -0.8899779 -3.631078E-06 0.4590159 -0.8884281 -1.213533E-06 0.4551423 -0.8904187 -1.585663E-07 0.4542065 -0.8908964 -3.382091E-07 0.4555504 -0.89021 5.130899E-07 0.458943 -0.8884657 -4.546962E-08 0.4603966 -0.8877134 -5.213765E-07 0.4618572 -0.8869543 5.376706E-07 0.4635415 -0.8860752 1.679689E-06 0.4619346 -0.8869141 0.0009498211 -0.6026424 0.7980108 0.02979449 -0.6654639 0.7458352 -0.0002106909 -0.5988656 0.8008495 0.03358729 -0.6750488 0.7370082 0.04639395 -0.7448477 0.6656197 0.04459265 -0.7501055 0.659813 0.02789399 -0.7516003 0.6590288 0.02599654 -0.7483059 0.6628442 0.007315167 -0.6462286 0.7631089 0.006941796 -0.6422883 0.7664317 -0.0244504 -0.4113184 0.9111637 -0.02838964 -0.3561765 0.9339874 -0.02547655 -0.1467835 0.9888405 -0.0144163 -0.07238533 0.9972726 -5.252404E-07 -6.518358E-08 1 -2.263867E-07 -2.809582E-08 1 -6.226109E-07 -3.408752E-07 1 -2.108585E-07 -1.154441E-07 1 1.652231E-06 2.714958E-06 1 0 0 1 1.764854E-06 1.263885E-05 1 2.214531E-06 1.585957E-05 1 -2.214531E-06 1.585957E-05 1 -1.764854E-06 1.263885E-05 1 -1.652233E-06 2.714957E-06 1 0 0 1 5.554799E-07 -3.041213E-07 1 8.348209E-07 -4.570591E-07 1 6.103586E-07 -7.574922E-08 1 7.597467E-07 -9.428805E-08 1 0.01441629 -0.07238531 0.9972726 0.02547629 -0.1467896 0.9888396 0.02838858 -0.3561858 0.9339838 0.02444843 -0.4113339 0.9111568 -0.007314646 -0.6462261 0.763111 -0.006941762 -0.6422893 0.7664309 -0.02599581 -0.7483 0.662851 -0.02789369 -0.7515962 0.6590335 -0.04459285 -0.7501045 0.6598142 -0.0463947 -0.7448482 0.6656191 -0.03359765 -0.6750681 0.73699 -0.02980353 -0.6654805 0.74582 -0.0009490322 -0.6026419 0.7980112 0.0002176299 -0.5988544 0.8008578 0.9999267 -0.001909927 0.01195661 0.9999675 -0.001824902 0.007854524 0.9999693 -0.001817103 0.007625587 0.9999833 -0.002206731 0.005358527 0.9999931 -0.001767549 0.003251674 0.9999956 -0.00177391 0.002393821 0.9999989 -0.0009418172 0.001175597 0.9999996 -0.0005801625 0.0007247928 1 -0.0002879593 0.0001147179 1 -0.0001192375 4.751798E-05 1 -1.814898E-05 1.365399E-06 1 0 0 1 0 0 1 0 0 1 0 0 1 0 0 1 0 0 1 0 0 0.3789404 0.5247061 -0.7622911 0.3626976 0.4290639 -0.8272573 5.62184E-07 0.5476708 -0.8366939 -4.372532E-08 0.4588699 -0.8885035 2.215792E-06 0.4763203 -0.8792719 -1.02255E-06 0.4790442 -0.8777907 -1.847861E-06 0.4634483 -0.886124 -1.939155E-06 0.461069 -0.8873643 -1.971535E-06 0.4538524 -0.8910769 2.6747E-06 0.4641094 -0.8857779 -5.28741E-07 0.4623075 -0.8867197 -7.827509E-06 0.4609961 -0.8874022 -1.645809E-05 0.4595751 -0.8881389 -9.560345E-07 0.4513009 -0.8923719 -6.525582E-07 0.4540427 -0.8909799 1.123478E-06 0.4502701 -0.8928924 1.531439E-06 0.4492648 -0.8933986 2.278902E-06 0.4505503 -0.892751 2.25979E-06 0.453591 -0.89121 5.030693E-07 0.4549815 -0.8905008 3.596617E-06 0.4562722 -0.8898403 1.583708E-06 0.4579021 -0.8890027 1.342809E-06 0.4563126 -0.8898195 -1.133678E-06 -0.4768146 0.8790039 1.941518E-06 -0.4741045 0.8804686 -2.149274E-06 -0.4614326 0.8871753 -1.73522E-06 -0.4590456 0.8884127 -1.779742E-06 -0.451809 0.8921147 2.678103E-06 -0.4622868 0.8867305 -5.266518E-07 -0.4604808 0.8876697 -7.827319E-06 -0.4591922 0.888337 -8.400067E-07 -0.4492894 0.8933863 -8.141244E-07 -0.4520705 0.8919822 1.131575E-06 -0.448337 0.8938646 1.533133E-06 -0.4472943 0.8943868 2.279887E-06 -0.4485993 0.893733 2.257667E-06 -0.4516447 0.8921979 5.004179E-07 -0.4530682 0.8914759 3.598193E-06 -0.4543521 0.8908222 -1.635837E-05 -0.4577232 0.8890948 1.850384E-06 -0.4560149 0.8899722 1.176111E-06 -0.4544071 0.8907942  
					<SubMeshes>: 1
						<SubMesh>: 0 1860 0 1 2 0 2 3 4 0 3 4 5 0 6 5 4 6 4 7 8 6 7 8 9 6 10 9 8 10 11 9 12 11 10 12 10 13 14 12 13 14 13 15 16 14 15 16 15 17 18 16 17 18 17 19 20 18 19 20 19 21 21 22 20 21 23 22 24 25 26 24 26 27 28 29 30 28 30 31 31 30 32 31 32 33 33 32 34 33 34 35 35 34 36 35 36 37 37 36 38 37 38 39 38 40 39 38 41 40 41 42 40 41 43 42 42 43 44 42 44 45 44 46 45 44 47 46 46 47 48 46 48 49 50 51 52 50 52 53 54 55 56 54 56 57 56 58 57 59 57 58 57 59 60 57 60 61 61 60 62 61 62 63 63 62 64 63 64 65 66 65 64 66 64 67 66 67 68 66 68 69 69 68 70 69 70 71 72 73 74 72 74 75 76 72 75 76 77 72 78 77 76 78 79 77 80 79 78 80 81 79 82 81 80 82 83 81 84 83 82 84 82 85 86 84 85 86 87 84 88 87 86 88 89 87 90 89 88 90 88 91 91 92 90 90 92 93 90 93 94 95 94 93 96 97 98 98 97 99 99 97 100 99 100 101 102 101 100 103 100 97 102 100 104 105 102 104 103 106 100 104 100 106 105 104 107 104 106 108 107 104 108 109 106 103 106 110 108 106 109 110 107 108 111 112 108 110 112 111 108 107 111 113 114 111 112 114 113 111 110 115 112 115 114 112 107 113 116 105 107 116 105 116 117 116 113 118 114 118 113 116 118 119 117 116 119 117 119 120 114 121 118 121 122 118 121 123 122 123 124 122 123 125 124 125 126 124 125 127 126 127 128 126 127 129 128 128 129 130 128 130 131 131 130 132 131 132 133 132 134 133 132 135 134 136 134 135 136 135 137 137 138 136 137 139 138 138 139 140 138 140 141 142 143 144 142 144 145 145 144 146 145 146 147 146 148 147 146 149 148 148 149 150 148 150 151 150 152 151 150 153 152 153 154 152 153 155 154 154 155 156 154 156 157 157 156 158 157 158 159 158 160 159 158 161 160 160 161 162 160 162 163 163 162 164 163 164 165 165 164 166 165 166 167 168 169 170 168 170 171 172 173 174 172 174 175 176 172 175 176 175 177 178 176 177 178 177 179 180 178 179 180 179 181 182 180 181 182 181 183 182 183 184 182 184 185 185 184 186 185 186 187 188 187 186 188 186 189 188 189 190 188 190 191 192 191 190 192 190 193 194 195 196 194 196 197 197 198 194 197 199 198 200 194 198 201 198 199 200 198 202 203 200 202 201 204 198 204 202 198 205 204 201 203 202 206 207 203 206 204 208 202 208 206 202 205 209 204 209 208 204 208 210 206 207 206 211 210 211 206 209 212 208 212 210 208 210 213 211 214 207 211 213 214 211 212 215 210 215 213 210 209 216 212 205 217 209 209 217 216 205 218 217 212 219 215 212 216 219 218 205 220 221 220 205 221 222 220 222 221 223 222 223 224 218 220 225 226 224 223 226 227 224 226 228 227 226 229 228 229 230 228 229 231 230 230 231 232 233 232 231 218 225 234 233 235 232 233 236 235 237 235 236 237 238 235 237 239 238 234 239 218 218 239 237 240 218 237 240 217 218 241 217 240 241 216 217 242 216 241 242 219 216 243 219 242 243 244 219 215 219 244 215 244 245 215 245 213 245 246 213 213 246 214 244 247 245 245 247 246 244 248 247 243 248 244 249 246 247 248 249 247 250 214 246 249 250 246 243 251 248 252 251 243 252 243 253 254 252 253 254 253 255 254 255 256 254 256 257 258 257 256 258 256 259 260 258 259 260 259 261 262 260 261 262 261 263 263 264 262 263 265 264 264 265 266 264 266 267 268 267 266 268 269 267 270 269 268 270 271 269 272 273 274 272 274 275 274 276 275 274 277 276 277 278 276 277 279 278 279 280 278 279 281 280 281 282 280 281 283 282 282 283 284 282 284 285 284 286 285 284 287 286 287 288 286 287 289 288 290 288 289 290 291 288 291 290 292 293 292 290 293 290 294 295 293 294 296 297 298 296 298 299 300 296 299 300 299 301 300 301 302 300 303 296 300 302 304 304 302 305 300 109 303 109 300 304 109 304 110 110 304 115 304 305 115 109 103 303 303 103 306 307 306 103 303 306 308 307 309 306 303 308 310 307 311 309 312 310 308 311 313 309 312 314 310 311 315 313 316 314 312 316 317 314 315 318 313 315 319 318 320 317 316 320 321 317 322 318 319 322 323 318 322 324 323 322 325 324 326 324 325 326 325 327 328 326 327 328 327 329 330 328 329 330 329 331 332 330 331 332 331 333 334 332 333 334 333 335 336 337 338 336 338 339 340 336 339 340 339 341 340 341 342 340 342 343 344 343 342 344 342 345 344 345 346 344 346 347 347 346 348 347 348 349 350 349 348 350 348 351 352 350 351 352 351 353 352 353 354 352 354 355 356 355 354 356 354 357 358 356 357 358 357 359 360 358 359 360 359 361 362 363 364 362 365 363 366 365 362 366 367 365 368 367 366 368 369 367 370 369 368 370 371 369 372 371 370 372 373 371 372 374 373 372 375 374 375 376 374 375 377 376 377 378 376 377 379 378 379 380 378 379 381 380 380 381 382 380 382 383 383 382 384 207 384 382 207 382 385 207 385 386 385 387 386 385 388 387 389 387 388 389 390 387 391 390 389 391 392 390 393 392 391 393 394 392 395 394 393 395 396 394 397 396 395 397 395 398 399 397 398 399 398 400 401 399 400 401 400 402 403 401 402 403 402 404 405 403 404 405 404 406 407 408 409 407 410 408 411 410 407 411 412 410 413 412 411 413 414 412 415 414 413 415 416 414 417 416 415 417 418 416 418 417 419 418 419 420 419 320 420 419 321 320 421 422 423 421 424 422 424 421 425 424 425 426 426 425 427 426 427 428 428 427 429 428 429 430 430 429 431 430 431 432 432 431 433 432 433 434 435 434 433 435 433 436 437 435 436 437 436 438 437 438 439 437 439 440 441 440 439 441 439 442 441 442 443 441 443 444 445 446 447 445 448 446 449 448 445 449 450 448 449 445 451 452 450 449 449 451 453 453 451 454 452 449 455 455 449 453 456 452 455 453 454 457 457 454 384 455 453 458 458 453 457 457 384 214 214 384 207 250 457 214 458 457 250 459 455 458 456 455 459 460 458 250 459 458 460 460 250 249 461 460 249 248 461 249 461 248 251 461 251 462 461 463 460 463 461 462 463 459 460 463 462 464 463 465 459 465 463 464 465 456 459 465 466 456 465 464 467 466 465 467 466 467 468 469 456 466 470 456 469 470 469 471 471 472 470 471 473 472 469 466 474 466 475 474 475 466 476 466 468 476 468 477 476 478 472 473 478 473 479 480 478 479 480 481 478 482 481 480 482 483 481 482 484 483 485 483 484 468 486 477 486 485 484 468 487 486 486 487 485 488 489 490 488 491 489 492 489 491 492 491 493 494 492 493 494 493 495 496 494 495 496 495 497 498 496 497 498 499 496 500 499 498 500 501 499 501 500 502 501 502 503 504 503 502 504 505 503 506 505 504 506 507 505 508 507 506 508 506 509 510 508 509 510 511 508 511 510 512 511 512 513 514 513 512 514 512 515 516 514 515 516 515 517 517 518 516 517 519 518 520 518 519 520 519 521 522 520 521 522 521 523 522 523 524 522 524 525 526 525 524 526 527 525 528 527 526 528 529 527 529 528 530 529 530 531 532 533 534 532 535 533 533 535 536 537 536 535 538 537 535 538 535 539 540 538 539 540 539 541 542 540 541 542 541 543 542 543 544 542 544 545 546 545 544 546 544 547 548 546 547 548 547 549 115 550 114 550 121 114 550 551 121 552 551 550 305 550 115 305 552 550 552 553 551 554 552 305 554 305 555 554 555 556 556 555 557 556 557 558 554 559 552 559 560 552 560 561 552 561 553 552 553 561 562 558 557 563 558 563 564 563 565 564 563 566 565 566 567 565 566 568 567 569 567 568 568 570 569 571 553 562 570 571 569 571 572 553 570 572 571 573 105 574 574 105 117 573 574 575 576 573 575 576 575 577 574 117 578 578 117 579 579 117 580 581 576 577 581 577 582 581 582 583 581 583 584 584 583 585 584 585 586 587 586 585 586 587 588 580 117 120 120 589 580 588 587 590 120 590 589 588 590 591 120 591 590  
				</Mesh>
				<Materials>: 1
					<Material>: 0
						<AlbedoColor>: 1 1 1 1
						<EmissiveColor>: 0 0 0 1
						<Glossiness>: 0.5
						<Metallic>: 0
						<SpecularHighlight>: 1
						<GlossyReflection>: 1
						<AlbedoMap>: @M18_Smoke_Grenade_Material_AlbedoTransparency
						<MetallicMap>: @M18_Smoke_Grenade_Material_MetallicSmoothness
						<NormalMap>: @M18_Smoke_Grenade_Material_Normal
						<EmissionMap>: null
						<DetailAlbedoMap>: null
						<DetailNormalMap>: null
				</Materials>
				<Children>: 0
			</Frame>
			<Frame>: 3 0 Safety_Pin
				<Transform>: -0.01321989 0.06318678 -0.01714587 0 0 0 1 1 1 0 0 0 1  
				<TransformMatrix>: 1 0 0 0 0 1 0 0 0 0 1 0 -0.01321989 0.06318678 -0.01714587 1  
				<Mesh>: 209 Safety_Pin
					<Bounds>: 0.01203092 -9.313226E-10 1.396984E-09 0.01449563 0.004859595 0.004482012
					<Positions>: 209 0.02212934 0.0001020896 0.001447638 0.0025935 9.868416E-05 0.001451422 0.0025935 -0.0005014642 0.001085899 0.02282 -0.0004174963 0.0009926002 0.02308232 0.0002643815 0.001579408 0.02376632 -0.000247784 0.001126127 0.02391566 0.0007074989 0.001939718 0.02458154 0.0002093836 0.001498213 0.02504723 0.0008314948 0.002009146 0.02440609 0.001312727 0.002432033 0.02652655 0.003832507 0.004482014 0.02583593 0.003832507 0.004482014 0.02440609 0.002556407 0.001050151 0.02583594 0.004859594 0.003340794 0.02652655 0.004859594 0.003340794 0.02504723 0.002085335 0.0006159749 0.02391563 0.0020033 0.0004999792 0.02458154 0.001511914 5.09409E-05 0.02376632 0.001093889 -0.0003646377 0.02308229 0.001598455 9.713206E-05 0.02282 0.0009432838 -0.0005193941 0.02212934 0.001450354 -5.045073E-05 0.002593503 0.001027252 -0.0006126928 0.0025935 0.001453759 -5.423318E-05 0.02212934 -0.001450357 5.045352E-05 0.0025935 -0.001453761 5.423598E-05 0.0025935 -0.001621079 -0.0006722519 0.0025935 -0.001395947 -0.001256339 0.02212934 -0.000102092 -0.001447635 0.0025935 -0.0008387266 -0.001541542 0.0025935 -9.868667E-05 -0.001451419 0.02308229 -0.001598457 -9.712931E-05 0.02308232 -0.000264384 -0.001579405 0.02391564 -0.002003302 -0.0004999765 0.02391567 -0.0007075014 -0.001939715 0.02440609 -0.001312729 -0.00243203 0.02440609 -0.002556409 -0.001050149 0.02583594 -0.003832509 -0.004482011 0.02583594 -0.004859596 -0.003340791 0.001513831 0.0001070401 -0.001440867 0.0025935 0.0005014673 -0.001085891 0.0025935 -9.868667E-05 -0.001451419 0.001540107 -0.0005301132 -0.001839693 0.0002785213 -0.0002246583 -0.001739392 0.0025935 -0.0008387266 -0.001541542 0.0002785213 -0.0008248068 -0.002104915 -0.0003867652 -9.215623E-05 -0.001620142 0.001570459 -0.001312203 -0.001967661 0.0025935 -0.001395947 -0.001256339 -0.0007320698 -0.0006235337 -0.001923771 0.0002785213 -0.001564847 -0.002195038 0.001577101 -0.00179538 -0.00161582 -0.00147187 -7.363805E-05 -0.00142887 -0.0008737855 0.0002698462 -0.001294343 -0.001037249 -0.001302789 -0.001959188 0.001570459 -0.002094556 -0.001098371 0.0025935 -0.001621079 -0.0006722519 0.0002785213 -0.002039042 -0.001835112 -0.001742655 0.0006775412 -0.0007528262 -0.001052046 0.0007643626 -0.0008492955 -0.0008737836 0.001258867 -0.0004042462 0.001540107 -0.001885188 -0.0003340387 0.0025935 -0.001453761 5.423598E-05 0.0002785213 -0.002347199 -0.001325748 0.001502277 -0.001426211 0.000253643 0.002593503 -0.001027249 0.0006127006 0.0002785251 -0.001753374 -4.080043E-05 0.0002785213 -0.002179881 -0.00059926 -0.0003867615 -0.001620872 7.845024E-05 -0.0007320698 -0.001978608 -0.0004181163 -0.001037249 -0.002085141 -0.001089898 -0.00147187 -0.001428713 7.678452E-05 -0.0008737836 -0.00125887 0.0004042489 -0.001742655 -0.0006775332 0.0007528285 -0.001052046 -0.0007643533 0.0008492963 -0.0008737855 -0.0002698487 0.001294345 -0.001093097 -0.001765863 -0.001589254 -0.002000457 -0.001369189 -0.0004455477 -0.002097188 -0.001019523 -0.0009175559 -0.00147187 7.363554E-05 0.001428873 -0.0003867652 9.215372E-05 0.001620144 -0.002353014 -0.0003911716 0.0004346455 -0.002000458 -0.0005868361 -0.001314838 -0.002000458 0.0005868336 0.001314841 -0.00246471 2.769271E-10 5.261072E-09 -0.002353014 0.0003911809 -0.0004346446 -0.002097188 0.001019521 0.0009175588 -0.001037249 0.001302786 0.001959191 -0.0007320698 0.0006235312 0.001923774 -0.002000457 0.001369186 0.0004455505 0.0002785213 0.0008248043 0.002104917 0.0002785213 0.0002246558 0.001739395 -0.00147187 0.00142871 -7.678178E-05 -0.0003867615 0.00162087 -7.844751E-05 -0.001037249 0.002085139 0.001089901 -0.0007320698 0.001978606 0.000418119 0.0002785213 0.002179879 0.0005992628 0.0002785251 0.001753372 4.080316E-05 0.0002785213 0.001564844 0.002195041 0.001540107 0.0005301107 0.001839696 0.001513831 -0.0001070426 0.00144087 -0.001093097 0.00176586 0.001589257 0.0002785213 0.002039039 0.001835115 0.0002785213 0.002347197 0.00132575 0.001540107 0.001885185 0.0003340414 0.001502277 0.001426209 -0.0002536402 0.001570459 0.001312201 0.001967664 0.001577101 0.001795378 0.001615823 0.001570459 0.002094553 0.001098374 0.0025935 0.001453759 -5.423318E-05 0.002593503 0.001027252 -0.0006126928 0.0025935 0.001621077 0.0006722545 0.0025935 0.001395945 0.001256341 0.0025935 0.0008387242 0.001541545 0.0025935 9.868416E-05 0.001451422 0.0025935 -0.0005014642 0.001085899 0.002593503 -0.001027249 0.0006127006 0.0025935 0.0005014673 -0.001085891 0.001513831 0.0001070401 -0.001440867 0.001502277 -0.001426211 0.000253643 0.0002785213 -0.0002246583 -0.001739392 0.0002785251 -0.001753374 -4.080043E-05 -0.0003867615 -0.001620872 7.845024E-05 -0.0003867652 -9.215623E-05 -0.001620142 -0.0008737836 -0.00125887 0.0004042489 -0.0008737855 0.0002698462 -0.001294343 -0.001052046 -0.0007643533 0.0008492963 -0.001052046 0.0007643626 -0.0008492955 -0.0008737855 -0.0002698487 0.001294345 -0.0008737836 0.001258867 -0.0004042462 -0.0003867652 9.215372E-05 0.001620144 -0.0003867615 0.00162087 -7.844751E-05 0.0002785213 0.0002246558 0.001739395 0.0002785251 0.001753372 4.080316E-05 0.001502277 0.001426209 -0.0002536402 0.001513831 -0.0001070426 0.00144087 0.002593503 0.001027252 -0.0006126928 0.0025935 -0.0005014642 0.001085899 0.02652655 -0.003832509 -0.004482011 0.02652655 -0.004859596 -0.003340791 0.02583594 -0.004859596 -0.003340791 0.02583594 -0.003832509 -0.004482011 0.02212934 0.001450354 -5.045073E-05 0.0025935 0.001453759 -5.423318E-05 0.0025935 0.001621077 0.0006722545 0.0025935 0.001395945 0.001256341 0.02212934 0.0001020896 0.001447638 0.0025935 0.0008387242 0.001541545 0.0025935 9.868416E-05 0.001451422 0.02308229 0.001598455 9.713206E-05 0.02308232 0.0002643815 0.001579408 0.02391563 0.0020033 0.0004999792 0.02391566 0.0007074989 0.001939718 0.02440609 0.001312727 0.002432033 0.02440609 0.002556407 0.001050151 0.02583593 0.003832507 0.004482014 0.02583594 0.004859594 0.003340794 0.02652655 0.003832507 0.004482014 0.02652655 0.004859594 0.003340794 0.02583594 0.004859594 0.003340794 0.02583593 0.003832507 0.004482014 0.02212934 -0.000102092 -0.001447635 0.0025935 -9.868667E-05 -0.001451419 0.0025935 0.0005014673 -0.001085891 0.02282 0.0004174993 -0.0009925925 0.02308232 -0.000264384 -0.001579405 0.02376632 0.000247787 -0.001126119 0.02391567 -0.0007075014 -0.001939715 0.02458154 -0.0002093861 -0.00149821 0.02504723 -0.0008314974 -0.002009143 0.02440609 -0.001312729 -0.00243203 0.02652655 -0.003832509 -0.004482011 0.02583594 -0.003832509 -0.004482011 0.02440609 -0.002556409 -0.001050149 0.02583594 -0.004859596 -0.003340791 0.02652655 -0.004859596 -0.003340791 0.02504723 -0.002085338 -0.0006159722 0.02391564 -0.002003302 -0.0004999765 0.02458154 -0.001511917 -5.093811E-05 0.02376632 -0.001093886 0.0003646454 0.02308229 -0.001598457 -9.712931E-05 0.02282 -0.0009432808 0.0005194019 0.02212934 -0.001450357 5.045352E-05 0.002593503 -0.001027249 0.0006127006 0.0025935 -0.001453761 5.423598E-05 0.02504723 0.0008314948 0.002009146 0.02652655 0.004859594 0.003340794 0.02652655 0.003832507 0.004482014 0.02504723 0.002085335 0.0006159749 0.02458154 0.001511914 5.09409E-05 0.02458154 0.0002093836 0.001498213 0.02376632 -0.000247784 0.001126127 0.02376632 0.001093889 -0.0003646377 0.02282 -0.0004174963 0.0009926002 0.02282 0.0009432838 -0.0005193941 0.002593503 0.001027252 -0.0006126928 0.0025935 -0.0005014642 0.001085899 0.02504723 -0.0008314974 -0.002009143 0.02652655 -0.004859596 -0.003340791 0.02652655 -0.003832509 -0.004482011 0.02504723 -0.002085338 -0.0006159722 0.02458154 -0.0002093861 -0.00149821 0.02458154 -0.001511917 -5.093811E-05 0.02376632 0.000247787 -0.001126119 0.02376632 -0.001093886 0.0003646454 0.02282 0.0004174993 -0.0009925925 0.02282 -0.0009432808 0.0005194019 0.002593503 -0.001027249 0.0006127006 0.0025935 0.0005014673 -0.001085891  
					<Colors>: 0  
					<TextureCoords0>: 209 0.03019502 0.10695 0.1071295 0.1069501 0.1071293 0.1107971 0.0301949 0.1107969 0.02642924 0.1069501 0.02642918 0.1107969 0.02252839 0.1069502 0.02252838 0.1107969 0.01894602 0.1107967 0.01894614 0.1069501 0.0040286 0.1107969 0.004028633 0.1069502 0.01931577 0.07585806 0.0040286 0.07585806 0.00402873 0.07205069 0.01931573 0.07205099 0.02298692 0.07585806 0.02298689 0.07205099 0.0269847 0.07205069 0.02698509 0.07585788 0.03084406 0.07205087 0.03084401 0.07585806 0.1096873 0.07205075 0.1096873 0.075858 0.03361873 0.05442792 0.1232534 0.05442792 0.1232535 0.05646157 0.1232534 0.05933261 0.03361888 0.06423801 0.1232535 0.06220305 0.1232535 0.06423819 0.02914444 0.05442798 0.02914443 0.06423807 0.02451255 0.0544281 0.02451264 0.06423801 0.02029025 0.06423819 0.02029023 0.05442798 0.0040286 0.06423807 0.004028659 0.05442786 0.1026061 0.1191187 0.1085113 0.1191194 0.1085113 0.1223644 0.1026061 0.1223646 0.09667291 0.1191194 0.1085113 0.1254265 0.09667327 0.1223649 0.09179923 0.1191194 0.1026064 0.1254263 0.1085115 0.1278681 0.09179953 0.1223646 0.09667327 0.1254268 0.1026064 0.1278678 0.08692573 0.1223649 0.08692555 0.1191194 0.09179923 0.1254268 0.1026061 0.1303092 0.1085115 0.1303095 0.09667315 0.1278681 0.0820518 0.1223649 0.0820518 0.1191192 0.0771783 0.1191189 0.1026064 0.1333711 0.1085113 0.1333711 0.09667321 0.1303097 0.1026064 0.1366169 0.1085113 0.1366171 0.09667304 0.1366171 0.09667327 0.1333711 0.0917993 0.1366169 0.09179947 0.1333711 0.09179953 0.1303097 0.08692549 0.1333711 0.08692549 0.1366171 0.0820518 0.1333711 0.0820518 0.1366171 0.07717811 0.1366171 0.09179947 0.1278681 0.08692579 0.1303095 0.08692579 0.1278681 0.07717836 0.1333709 0.07230432 0.1366171 0.0820521 0.1303095 0.08692555 0.1254268 0.0771783 0.1303097 0.0820521 0.1278681 0.08205186 0.1254268 0.0771783 0.1278681 0.07230462 0.1303097 0.07230437 0.1333711 0.07717836 0.1254268 0.06743087 0.1333711 0.06743082 0.1366171 0.07717836 0.1223644 0.07230437 0.1191189 0.07230437 0.1254263 0.07230437 0.1223646 0.06743063 0.1223644 0.06743069 0.1191189 0.06743063 0.1303092 0.06149724 0.1333711 0.06149754 0.1366171 0.07230462 0.1278681 0.06743087 0.1278678 0.06743087 0.1254263 0.06149724 0.1223649 0.06149729 0.1191189 0.06149729 0.1303095 0.06149772 0.1278681 0.06149729 0.1254263 0.0555924 0.1223644 0.05559258 0.1191192 0.0555924 0.1254263 0.05559204 0.1278681 0.0555921 0.1303097 0.05559234 0.1333711 0.05559204 0.1366171 0.3958892 0.4773573 0.3958892 0.4673148 0.4016637 0.4673148 0.4017203 0.4773572 0.4074356 0.4673148 0.4074355 0.4773573 0.4104623 0.4773572 0.4104623 0.4673148 0.4134889 0.4773572 0.4134889 0.4673148 0.4165158 0.4773572 0.4165158 0.4673148 0.4195427 0.4773572 0.4195427 0.4673148 0.4225693 0.4773572 0.4225694 0.4673148 0.4255962 0.4773573 0.4255962 0.4673148 0.4313113 0.467315 0.4313679 0.4773573 0.4371424 0.4673148 0.4371424 0.4773573 0.0253357 0.1208586 0.01858858 0.1208586 0.01858865 0.117824 0.02533564 0.1178237 0.03361855 0.03680545 0.1232525 0.03680521 0.1232524 0.03883928 0.1232525 0.0417099 0.0336189 0.0466153 0.1232526 0.04458052 0.1232526 0.0466153 0.02914424 0.03680515 0.02914418 0.04661536 0.02451288 0.03680509 0.0245128 0.0466153 0.02028971 0.0466153 0.0202898 0.03680521 0.004028779 0.0466153 0.0040286 0.03680521 0.0040286 0.1178237 0.01077597 0.1178237 0.01077608 0.1208585 0.004028773 0.1208586 0.03019639 0.09529072 0.1071343 0.09529078 0.1071344 0.09913749 0.03019622 0.09913749 0.02643052 0.0952912 0.02643039 0.09913737 0.02252922 0.09529084 0.02252929 0.09913749 0.01894638 0.09913749 0.01894631 0.09529108 0.004028767 0.09913749 0.0040286 0.09529084 0.01931521 0.08747786 0.004028719 0.08747822 0.0040286 0.08367056 0.01931516 0.08367079 0.02298626 0.0874781 0.02298654 0.08367056 0.02698466 0.08367056 0.02698443 0.08747822 0.03084339 0.08367056 0.03084339 0.08747786 0.1096849 0.08367056 0.1096848 0.08747822 0.02327832 0.02029198 0.0040286 0.02899235 0.004028652 0.02029198 0.02327845 0.02899224 0.02758157 0.02899235 0.02758117 0.02029198 0.03223787 0.02029198 0.03223785 0.02899224 0.03673192 0.02029198 0.03673173 0.02899259 0.1303925 0.02899212 0.1303925 0.02029198 0.02327758 0.003779233 0.004028607 0.01247931 0.0040286 0.003779173 0.0232777 0.01247936 0.02758104 0.003779233 0.0275809 0.01247919 0.03223715 0.003779233 0.03223723 0.01247925 0.03673162 0.003779233 0.03673177 0.01247925 0.1303915 0.01247948 0.1303917 0.003779233  
					<TextureCoords1>: 0  
					<Normals>: 209 0.006291748 -0.6526868 0.7576017 0.00025609 -0.52017 0.8540627 0.0003900992 -0.523344 0.8521214 0.008043062 -0.654178 0.7562979 0.01197225 -0.6524867 0.7577057 0.01488671 -0.6516194 0.7584 0.02049589 -0.6467305 0.7624432 0.02062338 -0.6475801 0.7617182 0.02335648 -0.6431978 0.7653437 0.02198927 -0.6418025 0.7665547 0.0040893 -0.6331507 0.7740177 0 -0.6310882 0.775711 0.02198928 0.6949396 -0.7187318 0 0.7051724 -0.7090359 0.004089361 0.7032716 -0.7109095 0.02335611 0.6935891 -0.7199921 0.02049496 0.6903341 -0.7232004 0.02062233 0.6895246 -0.7239686 0.01488609 0.6858003 -0.7276375 0.01197223 0.6850194 -0.7284265 0.008043391 0.6834421 -0.7299605 0.006292057 0.6848952 -0.7286145 0.0003900067 0.7924717 -0.6099086 0.0002559894 0.7947357 -0.6069558 -0.08643584 -0.7496287 -0.6561902 0.0002132746 -0.974489 0.2244354 0.01157622 -0.9969312 -0.07742108 0.02365967 -0.7430887 -0.6687746 -0.08642159 -0.7312586 -0.6766034 0.01157618 -0.1816536 -0.9832945 0.0002133334 0.1208887 -0.9926661 -0.3944987 -0.6830046 -0.6147159 -0.3944857 -0.683004 -0.6147249 -0.717316 -0.5178817 -0.4661076 -0.7173268 -0.5178668 -0.4661075 -0.8820994 -0.3501364 -0.3151271 -0.88209 -0.3501562 -0.3151317 -0.9150701 -0.2997711 -0.2697849 -0.9150699 -0.2997714 -0.2697853 0.08024004 0.5287883 -0.8449524 0.09039806 0.518042 -0.8505649 0.1714962 0.38534 -0.9066985 0.1709551 0.3398919 -0.9247961 0.006016523 0.5220751 -0.8528783 0.4028935 -0.08504545 -0.9112871 0.003141109 0.2995349 -0.9540802 -0.09234644 0.5385628 -0.8375096 0.3207467 -0.2158972 -0.922231 0.5109826 -0.6389306 -0.5750344 -0.2086303 0.3393468 -0.9172335 -0.004092122 -0.2894452 -0.9571858 0.3577014 -0.6941177 -0.6247002 -0.3613558 0.4528678 -0.815066 -0.1599485 0.588808 -0.7922888 -0.4281723 -0.205785 -0.8799552 0.3207482 -0.9397999 -0.1178848 0.4028979 -0.9151776 0.01109335 -0.007054712 -0.7432787 -0.6689447 -0.4172572 0.6079414 -0.6755025 -0.1846957 0.6574471 -0.7305141 -0.1599508 0.7260935 -0.6687331 0.1710069 -0.8840294 0.4350272 0.1715216 -0.8612415 0.4783759 -0.004092123 -0.9822833 -0.1873573 0.08004765 -0.7848591 0.6144824 0.09047666 -0.7914751 0.6044676 0.005979465 -0.7934027 0.6086677 0.003141246 -0.9173617 0.3980421 -0.09234724 -0.7763426 0.6235095 -0.2086301 -0.876539 0.4337659 -0.4281725 -0.8966964 -0.1122672 -0.3613589 -0.7630143 0.5359375 -0.1599516 -0.7260901 0.6687365 -0.417259 -0.6079403 0.6755024 -0.1846931 -0.657447 0.7305147 -0.1599492 -0.5888113 0.7922863 -0.4999999 -0.6437142 -0.5793377 -0.7416156 -0.6637138 0.09741858 -0.8660262 -0.3716477 -0.3344795 -0.361357 -0.4528697 0.8150646 -0.09234651 -0.5385627 0.8375096 -0.8563426 -0.3454555 0.3838462 -0.7416152 0.0271981 -0.6702739 -0.741615 -0.02719927 0.6702742 -1 -1.031837E-06 1.42731E-06 -0.8563423 0.3454562 -0.3838462 -0.8660257 0.3716483 0.3344804 -0.4281722 0.2057849 0.8799552 -0.2086302 -0.3393468 0.9172335 -0.7416147 0.663715 -0.09741667 0.003141055 -0.2995348 0.9540802 0.006016509 -0.5220754 0.8528782 -0.361357 0.7630167 -0.5359353 -0.09234729 0.7763427 -0.6235094 -0.4281722 0.8966964 0.1122671 -0.2086301 0.876539 -0.4337659 0.003140926 0.9173619 -0.3980421 0.005979397 0.7934028 -0.6086677 -0.00409221 0.2894453 0.9571858 0.1709551 -0.339892 0.9247961 0.08023996 -0.528788 0.8449525 -0.4999997 0.6437142 0.5793377 -0.007054768 0.7432788 0.6689446 -0.00409226 0.9822833 0.1873573 0.171007 0.8840294 -0.4350272 0.08004764 0.7848592 -0.6144822 0.3207468 0.2158971 0.922231 0.3577012 0.6941177 0.6247002 0.3207481 0.9397999 0.1178848 0.1715216 0.8612419 -0.4783751 0.09047659 0.7914764 -0.604466 0.4028979 0.9151776 -0.0110933 0.5109828 0.6389306 0.5750343 0.4028938 0.08504544 0.9112869 0.1714961 -0.3853393 0.9066988 0.09039773 -0.5180403 0.850566 -0.4412832 0.6669353 0.6003885 -0.44109 0.6670817 0.600368 -0.3912454 0.6837645 0.615949 -0.3905456 0.6841242 0.6159937 -0.04218805 0.7424496 0.6685722 -0.04172174 0.7426504 0.6683783 0.4999995 0.6437155 0.5793365 0.5000006 0.6437149 0.5793363 0.8660256 0.3716494 0.3344795 0.8660277 0.3716461 0.3344775 1 8.347823E-07 2.406137E-07 1 -2.911942E-06 -2.062421E-06 0.8660264 -0.3716477 -0.3344789 0.8660254 -0.3716495 -0.3344796 0.5000006 -0.6437149 -0.5793363 0.4999996 -0.6437155 -0.5793365 -0.04218801 -0.7424495 -0.6685724 -0.04172172 -0.7426505 -0.6683783 -0.3905431 -0.684125 -0.6159944 -0.3912428 -0.6837652 -0.6159498 -0.4412783 -0.6669371 -0.6003902 -0.4410851 -0.6670834 -0.6003696 0 -0.7432979 -0.6689604 0 -0.7432982 -0.6689603 0 -0.7432981 -0.6689604 0 -0.7432979 -0.6689605 -0.08643581 0.7496288 0.6561902 0.0002132589 0.9744889 -0.2244355 0.01157621 0.9969312 0.07742102 0.02365967 0.7430887 0.6687745 -0.08642169 0.7312589 0.6766033 0.01157618 0.1816536 0.9832945 0.0002133338 -0.1208887 0.9926661 -0.3944998 0.6830046 0.6147152 -0.3944868 0.6830037 0.6147245 -0.7173155 0.517882 0.4661081 -0.7173259 0.5178667 0.4661089 -0.8820984 0.350137 0.3151296 -0.8820888 0.3501572 0.3151336 -0.9150698 0.299772 0.2697851 -0.9150696 0.2997729 0.2697846 0 0.7432982 0.6689603 0 0.7432982 0.6689603 0 0.7432982 0.6689603 0 0.7432982 0.6689603 0.006291745 0.6526868 -0.7576017 0.0002560894 0.5201719 -0.8540615 0.0003901049 0.5233461 -0.8521201 0.008043079 0.654178 -0.7562979 0.01197232 0.6524873 -0.7577052 0.01488675 0.6516197 -0.7583997 0.02049593 0.6467309 -0.7624428 0.02062336 0.6475802 -0.7617181 0.02335646 0.6431985 -0.7653432 0.02198927 0.6418029 -0.7665544 0.004089303 0.6331465 -0.7740211 0 0.6310828 -0.7757155 0.02198893 -0.6949393 0.7187321 0 -0.7051725 0.7090358 0.00408926 -0.7032716 0.7109096 0.02335582 -0.6935888 0.7199924 0.02049485 -0.6903336 0.7232008 0.02062231 -0.6895239 0.7239693 0.01488595 -0.6858 0.7276379 0.01197212 -0.6850196 0.7284263 0.008043472 -0.6834425 0.7299601 0.006292129 -0.6848952 0.7286144 0.0003900042 -0.7924705 0.6099101 0.0002559867 -0.7947344 0.6069573 0.9020017 -0.3209052 -0.2888127 0.9345388 -0.2645105 -0.2380577 0.9345387 -0.2645104 -0.2380581 0.9020016 -0.3209051 -0.288813 0.7386267 -0.5010672 -0.4509571 0.7386272 -0.5010669 -0.4509566 0.4094143 -0.6781466 -0.6103256 0.4094135 -0.6781463 -0.6103263 0.1109588 -0.7387077 -0.6648301 0.1109589 -0.7387071 -0.6648308 0 -0.7432978 -0.6689607 0 -0.7432978 -0.6689606 0.9020013 0.3209061 0.2888127 0.9345393 0.26451 0.2380562 0.9345394 0.2645101 0.238056 0.9020014 0.3209062 0.2888123 0.7386281 0.5010659 0.4509562 0.7386288 0.5010665 0.4509543 0.4094166 0.6781455 0.6103252 0.4094173 0.6781459 0.6103241 0.1109587 0.7387079 0.6648299 0.1109587 0.7387078 0.66483 0 0.7432978 0.6689607 0 0.7432978 0.6689606  
					<Tangents>: 209 -0.997912 -0.05279924 -0.03719996 -1 0 0 -1 0 0 -0.9870448 -0.1263935 -0.09883008 -0.9325882 -0.2806631 -0.2269532 -0.8914204 -0.3522294 -0.2851387 -0.6798439 -0.5681748 -0.4636699 -0.6761199 -0.57028 -0.4665219 -0.4561138 -0.6880887 -0.5643528 -0.4322892 -0.6974617 -0.5715533 -0.3945263 -0.7122594 -0.5805476 -0.4028692 -0.7099754 -0.5776083 -0.4322953 -0.6416151 -0.6336014 -0.4028753 -0.6489487 -0.6454125 -0.3945299 -0.6521126 -0.6473758 -0.4561087 -0.6334743 -0.6250399 -0.6798705 -0.5207386 -0.5163403 -0.6761385 -0.523801 -0.5181403 -0.8914344 -0.3205213 -0.3203292 -0.9325867 -0.2551661 -0.2552885 -0.9870393 -0.1115772 -0.1153428 -0.9979108 -0.04255034 -0.04861479 -1 0 0 -1 0 0 -0.9962354 0.06065689 0.06193372 -1 0 0 -0.9999064 -0.01097636 -0.008169102 -0.99972 -0.01758031 -0.01583391 -0.9962525 0.06581814 0.05611505 -0.9999064 -0.009268542 -0.01005949 -1 0 0 -0.9187687 0.2820298 0.2762665 -0.9188439 0.3007222 0.255523 -0.6966695 0.523069 0.490969 -0.6962873 0.5568545 0.4528764 -0.4708239 0.6766438 0.5661078 -0.4710509 0.6480646 0.598434 -0.4032303 0.6681122 0.6253251 -0.4028751 0.6489441 0.6454171 0.9073892 0.3121032 0.2814898 0.8974128 0.327955 0.2951201 0.8850582 0.3439904 0.3135964 0.9113086 0.3022674 0.2795547 0.9994112 0.02567139 0.02276454 0.8587207 0.3796147 0.3442259 0.9999372 0.009322084 0.006218768 0.8660251 -0.3716493 -0.3344808 0.9243789 0.2836394 0.2550929 0.8595911 0.3798465 0.3417892 0.8660203 -0.3716584 -0.3344831 0.9999895 -0.003191528 -0.003310023 0.933836 0.2658697 0.239298 0.4999905 -0.6437239 -0.5793351 0.5000079 -0.6437127 -0.5793325 0.8660231 -0.3716561 -0.3344782 0.9243747 0.2834587 0.2553088 0.8587326 0.382186 0.3413386 0.9999751 -0.005258481 -0.00470295 0 -0.7432911 -0.6689681 0 -0.7432935 -0.6689655 -0.4999627 -0.6437254 -0.5793574 0.9112542 0.3098075 0.271358 0.885058 0.347986 0.3091573 0.9999896 -0.00363764 -0.002769488 0.9078689 0.3119215 0.2801409 0.8973337 0.3280611 0.2952423 0.9994218 0.02511395 0.02291804 0.9999371 0.007171461 0.008636718 0.8660257 -0.3716486 -0.33448 0.866025 -0.3716495 -0.3344809 0.8660234 -0.3716481 -0.3344866 0.4999945 -0.6437184 -0.5793378 0.5000142 -0.6437139 -0.5793256 0 -0.7433003 -0.668958 0 -0.7433023 -0.6689556 -0.500011 -0.6437083 -0.5793347 0.8660255 -0.3716488 -0.3344801 0.4999891 -0.6437102 -0.5793514 0.4999985 -0.6437109 -0.5793425 -0.5000113 -0.6437058 -0.5793374 -0.8660176 -0.3716608 -0.3344873 0 -0.7433108 -0.6689462 0.4999979 -0.6437171 -0.5793362 -0.4999988 -0.6437149 -0.5793378 0 -0.7433045 -0.6689532 0 -0.7433005 -0.6689576 -0.4999995 -0.6437049 -0.5793484 -0.8660312 -0.3716278 -0.3344888 -0.8660212 -0.3716567 -0.3344826 -0.4999742 -0.6436945 -0.5793818 -0.9999373 0.009321949 0.006218662 -0.9994102 0.0256986 0.02278118 -0.4999534 -0.6437185 -0.5793729 -0.8660257 -0.3716486 -0.3344801 -0.8660217 -0.3716463 -0.334493 -0.8660298 -0.3716461 -0.3344719 -0.9999372 0.007167255 0.008627831 -0.9994205 0.02513889 0.02295067 -0.9999895 -0.003159245 -0.003319877 -0.9112977 0.3022938 0.2795623 -0.9073723 0.3121357 0.2815083 -0.8660255 -0.3716348 -0.3344956 -0.9999751 -0.005244212 -0.004718906 -0.9999895 -0.003631882 -0.002800437 -0.9112511 0.3098104 0.271365 -0.9078824 0.3119039 0.2801169 -0.9243811 0.2836288 0.2550963 -0.9338362 0.2658702 0.2392973 -0.9243724 0.2834565 0.2553195 -0.8850682 0.3479769 0.3091381 -0.8973114 0.3280872 0.2952814 -0.8587347 0.3821869 0.3413322 -0.8595909 0.379803 0.3418377 -0.8587328 0.3795795 0.3442347 -0.885071 0.3439653 0.3135876 -0.8974653 0.3278597 0.2950663 -0.8973678 -0.3280172 -0.2951874 -0.8974629 -0.3278634 -0.2950696 -0.9202864 -0.2908152 -0.2617241 -0.9205836 -0.2902954 -0.2612555 -0.9991097 -0.03135842 -0.028222 -0.9991292 -0.0310182 -0.02790295 -0.8660257 0.3716373 0.3344925 -0.8660251 0.3716494 0.3344807 -0.4999997 0.6437196 0.5793319 -0.499996 0.6437211 0.5793333 0 0.7433024 0.6689555 0 0.7433023 0.6689556 0.4999982 0.6437155 0.5793377 0.5000001 0.6437147 0.5793371 0.8660251 0.3716629 0.3344656 0.8660257 0.371651 0.3344774 0.9991097 -0.03134226 -0.0282399 0.9991292 -0.03099703 -0.02792645 0.9205846 -0.2902964 -0.2612507 0.9202875 -0.2908156 -0.2617198 0.8973703 -0.3280239 -0.2951726 0.8974653 -0.3278596 -0.2950663 0 0.6689604 -0.743298 0 0.6689603 -0.7432982 0 0.6689604 -0.7432982 0 0.6689604 -0.7432979 -0.9962352 -0.06063236 -0.06196165 -1 0 0 -0.9999064 0.01097639 0.008168587 -0.99972 0.01758292 0.01583101 -0.9962525 -0.06581125 -0.05612265 -0.9999064 0.009268646 0.01005946 -1 0 0 -0.9187676 -0.2819996 -0.2763012 -0.9188436 -0.3007194 -0.2555277 -0.6966701 -0.5230676 -0.4909697 -0.6962886 -0.5568415 -0.4528904 -0.470826 -0.6766403 -0.5661102 -0.4710532 -0.648083 -0.5984123 -0.4032311 -0.6681159 -0.6253207 -0.4028758 -0.6489477 -0.6454131 0 0.6689603 -0.7432982 0 0.6689603 -0.7432982 0 0.6689603 -0.7432981 0 0.6689604 -0.7432982 -0.9979103 0.05281819 0.03721631 -1 0 0 -1 0 0 -0.9870416 0.126408 0.09884267 -0.9325989 0.2806418 0.2269349 -0.8914385 0.3522025 0.2851155 -0.6798355 0.5681804 0.4636753 -0.6760974 0.5702954 0.4665357 -0.4560825 0.6881 0.5643644 -0.4322582 0.6974723 0.5715637 -0.3945406 0.7122579 0.5805398 -0.4028856 0.7099738 0.5775988 -0.4322745 0.641623 0.6336077 -0.4028907 0.6489436 0.6454078 -0.3945429 0.6521086 0.6473718 -0.4561103 0.6334742 0.6250391 -0.679843 0.5207579 0.5163572 -0.6761306 0.5238069 0.5181447 -0.8914194 0.3205433 0.3203491 -0.9325941 0.2551523 0.2552756 -0.9870487 0.1115348 0.1153035 -0.9979131 0.0425255 0.04859155 -1 0 0 -1 0 0 -0.4317316 -0.669132 -0.6048721 -0.355797 -0.7072328 -0.6109257 -0.3555661 -0.7213149 -0.5943716 -0.4313866 -0.6431391 -0.6326751 -0.6740423 -0.539157 -0.5049522 -0.6737066 -0.5719439 -0.4679739 -0.9122659 -0.3132957 -0.2638497 -0.912201 -0.2922232 -0.287219 -0.9938248 -0.08278416 -0.073884 -0.9937707 -0.07547595 -0.08199535 -0.9999853 -0.003619537 0.004021754 -0.9999808 -0.004151301 0.004612609 -0.4317144 0.6766602 0.5964508 -0.3557956 0.7072361 0.6109228 -0.3555644 0.7213171 0.59437 -0.4315541 0.6509247 0.6245463 -0.6739282 0.5645354 0.4765716 -0.6738841 0.5314299 0.513286 -0.9122647 0.3133016 0.2638468 -0.9121991 0.2922183 0.2872301 -0.993825 0.08277843 0.07389024 -0.9937703 0.07544983 0.08202408 -0.9999853 0.003619888 -0.004022143 -0.9999808 0.004151298 -0.004612606  
					<BiTangents>: 209 -0.06428072 0.7557858 0.6516562 0 0.8540627 0.52017 0 0.8521215 0.5233441 -0.1602436 0.7457049 0.6467195 -0.3607439 0.7039102 0.6118615 -0.4529328 0.6718085 0.5861104 -0.7330704 0.508839 0.451321 -0.7365029 0.5053915 0.4496029 -0.8896149 0.3359025 0.3094427 -0.9014668 0.3188053 0.2927809 -0.9188756 0.3029963 0.2527073 -0.9152576 0.31251 0.254246 0.901464 -0.3246368 -0.2863105 0.9152548 -0.285653 -0.2840965 0.918874 -0.2831224 -0.2747949 0.8896175 -0.3429932 -0.3015566 0.7330457 -0.502265 -0.4586653 0.7364859 -0.5001884 -0.4554121 0.4529052 -0.6534096 -0.6065747 0.3607474 -0.6823772 -0.6357851 0.1602771 -0.7214274 -0.6736867 0.06429884 -0.7273982 -0.6831966 0 -0.6099086 -0.7924718 0 -0.6069558 -0.7947357 0.006624843 -0.6590732 0.7520496 0 0.2244354 0.9744889 -0.007294231 -0.0775084 0.996965 -8.731692E-06 -0.668962 0.7432966 -0.00349817 -0.6789175 0.7342063 0.007286364 -0.9833189 0.1817439 0 -0.9926661 -0.1208887 0.01532309 -0.6737685 0.7387837 -0.0103382 -0.6656364 0.7462046 0.01045743 -0.6769029 0.7359981 -0.02502446 -0.6494051 0.7600308 -0.01501383 -0.6477327 0.7617198 0.005319641 -0.6763157 0.7365927 0.007207817 -0.6810018 0.7322463 0.018402 -0.6992915 0.7145997 -0.4125609 0.7892874 0.4547736 -0.4318316 0.7899861 0.435251 -0.4327368 0.8562615 0.2820553 -0.3745541 0.8905661 0.2580723 -0.03377937 0.8525131 0.5216132 -0.3166631 0.9212275 -0.2259746 -0.01075675 0.9540398 0.2994868 0.4913988 0.7561924 0.4320884 -0.2065072 0.934311 -0.2905472 -4.526565E-05 0.6689427 -0.743314 0.4544032 0.864126 0.216342 0.002096815 0.9571893 -0.2894552 1.217759E-05 0.6689648 -0.7432941 0.7870397 0.6168714 -0.006183809 0.851122 0.488814 0.1914477 0.2582101 0.9052758 -0.3373474 0.2065237 0.1908596 -0.959646 0.3166252 0.1279984 -0.9398749 2.203041E-05 0.6689612 -0.7432973 0.9087884 0.2791318 -0.3101436 0.9827958 0.123555 -0.1372831 0.8511481 -0.2416729 -0.4659841 0.3746632 -0.3500163 -0.8585547 0.4327272 -0.3703632 -0.8219357 -0.002038883 0.1873667 -0.9822879 0.4115415 -0.5354449 -0.7375178 0.4319792 -0.5156966 -0.7398992 0.03346928 -0.6081788 -0.7930942 0.01077754 -0.39799 -0.9173265 -0.4913975 -0.509087 -0.7066534 -0.4543944 -0.3058693 -0.8366419 -0.258209 0.240444 -0.9356895 -0.7870358 -0.05861694 -0.6141163 -0.8511177 -0.2417137 -0.4660185 -0.9087876 0.2791288 -0.3101487 -0.9827963 0.1235515 -0.1372829 -0.85112 0.4888159 0.1914515 5.445891E-07 0.6689612 -0.7432973 -0.4472328 0.3809478 -0.8092351 -3.18485E-06 0.6689651 -0.7432939 -0.787026 0.6168891 -0.006167683 -0.4914119 0.7561868 0.4320832 -0.5164081 0.5728471 -0.6365287 0.4472236 0.7647801 -0.4637914 -0.447223 0.7647818 -0.463789 -1.751176E-06 0.6689532 -0.7433045 0.5164087 0.5728567 -0.6365197 7.159363E-06 0.6689706 -0.7432889 -0.258183 0.9052875 -0.3373368 -0.4544016 0.8641267 0.2163427 0.447251 0.3809723 -0.8092136 0.01075659 0.9540398 0.2994867 0.03381127 0.8525121 0.5216128 0.7870627 -0.05858222 -0.614085 0.4913975 -0.5090868 -0.7066535 0.2582151 0.2404464 -0.9356872 0.4543851 -0.3058734 -0.8366455 -0.01076771 -0.3979899 -0.9173265 -0.03351036 -0.6081777 -0.7930933 -0.002063062 0.9571893 -0.2894552 0.3745811 0.8905571 0.2580641 0.412598 0.7892747 0.4547619 1.75584E-05 0.668969 -0.7432903 -6.244907E-07 0.6689612 -0.7432973 0.002070363 0.1873668 -0.9822878 -0.3746706 -0.3500137 -0.8585525 -0.4115117 -0.5354549 -0.7375271 0.2064967 0.9343143 -0.2905443 -1.133843E-05 0.6689646 -0.7432943 -0.206534 0.1908627 -0.9596432 -0.4327062 -0.3703707 -0.8219434 -0.4320258 -0.5156782 -0.739885 -0.3166193 0.1279958 -0.9398773 -1.081515E-05 0.6689675 -0.7432917 0.3166302 0.9212419 -0.2259615 0.4327105 0.8562719 0.2820639 0.4317226 0.7900268 0.4352854 -6.685263E-05 0.6690307 -0.7432348 -3.160574E-06 0.6689602 -0.7432983 -0.0001696983 0.6692479 -0.7430393 -8.897821E-05 0.6691059 -0.7431671 -1.19579E-05 0.6691676 -0.7431115 -9.754232E-06 0.6689605 -0.743298 -1.494308E-05 0.6689664 -0.7432927 -2.571129E-07 0.6689603 -0.7432982 2.606258E-06 0.6689559 -0.7433022 3.248145E-06 0.6689561 -0.7433019 -3.795835E-07 0.6689556 -0.7433025 4.149575E-07 0.6689556 -0.7433024 3.130641E-07 0.6689606 -0.7432979 8.676321E-07 0.6689604 -0.7432981 -1.731081E-05 0.6689528 -0.7433049 -2.706297E-06 0.6689588 -0.7432995 -1.213502E-05 0.6691685 -0.7431107 -2.18438E-05 0.6689614 -0.7432971 9.282055E-05 0.6691046 -0.7431682 0.0001729336 0.6692469 -0.7430401 8.077696E-05 0.6690256 -0.7432394 3.073133E-06 0.6689602 -0.7432982 -1 0 0 -1 0 0 -1 0 0 -1 0 0 0.00666187 0.6590754 -0.7520472 0 -0.2244355 -0.9744889 -0.007293716 0.07750834 -0.9969651 -4.838974E-06 0.6689619 -0.7432967 -0.003487915 0.6789179 -0.734206 0.007286471 0.9833189 -0.1817439 0 0.9926661 0.1208887 0.0153655 0.6737811 -0.7387713 -0.0103332 0.6656379 -0.7462034 0.01045835 0.6769037 -0.7359973 -0.02501198 0.6494164 -0.7600216 -0.01501332 0.6477361 -0.7617168 0.00530567 0.6762975 -0.7366094 0.007205937 0.6809978 -0.73225 0.01840132 0.6992876 -0.7146035 1 0 0 1 0 0 1 0 0 1 0 0 -0.06430575 -0.7557845 -0.6516553 0 -0.8540615 -0.5201719 0 -0.8521202 -0.5233461 -0.1602628 -0.7457025 -0.6467175 -0.3607159 -0.7039181 -0.6118688 -0.4528972 -0.6718223 -0.586122 -0.7330782 -0.5088322 -0.451316 -0.7365236 -0.5053741 -0.4495887 -0.889631 -0.335878 -0.3094231 -0.9014817 -0.3187811 -0.2927615 -0.9188694 -0.3030088 -0.2527147 -0.9152504 -0.3125246 -0.2542542 0.9014739 0.3246219 0.2862959 0.9152481 0.2856639 0.2841074 0.9188684 0.2831316 0.2748042 0.8896167 0.3429942 0.3015577 0.7330713 0.5022457 0.4586456 0.7364932 0.500183 0.4554061 0.4529348 0.6533992 0.6065637 0.3607284 0.6823822 0.6357905 0.1602193 0.7214336 0.6736939 0.06426481 0.7273996 0.6831983 0 0.6099102 0.7924706 0 0.6069573 0.7947345 -0.0008527759 -0.6702852 0.7421031 0.006765981 -0.655634 0.7550485 0.01449737 -0.6401086 0.7681476 -0.01728176 -0.695264 0.7185467 -0.009878302 -0.6769353 0.7359762 0.02343565 -0.6494707 0.7600254 0.01228363 -0.664803 0.7469177 -0.01642499 -0.6743317 0.7382459 0.0004587226 -0.6689228 0.7433317 -0.01039181 -0.6697875 0.7424802 0.005410688 -0.6689509 0.7432869 0.006205599 -0.6689478 0.7432835 0.004023311 0.6626841 -0.7488883 0.006766769 0.6556307 -0.7550514 0.014497 0.6401064 -0.7681495 -0.01242571 0.6879799 -0.7256234 0.01578702 0.6559213 -0.7546642 -0.0175398 0.6830188 -0.7301902 0.01228936 0.6648014 -0.7469191 -0.01643605 0.6743341 -0.7382434 0.0004502689 0.6689233 -0.7433313 -0.01043052 0.6697896 -0.7424777 0.005411213 0.6689509 -0.7432869 0.006205594 0.6689478 -0.7432835  
					<SubMeshes>: 1
						<SubMesh>: 0 690 0 1 2 0 2 3 4 0 3 4 3 5 6 4 5 6 5 7 8 6 7 8 9 6 9 8 10 9 10 11 12 13 14 12 14 15 15 16 12 15 17 16 16 17 18 16 18 19 19 18 20 19 20 21 21 20 22 21 22 23 24 25 26 26 27 24 24 27 28 28 27 29 28 29 30 31 24 28 31 28 32 33 31 32 33 32 34 35 33 34 35 36 33 36 35 37 36 37 38 39 40 41 39 41 42 43 39 42 42 41 44 43 42 45 45 46 43 42 44 47 45 42 47 47 44 48 45 49 46 45 47 50 50 49 45 47 48 51 50 47 51 52 46 49 52 53 46 50 54 49 52 49 54 48 55 51 48 56 55 50 51 57 57 54 50 58 53 52 58 59 53 58 60 59 56 61 55 56 62 61 63 51 55 63 57 51 62 64 61 62 65 64 66 61 64 67 55 61 66 67 61 67 63 55 67 66 68 63 67 69 67 68 69 57 63 70 63 69 70 71 69 68 71 70 69 71 68 72 73 71 72 73 72 74 73 74 75 57 70 76 57 76 54 71 77 70 73 77 71 78 76 70 78 54 76 78 70 77 73 75 79 79 75 80 73 81 77 81 78 77 78 82 54 52 54 82 73 83 81 73 79 83 81 84 78 84 82 78 84 81 83 85 52 82 84 85 82 85 58 52 84 83 86 85 84 86 79 87 83 86 83 87 79 80 88 79 88 87 58 85 89 85 86 89 90 88 80 90 80 91 58 89 92 58 92 60 92 93 60 86 94 89 92 89 94 92 95 93 92 94 95 96 93 95 96 97 93 98 87 88 98 88 90 91 99 90 91 100 99 86 87 101 86 101 94 102 101 87 102 94 101 102 87 98 103 95 94 102 103 94 103 96 95 97 96 104 97 104 105 90 106 98 90 99 106 98 107 102 103 102 107 98 106 107 96 103 108 103 107 108 96 108 104 109 105 104 109 110 105 111 109 104 111 104 108 112 111 108 112 108 107 106 112 107 106 113 112 99 113 106 99 114 113 100 114 99 100 115 114 116 117 118 116 118 119 120 119 118 120 121 119 120 122 121 120 123 122 124 122 123 124 123 125 126 124 125 126 125 127 127 128 126 127 129 128 129 130 128 129 131 130 132 130 131 132 131 133 132 133 134 132 134 135 136 135 134 136 137 135 138 139 140 138 140 141 142 143 144 144 145 142 142 145 146 146 145 147 146 147 148 149 142 146 149 146 150 151 149 150 151 150 152 153 151 152 153 154 151 154 153 155 154 155 156 157 158 159 157 159 160 161 162 163 161 163 164 165 161 164 165 164 166 167 165 166 167 166 168 169 167 168 169 170 167 170 169 171 170 171 172 173 174 175 173 175 176 176 177 173 176 178 177 177 178 179 177 179 180 180 179 181 180 181 182 182 181 183 182 183 184 185 186 187 185 188 186 185 189 188 185 190 189 189 190 191 189 191 192 192 191 193 192 193 194 195 194 193 195 193 196 197 198 199 197 200 198 200 197 201 200 201 202 202 201 203 202 203 204 204 203 205 204 205 206 207 206 205 207 205 208  
				</Mesh>
				<Materials>: 1
					<Material>: 0
						<AlbedoColor>: 1 1 1 1
						<EmissiveColor>: 0 0 0 1
						<Glossiness>: 0.5
						<Metallic>: 0
						<SpecularHighlight>: 1
						<GlossyReflection>: 1
						<AlbedoMap>: @M18_Smoke_Grenade_Material_AlbedoTransparency
						<MetallicMap>: @M18_Smoke_Grenade_Material_MetallicSmoothness
						<NormalMap>: @M18_Smoke_Grenade_Material_Normal
						<EmissionMap>: null
						<DetailAlbedoMap>: null
						<DetailNormalMap>: null
				</Materials>
				<Children>: 0
			</Frame>
			<Frame>: 4 0 Safety_Ring
				<Transform>: -0.0132199 0.06318678 -0.01714587 0 0 0 1 1 1 0 0 0 1  
				<TransformMatrix>: 1 0 0 0 0 1 0 0 0 0 1 0 -0.0132199 0.06318678 -0.01714587 1  
				<Mesh>: 385 Safety_Ring
					<Bounds>: -0.009101494 -0.007920999 -0.008226803 0.0117223 0.0120604 0.01540956
					<Positions>: 385 -0.01546013 -0.01871294 -0.004270526 -0.01572744 -0.01954043 -0.004059379 -0.01664236 -0.01961675 -0.007073262 -0.01632982 -0.01878851 -0.007106913 -0.01583552 -0.01790064 -0.0042447 -0.01708536 -0.01919336 -0.01019605 -0.01668143 -0.0179819 -0.007009292 -0.01663381 -0.01758014 -0.003996815 -0.01675109 -0.01838579 -0.01005152 -0.0170342 -0.01827634 -0.01324297 -0.01749117 -0.01766797 -0.006837399 -0.01738666 -0.01793925 -0.003672303 -0.01709357 -0.01758757 -0.00988019 -0.01670626 -0.01751747 -0.01292456 -0.01649434 -0.01690754 -0.01606472 -0.0162005 -0.01622305 -0.01558521 -0.0154951 -0.01515087 -0.01852296 -0.01705122 -0.01673927 -0.01268126 -0.01791212 -0.01726491 -0.009782007 -0.01828611 -0.01803072 -0.006691506 -0.01526145 -0.01456279 -0.01790299 -0.01408818 -0.01308914 -0.02049709 -0.01655942 -0.01547549 -0.01527518 -0.01786697 -0.01639628 -0.01265495 -0.01393788 -0.0126148 -0.01976414 -0.01234519 -0.01082005 -0.02189011 -0.01564514 -0.01385501 -0.01753473 -0.01229733 -0.01047123 -0.02107719 -0.01035412 -0.00845139 -0.02263338 -0.01860047 -0.01885903 -0.0066573 -0.0176531 -0.01876693 -0.003461412 -0.0187287 -0.0176069 -0.009814292 -0.01736089 -0.01510158 -0.01531541 -0.01435594 -0.011954 -0.01934899 -0.01042281 -0.00823376 -0.02177739 -0.00821508 -0.006095844 -0.02268995 -0.01824886 -0.01966754 -0.00675518 -0.01727759 -0.01957833 -0.00348751 -0.01867712 -0.01668947 -0.01286109 -0.01642155 -0.01344109 -0.01763291 -0.01275768 -0.009862309 -0.02062877 -0.008408714 -0.006008664 -0.0218299 -0.006035368 -0.003865435 -0.02205638 -0.01743729 -0.0199814 -0.006927629 -0.01648018 -0.01989865 -0.003735135 -0.01664236 -0.01961675 -0.007073262 -0.01572744 -0.01954043 -0.004059379 -0.01708536 -0.01919336 -0.01019605 -0.01790194 -0.01953718 -0.01022889 -0.0170342 -0.01827634 -0.01324297 -0.01872239 -0.01921458 -0.01013044 -0.01784432 -0.01857125 -0.01344995 -0.01649434 -0.01690754 -0.01606472 -0.01906486 -0.01841454 -0.00995856 -0.01727019 -0.01712786 -0.01643299 -0.0154951 -0.01515087 -0.01852296 -0.01866197 -0.01822827 -0.01342366 -0.01900696 -0.01744835 -0.01317953 -0.01621054 -0.01527453 -0.01903181 -0.01408818 -0.01308914 -0.02049709 -0.01807354 -0.01675386 -0.01647353 -0.01843258 -0.01600473 -0.01616241 -0.01472005 -0.01309882 -0.02111897 -0.01234519 -0.01082005 -0.02189011 -0.01698877 -0.01486039 -0.01913056 -0.01813686 -0.01532032 -0.01568259 -0.01287438 -0.01070395 -0.02259194 -0.01035412 -0.00845139 -0.02263338 -0.01546354 -0.01263735 -0.02126447 -0.0173727 -0.01415122 -0.01876101 -0.01713725 -0.01356336 -0.01814047 -0.01076654 -0.008203879 -0.02337819 -0.00821508 -0.006095844 -0.02268995 -0.01357524 -0.01019031 -0.02277047 -0.01588201 -0.01197536 -0.02084788 -0.01509773 -0.01149293 -0.01949369 -0.008502311 -0.005717685 -0.02343867 -0.006035368 -0.003865435 -0.02205638 -0.01573002 -0.01150142 -0.02011414 -0.01141893 -0.007635737 -0.0235744 -0.01403618 -0.00958041 -0.02232051 -0.013457 -0.009349259 -0.02080634 -0.006195124 -0.00336376 -0.02276975 -0.003924279 -0.001866077 -0.02076285 -0.01398678 -0.009232183 -0.02150664 -0.009102779 -0.005095383 -0.02363636 -0.01192823 -0.007080318 -0.0231064 -0.01093131 -0.007679099 -0.02131096 -0.003960486 -0.00125406 -0.02140333 -0.001987771 -0.0001924308 -0.01887178 -0.01158234 -0.007111761 -0.0215061 -0.01199555 -0.006863494 -0.02224934 -0.006742735 -0.002690285 -0.02295263 -0.009663953 -0.004594163 -0.02316651 -0.008968884 -0.005507989 -0.02136158 -0.001910374 0.0005113883 -0.01940539 -0.00032327 0.001076743 -0.01647471 -0.009568185 -0.004886716 -0.02155815 -0.009856422 -0.004508003 -0.02230534 -0.004456893 -0.0005348828 -0.02155587 -0.007356774 -0.002240331 -0.02249722 -0.006356268 -0.003901603 -0.02123145 -0.003924279 -0.001866077 -0.02076285 -0.006969089 -0.003452005 -0.02077746 -0.004368561 -0.002012483 -0.02001054 -0.001987771 -0.0001924308 -0.01887178 -0.007515748 -0.002779772 -0.02095925 -0.007676719 -0.002277744 -0.02167119 -0.0051222 -0.0001307819 -0.02113046 -0.005032453 -0.001608569 -0.01958641 -0.002545521 -0.0004305774 -0.01822603 -0.00032327 0.001076743 -0.01647471 -0.005528119 -0.0008908352 -0.01973792 -0.003256419 -6.472133E-05 -0.01784582 -0.0009790455 0.0007698233 -0.01596427 0.0009850538 0.001882407 -0.01368787 -0.005565737 -0.0002786228 -0.02037713 -0.002359725 0.001268554 -0.01951349 -0.003705227 0.0006908309 -0.01795305 -0.001730588 0.001107104 -0.0156399 0.0002514756 0.001533038 -0.01333488 0.001870413 0.002188134 -0.01064649 -0.003072211 0.00163447 -0.01913222 -0.0001477633 0.001849344 -0.01687268 0.0009850538 0.001882407 -0.01368787 -0.003629417 0.00139471 -0.01848559 -0.002138961 0.001890943 -0.01569099 -0.0005323627 0.001852617 -0.01307555 0.001083053 0.001824711 -0.01046542 0.00228664 0.001981885 -0.007498233 -0.0005564984 0.002634933 -0.01692445 0.001238395 0.002697406 -0.01392805 0.001870413 0.002188134 -0.01064649 -0.00130977 0.002972188 -0.01659927 -0.001965182 0.002663515 -0.01608814 -0.000908697 0.00265384 -0.01306139 0.0002768323 0.002138323 -0.01027716 0.001472143 0.001633483 -0.007495163 0.002210462 0.001276589 -0.004395962 0.002177513 0.003017094 -0.01071442 0.00228664 0.001981885 -0.007498233 0.000861853 0.003500481 -0.01391431 7.617869E-05 0.003819986 -0.01365445 -0.0006571885 0.003468776 -0.01330102 -7.741584E-05 0.002945174 -0.01019181 0.0006545572 0.001953168 -0.007380529 0.001396794 0.0009715574 -0.004568291 0.001642618 0.0001095227 -0.00149031 0.001823168 0.003825842 -0.01062923 0.001015052 0.004139398 -0.01044073 0.000227791 0.003774069 -0.01025949 0.0003113561 0.002753617 -0.007221533 0.0005794039 0.001309042 -0.004526257 0.0008577053 -0.0001259063 -0.001826882 0.0006078308 -0.001459514 0.001077695 0.002620806 0.002795669 -0.007387858 0.002210462 0.001276589 -0.004395962 0.002277583 0.003598025 -0.007228734 0.002543678 0.002046814 -0.004109932 0.001642618 0.0001095227 -0.00149031 -0.0001218064 -0.001602508 0.0005960458 -0.0008464014 -0.00335112 0.003183485 5.20707E-05 0.0002402432 -0.001852869 0.001458086 0.003917704 -0.007114154 0.001946916 0.0008099293 -0.001039827 0.0006078308 -0.001459514 0.001077695 0.002199959 0.002831008 -0.003878 -0.00149693 -0.003383347 0.002583008 -0.00265212 -0.005470153 0.004725038 0.0006436129 0.003567395 -0.007111209 0.0008566484 -0.0008517907 0.001673388 -0.0008464014 -0.00335112 0.003183485 0.001591105 0.001565083 -0.0007397613 0.00138069 0.003168586 -0.003836293 0.0002356792 0.002091371 -0.004294744 -0.000676913 -0.002854405 0.00389808 -0.00265212 -0.005470153 0.004725038 0.0005670175 0.002861694 -0.004009045 0.000477742 -0.0001351417 0.002033581 0.0007836663 0.001931469 -0.0007663341 -0.0003037281 0.0009936173 -0.001553514 -0.002581946 -0.005097376 0.005526418 -0.004724218 -0.007710382 0.005627867 -1.233413E-06 0.001694259 -0.001103617 -0.001088795 -0.002183849 0.004307465 -0.0003068413 0.0002695531 0.001946662 -0.0009047007 -0.001198223 0.0005099273 -0.004768497 -0.007468414 0.006479681 -0.006964602 -0.009959659 0.005848621 -0.00128353 -0.0004832224 0.0008691496 -0.001036397 0.0001249154 0.001464048 -0.003035071 -0.004478239 0.005971665 -0.001840614 -0.001733219 0.004171075 -0.002247215 -0.002933327 0.002447582 -0.007132891 -0.009849003 0.006712059 -0.009266968 -0.0121054 0.005377232 -0.002658911 -0.002264245 0.002855771 -0.002490954 -0.001766924 0.003569402 -0.005269123 -0.006903532 0.006945704 -0.003745811 -0.00397628 0.005799092 -0.003203571 -0.005378692 0.004037776 -0.004724218 -0.007710382 0.005627867 -0.003912961 -0.004877555 0.003866274 -0.00516146 -0.007488341 0.00489009 -0.006964602 -0.009959659 0.005848621 -0.004365757 -0.004259705 0.004310144 -0.004296935 -0.003886107 0.00511045 -0.005932482 -0.006347355 0.00675199 -0.005823666 -0.006933204 0.004697497 -0.007278067 -0.009606522 0.005099067 -0.009266968 -0.0121054 0.005377232 -0.00632379 -0.006369397 0.005162021 -0.007889107 -0.008997138 0.004901404 -0.00945313 -0.01162703 0.004655215 -0.01152199 -0.01404008 0.004237385 -0.006369219 -0.006126391 0.006012717 -0.007684964 -0.009338552 0.007182756 -0.008440474 -0.008487542 0.005370543 -0.0100115 -0.0109658 0.004468739 -0.01158353 -0.01344846 0.00358088 -0.01362264 -0.01566643 0.002485382 -0.00829694 -0.008727915 0.006983999 -0.009562774 -0.01212014 0.006212916 -0.01152199 -0.01404008 0.004237385 -0.008609703 -0.008375632 0.006232888 -0.01061554 -0.01050795 0.00492624 -0.01209032 -0.0127403 0.003421316 -0.01356832 -0.01497908 0.001929153 -0.01546944 -0.01690229 0.0002073692 -0.01016772 -0.01166165 0.00667197 -0.01194259 -0.01416818 0.005007303 -0.01362264 -0.01566643 0.002485382 -0.01072683 -0.01099897 0.006484488 -0.01091207 -0.01052124 0.005760918 -0.01274587 -0.01232921 0.003851479 -0.01402712 -0.01423122 0.001810909 -0.01531366 -0.01614136 -0.0002186941 -0.01697527 -0.01768447 -0.002484834 -0.01415925 -0.01589035 0.003154708 -0.01546944 -0.01690229 0.0002073692 -0.01259927 -0.01375665 0.005438944 -0.01310659 -0.01304686 0.005278522 -0.01316701 -0.01245569 0.004620528 -0.01473053 -0.01385959 0.002199376 -0.01573041 -0.01536294 -0.0002832273 -0.01673741 -0.01687574 -0.0027572 -0.01806966 -0.01797196 -0.005459224 -0.01486398 -0.01551848 0.003544531 -0.01532313 -0.01476885 0.00342562 -0.01526748 -0.01408176 0.002868042 -0.01647568 -0.0150216 5.121622E-05 -0.01712009 -0.01607741 -0.002758256 -0.01777308 -0.01714353 -0.005561852 -0.01870221 -0.01774787 -0.008570003 -0.01610759 -0.01719979 0.0007462036 -0.01697527 -0.01768447 -0.002484834 -0.01685437 -0.01685833 0.001081818 -0.01769555 -0.01802973 -0.002100034 -0.01806966 -0.01797196 -0.005459224 -0.01837313 -0.01692878 -0.00849514 -0.01884503 -0.01702024 -0.01166475 -0.01813133 -0.01633689 -0.005492751 -0.01727131 -0.01607805 0.00101686 -0.01884867 -0.01833684 -0.005244484 -0.01870221 -0.01774787 -0.008570003 -0.01847631 -0.01770798 -0.001828365 -0.01851127 -0.01623911 -0.0114133 -0.01849415 -0.01582172 -0.01459182 -0.01711403 -0.01531724 0.0005896324 -0.01951365 -0.01810326 -0.008533071 -0.01884503 -0.01702024 -0.01166475 -0.01965367 -0.01802312 -0.005043375 -0.01885907 -0.01690775 -0.001829571 -0.01789917 -0.01575566 -0.002487519 -0.01966104 -0.01733751 -0.01180468 -0.01849415 -0.01582172 -0.01459182 -0.01861954 -0.01609902 -0.002102868 -0.020332 -0.0177855 -0.008405695 -0.02001194 -0.01721458 -0.004974131 -0.01893455 -0.01602311 -0.005292308 -0.01928663 -0.01607406 -0.01489904 -0.01766963 -0.01420787 -0.01720773 -0.01971357 -0.01638609 -0.005077429 -0.02048118 -0.01700383 -0.01175062 -0.02067667 -0.01698072 -0.008262745 -0.0187178 -0.01612586 -0.008352635 -0.01841165 -0.01437169 -0.01766451 -0.01641469 -0.01225456 -0.0193842 -0.01953429 -0.01580803 -0.008225638 -0.02034571 -0.01616157 -0.008188264 -0.02009693 -0.01571339 -0.0149143 -0.0208238 -0.0162147 -0.01153431 -0.01885387 -0.01545175 -0.01119772 -0.01708178 -0.01231055 -0.01996554 -0.0147935 -0.01005419 -0.02101436 -0.0196721 -0.01511804 -0.01114373 -0.02048812 -0.01543353 -0.01128293 -0.01920093 -0.01397422 -0.01774172 -0.02044912 -0.01495102 -0.01462854 -0.01818375 -0.01510528 -0.01417329 -0.01766963 -0.01420787 -0.01720773 -0.01853586 -0.01434455 -0.01388852 -0.01740949 -0.01357973 -0.01663979 -0.01641469 -0.01225456 -0.0193842 -0.01934426 -0.01398392 -0.01390356 -0.02013682 -0.01423463 -0.0142098 -0.01957391 -0.01324844 -0.01739382 -0.01778227 -0.01285542 -0.0162931 -0.01622926 -0.011734 -0.01869179 -0.0147935 -0.01005419 -0.02101436 -0.0185697 -0.01245812 -0.01636981 -0.01663283 -0.01105411 -0.01829347 -0.0147036 -0.009655247 -0.02022851 -0.01288812 -0.007711209 -0.02201799 -0.01931193 -0.01262047 -0.01682539 -0.0178399 -0.01186831 -0.02009427 -0.01738921 -0.01061219 -0.0184215 -0.01514659 -0.009025604 -0.01979136 -0.01290989 -0.007441996 -0.02117429 -0.01079447 -0.005337035 -0.02234546 -0.01824381 -0.01118714 -0.01969456 -0.01536483 -0.009988308 -0.02168914 -0.01288812 -0.007711209 -0.02201799 -0.01805664 -0.0106669 -0.01900144 -0.01586333 -0.008533305 -0.01995781 -0.01339901 -0.006865994 -0.02071301 -0.0109386 -0.005199329 -0.0214823 -0.008617639 -0.003044607 -0.0219801 -0.01608318 -0.009495495 -0.0218565 -0.01334754 -0.007515369 -0.02275058 -0.01079447 -0.005337035 -0.02234546 -0.01652668 -0.008864796 -0.02141785 -0.01643518 -0.008466369 -0.0206311 -0.01406946 -0.006319998 -0.02090317 -0.0114783 -0.004677734 -0.02101278 -0.008888877 -0.003033769 -0.02113683 -0.006466787 -0.0009428672 -0.02093902 -0.01113128 -0.005009479 -0.02309737 -0.008617639 -0.003044607 -0.0219801 -0.01401943 -0.006968652 -0.02294176 -0.01450926 -0.006391809 -0.02247893 -0.0145296 -0.006123316 -0.02163419 -0.01209809 -0.004077347 -0.02121073 -0.009481147 -0.0025647 -0.02067533 -0.006863662 -0.001048075 -0.02015402 -0.00446054 0.0008456045 -0.01929302 -0.004981087 0.0006367945 -0.01859555 -0.007507927 -0.00062708 -0.01971645 -0.005682822 0.001019767 -0.01819264 -0.01175231 -0.004408154 -0.02329643 -0.01229293 -0.003885931 -0.02282535 -0.01243583 -0.00374916 -0.02196107 -0.01004834 -0.001911879 -0.0208648 -0.008023179 7.365458E-05 -0.01988157 -0.00615411 0.001770018 -0.01832078 -0.008827131 -0.002590002 -0.0227119 -0.006466787 -0.0009428672 -0.02093902 -0.009395366 -0.001936026 -0.02290249 -0.006550461 -0.000372082 -0.02161229 -0.00446054 0.0008456045 -0.01929302 -0.004425989 0.001523268 -0.01987622 -0.00706654 0.0003300123 -0.02177847 -0.004897256 0.002272701 -0.02000388 -0.00998877 -0.001466525 -0.02243951 -0.007712143 0.0007512578 -0.02133955 -0.00559828 0.002655381 -0.01960149 -0.01025898 -0.001456846 -0.02159513 -0.008108192 0.0006446857 -0.0205535 -0.00611885 0.002447376 -0.01890449 -0.01572744 -0.01954043 -0.004059379 -0.01546013 -0.01871294 -0.004270526 -0.01583552 -0.01790064 -0.0042447 -0.01663381 -0.01758014 -0.003996815 -0.01738666 -0.01793925 -0.003672303 -0.01648018 -0.01989865 -0.003735135 -0.0176531 -0.01876693 -0.003461412 -0.01727759 -0.01957833 -0.00348751 -0.00559828 0.002655381 -0.01960149 -0.004425989 0.001523268 -0.01987622 -0.004897256 0.002272701 -0.02000388 -0.00446054 0.0008456045 -0.01929302 -0.00611885 0.002447376 -0.01890449 -0.004981087 0.0006367945 -0.01859555 -0.005682822 0.001019767 -0.01819264 -0.00615411 0.001770018 -0.01832078  
					<Colors>: 0  
					<TextureCoords0>: 385 0.1111581 0.9959675 0.1070264 0.9959671 0.1070262 0.9822718 0.111158 0.9822718 0.1152905 0.9959675 0.1070264 0.9685767 0.1152905 0.9822718 0.1194219 0.9959672 0.1111583 0.9685767 0.1070264 0.9548813 0.1194219 0.9822718 0.1235541 0.9959671 0.1152906 0.9685767 0.111158 0.9548813 0.1070264 0.9411862 0.1111579 0.9411863 0.1070264 0.9274911 0.1152905 0.9548812 0.1194217 0.9685767 0.1235541 0.9822717 0.1111581 0.9274911 0.1070264 0.9137958 0.1152904 0.9411863 0.1194221 0.9548815 0.1111581 0.9137957 0.1070262 0.9001005 0.1152904 0.9274909 0.111158 0.9001005 0.1070262 0.8864049 0.1276859 0.9822718 0.1276859 0.9959672 0.1235541 0.9685768 0.119422 0.9411863 0.1152903 0.9137957 0.1111579 0.8864049 0.1070264 0.8727101 0.1318181 0.9822718 0.1318181 0.9959673 0.123554 0.9548813 0.1194218 0.9274911 0.1152904 0.9001005 0.1111581 0.8727101 0.1070264 0.8590147 0.1359497 0.9822718 0.1359496 0.9959673 0.1400814 0.9822718 0.1400814 0.9959671 0.1400814 0.9685768 0.1359498 0.9685767 0.1400813 0.9548815 0.1318179 0.9685767 0.1359497 0.9548815 0.1400814 0.9411862 0.1276857 0.9685768 0.1359496 0.9411863 0.1400814 0.9274909 0.1318177 0.9548815 0.1276862 0.9548815 0.1359499 0.9274909 0.1400815 0.9137957 0.1318177 0.9411862 0.1276858 0.9411862 0.1359498 0.9137957 0.1400813 0.9001005 0.1318178 0.9274909 0.1235541 0.9411863 0.1359496 0.9001005 0.1400813 0.8864049 0.1318178 0.9137958 0.1276859 0.9274911 0.1235541 0.9274908 0.1359496 0.8864049 0.1400815 0.8727098 0.1318177 0.9001005 0.1276859 0.9137957 0.1194219 0.9137957 0.1359498 0.8727101 0.1400813 0.8590147 0.1235541 0.9137957 0.1318176 0.8864049 0.1276859 0.9001005 0.1194219 0.9001005 0.1359497 0.8590146 0.1400813 0.8453194 0.1235542 0.9001005 0.1318178 0.8727101 0.1276859 0.8864049 0.1152904 0.8864049 0.1359496 0.8453194 0.1400814 0.8316243 0.1194219 0.8864049 0.1235542 0.8864049 0.1318178 0.8590147 0.1276859 0.8727101 0.1152905 0.8727101 0.1359497 0.8316243 0.1400814 0.8179291 0.1194217 0.8727101 0.1235541 0.8727101 0.1318176 0.8453194 0.1276858 0.8590146 0.111158 0.8590147 0.1070262 0.8453194 0.1152904 0.8590147 0.1111579 0.8453193 0.1070263 0.8316243 0.1194221 0.8590147 0.123554 0.8590147 0.127686 0.8453194 0.1152904 0.8453194 0.111158 0.8316243 0.1070263 0.8179291 0.1194218 0.8453193 0.1152904 0.8316243 0.111158 0.8179291 0.1070263 0.8042336 0.1235542 0.8453193 0.1318178 0.8316243 0.1194218 0.8316243 0.1152904 0.8179291 0.111158 0.8042336 0.1070263 0.7905384 0.1276858 0.8316243 0.1359497 0.8179291 0.1400813 0.8042336 0.1235541 0.8316243 0.1194221 0.8179291 0.1152904 0.8042336 0.1111581 0.7905384 0.1070263 0.7768432 0.1318178 0.8179291 0.1359497 0.8042336 0.1400814 0.7905384 0.1276858 0.8179291 0.123554 0.8179291 0.119422 0.8042336 0.1152903 0.7905383 0.111158 0.7768432 0.1070263 0.763148 0.1359499 0.7905384 0.1400814 0.7768432 0.1318177 0.8042336 0.1276858 0.8042336 0.123554 0.8042336 0.1194218 0.7905384 0.1152904 0.7768432 0.111158 0.763148 0.1070263 0.7494526 0.1318179 0.7905384 0.1276858 0.7905384 0.1235541 0.7905384 0.1194217 0.7768432 0.1152903 0.763148 0.1111581 0.7494527 0.1070263 0.7357572 0.1359499 0.7768432 0.1400813 0.763148 0.1318177 0.7768432 0.1359497 0.763148 0.1400813 0.7494525 0.1111581 0.7357572 0.1070263 0.7220622 0.1152904 0.7494527 0.1276858 0.7768432 0.1359495 0.7494525 0.1400814 0.7357572 0.1318176 0.763148 0.111158 0.7220621 0.1070261 0.7083671 0.1235541 0.7768432 0.1359499 0.7357572 0.1400814 0.7220621 0.1318176 0.7494525 0.1276857 0.763148 0.119422 0.763148 0.1359499 0.7220621 0.1400812 0.708367 0.123554 0.763148 0.1318178 0.7357572 0.1276859 0.7494525 0.1194218 0.7494525 0.1359496 0.708367 0.1400814 0.694672 0.1235542 0.7494525 0.1318176 0.7220621 0.1276858 0.7357572 0.1152903 0.7357572 0.1359499 0.694672 0.1400814 0.6809763 0.1194218 0.7357572 0.1235541 0.7357572 0.1318176 0.708367 0.1276857 0.7220621 0.1152903 0.7220621 0.1359497 0.6809763 0.1400813 0.667281 0.1194218 0.7220621 0.1235539 0.7220621 0.1318177 0.694672 0.1276858 0.708367 0.1111581 0.708367 0.1070263 0.694672 0.1152903 0.7083671 0.111158 0.694672 0.1070262 0.6809765 0.1194217 0.708367 0.1235541 0.7083671 0.1276858 0.694672 0.1152904 0.694672 0.111158 0.6809763 0.1070262 0.667281 0.119422 0.694672 0.1152899 0.6809763 0.111158 0.667281 0.1070263 0.653586 0.123554 0.694672 0.1318177 0.6809763 0.119422 0.6809763 0.1152904 0.667281 0.111158 0.653586 0.1070263 0.6398908 0.1276857 0.6809763 0.1359497 0.667281 0.1400814 0.653586 0.1235539 0.6809763 0.119422 0.667281 0.1152902 0.653586 0.111158 0.6398906 0.1070261 0.6261953 0.1318177 0.667281 0.13595 0.653586 0.1400814 0.6398906 0.1276857 0.667281 0.123554 0.667281 0.1194218 0.653586 0.1152903 0.6398906 0.1111579 0.6261954 0.1070263 0.6125005 0.1359499 0.6398906 0.1400813 0.6261953 0.1318177 0.653586 0.1276858 0.653586 0.123554 0.653586 0.1194218 0.6398906 0.1152903 0.6261953 0.111158 0.6125005 0.1070263 0.5988051 0.1318177 0.6398906 0.1276858 0.6398906 0.123554 0.6398906 0.1194219 0.6261954 0.11529 0.6125005 0.111158 0.5988051 0.1070261 0.5851098 0.1359497 0.6261955 0.1400814 0.6125003 0.1318176 0.6261953 0.1359497 0.6125003 0.1400813 0.5988051 0.1111579 0.5851098 0.1070263 0.5714149 0.1152904 0.5988051 0.1276857 0.6261953 0.1359496 0.5988051 0.1400813 0.5851098 0.1318177 0.6125005 0.111158 0.5714149 0.1070263 0.5577196 0.123554 0.6261954 0.1359495 0.5851098 0.1400813 0.5714149 0.1318177 0.5988051 0.1276858 0.6125005 0.1194217 0.6125005 0.1359497 0.5714149 0.1400813 0.5577196 0.123554 0.6125005 0.1318176 0.5851099 0.1276857 0.5988051 0.1194219 0.5988051 0.1359497 0.5577196 0.1400813 0.5440242 0.123554 0.5988051 0.1318178 0.5714149 0.1276858 0.5851098 0.1152903 0.5851098 0.1359496 0.5440242 0.1400813 0.5303289 0.1194218 0.5851098 0.123554 0.5851098 0.1318176 0.5577196 0.1276857 0.5714149 0.11529 0.5714149 0.1359498 0.5303289 0.1400813 0.5166336 0.1194218 0.5714149 0.123554 0.5714149 0.1318176 0.5440242 0.1276858 0.5577196 0.111158 0.5577196 0.1070261 0.5440242 0.1152903 0.5577196 0.1111579 0.5440242 0.107026 0.5303289 0.1194218 0.5577196 0.123554 0.5577196 0.1276857 0.5440242 0.1152903 0.5440242 0.1111581 0.5303289 0.1070263 0.5166339 0.1194218 0.5440242 0.1152903 0.5303289 0.111158 0.5166337 0.1070261 0.5029384 0.1235541 0.5440242 0.1318177 0.5303289 0.1194218 0.5303289 0.11529 0.5166337 0.111158 0.5029384 0.1070261 0.4892431 0.1276857 0.5303289 0.1359497 0.5166339 0.1400814 0.5029384 0.1235541 0.5303289 0.1194219 0.5166339 0.1152903 0.5029384 0.1111581 0.4892431 0.1070261 0.4755481 0.1318177 0.5166337 0.1359498 0.5029384 0.1400813 0.4892431 0.1276857 0.5166337 0.123554 0.5166337 0.1194219 0.5029384 0.1152903 0.4892431 0.111158 0.4755481 0.1070261 0.4618527 0.1359497 0.4892431 0.1400813 0.4755483 0.1318177 0.5029384 0.1276857 0.5029384 0.1235539 0.5029384 0.1194219 0.4892431 0.1152904 0.4755483 0.111158 0.4618527 0.1070263 0.4481577 0.1111581 0.4481578 0.1152904 0.4618527 0.1152902 0.4481577 0.1318178 0.4892431 0.1276857 0.4892431 0.123554 0.4892431 0.1194218 0.4755481 0.1194219 0.4618527 0.1194218 0.4481578 0.1359496 0.4755481 0.1400813 0.4618527 0.1318177 0.4755483 0.1359496 0.4618527 0.140081 0.4481577 0.1359498 0.4481577 0.1318177 0.4618527 0.1318177 0.4481578 0.1276857 0.4755483 0.1276857 0.4618527 0.1276858 0.4481577 0.123554 0.4755483 0.1235539 0.4618527 0.1235541 0.4481578 0.2405743 0.473466 0.2434468 0.4705931 0.2475093 0.4705931 0.2503825 0.4734659 0.2503825 0.4775286 0.2405743 0.4775288 0.2475093 0.4804013 0.2434471 0.4804013 0.1904269 0.4804019 0.1932998 0.4734666 0.1932998 0.4775292 0.1904269 0.4705936 0.1863645 0.4804019 0.1863645 0.4705936 0.1834919 0.4734667 0.1834917 0.4775293  
					<TextureCoords1>: 0  
					<Normals>: 385 0.9563169 0.005296084 -0.2922842 0.8964083 -0.3567039 -0.2630866 0.9088871 -0.3527605 -0.2224506 0.9758329 0.01277417 -0.2181447 0.6555609 0.7219117 -0.2215478 0.9234911 -0.3582002 -0.1373207 0.6764948 0.7279928 -0.111272 -0.04705662 0.9987532 -0.0166631 0.9978655 -0.001575768 -0.06528502 0.9245384 -0.3771458 -0.05467919 -0.03747232 0.9973314 0.0626573 -0.7199473 0.6662738 0.1943066 0.7033601 0.7025714 0.1080643 0.9957442 -0.03974811 0.08314826 0.9124491 -0.4085346 0.02315482 0.9699711 -0.1000309 0.2216976 0.8878087 -0.4508447 0.09238367 0.6955574 0.6429813 0.3205855 -0.02202944 0.9763188 0.2152123 -0.7218949 0.6643789 0.1935678 0.9218026 -0.1794858 0.3436056 0.8518212 -0.5020084 0.1496267 0.6538283 0.5520263 0.5174704 -0.03073117 0.9318153 0.3616295 0.8535895 -0.2742352 0.4429221 0.8062444 -0.5595233 0.1921035 0.5802067 0.4341458 0.6891137 0.7686584 -0.3796582 0.5148048 0.7532949 -0.6205972 0.2177291 -0.9766521 -0.0486892 0.2092364 -0.9568577 -0.05516655 0.285272 -0.7264488 0.6605706 0.1895221 -0.06285271 0.8659089 0.4962371 0.478287 0.2950844 0.8271438 0.6711506 -0.4906109 0.5557499 0.6955632 -0.6822386 0.2252607 -0.6772077 -0.7278388 0.1078906 -0.647798 -0.7316246 0.212328 -0.7304474 0.6580983 0.1826288 -0.1168268 0.7818158 0.6124669 0.3530365 0.1416335 0.9248272 0.5658244 -0.6016797 0.5637591 0.6358603 -0.7414483 0.2143271 0.002023505 -0.9984851 -0.0549849 0.01703542 -0.9996561 0.01993821 0.3916846 -0.9098908 -0.1366819 0.3935749 -0.9142321 -0.09632538 0.3857727 -0.8963975 -0.2182909 -0.0140716 -0.9776255 -0.2098814 0.3925025 -0.8700228 -0.298332 -0.7033588 -0.7025728 -0.1080644 -0.005790188 -0.9321768 -0.361957 0.4120675 -0.8320673 -0.3713008 -0.9979649 -0.03328121 0.05439165 0.02682249 -0.8644543 -0.5019955 0.4435026 -0.7843865 -0.4336397 -0.6955606 -0.6429781 -0.3205849 -0.9950305 0.007013002 -0.09932329 0.0821505 -0.7777586 -0.6231716 0.4852827 -0.7293043 -0.4823027 -0.6538287 -0.5520262 -0.5174698 -0.9675927 0.07016605 -0.242572 0.1574998 -0.6763191 -0.7195737 0.5353621 -0.6695075 -0.5149246 -0.5802066 -0.4341447 -0.6891145 -0.7334007 0.6569073 0.1749173 0.2492031 -0.5650855 -0.7864961 0.591305 -0.6079155 -0.529903 -0.4782864 -0.2950864 -0.8271433 -0.9169895 0.1530822 -0.3683694 -0.7351704 0.6570498 0.1667631 0.3527817 -0.4494822 -0.820677 0.650378 -0.5475274 -0.5265188 -0.3530351 -0.1416344 -0.9248275 -0.8456893 0.2517295 -0.4705759 -0.1900194 0.6836367 0.7046514 0.4631829 -0.3351502 -0.8204485 0.7097026 -0.4912943 -0.504928 -0.7356628 0.6585275 0.1585619 -0.2105616 0.01872565 -0.9774013 -0.7571715 0.3612931 -0.5442046 -0.2788598 0.5761605 0.7682943 0.5750214 -0.2276573 -0.785826 0.7663835 -0.441956 -0.4661882 -0.7348559 0.6612626 0.1507267 -0.05781911 0.178171 -0.9822994 -0.6557507 0.4764259 -0.5856701 0.2105625 -0.01872303 0.977401 0.682847 -0.1322628 -0.7184891 0.8176563 -0.4019181 -0.4121893 -0.379018 0.4646327 0.8002886 -0.7327904 0.6651248 0.1436218 0.09774341 0.3289266 -0.9392835 -0.5463772 0.5915124 -0.5929459 0.05781914 -0.1781715 0.9822993 0.781396 -0.05360374 -0.621729 0.8610197 -0.3731355 -0.3455648 -0.4856056 0.3544831 0.7990801 -0.7295701 0.6699197 0.1376042 0.2485376 0.4636389 -0.8504516 -0.4343829 0.7009407 -0.5656797 0.4578169 -0.7074517 0.5384383 0.5770999 -0.7953355 0.1854648 -0.09774353 -0.3289273 0.9392833 0.3523969 -0.8027647 0.481025 0.5221488 -0.841272 0.1400788 -0.5934259 0.2510993 0.7647187 -0.7253459 0.675421 0.1329653 -0.3252346 0.7993754 -0.5051947 -0.2485372 -0.4636413 0.8504505 0.2547054 -0.8829704 0.3943202 0.4736861 -0.8770176 0.08038469 -0.6972178 0.1595124 0.6988871 -0.3872106 -0.5757353 0.7201368 0.1695077 -0.9441564 0.2825523 0.4340757 -0.9008284 0.009295335 -0.7203277 0.6813568 0.1299266 0.3872115 0.5757359 -0.7201356 -0.7919192 0.08420002 0.6047928 -0.5069963 -0.6597482 0.5546955 0.1009594 -0.9833381 0.151174 0.4052491 -0.9115437 -0.06972297 -0.2242513 0.882011 -0.4144489 0.8658606 0.004472431 -0.5002655 0.8943576 -0.3570165 -0.2695622 -0.7147598 0.6874361 0.1286465 -0.8729104 0.02882524 0.4870283 -0.6020516 -0.711581 0.3621965 0.05240601 -0.9986041 0.006591696 0.3886176 -0.9086382 -0.1528172 0.5069973 0.6597469 -0.554696 0.9321231 0.03913441 -0.360021 0.9160478 -0.3543351 -0.1878912 -0.1363624 0.944818 -0.297866 -0.7089145 0.6933635 0.1291799 -0.9362412 -0.003905491 0.3513362 -0.6677392 -0.7287049 0.1520316 0.02621226 -0.9892102 -0.1441395 0.3849845 -0.8922572 -0.235932 0.9769505 0.04870086 -0.2078361 0.9250275 -0.3652349 -0.1045353 0.6020506 0.7115819 -0.3621964 -0.06585164 0.9847334 -0.1611326 -0.7030715 0.6988553 0.1314985 -0.9788223 -0.01239504 0.2043362 -0.7008585 -0.7102823 -0.06554886 0.02365864 -0.9556141 -0.2936698 0.3945313 -0.863198 -0.3150146 0.667739 0.7287049 -0.1520321 -0.01616474 0.9998098 -0.01091693 -0.6975262 0.7036313 0.1354995 -0.998577 0.003767685 0.05319721 -0.6997892 -0.6572158 -0.2799328 0.04487007 -0.899455 -0.4347037 0.416794 -0.8228774 -0.3862067 0.9981565 0.03269094 -0.05113599 0.9208614 -0.3891777 -0.02355924 0.7008584 0.7102823 0.06554877 0.9947065 -0.008105092 0.1024369 0.9037518 -0.4249974 0.05108635 0.08880958 -0.823472 -0.560363 0.4506811 -0.7732636 -0.446038 -0.6645851 -0.5720929 -0.4806625 0.01028369 0.9893119 0.1454522 0.9667687 -0.07170009 0.2453923 0.8745339 -0.4709457 0.1157606 0.6997898 0.6572157 0.2799318 0.1533359 -0.7313718 -0.6645174 0.4945459 -0.7167751 -0.4915869 -0.6925385 0.7074715 0.1409774 0.915706 -0.1549918 0.3707559 0.8346326 -0.5247816 0.1673104 0.6645871 0.5720909 0.4806619 0.01219712 0.9537516 0.3003482 -0.9945412 0.0437965 -0.0947075 0.8440088 -0.2539152 0.4724153 0.7859942 -0.5838802 0.2032167 -0.6883568 0.7101819 0.1476705 0.5969682 0.4590605 0.6579456 -0.01051972 0.8948635 0.4462159 -0.9669123 0.105737 -0.2321645 0.7551758 -0.3636506 0.5454061 0.7309911 -0.6453571 0.2217343 -0.6851879 0.7116284 0.1552497 0.5002291 0.3236409 0.8031359 -0.05674923 0.81552 0.57594 -0.5969671 -0.4590625 -0.6579453 0.6535383 -0.4788397 0.5861742 0.672307 -0.7062158 0.2219517 -0.9170376 0.1865713 -0.3524671 -0.6831778 0.7117481 0.1633486 0.3790932 0.172432 0.909151 -0.1242457 0.7195919 0.6831915 -0.500228 -0.3236421 -0.8031362 0.5440531 -0.593867 0.5927294 0.6128013 -0.7634864 0.2038704 -0.8473506 0.282354 -0.449748 -0.6824322 0.7105281 0.1715695 0.2394626 0.01281365 0.970821 -0.2097131 0.6117578 0.7627404 0.2353001 -0.6276458 -0.742088 0.546245 -0.6561687 -0.5206334 -0.3790911 -0.1724335 -0.9091516 0.3307058 -0.5173544 -0.7892896 0.6032597 -0.5944015 -0.5317562 -0.7612494 0.3884136 -0.5192633 -0.6829855 0.7080303 0.1795103 -0.3089841 0.4972774 0.8107059 -0.2394628 -0.01281398 -0.970821 0.4348985 -0.405878 -0.8038199 0.6628039 -0.5344825 -0.5244229 -0.6629347 0.4995768 -0.5576205 -0.08815288 0.1474302 -0.9851362 0.5427956 -0.2986531 -0.7849709 0.7219768 -0.4793367 -0.4989848 -0.6848092 0.7043767 0.1867881 0.08815281 -0.1474302 0.9851362 -0.5572007 0.6104207 -0.562951 0.06745707 0.3004813 -0.9513993 0.6491333 -0.2009096 -0.7336629 0.7778924 -0.4316553 -0.4566808 -0.4172124 0.3817346 0.8247499 0.4320644 -0.7031208 0.5647491 0.5553815 -0.8143747 0.1683604 -0.6878159 0.6997458 0.1930422 -0.4492067 0.7155397 -0.5349919 0.2197754 0.4388773 -0.8712551 0.748727 -0.1174138 -0.6523971 0.8278222 -0.3937612 -0.399578 -0.06745474 -0.3004833 0.9513987 0.3230307 -0.8012714 0.5036024 0.5028442 -0.8564001 0.1171607 -0.5291238 0.2707664 0.804185 -0.6918574 0.6943633 0.1979717 -0.3442187 0.8098049 -0.47511 0.3613743 0.5558664 -0.7486128 0.8367171 -0.0522413 -0.5451379 0.8693309 -0.3675068 -0.3304581 0.2222729 -0.8835328 0.4122675 0.457753 -0.8875123 0.05276611 -0.2197754 -0.4388785 0.8712545 -0.6392574 0.1697861 0.7500151 -0.6967388 0.6884912 0.2013332 -0.2473593 0.8886198 -0.386223 0.4853462 0.6457402 -0.5894562 0.9088128 -0.008571442 -0.417116 0.9003943 -0.3541674 -0.2526963 -0.3613746 -0.5558662 0.7486128 -0.7422405 0.08371693 0.6648839 -0.7022197 0.6824154 0.2029697 -0.1633502 0.9481391 -0.27267 0.5856448 0.7041171 -0.4015463 0.9614968 0.0114675 -0.2745767 0.9194954 -0.3544002 -0.1700847 0.1347044 -0.9458908 0.2952039 0.4223113 -0.9061915 -0.02168163 -0.4853469 -0.64574 0.5894559 0.06459731 -0.9853049 0.1581182 0.3982423 -0.9115298 -0.1025498 0.9921988 0.006898424 -0.1244747 0.9257042 -0.3681886 -0.0866538 0.6573759 0.7281497 -0.1940493 -0.8330509 0.01675693 0.5529423 0.01537001 -0.9998522 0.007699538 0.3867186 -0.903267 -0.1858967 -0.5856461 -0.7041163 0.4015455 0.999422 -0.0220567 0.02586943 0.9187184 -0.3948604 -0.006469659 -0.7080349 0.6764331 0.2027923 -0.01057759 -0.9888231 -0.1487183 0.3883125 -0.8818015 -0.2676556 -0.6573759 -0.7281494 0.19405 -0.9072586 -0.02782739 0.4196517 -0.09629404 0.9854599 -0.1399865 -0.01197111 -0.9527553 -0.3035029 0.4029319 -0.848187 -0.3438379 -0.7139 0.6708357 0.2008139 -0.6970426 -0.7166636 -0.02291156 -0.9612441 -0.04785847 0.2715132 -0.04946049 0.9987618 0.005355453 0.01124886 -0.8934091 -0.4491034 0.4298774 -0.8040563 -0.4107297 -0.7195262 0.6658992 0.1971301 -0.7027084 -0.6702216 -0.2387551 -0.9923745 -0.042361 0.1157518 0.6970411 0.716665 0.02291237 0.0579532 -0.8136786 -0.5784189 0.4678316 -0.7515678 -0.4650586 -0.02513073 0.9873957 0.1562631 -0.7246426 0.6618606 0.1919213 -0.6740974 -0.5910879 -0.4429533 -0.999131 -0.0116025 -0.04003421 0.702709 0.6702207 0.2387557 0.1258555 -0.7174525 -0.6851439 0.5149329 -0.6932755 -0.5041956 -0.02448861 0.9519162 0.3053783 -0.7289971 0.658919 0.1854428 -0.6126038 -0.4831241 -0.6255459 -0.9811839 0.04291647 -0.1882451 0.9828141 -0.07398469 0.1691237 0.8988768 -0.4331177 0.06655477 0.6740995 0.5910863 0.4429526 0.9431843 -0.1463538 0.2983018 0.8671492 -0.4810908 0.128856 -0.04757622 0.8940545 0.4454246 -0.7323822 0.6572139 0.1780063 -0.9394084 0.1185313 -0.3216554 0.6126083 0.4831189 0.6255456 0.8824671 -0.2356338 0.4070976 0.8250815 -0.5364425 0.1773979 -0.09325641 0.8166319 0.5695749 0.5212348 0.3515903 0.7776237 0.8036222 -0.3374665 0.4902118 0.7747264 -0.5964729 0.2098074 -0.7346257 0.6568348 0.1699797 -0.5212371 -0.351586 -0.7776241 -0.1593086 0.7234254 0.6717711 0.4044384 0.2029063 0.8917727 0.7104968 -0.4468932 0.5435815 0.71854 -0.6582525 0.2245081 -0.875843 0.2115628 -0.4337514 0.2116543 -0.6094227 -0.7640722 0.5688959 -0.6320325 -0.5262057 -0.7356229 0.6577953 0.161754 -0.242507 0.6189803 0.7470299 0.2679143 0.04432794 0.9624225 0.6076334 -0.558568 0.5646092 0.6592645 -0.7187656 0.2207855 -0.4044385 -0.2029089 -0.8917722 0.3111616 -0.4948639 -0.8113496 0.6270818 -0.5708155 -0.5300359 -0.7935875 0.317466 -0.5190705 -0.7353246 0.660051 0.1537226 -0.3387946 0.5083944 0.7916775 0.1183204 -0.1164106 0.9861282 0.5000502 -0.667047 0.5522662 0.5988685 -0.775924 0.1982385 0.4195244 -0.3793598 -0.8246729 0.686653 -0.5126154 -0.515493 -0.2679167 -0.04432485 -0.9624219 -0.6966544 0.4310812 -0.5734471 -0.7337447 0.6634901 0.1462858 -0.4434747 0.3970584 0.8035389 -0.03704204 -0.2714761 0.9617321 0.3919885 -0.7679635 0.5065343 0.5674319 -0.8029814 0.1823238 0.3335028 -0.8134251 0.4765664 -0.1916276 -0.414291 0.8897425 -0.2717445 -0.4735906 0.8377749 -0.1183223 0.1164126 -0.9861277 -0.5897732 0.5468609 -0.5942311 -0.7309582 0.6679471 0.1398097 -0.5514418 0.2904033 0.7820343 -0.6586121 0.1924625 0.7274532 -0.7108562 0.1535127 0.6863798 0.5314537 -0.2685442 -0.8033934 0.7435315 -0.4613569 -0.4840567 0.03704295 0.2714755 -0.9617322 0.6402344 -0.1689644 -0.7493671 0.7700348 -0.4379396 -0.4639562 0.6893443 -0.1179109 -0.7147737 0.1893187 0.412179 -0.8912165 0.2573154 0.4789879 -0.8392612 -0.4781537 0.6591607 -0.5804104 -0.368487 0.7613855 -0.5333943 -0.3161696 0.8061226 -0.500203 -0.7271051 0.6732025 0.1345974 -0.7235765 0.6778802 0.1300594 -0.7206197 0.6822379 0.1235264 0.3405172 0.1276941 0.9315268 0.3404555 0.1277182 0.9315461 0.3405198 0.1277196 0.9315224 0.3405644 0.1277353 0.9315039 0.3405743 0.1277159 0.9315029 0.3405308 0.1276642 0.9315259 0.3405874 0.1276917 0.9315015 0.340542 0.1276381 0.9315255 0.6197141 0.4935998 0.6101751 0.6196753 0.4935866 0.6102253 0.6197018 0.4936264 0.610166 0.6196895 0.4935603 0.6102321 0.6197278 0.4935703 0.610185 0.6196992 0.4935403 0.6102382 0.6197279 0.4935489 0.6102023 0.6197741 0.4935409 0.6101618  
					<Tangents>: 385 -0.03703094 0.9939762 -0.1031501 0.2986897 0.9247018 -0.2360319 0.3489843 0.9353678 -0.05742182 -0.004102052 0.9991848 0.04016069 -0.7028145 0.6905962 0.1706709 0.3764139 0.9151556 0.1442315 -0.7082706 0.6845366 0.1725171 -0.9395681 -0.03859257 0.3401797 0.01444283 0.9802782 0.1970943 0.3722585 0.8630629 0.3413883 -0.9788516 -0.04925215 0.1985541 -0.6082631 -0.7405619 0.2856295 -0.7092632 0.6835491 0.172355 0.008170228 0.9367322 0.3499518 0.3366686 0.7816938 0.5249848 -0.02251002 0.8706775 0.4913391 0.2713804 0.6749961 0.6860998 -0.7102728 0.6825855 0.1720158 -0.9986395 -0.03166559 0.04143 -0.6616326 -0.7446185 0.08823576 -0.07611024 0.7853148 0.6144004 0.1795755 0.5481775 0.8168563 -0.7112507 0.6817129 0.1714348 -0.9936726 0.01062219 -0.1118123 -0.1500087 0.6848236 0.7131018 0.06574456 0.4074615 0.9108528 -0.7121439 0.6809984 0.1705641 -0.2405901 0.5741178 0.7826271 -0.06457198 0.2596665 0.9635371 0.04179873 -0.9984321 -0.03723084 0.08605548 -0.9915673 0.09689526 -0.6853792 -0.7165817 -0.1294837 -0.964251 0.07556498 -0.2539878 -0.7129104 0.6804683 0.1694751 -0.3434587 0.4585732 0.8196017 -0.205017 0.1120204 0.9723268 0.711113 -0.6850774 -0.1580735 0.7153931 -0.6800238 -0.1605626 -0.674859 -0.6544033 -0.3410597 -0.9118148 0.159987 -0.3781506 -0.7135103 0.6801541 0.1682072 -0.4535883 0.3438357 0.8222133 -0.348733 -0.02827548 0.9367955 0.9817218 0.01244777 -0.189914 0.9448069 0.009568981 -0.3274878 0.8933135 0.4116457 -0.180385 0.8415623 0.4004816 -0.362474 0.9202133 0.3908376 0.02128897 0.9992365 -0.006097947 -0.03859019 0.9154161 0.3380771 0.2184424 0.7098757 -0.6863499 -0.1581147 0.9928972 -0.04837396 0.108698 0.8791732 0.2560773 0.4018444 0.02246008 -0.9817884 -0.1886457 0.9630307 -0.1123125 0.2448627 0.8132609 0.1488321 0.5625439 0.7086277 -0.6875477 -0.1585086 0.02695797 -0.9412869 -0.33653 0.9110928 -0.1948212 0.3632556 0.7208914 0.02158109 0.692712 0.7074312 -0.6886063 -0.159256 0.05503497 -0.8789293 -0.4737662 0.8396192 -0.2918668 0.4580976 0.6065826 -0.1194695 0.7859927 0.7063273 -0.6894931 -0.1603158 -0.6305287 -0.5611722 -0.5362082 0.7521085 -0.3986938 0.5247627 0.4758908 -0.2674467 0.8378546 0.705392 -0.6901321 -0.1616779 0.1053537 -0.7977135 -0.5937625 -0.5545354 -0.4414245 -0.7054325 0.6528069 -0.510125 0.5600138 0.3351403 -0.4152014 0.8457475 0.7046496 -0.6905239 -0.1632348 0.1754245 -0.7016419 -0.6905977 -0.8388965 0.2598083 -0.4782806 0.5465412 -0.6207381 0.5621183 0.1913821 -0.5553157 0.809319 -0.4506043 -0.3010213 -0.8404416 0.7041478 -0.690634 -0.1649262 0.2618366 -0.5953875 -0.7595757 -0.7490837 0.3701147 -0.5494441 0.438581 -0.7250566 0.53098 0.05141957 -0.6811826 0.7303056 -0.3238008 -0.146791 -0.9346687 0.7039089 -0.6904591 -0.1666693 0.3603943 -0.4841193 -0.7973359 -0.7139185 0.6800654 0.1668275 0.3341012 -0.8180701 0.4681216 -0.07782903 -0.7865682 0.612579 -0.6467419 0.4855426 -0.588195 -0.1803018 0.01372799 -0.9835154 0.7039443 -0.6900078 -0.1683794 0.4662765 -0.3732758 -0.8020295 -0.7141133 0.680207 0.1654108 0.2382336 -0.8952199 0.376598 -0.1900659 -0.8663366 0.4618831 -0.5368648 0.6004692 -0.5926322 -0.02711269 0.1727138 -0.9845989 0.7042522 -0.6893025 -0.1699736 0.5743233 -0.2682617 -0.7734265 -0.5655998 0.2355036 0.7903385 -0.4887376 -0.1543994 0.8586596 -0.7140823 0.6805757 0.1640219 -0.674038 0.1388558 0.7255287 -0.6181411 -0.260148 0.7417713 -0.4248157 0.7092716 -0.5625524 0.1282864 0.3224007 -0.9378701 0.6792648 -0.1741906 -0.7129214 -0.7138326 0.6811475 0.1627305 -0.7736072 0.0586134 0.6309488 -0.7306839 -0.3404076 0.591797 -0.316065 0.8066501 -0.4994181 -0.7133734 0.6818993 0.1615912 -0.8594565 -0.00131525 0.511207 -0.8208659 -0.3912517 0.4160546 0.2783584 0.4555226 -0.8455862 0.7048185 -0.6883771 -0.17137 -0.2158905 0.8878698 -0.4062987 -0.7127257 0.6827938 0.1606696 -0.9273958 -0.03800367 0.3721464 -0.8842804 -0.4101957 0.2231317 0.7759673 -0.09567544 -0.6234748 0.1556491 -0.9527408 0.2608801 -0.2798201 -0.9165954 0.2855757 0.415713 0.5655338 -0.7122881 -0.1292066 0.9489515 -0.2877441 -0.7119245 0.683785 0.1600044 -0.974113 -0.04966498 0.2205389 -0.9178369 -0.3963237 0.02242753 0.7056129 -0.6872795 -0.1725029 0.09037539 -0.9878268 0.126612 -0.342709 -0.9349024 0.09223915 0.8597295 -0.03652627 -0.5094419 0.5336988 0.6471041 -0.5444465 -0.0602335 0.9869193 -0.1495395 -0.7110065 0.6848263 0.1596333 -0.997322 -0.03572603 0.06381655 -0.9199011 -0.3503039 -0.1762647 0.04560633 -0.9987661 -0.01965799 -0.3756732 -0.9203568 -0.1086877 0.7066002 -0.6860577 -0.1733237 0.9264651 0 -0.3763805 0.6265548 0.6962398 -0.3502559 -0.01233131 0.9999228 0.001585196 -0.7100149 0.6858683 0.159573 -0.9958993 0.003129385 -0.09041494 -0.8903762 -0.274396 -0.3632314 0.7077311 -0.6847758 -0.1737783 0.9729142 0.01320994 -0.2307887 0.6897354 0.7105559 -0.1391958 0.01215456 0.9873276 0.1582286 -0.7090026 0.686857 0.1598206 -0.9699145 0.06500022 -0.2346078 -0.8306844 -0.1722718 -0.5294203 0.02351093 -0.9850258 -0.1707963 -0.3770989 -0.8736719 -0.3073986 0.7089474 -0.683497 -0.1738551 0.02517649 -0.9472768 -0.3194259 -0.3469176 -0.7971222 -0.494211 -0.9206237 0.1468909 -0.3617667 -0.7437407 -0.04891882 -0.6666758 -0.7080105 0.6877576 0.1603454 0.9968126 0.00136594 -0.07976673 0.05051992 -0.8873575 -0.4583058 -0.2866018 -0.6944443 -0.6600049 0.710194 -0.6822798 -0.1735478 -0.8504359 0.2447922 -0.465656 -0.6338036 0.0896152 -0.7682852 0.7201757 0.6893425 0.07844634 0.09830391 -0.8081937 -0.5806543 -0.1990931 -0.5706471 -0.7966955 0.711408 -0.681186 -0.1728707 0.996995 -0.03458017 0.06932089 0.01203883 0.9497495 0.3127797 0.1662013 -0.7136459 -0.6805047 -0.08866061 -0.431763 -0.897619 0.7163836 0.6336406 0.2920515 0.7125298 -0.6802694 -0.1718574 0.9734514 -0.09287462 0.2092049 -0.01267157 0.8890298 0.4576738 0.2508928 -0.608324 -0.7529904 0.03931004 -0.2845747 -0.9578475 0.6785415 0.5461686 0.4912041 0.7135088 -0.6795697 -0.1705581 0.9273314 -0.1706807 0.3330535 -0.7071028 0.688493 0.1611924 0.3482547 -0.497368 -0.7945714 0.1785765 -0.1362499 -0.9744467 -0.06078733 0.8080972 0.5859042 0.6085038 0.4311862 0.6661844 0.7142899 -0.6791295 -0.1690355 0.8608835 -0.264196 0.4348333 -0.7063122 0.6890556 0.1622512 0.4535378 -0.386187 -0.8032205 0.3223472 0.005960245 -0.9466028 -0.1299411 0.7109374 0.6911463 0.5096776 0.2943063 0.8084631 0.7148408 -0.6789646 -0.167361 0.7773595 -0.3688505 0.50957 -0.7627932 0.3539104 -0.5411968 -0.5062466 0.23657 -0.8293063 -0.7056754 0.6894152 0.1634898 -0.6619479 0.4689492 -0.584732 -0.3672284 0.3848382 -0.8467838 -0.2167738 0.6022694 0.7682973 0.3868901 0.1422108 0.9110939 0.6808055 -0.4795711 0.5536384 -0.7052274 0.6895497 0.16485 -0.552812 0.5843027 -0.594129 -0.2236263 0.5271034 -0.8198496 -0.3170415 0.4874023 0.8135869 -0.7049906 0.6894523 0.1662644 -0.4407524 0.694302 -0.5689306 -0.0823675 0.6564941 -0.7498207 0.2461262 -0.01769274 0.9690763 0.7151325 -0.6790844 -0.1656202 -0.4258566 0.3719382 0.8248079 -0.7049772 0.6891273 0.1676627 -0.3311883 0.7936284 -0.510361 0.04966057 0.7666935 -0.6400898 0.5759566 -0.59093 0.5648679 0.5615996 -0.2802079 -0.7785175 0.4635991 0.1351274 -0.8756806 0.09425136 -0.1775968 0.9795796 -0.5379114 0.2615051 0.8014153 -0.7051829 0.6885942 0.1689822 -0.2294741 0.8774244 -0.4212697 0.1659305 0.8522662 -0.4960943 0.7151511 -0.6794823 -0.1638984 0.6671764 -0.1845983 -0.7216641 0.5954593 0.2449556 -0.7651306 0.4679198 -0.6975001 0.5427198 -0.06132086 -0.3297017 0.9420915 -0.6477427 0.1614913 0.7445468 -0.705603 0.687875 0.1701545 -0.1406009 0.9415798 -0.3060374 0.2608804 0.9091119 -0.3247414 0.765115 -0.1040202 -0.6354359 0.7115147 0.3300988 -0.6203077 0.7148952 -0.6801409 -0.162275 0.3619632 -0.7940856 0.4882732 -0.2130076 -0.4665904 0.8584412 -0.7499891 0.07677501 0.6569793 -0.7062157 0.6870059 0.1711208 -0.06886697 0.982992 -0.1702472 0.3298182 0.9344212 -0.1344504 0.7143763 -0.6810277 -0.1608346 0.2632598 -0.8759732 0.4041846 -0.3534037 -0.5815879 0.7327082 -0.8396733 0.01148658 0.5429702 -0.70699 0.6860301 0.1718371 -0.01778642 0.9996309 -0.02053459 0.3693934 0.9269621 0.06549694 0.8506339 -0.04241082 -0.5240451 0.8060167 0.3863555 -0.4484046 0.7136086 -0.6821067 -0.1596657 0.9195886 -0.002757989 -0.392873 0.8744442 0.4110301 -0.2576852 0.01014769 0.9906853 0.1357923 0.3776743 0.8871011 0.265356 -0.7078889 0.6849937 0.1722699 0.1766278 -0.9391666 0.2945651 0.968561 0.01297583 -0.2484377 0.9134374 0.4029008 -0.05747168 0.7126868 -0.6832901 -0.1587204 0.01357609 0.9565915 0.2911157 0.3542552 0.8167813 0.4553806 -0.4756592 -0.6690765 0.5710385 0.9952118 0.004041739 -0.09765781 0.9210833 0.3623743 0.1424442 0.7115654 -0.6845715 -0.1582293 0.1062724 -0.9805968 0.1647298 -0.9123968 -0.03118083 0.4081175 0.9982212 -0.0291151 0.05202506 0.8970202 0.2914182 0.3323105 -0.5738332 -0.7248054 0.3812775 0.7103593 -0.6858571 -0.1580812 0.05564336 -0.998229 0.02104184 -0.9646356 -0.04915906 0.2589624 0.9774474 -0.08489421 0.1933639 0.8424096 0.1934904 0.5028992 -0.6431124 -0.7460375 0.1727267 0.7091148 -0.6870905 -0.1583128 0.02720468 -0.9912047 -0.1295115 -0.7088698 0.6839477 0.1723922 0.933901 -0.1605692 0.3194471 0.7599167 0.07337686 0.6458657 -0.9938341 -0.0415622 0.1027919 -0.6801249 -0.7317468 -0.04446118 0.7078887 -0.6882159 -0.1589103 0.02234751 -0.959874 -0.2795399 -0.7098805 0.6829461 0.1722041 0.8697048 -0.252458 0.4241208 0.6535455 -0.06311747 0.7542509 -0.9985682 -0.00875918 -0.05277239 -0.683067 -0.682627 -0.2596918 0.7067466 -0.6891683 -0.1598633 0.04130277 -0.9057582 -0.4217775 -0.007669171 0.8990155 0.4378495 0.3002828 0.7194352 0.6262933 -0.7108757 0.6820346 0.1717108 -0.05255562 0.820757 0.5688549 0.218388 0.5998108 0.7697621 -0.9786059 0.04764147 -0.2001516 -0.6517886 -0.6010761 -0.4624706 0.08315507 -0.8314984 -0.5492684 -0.7118068 0.6812565 0.1709401 -0.1188867 0.7256424 0.6777234 0.1125482 0.4637205 0.8788038 -0.9349221 0.1248971 -0.3321467 -0.7126277 0.6806529 0.169922 -0.2034481 0.6182931 0.759159 -0.01202519 0.3178588 0.9480618 -0.5878267 -0.4910742 -0.6428888 0.7057351 -0.6899114 -0.1611217 -0.8696464 0.2192338 -0.4423254 -0.7132874 0.6802633 0.1687101 -0.3020689 0.5039882 0.8091664 -0.1493014 0.1692891 0.9741921 0.1458514 -0.7407175 -0.6557934 0.7879949 -0.3560641 0.5022771 0.5285635 -0.2091963 0.8227136 -0.4942966 -0.3579851 -0.79216 -0.7859684 0.3260473 -0.5253065 -0.7137803 0.6800759 0.1673751 -0.4099824 0.3882602 0.8253294 -0.292573 0.02527639 0.9559091 0.7049274 -0.690387 -0.1626134 0.6927574 -0.4663333 0.5501094 0.3909912 -0.3578622 0.8479743 0.2263419 -0.6378447 -0.7361544 -0.3757645 -0.2083137 -0.9029986 -0.6879591 0.4401379 -0.5770537 -0.7140615 0.6801265 0.1659642 -0.5218976 0.2767784 0.806856 -0.4348444 -0.1071868 0.8941036 0.5886306 -0.5778977 0.565286 0.2475727 -0.5018147 0.8287881 0.7043121 -0.6906256 -0.1642576 0.3206935 -0.527897 -0.7864352 -0.237986 -0.04931718 -0.9700158 -0.5804051 0.555935 -0.5950347 -0.7141196 0.6804069 0.1645591 -0.632563 0.1747952 0.7545268 -0.558013 -0.2121653 0.8022515 -0.730172 0.09689312 0.6763584 -0.7140734 0.6807826 0.1632 -0.7118076 0.6847813 0.1562189 0.7039679 -0.690563 -0.165988 0.4243087 -0.4162374 -0.8041819 -0.08771668 0.1112108 -0.9899182 -0.4685537 0.6677884 -0.5783736 -0.3578436 0.7703197 -0.5277836 -0.2574716 0.8513529 -0.4570629 0.4806943 -0.6853161 0.54706 0.1052765 -0.6340876 0.7660612 0.7038847 -0.690228 -0.1677245 0.3740745 -0.7834579 0.496248 -0.01760686 -0.7415118 0.6707088 0.2861741 -0.8620951 0.4182063 0.7040627 -0.6896396 -0.1693895 0.7065552 -0.6857437 -0.1747435 0.5321372 -0.3083102 -0.7885271 0.6389797 -0.2093061 -0.7401999 0.7320147 -0.1280993 -0.6691376 0.06774046 0.2654511 -0.9617416 0.22111 0.4061315 -0.8866609 0.3555519 0.516587 -0.7789229 -0.4195803 0.9072546 0.02900969 -0.4193271 0.9073767 0.02884848 -0.4194798 0.9073031 0.02894273 -0.4195104 0.9072884 0.0289613 -0.419611 0.9072397 0.02902815 -0.419729 0.9071826 0.02910917 -0.4197292 0.9071825 0.02910867 -0.4198165 0.90714 0.02917742 0.5818864 0.2327386 -0.7792566 0.5816178 0.2332616 -0.7793009 0.5817719 0.2329117 -0.7792905 0.5816671 0.233188 -0.779286 0.5819591 0.2326327 -0.779234 0.5817101 0.2331252 -0.7792727 0.5819649 0.2326507 -0.7792243 0.5822676 0.2320849 -0.7791669  
					<BiTangents>: 385 -0.2899773 -0.1094677 -0.9507524 -0.3274702 -0.1329997 -0.9354541 -0.2283293 0.02544183 -0.9732515 -0.2184799 0.03829528 -0.9750898 -0.2762094 -0.04382183 -0.9600979 -0.07400606 0.1848859 -0.9799695 -0.2017609 0.03789627 -0.9787014 -0.3391125 -0.03166383 -0.9402128 -0.0636869 0.1976165 -0.9782084 0.08156161 0.3359814 -0.9383306 -0.2011103 0.05389192 -0.978085 -0.3342035 -0.08744869 -0.9384352 -0.04722441 0.1978737 -0.9790893 0.09179756 0.3477831 -0.9330702 0.2325744 0.4712264 -0.8507966 0.2421762 0.4815751 -0.8422803 0.371683 0.5840542 -0.7216179 0.1082241 0.34735 -0.9314696 -0.04726371 0.2140069 -0.9756881 -0.2027562 0.06437384 -0.977111 0.3801147 0.5925078 -0.7102445 0.4920908 0.6689461 -0.5570976 0.2581297 0.4801402 -0.8383523 0.1080297 0.3627774 -0.9255929 0.4988811 0.6751384 -0.5434206 0.5879181 0.7217401 -0.3652991 0.3952357 0.5897105 -0.7042941 0.5926894 0.7254298 -0.3499585 0.6545054 0.7398868 -0.1555323 -0.2107211 0.02761577 -0.977156 -0.277521 -0.1172642 -0.9535362 -0.0502749 0.2239578 -0.9733013 0.2574284 0.494461 -0.8302042 0.5128356 0.6707371 -0.5358278 0.6569574 0.7409532 -0.1392671 0.6885927 0.722497 0.0619533 -0.1889655 0.03032623 -0.9815153 -0.2618597 -0.04788592 -0.9639173 0.104938 0.3723748 -0.9221307 0.3936308 0.6026345 -0.6941804 0.6052011 0.7192569 -0.3411761 0.6885495 0.7209429 0.07836425 0.6885253 0.670414 0.2765468 -0.1903107 0.05359558 -0.9802598 -0.3271844 -0.02441665 -0.944645 -0.2203952 0.05144577 -0.974053 -0.3699619 -0.06159686 -0.9270027 -0.06623291 0.2090869 -0.9756515 -0.03644691 0.2102642 -0.976965 0.08919071 0.3588372 -0.9291291 -0.03691707 0.1879237 -0.9814896 0.1188351 0.3587567 -0.9258358 0.2392799 0.4920247 -0.8370525 -0.05967945 0.1870401 -0.9805378 0.268053 0.4900049 -0.8294835 0.3767124 0.6021519 -0.7039183 0.1184998 0.3374276 -0.9338631 0.09585179 0.3375351 -0.9364201 0.4039322 0.5976088 -0.6926056 0.4947892 0.683849 -0.5362221 0.2684196 0.4702005 -0.8407512 0.2464459 0.4717627 -0.846584 0.5198399 0.6763182 -0.5218815 0.5877458 0.7331349 -0.3421521 0.4055394 0.5797566 -0.7066966 0.2540804 0.5035459 -0.8257631 0.610107 0.7223029 -0.3256499 0.6510656 0.7476035 -0.1311588 0.5231293 0.6607887 -0.5382325 0.3847477 0.5832831 -0.7153671 0.389891 0.6110892 -0.6888795 0.6703641 0.7333063 -0.1134623 0.6816813 0.7265133 0.08653935 0.6154959 0.709307 -0.3435818 0.5040196 0.6665816 -0.5492115 0.5100445 0.6820121 -0.5241318 0.6976777 0.7087725 0.1043419 0.6780083 0.67101 0.3000841 0.5057234 0.6897302 -0.5181854 0.6781148 0.722962 -0.1322354 0.5984421 0.7176218 -0.3562107 0.600925 0.7287347 -0.3283823 0.6906497 0.6499732 0.3170769 0.6403221 0.5836653 0.4993218 0.5959361 0.7356522 -0.3219876 0.7079331 0.7010859 0.08549438 0.6634057 0.7339257 -0.1457604 0.6678202 0.7329124 -0.1298296 0.6496894 0.5597035 0.5144275 0.5704216 0.4687988 0.6744233 0.6618688 0.7405167 -0.116468 0.6561322 0.7466059 -0.1098635 0.7034975 0.6447453 0.2989897 0.6957428 0.7146875 0.07185896 0.6976383 0.7110369 0.08790569 0.5767713 0.442389 0.686751 0.4717204 0.3320103 0.8168532 0.6899011 0.7167835 0.1012817 0.6833683 0.7220647 0.1078435 0.6650248 0.5566876 0.4978363 0.6938763 0.6608463 0.2860383 0.6859304 0.6663709 0.292317 0.6542869 0.586176 0.4778142 0.6932046 0.6546935 0.301403 0.649222 0.5799033 0.4921616 0.5875902 0.4739035 0.6558607 0.6836498 0.6586978 0.3142292 0.6763253 0.6632226 0.3204993 0.657892 0.5750276 0.4863347 0.6547308 0.5666347 0.5002527 0.5802216 0.4657551 0.6681431 0.4916528 0.3390618 0.8020689 0.6434208 0.569097 0.5119946 0.5840945 0.4511566 0.6747528 0.4822878 0.3294949 0.8116844 0.371157 0.1882294 0.9092922 0.6353303 0.572933 0.5177869 0.5943888 0.4412085 0.672337 0.5711876 0.4523248 0.6849431 0.4847441 0.3138869 0.8163934 0.3602005 0.1777698 0.9157802 0.2319944 0.02876927 0.9722916 0.5895643 0.4614139 0.6629564 0.4754566 0.3037516 0.8256368 0.3490347 0.1799778 0.9196645 0.5624065 0.4556349 0.689997 0.4704606 0.3141021 0.8246253 0.3615207 0.1615257 0.9182659 0.2199036 0.01797862 0.9753559 0.08094357 -0.1315455 0.988 0.4950395 0.3039421 0.8139749 0.3506835 0.150555 0.9243129 0.2083435 0.02010345 0.9778491 0.4922098 0.3255529 0.8073071 0.4610921 0.3170228 0.8287886 0.3461565 0.1611673 0.9242298 0.2204407 0.001502019 0.9753992 0.06827751 -0.1420807 0.9874974 -0.07462554 -0.2848933 0.95565 0.208537 -0.009726247 0.9779661 0.0565132 -0.1398102 0.9885643 0.3718216 0.1515784 0.9158453 0.3706345 0.174069 0.9123213 0.3363326 0.1638639 0.9273775 0.2043401 0.0009681085 0.9788995 0.06838398 -0.1583788 0.9850075 -0.0873208 -0.2946046 0.9516214 -0.2271018 -0.4237876 0.8768288 0.230741 -0.008440708 0.9729787 0.2306006 0.01435188 0.9729427 0.1942225 0.003633921 0.9809508 0.05192692 -0.15865 0.9859685 -0.08723718 -0.3103138 0.946623 -0.239275 -0.4321523 0.8694779 -0.3691155 -0.5414751 0.7553533 0.05595376 -0.1692792 0.9839785 -0.09904962 -0.2919556 0.9512892 0.07868383 -0.1683184 0.9825873 -0.09962504 -0.320314 0.9420583 -0.2507605 -0.4289213 0.8678397 -0.3802169 -0.5480118 0.7450625 -0.4936965 -0.6321948 0.5971544 -0.2388468 -0.4468772 0.8621212 0.07911284 -0.1458089 0.9861444 -0.2506113 -0.4554729 0.8542473 -0.3912158 -0.5440195 0.7422891 -0.07693347 -0.3202529 0.944203 -0.5032364 -0.6365313 0.5844494 -0.5947414 -0.6915219 0.4099758 0.04168314 -0.1558556 0.9868999 -0.3896392 -0.5681553 0.7248316 -0.5135664 -0.6316378 0.5807611 -0.2285224 -0.4568345 0.8596975 -0.076501 -0.2986001 0.9513072 -0.1036471 -0.3099321 0.9450923 -0.5099277 -0.652868 0.5601224 -0.6118435 -0.6875061 0.3911304 -0.1138397 -0.3068244 0.9449335 -0.3686872 -0.5713992 0.7331935 -0.2286519 -0.4365703 0.8701291 -0.2547942 -0.4454724 0.858274 -0.6056091 -0.7054787 0.3681542 -0.6812538 -0.7088944 0.1826526 -0.2647623 -0.4419105 0.8570975 -0.4905873 -0.6583627 0.5708613 -0.3699136 -0.5529877 0.7465712 -0.3789933 -0.5614614 0.735612 -0.6720167 -0.7234208 0.1582909 -0.7184106 -0.6947627 -0.03451177 -0.3941406 -0.5587218 0.7297144 -0.4037218 -0.5545207 0.7276782 -0.5882842 -0.7134776 0.3806198 -0.493399 -0.6421745 0.5866596 -0.5008942 -0.6484275 0.5732774 -0.7059106 -0.7058198 -0.0592349 -0.7215032 -0.6457964 -0.2497602 -0.5148906 -0.644084 0.5657239 -0.5239418 -0.6391664 0.5629843 -0.6570086 -0.7340592 0.1717463 -0.5930706 -0.699787 0.3982029 -0.6023126 -0.6934034 0.3954888 -0.6673311 -0.7165733 0.202958 -0.5985919 -0.7035434 0.3830332 -0.6726505 -0.7158429 0.1873774 -0.7079697 -0.7061065 -0.01387623 -0.6111534 -0.6974285 0.3742793 -0.6195538 -0.6917146 0.3710578 -0.664103 -0.7229985 0.1903693 -0.667317 -0.724125 0.1741582 -0.710818 -0.702747 -0.02973811 -0.7146204 -0.6606743 -0.2298419 -0.6782347 -0.7161438 0.1647294 -0.7037168 -0.7091685 -0.04315968 -0.7149197 -0.6547909 -0.245232 -0.6869972 -0.5824533 -0.4344917 -0.6858996 -0.7096058 0.1612494 -0.693408 -0.7191029 -0.0455689 -0.7128628 -0.69932 -0.0527075 -0.7060147 -0.6594047 -0.258319 -0.6847922 -0.5742729 -0.4486317 -0.6264322 -0.4752419 -0.6178412 -0.7029991 -0.7106901 -0.02668077 -0.705639 -0.6535325 -0.2738045 -0.690382 -0.5643886 -0.4525906 -0.7197403 -0.6919649 -0.05620189 -0.7133476 -0.6477793 -0.2674271 -0.6741037 -0.5772561 -0.4608249 -0.621892 -0.4651242 -0.6300079 -0.5358894 -0.3443757 -0.7708617 -0.6957074 -0.6693382 -0.2607253 -0.6712129 -0.5691113 -0.4749584 -0.6265588 -0.4545059 -0.633126 -0.7078694 -0.66346 -0.2423669 -0.7194254 -0.6396533 -0.2706856 -0.6796638 -0.564036 -0.4689569 -0.6095352 -0.466734 -0.6408014 -0.5292786 -0.3327136 -0.7804907 -0.419768 -0.1960977 -0.8861944 -0.6043127 -0.4566723 -0.6528834 -0.5331126 -0.3214915 -0.7825816 -0.6637949 -0.5871917 -0.4632304 -0.6784782 -0.5836102 -0.4461688 -0.6849692 -0.5552238 -0.4717455 -0.6134571 -0.452173 -0.6474642 -0.5154595 -0.3332304 -0.7894676 -0.411481 -0.1834484 -0.8927654 -0.2837428 -0.03771454 -0.9581585 -0.5992286 -0.4766697 -0.6432039 -0.6162575 -0.4750393 -0.6281435 -0.6180561 -0.4427919 -0.6495706 -0.5179434 -0.317648 -0.7942508 -0.3964662 -0.1832537 -0.8995736 -0.2742399 -0.02462768 -0.9613459 -0.13445 0.1230523 -0.9832504 -0.5082093 -0.3217016 -0.7988939 -0.4147172 -0.1718906 -0.8935677 -0.5051744 -0.3431475 -0.791864 -0.3875358 -0.1707823 -0.905897 -0.2770388 -0.01294707 -0.9607715 -0.124252 0.1359961 -0.9828868 0.02083037 0.2783681 -0.9602486 -0.2583608 -0.02411922 -0.9657474 -0.524241 -0.3430527 -0.779414 -0.2483011 -0.01127596 -0.9686173 -0.1268102 0.1475796 -0.9808871 -0.3861297 -0.1932222 -0.9019806 0.03116753 0.2905962 -0.956338 0.1745275 0.4206584 -0.8902733 -0.521953 -0.3078552 -0.7954811 -0.09716737 0.1490392 -0.9840457 0.02861605 0.3018459 -0.9529272 -0.2480556 -0.03406315 -0.9681467 -0.4069251 -0.1940499 -0.8926122 -0.3978186 -0.1670225 -0.9021329 0.05840367 0.3023402 -0.9514092 0.1816609 0.4423281 -0.8782626 -0.4013256 -0.1569604 -0.9023864 -0.097577 0.1264648 -0.9871603 -0.2700253 -0.03533425 -0.9622047 -0.258905 -0.007642346 -0.9658726 0.2108794 0.44115 -0.8723053 0.324887 0.5621877 -0.7605218 -0.262085 0.00249541 -0.9650416 0.0579417 0.2805525 -0.9580882 -0.1202199 0.1253749 -0.9847987 -0.1078766 0.1364064 -0.9847619 0.3528035 0.5586991 -0.7505898 0.4512873 0.6555622 -0.6054569 -0.1079909 0.1527163 -0.9823521 -0.1110107 0.1627489 -0.9804027 0.2109175 0.4206828 -0.8823491 0.03518444 0.2801916 -0.9592991 0.04764253 0.2904974 -0.955689 0.4772567 0.649251 -0.5921987 0.5547273 0.7179034 -0.4205858 0.04756003 0.3062334 -0.9507677 0.04452757 0.3159844 -0.9477189 0.3538726 0.5400353 -0.7636334 0.1886058 0.4216163 -0.8869428 0.184439 0.4316217 -0.8829978 0.3191406 0.5429753 -0.7767414 0.2006131 0.4306344 -0.879948 0.3280874 0.5522124 -0.7664334 0.4476147 0.639358 -0.6251899 0.2001671 0.4454176 -0.8726605 0.1969468 0.4547277 -0.868582 0.3325615 0.5427346 -0.7712601 0.3435726 0.549987 -0.7612308 0.4551018 0.6464671 -0.6123418 0.5536907 0.705119 -0.4429828 0.3423798 0.5634829 -0.7518398 0.4695488 0.6427254 -0.6053329 0.5592854 0.7098097 -0.4282172 0.6321823 0.7370114 -0.2390809 0.3387991 0.5722013 -0.7468607 0.4798436 0.6327792 -0.607734 0.4672643 0.6546695 -0.5941985 0.5724078 0.7043231 -0.4198551 0.6355696 0.7391092 -0.2230895 0.6792712 0.7335154 -0.02336298 0.4600287 0.6376353 -0.6178955 0.5781578 0.7083942 -0.4048595 0.630062 0.7461715 -0.2150584 0.4631736 0.6626855 -0.588488 0.5687215 0.7145324 -0.4074302 0.6471009 0.7318004 -0.2138424 0.6802178 0.7329774 -0.006916779 0.6926553 0.6947929 0.1936276 0.5826722 0.6944018 -0.4222551 0.6505886 0.7332414 -0.1977156 0.6737168 0.7389887 0.001225015 0.5647904 0.7016904 -0.4343298 0.5640026 0.7217605 -0.4012018 0.6418182 0.7401444 -0.2006382 0.6900119 0.7237931 0.00265148 0.6910663 0.6916949 0.2097272 0.6725079 0.6216534 0.401597 0.6910233 0.7225791 0.01913943 0.6835316 0.6967118 0.217663 0.6573926 0.7218528 -0.2162487 0.6417385 0.7317744 -0.2295168 0.6363814 0.746558 -0.1940876 0.6829789 0.7302608 0.01608835 0.699043 0.6806961 0.2190701 0.6679888 0.6161808 0.4172676 0.6055102 0.5569621 0.5684634 0.5963429 0.5735429 0.5616261 0.6733336 0.6040679 0.426291 0.6476765 0.553883 0.523191 0.7003064 0.7138423 0.0002417458 0.6871169 0.7264224 -0.01344785 0.6767613 0.7358525 0.02270038 0.6901951 0.6853645 0.2321769 0.6619501 0.6079192 0.4384705 0.6545165 0.5016294 0.5656644 0.6974883 0.6769238 0.2351261 0.6603619 0.6205504 0.422894 0.7093476 0.6707357 0.2166556 0.6709458 0.5980342 0.4383914 0.6377589 0.5083003 0.5787007 0.6655139 0.4928379 0.5605373 0.684437 0.5954037 0.4207616 0.6592181 0.5480202 0.5148838 0.6987125 0.6858951 0.2033443 0.6752201 0.6135822 0.4093833 0.6034826 0.5777169 0.5495925 0.6831759 0.6901696 0.2386139 0.6538711 0.6128097 0.4437533 0.5952228 0.5173871 0.6148337 0.8414276 0.4007286 -0.3625137 0.8415788 0.4004441 -0.3624771 0.8414767 0.4006104 -0.3625304 0.8414434 0.4006388 -0.3625764 0.8413892 0.4007551 -0.3625736 0.841348 0.400901 -0.362508 0.8413249 0.4008924 -0.3625709 0.8412998 0.4010058 -0.3625037 0.5266522 -0.8379689 0.1429877 0.5269945 -0.8378313 0.1425323 0.5267932 -0.8379052 0.1428422 0.5269234 -0.8378673 0.1425836 0.5265557 -0.8380157 0.1430688 0.5268644 -0.8378965 0.1426299 0.5265493 -0.8380234 0.143048 0.5261601 -0.8381849 0.1435326  
					<SubMeshes>: 1
						<SubMesh>: 0 1956 0 1 2 0 2 3 4 0 3 3 2 5 4 3 6 7 4 6 3 5 8 6 3 8 8 5 9 7 6 10 11 7 10 6 8 12 10 6 12 8 9 13 12 8 13 13 9 14 13 14 15 15 14 16 12 13 17 17 13 15 10 12 18 18 12 17 11 10 19 19 10 18 15 16 20 20 16 21 17 15 22 22 15 20 18 17 23 23 17 22 20 21 24 24 21 25 22 20 26 26 20 24 24 25 27 27 25 28 11 19 29 11 29 30 19 18 31 31 18 23 23 22 32 32 22 26 26 24 33 33 24 27 27 28 34 34 28 35 30 29 36 30 36 37 31 23 38 38 23 32 32 26 39 39 26 33 33 27 40 40 27 34 34 35 41 41 35 42 37 36 43 37 43 44 44 43 45 44 45 46 43 47 45 43 48 47 36 48 43 48 49 47 36 50 48 29 50 36 48 51 49 50 51 48 51 52 49 29 53 50 19 53 29 19 31 53 51 54 52 54 55 52 50 56 51 53 56 50 56 54 51 31 57 53 53 57 56 31 38 57 54 58 55 58 59 55 56 60 54 57 60 56 60 58 54 38 61 57 57 61 60 58 62 59 62 63 59 60 64 58 61 64 60 64 62 58 38 65 61 38 32 65 65 32 39 62 66 63 66 67 63 64 68 62 68 66 62 61 69 64 65 69 61 69 68 64 65 39 70 65 70 69 66 71 67 71 72 67 68 73 66 73 71 66 69 74 68 70 74 69 74 73 68 70 39 75 39 33 75 75 33 40 71 76 72 76 77 72 70 78 74 70 75 78 73 79 71 79 76 71 74 80 73 78 80 74 80 79 73 75 40 81 78 75 81 76 82 77 82 83 77 78 84 80 78 81 84 79 85 76 85 82 76 80 86 79 84 86 80 86 85 79 81 40 87 40 34 87 87 34 41 82 88 83 88 89 83 84 81 90 81 87 90 84 91 86 84 90 91 85 92 82 92 88 82 86 93 85 91 93 86 93 92 85 87 41 94 90 87 94 88 95 89 95 96 89 91 90 97 90 94 97 91 98 93 91 97 98 92 99 88 99 95 88 93 100 92 98 100 93 100 99 92 94 41 101 41 42 101 101 42 102 97 94 103 94 101 103 101 102 104 103 101 104 104 102 105 98 97 106 97 103 106 98 107 100 98 106 107 100 108 99 107 108 100 103 104 109 106 103 109 104 105 110 109 104 110 110 105 111 107 106 112 106 109 112 109 110 113 112 109 113 110 111 114 113 110 114 114 111 115 107 112 116 107 116 108 108 117 99 99 117 95 112 113 118 116 112 118 113 114 119 118 113 119 114 115 120 119 114 120 120 115 121 116 122 108 108 122 117 117 123 95 95 123 96 123 124 96 116 118 125 116 125 122 118 119 126 125 118 126 119 120 127 126 119 127 120 121 128 127 120 128 128 121 129 117 130 123 122 130 117 123 131 124 130 131 123 131 132 124 125 133 122 122 133 130 125 126 134 125 134 133 126 127 135 134 126 135 127 128 136 135 127 136 128 129 137 136 128 137 137 129 138 131 139 132 139 140 132 130 141 131 133 141 130 141 139 131 134 142 133 133 142 141 134 135 143 134 143 142 135 136 144 143 135 144 136 137 145 144 136 145 137 138 146 145 137 146 146 138 147 141 148 139 142 148 141 143 149 142 142 149 148 143 144 150 143 150 149 144 145 151 150 144 151 145 146 152 151 145 152 146 147 153 152 146 153 153 147 154 148 155 139 139 155 140 155 156 140 149 157 148 148 157 155 155 158 156 157 158 155 158 159 156 153 154 160 160 154 161 152 153 162 162 153 160 149 163 157 150 163 149 158 164 159 164 165 159 157 166 158 163 166 157 166 164 158 160 161 167 167 161 168 150 169 163 150 151 169 164 170 165 170 171 165 166 172 164 172 170 164 163 173 166 169 173 163 173 172 166 169 151 174 151 152 174 174 152 162 170 175 171 175 176 171 169 177 173 169 174 177 172 178 170 178 175 170 173 179 172 177 179 173 179 178 172 174 162 180 177 174 180 175 181 176 181 182 176 177 183 179 177 180 183 178 184 175 184 181 175 179 185 178 183 185 179 185 184 178 180 162 186 162 160 186 186 160 167 181 187 182 187 188 182 183 180 189 180 186 189 183 190 185 183 189 190 184 191 181 191 187 181 185 192 184 190 192 185 192 191 184 186 167 193 189 186 193 187 194 188 194 195 188 190 189 196 189 193 196 190 197 192 190 196 197 191 198 187 198 194 187 192 199 191 197 199 192 199 198 191 193 167 200 167 168 200 200 168 201 196 193 202 193 200 202 200 201 203 202 200 203 203 201 204 197 196 205 196 202 205 197 206 199 197 205 206 199 207 198 206 207 199 202 203 208 205 202 208 203 204 209 208 203 209 209 204 210 206 205 211 205 208 211 208 209 212 211 208 212 209 210 213 212 209 213 213 210 214 206 211 215 206 215 207 207 216 198 198 216 194 211 212 217 215 211 217 212 213 218 217 212 218 213 214 219 218 213 219 219 214 220 215 221 207 207 221 216 216 222 194 194 222 195 222 223 195 215 217 224 215 224 221 217 218 225 224 217 225 218 219 226 225 218 226 219 220 227 226 219 227 227 220 228 216 229 222 221 229 216 222 230 223 229 230 222 230 231 223 224 232 221 221 232 229 224 225 233 224 233 232 225 226 234 233 225 234 226 227 235 234 226 235 227 228 236 235 227 236 236 228 237 230 238 231 238 239 231 229 240 230 232 240 229 240 238 230 233 241 232 232 241 240 233 234 242 233 242 241 234 235 243 242 234 243 235 236 244 243 235 244 236 237 245 244 236 245 245 237 246 240 247 238 241 247 240 242 248 241 241 248 247 242 243 249 242 249 248 243 244 250 249 243 250 244 245 251 250 244 251 245 246 252 251 245 252 252 246 253 247 254 238 238 254 239 254 255 239 248 256 247 247 256 254 254 257 255 256 257 254 257 258 255 252 253 259 259 253 260 251 252 261 261 252 259 248 262 256 249 262 248 257 263 258 263 264 258 256 265 257 262 265 256 265 263 257 259 260 266 266 260 267 249 268 262 249 250 268 263 269 264 269 270 264 265 271 263 271 269 263 262 272 265 268 272 262 272 271 265 268 250 273 250 251 273 273 251 261 269 274 270 274 275 270 268 276 272 268 273 276 271 277 269 277 274 269 272 278 271 276 278 272 278 277 271 273 261 279 276 273 279 274 280 275 280 281 275 276 282 278 276 279 282 277 283 274 283 280 274 278 284 277 282 284 278 284 283 277 279 261 285 261 259 285 285 259 266 280 286 281 286 287 281 282 279 288 279 285 288 282 289 284 282 288 289 283 290 280 290 286 280 284 291 283 289 291 284 291 290 283 285 266 292 288 285 292 286 293 287 293 294 287 289 288 295 288 292 295 289 296 291 289 295 296 290 297 286 297 293 286 291 298 290 296 298 291 298 297 290 292 266 299 266 267 299 299 267 300 295 292 301 292 299 301 299 300 302 301 299 302 302 300 303 296 295 304 295 301 304 296 305 298 296 304 305 298 306 297 305 306 298 301 302 307 304 301 307 302 303 308 307 302 308 308 303 309 305 304 310 304 307 310 307 308 311 310 307 311 308 309 312 311 308 312 312 309 313 305 310 314 305 314 306 306 315 297 297 315 293 310 311 316 314 310 316 311 312 317 316 311 317 312 313 318 317 312 318 318 313 319 314 320 306 306 320 315 315 321 293 293 321 294 321 322 294 314 316 323 314 323 320 316 317 324 323 316 324 317 318 325 324 317 325 318 319 326 325 318 326 326 319 327 315 328 321 320 328 315 321 329 322 328 329 321 329 330 322 323 331 320 320 331 328 323 324 332 323 332 331 324 325 333 332 324 333 325 326 334 333 325 334 326 327 335 334 326 335 335 327 336 329 337 330 337 338 330 328 339 329 331 339 328 339 337 329 332 340 331 331 340 339 332 333 341 332 341 340 333 334 342 341 333 342 334 335 343 342 334 343 335 336 344 343 335 344 344 336 345 344 345 346 347 344 346 343 344 347 347 346 348 340 349 339 339 349 337 341 350 340 340 350 349 341 342 351 341 351 350 342 343 352 352 343 347 351 342 352 353 347 348 352 347 353 353 348 354 349 355 337 337 355 338 355 356 338 350 357 349 349 357 355 355 358 356 357 358 355 358 359 356 358 360 359 361 360 358 357 361 358 361 362 360 350 363 357 363 361 357 351 363 350 364 362 361 363 364 361 364 365 362 351 366 363 366 364 363 351 352 366 366 352 353 367 365 364 366 367 364 366 353 367 367 368 365 367 353 354 367 354 368 369 370 371 369 371 372 369 372 373 369 373 374 374 373 375 374 375 376 377 378 379 377 380 378 380 377 381 380 381 382 383 382 381 383 381 384  
				</Mesh>
				<Materials>: 1
					<Material>: 0
						<AlbedoColor>: 1 1 1 1
						<EmissiveColor>: 0 0 0 1
						<Glossiness>: 0.5
						<Metallic>: 0
						<SpecularHighlight>: 1
						<GlossyReflection>: 1
						<AlbedoMap>: @M18_Smoke_Grenade_Material_AlbedoTransparency
						<MetallicMap>: @M18_Smoke_Grenade_Material_MetallicSmoothness
						<NormalMap>: @M18_Smoke_Grenade_Material_Normal
						<EmissionMap>: null
						<DetailAlbedoMap>: null
						<DetailNormalMap>: null
				</Materials>
				<Children>: 0
			</Frame>
	</Frame>
</Hierarchy>
