<Hierarchy>:
	<Frame>: 0 0 Model
		<Transform>: 3.22589 3.529399 -12.25759 0 0 0 1 1 1 0 0 0 1  
		<TransformMatrix>: 1 0 0 0 0 1 0 0 0 0 1 0 3.22589 3.529399 -12.25759 1  
		<Children>: 1
			<Frame>: 1 0 Character_Swat_Guy
				<Transform>: -3.22589 -3.529399 8.94759 0 0 0 1 1 1 0 0 0 1  
				<TransformMatrix>: 1 0 0 0 0 1 0 0 0 0 1 0 -3.22589 -3.529399 8.94759 1  
				<Children>: 2
					<Frame>: 2 0 Ch15
						<Transform>: 0 -0.01311945 0 0 0 0 1 1 1 0 0 0 1  
						<TransformMatrix>: 1 0 0 0 0 1 0 0 0 0 1 0 0 -0.01311945 0 1  
						<SkinningInfo>: Ch15
							<BonesPerVertex>: 4
							<Bounds>: 9.268522E-06 -0.110321 0.01001066 0.9001694 0.9612603 0.2974157
							<BoneNames>: 65 mixamorig:Hips mixamorig:Spine mixamorig:Spine1 mixamorig:Spine2 mixamorig:Neck mixamorig:Head mixamorig:HeadTop_End mixamorig:LeftShoulder mixamorig:LeftArm mixamorig:LeftForeArm mixamorig:LeftHand mixamorig:LeftHandThumb1 mixamorig:LeftHandThumb2 mixamorig:LeftHandThumb3 mixamorig:LeftHandThumb4 mixamorig:LeftHandIndex1 mixamorig:LeftHandIndex2 mixamorig:LeftHandIndex3 mixamorig:LeftHandIndex4 mixamorig:LeftHandMiddle1 mixamorig:LeftHandMiddle2 mixamorig:LeftHandMiddle3 mixamorig:LeftHandMiddle4 mixamorig:LeftHandRing1 mixamorig:LeftHandRing2 mixamorig:LeftHandRing3 mixamorig:LeftHandRing4 mixamorig:LeftHandPinky1 mixamorig:LeftHandPinky2 mixamorig:LeftHandPinky3 mixamorig:LeftHandPinky4 mixamorig:RightShoulder mixamorig:RightArm mixamorig:RightForeArm mixamorig:RightHand mixamorig:RightHandThumb1 mixamorig:RightHandThumb2 mixamorig:RightHandThumb3 mixamorig:RightHandThumb4 mixamorig:RightHandIndex1 mixamorig:RightHandIndex2 mixamorig:RightHandIndex3 mixamorig:RightHandIndex4 mixamorig:RightHandMiddle1 mixamorig:RightHandMiddle2 mixamorig:RightHandMiddle3 mixamorig:RightHandMiddle4 mixamorig:RightHandRing1 mixamorig:RightHandRing2 mixamorig:RightHandRing3 mixamorig:RightHandRing4 mixamorig:RightHandPinky1 mixamorig:RightHandPinky2 mixamorig:RightHandPinky3 mixamorig:RightHandPinky4 mixamorig:LeftUpLeg mixamorig:LeftLeg mixamorig:LeftFoot mixamorig:LeftToeBase mixamorig:LeftToe_End mixamorig:RightUpLeg mixamorig:RightLeg mixamorig:RightFoot mixamorig:RightToeBase mixamorig:RightToe_End  
							<BoneOffsets>: 65 1 4.459385E-14 0 0 4.459385E-14 1 0 0 -8.881784E-14 0 1 0 1.818989E-12 -0.9523994 -0.005877084 1 1 -8.470329E-20 0 0 0 0.9961921 0.08718546 0 0 -0.08718546 0.9961921 0 0 -1.057389 -0.08889008 1 1 2.117582E-20 0 0 0 0.9961921 0.08718546 0 0 -0.08718546 0.9961921 0 0 -1.184705 -0.08889008 1 1 2.117582E-20 0 0 0 0.9961921 0.08718546 0 0 -0.08718546 0.9961921 0 0 -1.330209 -0.08889008 1 1 0 0 0 -2.524355E-27 1 -1.484442E-08 0 0 1.484442E-08 1 0 0 -1.495963 0.04169494 1 1 0 0 0 -2.524355E-27 1 -1.484442E-08 0 0 1.484442E-08 1 0 0 -1.55713 0.01746187 1 1 0 0 0 -2.524355E-27 1 -1.484442E-08 0 0 1.484442E-08 1 0 0 -1.794258 -0.07648282 1 -0.04060987 -0.9683329 0.2463377 0 0.08934243 -0.2490727 -0.9643551 0 0.9951727 -0.01715393 0.09662803 0 -0.09179303 0.2922769 1.445169 1 0.001943048 -0.9934895 0.1139083 0 0.1001916 -0.1131419 -0.9885144 0 0.9949664 0.01333338 0.09931943 0 -0.09633053 -0.03093492 1.436868 1 0.02684731 -0.9959872 0.08537425 0 0.1029963 -0.08219445 -0.9912797 0 0.9943193 0.03540644 0.1003764 0 -0.08936447 -0.3240065 1.437246 1 0.1131519 -0.9817421 0.1529019 0 -0.1061774 -0.1649567 -0.9805689 0 0.9878881 0.09471854 -0.122904 0 0.2600712 -0.4454088 1.461144 1 0.5922501 -0.7323503 0.3360102 0 -0.00863641 -0.422759 -0.9062008 0 0.8057079 0.5337958 -0.256704 0 0.440002 0.05460879 1.479666 1 0.5922502 -0.6516041 0.4739743 0 -0.008636398 -0.5933366 -0.8049081 0 0.8057078 0.4726136 -0.3570312 0 0.4327864 0.3102954 1.446884 1 0.5922502 -0.7584194 0.2721025 0 -0.008636364 -0.3436549 -0.9390563 0 0.8057078 0.5538063 -0.2100797 0 0.4331033 -0.1433596 1.465531 1 0.5922502 -0.7584194 0.2721025 0 -0.008636364 -0.3436549 -0.9390563 0 0.8057078 0.5538063 -0.2100797 0 0.4400021 -0.1718341 1.465531 1 0.2121831 -0.9699519 0.1190439 0 -0.08889162 -0.1404697 -0.9860864 0 0.9731786 0.1986489 -0.1160259 0 0.2791915 -0.5734467 1.441132 1 0.2121831 -0.9283479 0.3052022 0 -0.08889161 -0.3293542 -0.9400128 0 0.9731786 0.172325 -0.1524058 0 0.2795508 -0.3153182 1.531564 1 0.2121831 -0.9211714 0.3262233 0 -0.08889161 -0.3506342 -0.9322844 0 0.9731786 0.1688165 -0.1562831 0 0.2793804 -0.3135457 1.539088 1 0.2121831 -0.9211714 0.3262233 0 -0.08889161 -0.3506342 -0.9322844 0 0.9731786 0.1688165 -0.1562831 0 0.2791915 -0.3404797 1.539088 1 0.09858724 -0.9822485 0.1595882 0 -0.1086109 -0.1700322 -0.9794351 0 0.9891836 0.07922678 -0.1234459 0 0.2415613 -0.5497488 1.465638 1 0.09858724 -0.9490402 0.2993375 0 -0.1086109 -0.3092677 -0.9447525 0 0.9891837 0.0606292 -0.133566 0 0.2417891 -0.3675193 1.534535 1 0.09858726 -0.9461527 0.3083435 0 -0.1086109 -0.3182324 -0.9417706 0 0.9891836 0.05935709 -0.1341361 0 0.2416748 -0.3862552 1.538275 1 0.09858726 -0.9461527 0.3083435 0 -0.1086109 -0.3182324 -0.9417706 0 0.9891836 0.05935709 -0.1341361 0 0.2415613 -0.4140861 1.538276 1 0.05611856 -0.9553267 0.2901754 0 -0.1155504 -0.2948949 -0.9485174 0 0.991715 0.01969955 -0.1269374 0 0.2402422 -0.3621339 1.528671 1 0.05611856 -0.949165 0.3097358 0 -0.1155504 -0.3143144 -0.9422604 0 0.9917151 0.0170882 -0.1273153 0 0.2401671 -0.3581431 1.536351 1 0.05611858 -0.9901886 0.1279747 0 -0.1155504 -0.1337565 -0.9842547 0 0.9917152 0.04044744 -0.1219229 0 0.240059 -0.6636187 1.438086 1 0.05611858 -0.9901886 0.1279747 0 -0.1155504 -0.1337565 -0.9842547 0 0.9917152 0.04044744 -0.1219229 0 0.2402422 -0.6868244 1.438086 1 0.007437078 -0.9663983 0.2569417 0 -0.1232211 -0.2558762 -0.9588243 0 0.9923513 -0.0245298 -0.1209837 0 0.2331807 -0.4101314 1.514341 1 0.007437079 -0.8992153 0.4374432 0 -0.1232211 -0.4349455 -0.8919858 0 0.9923513 -0.04726849 -0.114037 0 0.2332402 -0.1392292 1.570156 1 0.007437078 -0.9915153 0.1297773 0 -0.1232211 -0.1297005 -0.9838669 0 0.9923514 -0.008674211 -0.1231402 0 0.2330092 -0.6535987 1.437073 1 0.007437078 -0.9915153 0.1297773 0 -0.1232211 -0.1297005 -0.9838669 0 0.9923514 -0.008674211 -0.1231402 0 0.2331807 -0.6715297 1.437073 1 -0.00463813 0.9683331 -0.2496186 0 -0.08664334 -0.2490717 -0.9646015 0 -0.9962286 0.01715384 0.08505483 0 0.08816648 0.2937058 1.445014 1 -0.04780366 0.9928185 -0.1096634 0 -0.0754531 -0.1130645 -0.9907185 0 -0.9960029 -0.03908554 0.08031613 0 0.07065418 -0.03334957 1.438305 1 0.03059373 0.9959099 -0.08501473 0 -0.08412951 -0.08218702 -0.9930597 0 -0.995985 0.03753365 0.081271 0 0.06070509 -0.3238752 1.438783 1 0.1129859 0.9801369 -0.1629902 0 0.08191613 -0.172671 -0.9815673 0 -0.9902141 0.09755182 -0.09979842 0 -0.2262408 -0.4335173 1.470319 1 0.586262 0.7203873 -0.3705927 0 -0.01499636 -0.4477245 -0.8940458 0 -0.8099827 0.5297027 -0.2516807 0 -0.402513 0.09634428 1.48689 1 0.586262 0.6701701 -0.455158 0 -0.0149964 -0.5527654 -0.8332021 0 -0.8099826 0.4953004 -0.3140152 0 -0.3948111 0.2392933 1.468716 1 0.586262 0.7693001 -0.2539176 0 -0.01499632 -0.3030721 -0.9528496 0 -0.8099827 0.5624273 -0.166143 0 -0.3969744 -0.2070462 1.468226 1 0.586262 0.7693001 -0.2539176 0 -0.01499632 -0.3030721 -0.9528496 0 -0.8099827 0.5624273 -0.166143 0 -0.402513 -0.2344091 1.468226 1 0.2057855 0.966767 -0.1517034 0 0.0651051 -0.1682031 -0.9836 0 -0.976429 0.192534 -0.09755523 0 -0.2417871 -0.53675 1.463615 1 0.2057855 0.9279105 -0.3108604 0 0.06510511 -0.3299371 -0.9417552 0 -0.976429 0.173561 -0.128308 0 -0.2420284 -0.3182483 1.538265 1 0.2057855 0.9090953 -0.3622127 0 0.06510511 -0.3820329 -0.9218525 0 -0.9764289 0.166122 -0.1378036 0 -0.2419442 -0.2632865 1.555403 1 0.2057855 0.9090953 -0.3622126 0 0.06510511 -0.3820329 -0.9218525 0 -0.9764289 0.166122 -0.1378036 0 -0.2417871 -0.2888542 1.555403 1 0.1216417 0.9785554 -0.1662306 0 0.08038729 -0.1766366 -0.9809878 0 -0.9893136 0.1059662 -0.1001498 0 -0.2225201 -0.5462465 1.473954 1 0.1216416 0.9412193 -0.3151342 0 0.08038727 -0.3257907 -0.9420182 0 -0.9893133 0.08925585 -0.1152918 0 -0.2225252 -0.3427674 1.54529 1 0.1216416 0.9917535 0.04035188 0 0.08038728 0.03067677 -0.9962916 0 -0.9893134 0.1244343 -0.07599279 0 -0.2222735 -0.9000226 1.310849 1 0.1216416 0.9917535 0.04035185 0 0.08038729 0.03067674 -0.9962916 0 -0.9893134 0.1244343 -0.07599279 0 -0.2225201 -0.9213822 1.310849 1 0.04998004 0.9726594 -0.2267938 0 0.09280686 -0.230618 -0.9686084 0 -0.994429 0.02736306 -0.1017958 0 -0.2032782 -0.4748529 1.503558 1 0.04998002 0.9619833 -0.2684958 0 0.09280684 -0.2721419 -0.9577711 0 -0.9944288 0.02295118 -0.1028803 0 -0.2032472 -0.434733 1.523706 1 0.04998003 0.9974892 -0.05016946 0 0.09280685 -0.05465333 -0.9941829 0 -0.9944289 0.04503322 -0.09530542 0 -0.2031686 -0.7823481 1.385483 1 0.04998003 0.9974892 -0.05016949 0 0.09280685 -0.05465337 -0.9941829 0 -0.9944289 0.04503322 -0.09530542 0 -0.2032782 -0.7984871 1.385483 1 -0.06172895 0.9679377 -0.2434872 0 0.1110981 -0.2357728 -0.9654368 0 -0.9918905 -0.08664636 -0.09298206 0 -0.1601549 -0.4378988 1.513244 1 -0.06172895 0.9208919 -0.3848996 0 0.1110981 -0.3768989 -0.9195674 0 -0.9918905 -0.09952556 -0.07904381 0 -0.1601861 -0.2372108 1.566023 1 -0.06172896 0.9859934 -0.1549401 0 0.1110982 -0.1474837 -0.9828051 0 -0.9918905 -0.07788108 -0.100438 0 -0.1600655 -0.6276966 1.458617 1 -0.06172895 0.9859934 -0.1549401 0 0.1110982 -0.1474837 -0.9828051 0 -0.9918905 -0.07788109 -0.100438 0 -0.1601549 -0.6467396 1.458617 1 -1 9.592327E-11 0 0 3.787193E-09 -0.999927 -0.01208467 0 4.547474E-11 -0.01208467 0.9999269 0 -0.1340027 0.8919215 0.01217039 1 -0.9991859 -0.04024911 -0.002721588 0 0.04033807 -0.9960213 -0.07946181 0 0.0004875079 -0.07950692 0.9968343 0 -0.1533087 0.473572 0.04422045 1 -0.9979235 -0.06410667 0.006241627 0 0.04407518 -0.6089946 0.7919489 0 -0.0469681 0.7905795 0.6105556 0 -0.1552401 0.08919731 -0.06926488 1 -0.9977223 -0.06348562 0.02280051 0 0.02244889 0.006246377 0.9997285 0 -0.06361081 0.9979632 -0.004806967 0 -0.1532922 -0.1152699 -0.003406935 1 -0.9977223 -0.06348562 0.02280051 0 0.02244889 0.006246377 0.9997285 0 -0.06361081 0.9979632 -0.004806967 0 -0.1532922 -0.1873339 -0.003406935 1 -1 -9.752199E-10 4.547474E-11 0 1.776357E-10 -0.9999199 -0.01265539 0 0 -0.01265539 0.9999199 0 0.1340027 0.8919055 0.01338261 1 -0.9991858 0.04026349 0.002513167 0 -0.04033861 -0.9963769 -0.07487188 0 -0.0005105416 -0.07491229 0.9971899 0 0.1533083 0.4737002 0.04297608 1 -0.9979334 0.05846143 0.02667217 0 -0.01438871 -0.6078347 0.7939332 0 0.06262673 0.7919083 0.6074196 0 0.1523061 0.08934981 -0.07496317 1 -0.9968771 0.07872907 0.006139136 0 0.006638726 0.006085503 0.9999596 0 0.07868852 0.9968774 -0.006589159 0 0.1502678 -0.118832 -0.007800534 1 -0.9968771 0.07872907 0.006139136 0 0.006638726 0.006085503 0.9999596 0 0.07868852 0.9968774 -0.006589159 0 0.1502678 -0.1915071 -0.007800534 1  
							<BoneIndices>: 31707 56 55 57 0 56 55 57 0 56 55 57 0 0 0 0 0 0 0 0 0 0 0 0 0 0 0 0 0 0 0 0 0 0 0 0 0 0 0 0 0 0 0 0 0 0 0 0 0 0 0 0 0 0 0 0 0 0 0 0 0 0 0 0 0 0 0 0 0 0 0 0 0 0 0 0 0 0 0 0 0 0 0 0 0 0 0 0 0 0 0 0 0 0 0 0 0 0 0 0 0 0 0 0 0 0 0 0 0 0 0 0 0 0 0 0 0 0 0 0 0 0 0 0 0 0 0 0 0 0 0 0 0 0 0 0 0 0 0 0 0 0 0 0 0 0 0 0 0 0 0 0 0 0 0 0 0 0 0 0 0 0 0 0 0 0 0 0 0 0 0 0 0 0 0 0 0 0 0 0 0 0 0 0 0 0 0 0 0 0 0 0 0 0 0 0 0 0 0 0 0 0 0 0 0 0 0 0 0 0 0 0 0 0 0 0 0 0 0 0 0 0 0 0 0 0 0 0 0 0 0 0 0 0 0 0 0 0 0 0 0 0 0 0 0 0 0 0 0 0 0 0 0 0 0 0 0 0 0 0 0 0 0 0 0 0 0 0 0 0 0 0 0 0 0 0 0 0 0 0 0 0 0 0 0 0 0 0 0 0 0 0 0 0 0 0 0 0 0 0 0 0 0 0 0 0 0 0 0 0 0 0 0 0 0 0 0 0 0 0 0 0 0 0 0 0 0 0 0 0 0 0 0 0 0 0 0 0 0 0 0 0 0 0 0 0 0 0 0 0 0 0 0 0 0 0 0 0 0 0 0 0 0 0 0 0 0 0 0 0 0 0 0 0 0 0 0 0 0 0 0 0 0 0 0 0 0 0 0 0 0 0 0 0 0 0 0 0 0 0 0 0 0 0 0 0 0 0 0 0 0 0 0 0 0 0 0 0 0 0 0 0 0 0 0 0 0 0 0 0 0 0 0 0 0 0 0 0 0 0 0 0 0 0 0 0 0 0 0 0 0 0 0 0 0 0 0 0 0 0 0 0 0 0 0 0 0 0 0 0 0 0 0 0 0 0 0 0 0 0 0 0 0 0 0 0 0 0 0 0 0 0 0 0 0 0 0 0 0 0 0 0 0 0 0 0 0 0 0 0 0 0 0 0 0 0 0 0 0 0 0 0 0 0 0 0 0 0 0 0 0 0 0 0 0 0 0 0 0 0 0 0 0 0 0 0 0 0 0 0 0 0 0 0 0 0 0 0 0 0 0 0 0 0 0 0 0 0 0 0 0 0 0 0 0 0 0 0 0 0 0 0 0 0 0 0 0 0 0 0 0 0 0 0 0 0 0 0 0 0 0 0 0 0 0 0 0 0 0 0 0 0 0 0 0 0 0 0 0 0 0 0 0 0 0 0 0 0 0 0 0 0 0 0 0 0 0 0 0 0 0 0 0 0 0 0 0 0 0 0 0 0 0 0 0 0 0 0 0 0 0 0 0 0 0 0 0 0 0 0 0 0 0 0 0 0 0 0 0 0 0 0 0 0 0 0 0 0 0 0 0 0 0 0 0 0 0 0 0 0 0 0 0 0 0 0 0 0 0 0 0 0 0 0 0 0 0 0 0 0 0 0 0 0 0 0 0 0 0 0 0 0 0 0 0 0 0 0 0 0 0 0 0 0 0 0 0 0 0 0 0 0 0 0 0 0 0 0 0 0 0 0 0 0 0 0 0 0 0 0 0 0 0 0 0 0 0 0 0 0 0 0 0 0 0 0 0 0 0 0 0 0 0 0 0 0 0 0 0 0 0 0 0 0 0 0 0 0 0 0 0 0 0 0 0 0 0 0 0 0 0 0 0 0 0 0 0 0 0 0 0 0 0 0 0 0 0 0 0 0 0 0 0 0 0 0 0 0 0 0 0 0 0 0 0 0 0 0 0 0 0 0 0 0 0 0 0 0 0 0 0 0 0 0 0 0 0 0 0 0 0 0 0 0 0 0 0 0 0 0 0 0 0 0 0 0 0 0 0 0 0 0 0 0 0 0 0 0 0 0 0 0 0 0 0 0 0 0 0 0 0 0 0 0 0 0 0 0 0 0 0 0 0 0 0 0 0 0 0 0 0 0 0 0 0 0 0 0 0 0 0 0 0 0 0 0 0 0 0 0 0 0 0 0 0 0 0 0 0 0 0 0 0 0 0 0 0 0 0 0 0 0 0 0 0 0 0 0 0 0 0 0 0 0 0 0 0 0 0 0 0 0 0 0 0 0 0 0 0 0 0 0 0 0 0 0 0 0 0 0 0 0 0 0 0 0 0 0 0 0 0 0 0 0 0 0 0 0 0 0 0 0 0 0 0 0 0 0 0 0 0 0 0 0 0 0 0 0 0 0 0 0 0 0 0 0 0 0 0 0 0 0 0 0 0 0 0 0 0 0 0 0 0 0 0 0 0 0 0 0 0 0 0 0 0 0 0 0 0 0 0 0 0 0 0 0 0 0 0 0 0 0 0 0 0 0 0 0 0 0 0 0 0 0 0 0 0 0 0 0 0 0 0 0 0 0 0 0 0 0 0 0 0 0 0 0 0 0 0 0 0 0 0 0 0 0 0 0 0 0 0 0 0 0 0 0 0 0 0 0 0 0 0 0 0 0 0 0 0 0 0 0 0 0 0 0 0 0 0 0 0 0 0 0 0 0 0 0 0 0 0 0 0 0 0 0 0 0 0 0 0 0 0 0 0 0 0 0 0 0 0 0 0 0 0 0 0 0 0 0 0 0 0 0 0 0 0 0 0 0 0 0 0 0 0 0 0 0 0 0 0 0 0 0 0 0 0 0 0 0 0 0 0 0 0 0 0 0 0 0 0 0 0 0 0 0 0 0 0 0 0 0 0 0 0 0 0 0 0 0 0 0 0 0 0 0 0 0 0 0 0 0 0 0 0 0 0 0 0 0 0 0 0 0 0 0 0 0 0 0 0 0 0 0 0 0 0 0 0 0 0 0 0 0 0 0 0 0 0 0 0 0 0 0 0 0 0 0 0 0 0 0 0 0 0 0 0 0 0 0 0 0 0 0 0 0 0 0 0 0 0 0 0 0 0 0 0 0 0 0 0 0 0 0 0 0 0 0 0 0 0 0 0 0 0 0 0 0 0 0 0 0 0 0 0 0 0 0 0 0 0 0 0 0 0 0 0 0 0 0 0 0 0 0 0 0 0 0 0 0 0 0 0 0 0 0 0 0 0 0 0 0 0 0 0 0 0 0 0 0 0 0 0 0 0 0 0 0 0 0 0 0 0 0 0 0 0 0 0 0 0 0 0 0 0 0 0 0 0 0 0 0 0 0 0 0 0 0 0 0 0 0 0 2 3 7 1 2 3 7 1 2 7 3 1 2 3 7 1 2 3 7 1 2 3 7 1 2 7 3 1 2 3 7 1 2 3 7 1 2 3 7 1 2 3 7 1 2 3 7 1 2 7 3 1 2 3 7 1 2 3 7 1 2 3 7 1 2 7 3 1 2 7 3 1 2 7 3 1 2 3 7 1 3 2 7 1 2 3 7 1 2 7 3 1 2 7 3 1 2 7 3 1 2 7 3 1 3 2 7 1 3 2 7 1 2 3 7 1 2 7 3 1 2 7 3 1 2 3 7 1 3 2 7 1 2 7 3 1 2 7 3 1 2 7 3 1 2 7 3 1 2 7 3 1 2 7 3 1 2 7 1 3 2 7 3 1 2 7 3 1 2 3 7 1 3 2 7 8 2 7 3 1 2 1 7 3 2 7 3 1 3 7 2 8 3 7 2 8 3 7 2 8 2 1 7 3 2 1 3 7 3 7 2 8 3 7 2 8 2 3 7 1 2 1 3 7 2 1 3 7 1 2 3 7 2 1 3 7 2 1 3 7 1 2 3 0 2 1 3 7 1 2 3 0 1 2 3 0 2 3 7 1 2 1 3 7 2 1 3 7 1 2 3 0 1 2 3 0 2 3 7 1 2 1 3 7 1 2 3 0 1 2 3 0 1 2 3 0 1 2 3 0 1 2 3 0 1 2 3 0 1 2 3 0 1 2 3 0 1 2 3 0 2 1 3 7 1 2 3 0 1 2 3 0 1 2 3 0 1 2 3 0 1 2 3 0 2 1 3 7 2 1 3 7 1 2 3 0 1 2 3 0 1 2 3 0 1 2 3 0 2 1 3 7 1 2 3 0 1 2 3 0 1 2 3 0 1 2 3 0 1 2 3 0 1 2 3 0 1 2 3 0 1 2 3 0 1 2 3 0 1 2 3 0 1 2 3 0 1 2 3 0 2 1 3 0 1 2 3 0 2 1 3 0 2 1 3 0 1 2 3 0 2 1 3 0 2 1 3 0 2 1 3 0 2 1 3 0 1 2 3 0 1 2 3 0 2 1 3 7 2 1 3 0 1 2 3 0 1 2 3 0 2 1 3 0 2 1 3 0 1 2 3 0 1 2 3 0 2 1 3 7 1 2 3 0 1 2 3 0 1 2 3 0 1 2 3 0 1 2 3 0 1 2 3 0 1 2 3 0 1 2 3 0 1 2 3 0 1 2 3 0 1 2 3 0 1 2 3 0 1 2 3 0 1 2 3 0 1 2 3 0 1 2 3 0 1 2 3 0 1 2 3 0 1 2 3 0 1 2 3 0 1 2 3 0 1 2 3 0 1 2 3 0 1 2 3 0 1 2 3 0 1 2 3 0 1 2 3 0 1 2 3 0 1 2 3 0 1 2 3 0 1 2 3 0 1 2 3 0 1 2 3 0 1 2 3 0 1 2 3 0 2 1 3 31 1 2 3 31 2 1 3 31 1 2 3 0 1 2 3 0 1 2 3 0 2 1 3 31 2 1 3 31 2 1 3 31 2 1 31 3 2 1 31 3 2 1 3 31 1 2 3 0 2 31 3 1 2 31 1 3 2 1 3 31 1 2 3 0 2 1 3 31 1 2 3 0 2 31 3 1 2 31 3 1 2 1 3 31 2 1 3 0 1 2 3 0 2 1 3 0 1 2 3 0 2 1 3 31 2 1 3 0 2 1 3 0 2 1 3 31 2 1 3 31 2 1 3 0 2 1 3 0 2 1 3 0 2 1 3 0 2 1 3 31 2 1 3 31 2 31 3 1 2 1 3 31 1 2 3 0 2 1 3 0 2 1 3 0 2 1 3 31 2 1 3 31 2 1 3 31 1 2 3 0 1 2 3 0 2 3 31 1 2 31 3 1 2 3 31 1 2 31 3 1 2 31 3 1 2 31 3 1 2 31 3 1 2 3 1 31 2 3 31 1 2 1 3 31 2 3 1 31 2 1 3 31 2 3 1 31 2 1 3 31 2 1 3 0 2 1 3 0 2 1 3 0 2 1 3 0 2 1 3 0 1 2 3 0 2 1 3 0 1 2 3 0 1 2 3 0 1 2 3 0 1 2 3 0 1 2 3 0 1 2 3 0 1 2 3 0 1 2 3 0 1 2 3 0 2 1 3 0 2 1 3 0 1 2 3 0 2 1 3 0 1 2 3 0 2 1 3 0 2 1 3 0 2 1 3 0 2 1 3 0 2 1 3 0 2 1 3 0 2 1 3 0 2 1 3 0 2 1 3 0 2 1 3 0 2 3 1 0 2 1 3 7 2 1 3 0 2 3 1 0 2 3 1 7 2 3 1 0 2 3 1 7 2 1 3 7 2 3 1 7 2 1 3 7 2 1 3 7 2 1 3 7 2 1 3 7 2 3 1 7 2 3 1 7 2 3 1 7 2 3 7 1 2 3 1 7 2 3 1 7 2 3 7 1 2 3 1 7 2 3 7 1 2 3 7 1 2 3 7 1 2 3 1 7 2 3 1 7 2 3 1 7 2 3 7 1 2 3 1 7 2 3 1 0 2 3 1 7 2 3 1 0 2 1 3 0 2 1 3 0 2 1 3 0 2 3 1 7 2 3 1 0 2 1 3 0 2 1 3 0 2 1 3 0 2 3 1 7 2 3 1 7 2 3 1 0 2 3 1 7 2 1 3 0 2 1 3 0 2 3 1 0 2 1 3 0 2 1 3 0 2 3 1 0 2 3 1 0 2 1 3 0 2 1 3 0 2 3 1 0 2 3 1 0 2 3 1 0 2 3 1 31 2 3 1 31 2 3 1 31 2 3 1 31 2 3 1 31 2 3 1 31 2 3 31 1 2 3 31 1 2 3 1 31 2 3 1 31 2 3 1 31 2 3 31 1 2 3 1 31 2 3 31 1 2 3 31 1 2 3 1 31 2 3 1 31 2 3 31 1 2 3 31 1 2 3 31 1 2 3 1 31 2 3 31 1 2 3 31 1 2 3 31 1 2 3 31 1 2 3 31 1 2 3 31 1 2 31 3 1 2 3 31 1 2 3 31 1 2 3 31 1 2 31 3 1 2 3 31 1 2 3 31 1 2 31 3 1 2 3 31 1 3 2 31 1 2 31 3 1 2 31 3 1 2 3 31 1 3 2 31 1 3 2 31 1 2 31 3 1 3 2 31 1 2 3 31 1 2 31 3 1 3 2 31 1 3 2 31 1 2 31 3 1 2 31 3 1 2 31 3 1 2 3 31 1 2 31 3 1 2 31 3 1 2 3 31 1 3 2 31 1 3 2 31 32 3 31 2 32 3 31 2 32 3 31 2 32 3 31 2 32 3 31 2 32 3 31 2 32 3 31 2 32 3 31 2 32 3 31 2 32 3 31 2 32 3 31 2 32 3 31 2 32 3 31 2 32 3 31 2 32 3 31 2 32 3 31 2 32 3 31 32 0 3 31 32 0 3 31 32 0 3 31 32 0 3 31 32 0 3 31 32 0 3 31 32 0 3 31 32 0 3 31 32 0 3 31 32 0 3 31 32 0 3 31 32 0 3 31 32 0 3 31 32 0 3 31 32 0 3 31 32 0 3 31 32 0 3 31 0 0 3 31 0 0 3 31 0 0 3 31 0 0 3 31 32 0 3 31 0 0 3 31 0 0 3 31 0 0 3 31 5 4 3 5 4 0 3 31 0 0 3 31 0 0 3 31 0 0 3 5 0 0 3 31 5 0 3 31 32 0 3 31 5 0 3 31 5 0 3 31 0 0 3 31 5 0 3 31 0 0 3 31 5 0 3 31 4 0 3 31 4 0 3 0 0 0 3 31 4 0 3 31 2 32 3 31 0 0 3 31 0 0 3 31 2 32 3 4 0 0 3 4 0 0 3 0 0 0 3 4 0 0 3 0 0 0 3 0 0 0 3 4 0 0 3 31 0 0 3 0 0 0 3 4 0 0 3 0 0 0 3 0 0 0 3 0 0 0 3 0 0 0 3 0 0 0 3 0 0 0 3 0 0 0 3 0 0 0 3 4 0 0 3 0 0 0 3 0 0 0 3 0 0 0 3 4 0 0 3 31 2 0 3 0 0 0 3 31 2 0 3 31 2 32 3 31 2 32 3 31 2 32 3 31 2 0 3 31 2 32 3 31 2 32 3 0 0 0 3 31 2 0 3 31 2 0 3 31 2 32 3 31 2 32 3 31 2 32 3 2 31 1 3 31 2 0 3 31 2 32 3 0 0 0 3 31 2 0 3 0 0 0 3 0 0 0 3 31 2 0 3 2 31 0 3 0 0 0 3 0 0 0 3 0 0 0 3 0 0 0 3 0 0 0 3 0 0 0 3 0 0 0 3 0 0 0 3 0 0 0 3 0 0 0 3 0 0 0 3 0 0 0 3 0 0 0 3 4 0 0 3 0 0 0 3 0 0 0 3 0 0 0 3 0 0 0 3 4 0 0 3 7 4 0 3 7 4 0 3 0 0 0 3 0 0 0 3 31 2 0 3 4 0 0 3 7 0 0 3 7 5 0 3 7 5 0 3 7 4 0 3 0 0 0 3 0 0 0 3 2 31 0 3 0 0 0 3 0 0 0 3 2 31 0 3 7 0 0 3 7 0 0 3 0 0 0 3 7 5 0 3 0 0 0 3 7 5 0 3 5 0 0 3 7 0 0 3 7 5 0 3 5 4 0 3 7 0 0 3 7 0 0 3 7 0 0 3 7 8 0 3 7 0 0 3 7 0 0 3 7 0 0 3 7 5 4 3 7 0 0 3 7 0 0 3 7 8 0 3 7 0 0 3 7 0 0 3 7 8 0 3 7 8 0 3 7 8 0 3 7 8 0 3 7 8 0 3 7 8 0 3 7 8 0 3 7 8 0 3 7 8 0 3 7 8 0 3 7 8 0 3 7 8 0 3 7 8 0 3 7 8 0 3 7 8 0 3 7 8 0 3 7 8 0 3 7 2 8 3 7 2 8 3 7 2 8 3 7 2 8 3 7 2 8 3 7 2 8 3 7 2 8 3 7 2 8 3 7 2 8 3 7 2 8 3 7 2 8 3 7 2 8 3 7 0 0 3 7 2 0 3 7 2 8 3 7 2 0 3 0 0 0 3 7 2 8 3 7 2 0 3 7 2 8 3 7 2 8 3 7 2 8 3 7 2 8 3 7 2 0 3 0 0 0 3 7 2 8 3 7 2 0 3 0 0 0 3 7 2 0 3 0 0 0 3 0 0 0 3 0 0 0 3 0 0 0 3 7 2 8 3 2 0 0 3 2 31 0 3 2 0 0 3 2 7 0 3 0 0 0 3 2 31 0 3 2 0 0 3 2 0 0 3 2 7 0 3 7 2 0 3 2 31 0 3 2 7 0 3 7 2 0 3 2 31 0 3 2 31 0 3 2 31 0 3 2 7 0 3 2 7 0 3 2 31 0 3 2 31 0 3 2 31 1 3 2 31 32 3 2 31 0 3 2 31 32 3 2 31 1 3 2 31 0 3 2 31 1 3 2 31 1 3 2 31 1 3 2 31 1 3 2 31 1 3 2 31 1 3 2 31 1 3 2 31 1 3 2 31 1 3 2 31 1 3 2 31 1 3 2 31 1 3 2 31 1 3 2 31 1 3 2 31 0 3 2 1 0 3 2 31 1 3 2 1 0 3 2 1 0 3 2 7 0 3 2 1 31 3 2 1 0 3 2 7 1 3 2 7 1 3 2 7 0 3 2 7 0 3 2 7 0 3 2 7 0 3 7 2 8 3 7 2 8 3 7 2 0 3 2 7 0 3 2 7 0 3 2 7 1 3 2 7 0 3 2 7 1 3 2 7 1 3 2 7 1 3 2 7 1 3 2 7 8 3 2 7 0 3 2 7 1 3 2 7 8 3 2 7 1 3 2 7 1 3 2 7 1 3 2 7 1 3 2 7 1 3 2 7 1 3 2 7 1 3 2 7 1 3 2 7 1 3 2 7 1 3 2 7 1 3 2 7 1 3 2 7 1 3 2 1 7 3 2 1 7 3 2 1 7 3 2 1 7 3 2 1 0 3 2 1 0 2 3 1 7 3 2 1 0 3 2 1 7 3 2 1 31 3 2 1 0 3 2 1 31 3 2 1 31 3 2 1 31 2 3 1 0 2 3 1 31 2 3 1 31 2 3 1 31 3 7 0 0 3 7 0 0 3 7 8 0 3 7 0 0 3 7 0 0 3 7 0 0 3 7 8 0 3 7 8 0 3 7 8 0 3 7 8 0 3 7 8 0 3 7 8 0 3 7 8 0 3 31 0 0 3 31 32 0 3 31 0 0 3 31 0 0 3 31 0 0 3 31 0 0 3 31 32 0 3 31 32 0 3 31 32 0 3 31 32 0 3 31 32 0 3 31 32 0 3 31 32 0 60 61 0 0 60 61 0 0 60 61 0 0 60 61 0 0 60 61 0 0 60 61 0 0 60 61 0 0 60 61 0 0 60 61 0 0 60 61 0 0 60 61 0 0 60 61 0 0 60 61 0 0 60 61 0 0 60 61 0 0 60 61 0 0 60 61 0 0 60 61 0 0 60 61 0 0 60 61 0 0 60 61 0 0 60 61 0 0 60 61 0 0 60 61 0 0 60 61 0 0 60 61 0 0 60 61 0 0 60 61 0 0 60 61 0 0 60 61 0 0 60 61 0 0 60 61 0 0 60 61 0 0 60 61 0 0 60 61 0 0 60 61 0 0 60 61 0 0 60 61 0 0 60 61 0 0 60 61 0 0 60 61 0 0 60 61 0 0 60 61 0 0 60 61 0 0 60 61 0 0 60 61 0 0 60 61 0 0 60 61 0 0 60 61 0 0 60 61 0 0 60 61 0 0 60 61 0 0 60 61 0 0 60 0 61 0 60 0 61 0 60 61 0 0 60 61 0 0 60 61 0 0 60 61 0 0 60 61 0 0 60 61 0 0 60 0 61 0 60 0 61 0 60 61 0 0 60 61 0 0 60 61 0 0 60 61 0 0 60 0 61 0 60 0 61 0 60 61 0 0 60 61 0 0 60 61 0 0 60 0 61 0 60 61 0 0 60 61 0 0 60 61 0 0 60 61 0 0 60 61 0 0 60 61 0 0 60 61 0 0 60 61 0 0 60 61 0 0 60 61 0 0 60 61 0 0 60 61 0 0 60 61 0 0 60 61 0 0 60 61 0 0 60 61 0 0 60 61 0 0 60 61 0 0 60 61 0 0 60 61 0 0 60 61 0 0 60 61 0 0 60 61 0 0 60 61 0 0 60 61 0 0 60 61 0 0 60 61 0 0 60 61 0 0 60 61 0 0 60 61 0 0 60 61 0 0 60 61 0 0 60 61 0 0 60 61 0 0 60 61 0 0 60 61 0 0 60 61 0 0 60 61 0 0 60 61 0 0 60 61 0 0 60 61 0 0 60 61 0 0 60 61 0 0 60 61 0 0 60 61 0 0 60 61 0 0 60 61 0 0 60 61 0 0 60 61 0 0 60 61 0 0 60 61 0 0 60 61 0 0 60 61 0 0 60 61 0 0 60 61 0 0 60 61 0 0 60 61 0 0 60 61 0 0 60 61 0 0 60 61 0 0 60 61 0 0 60 61 0 0 60 61 0 0 60 61 0 0 60 61 0 0 60 61 0 0 60 61 0 0 60 61 0 0 60 61 0 0 60 61 0 0 60 61 0 0 60 61 0 0 60 61 0 0 60 61 0 0 60 61 0 0 60 61 0 0 60 61 0 0 60 61 0 0 60 61 0 0 60 61 0 0 60 61 0 0 60 61 0 0 60 61 0 0 60 61 0 0 60 61 0 0 60 61 0 0 60 61 0 0 60 61 0 0 60 61 0 0 60 61 0 0 60 61 0 0 60 61 0 0 60 61 0 0 60 61 0 0 60 61 0 0 60 61 0 0 60 61 0 0 60 61 0 0 60 61 0 0 60 61 0 0 60 61 0 0 60 61 0 0 60 61 0 0 60 61 0 0 60 61 0 0 60 61 0 0 60 61 0 0 60 61 0 0 60 61 0 0 60 61 0 0 60 61 0 0 60 61 0 0 60 61 0 0 61 60 0 0 61 60 0 0 61 60 0 0 61 60 0 0 61 60 0 0 61 60 0 0 61 60 0 0 61 60 0 0 61 60 0 0 61 60 0 0 60 61 0 0 61 60 0 0 61 60 0 0 61 60 0 0 61 60 0 0 61 60 0 0 61 60 0 0 61 60 0 0 61 60 0 0 61 60 0 0 61 60 0 0 61 60 0 0 61 60 0 0 61 60 0 0 61 60 0 0 61 60 0 0 61 60 0 0 61 60 0 0 61 60 0 0 61 60 62 0 61 60 62 0 61 60 62 0 61 60 62 0 61 60 62 0 61 60 62 0 61 60 62 0 61 60 62 0 61 60 62 0 61 60 62 0 61 60 0 0 61 60 62 0 61 60 62 0 61 60 62 0 61 60 62 0 61 60 62 0 61 60 62 0 61 60 62 0 61 60 62 63 61 60 62 0 61 60 62 63 61 60 62 0 61 60 62 0 61 60 62 0 61 60 62 63 61 60 62 63 61 60 62 0 61 60 62 63 61 60 62 63 61 60 62 0 61 60 62 0 61 60 62 0 61 60 62 63 61 60 62 63 61 60 62 0 61 60 62 63 61 60 62 63 61 60 62 0 61 60 62 0 61 60 62 0 61 60 62 0 61 60 62 0 61 60 62 0 61 60 62 0 61 60 62 0 61 60 62 0 61 60 62 0 61 60 62 0 61 60 62 0 61 60 62 0 61 60 62 0 61 60 62 0 61 60 62 0 61 60 62 0 61 60 62 0 61 60 62 0 61 60 62 0 61 60 62 0 61 60 62 0 61 60 62 0 61 60 62 0 61 60 0 0 61 60 0 0 61 60 62 0 61 60 0 0 61 60 0 0 61 60 0 0 61 60 0 0 61 60 0 0 61 60 0 0 61 60 0 0 61 60 0 0 61 60 62 0 61 60 0 0 61 60 0 0 61 60 0 0 61 60 0 0 61 60 0 0 61 60 0 0 61 60 0 0 61 60 0 0 61 60 0 0 61 60 0 0 61 60 0 0 61 60 0 0 61 60 0 0 61 60 0 0 61 60 0 0 60 61 0 0 60 61 0 0 60 61 0 0 60 61 0 0 60 61 0 0 60 61 0 0 60 61 0 0 60 61 0 0 60 61 0 0 60 61 0 0 60 61 0 0 60 61 0 0 60 61 0 0 60 61 0 0 60 61 0 0 60 61 0 0 60 61 0 0 60 61 0 0 60 61 0 0 60 61 0 0 60 61 0 0 60 61 0 0 61 60 0 0 60 61 0 0 60 61 0 0 61 60 0 0 61 60 0 0 60 61 0 0 61 60 0 0 61 60 0 0 61 60 0 0 61 60 0 0 61 60 0 0 61 60 0 0 60 61 0 0 61 60 0 0 61 60 0 0 60 61 0 0 61 60 0 0 60 61 0 0 60 61 0 0 61 60 0 0 61 60 0 0 61 60 0 0 61 60 0 0 61 60 0 0 61 60 0 0 61 60 0 0 61 60 0 0 61 60 0 0 61 60 62 0 61 60 62 0 61 60 62 0 55 56 0 0 55 56 0 0 55 56 0 0 55 56 0 0 55 56 0 0 55 56 0 0 55 56 0 0 55 56 0 0 55 56 0 0 55 56 0 0 55 56 0 0 55 56 0 0 55 56 0 0 55 56 0 0 55 56 0 0 55 56 0 0 55 56 0 0 55 56 0 0 55 56 0 0 55 56 0 0 55 56 0 0 55 56 0 0 55 56 0 0 55 56 0 0 55 56 0 0 55 56 0 0 55 56 0 0 55 56 0 0 55 56 0 0 55 56 0 0 55 56 0 0 55 56 0 0 55 56 0 0 55 56 0 0 55 56 0 0 55 56 0 0 55 56 0 0 55 56 0 0 55 56 0 0 55 56 0 0 55 56 0 0 55 56 0 0 55 56 0 0 55 56 0 0 55 56 0 0 55 56 0 0 55 56 0 0 55 56 0 0 55 56 0 0 55 56 0 0 55 56 0 0 55 56 0 0 55 56 0 0 55 0 56 0 55 0 56 0 55 56 0 0 55 56 0 0 55 56 0 0 55 56 0 0 55 56 0 0 55 56 0 0 55 0 56 0 55 0 56 0 55 56 0 0 55 56 0 0 55 56 0 0 55 56 0 0 55 56 0 0 55 56 0 0 55 56 0 0 55 56 0 0 55 56 0 0 55 56 0 0 55 56 0 0 55 0 56 0 55 0 56 0 55 56 0 0 55 56 0 0 55 56 0 0 55 0 56 0 55 56 0 0 55 56 0 0 55 56 0 0 55 56 0 0 55 56 0 0 55 56 0 0 55 56 0 0 55 56 0 0 55 56 0 0 55 56 0 0 55 56 0 0 55 56 0 0 55 56 0 0 55 56 0 0 55 56 0 0 55 56 0 0 55 56 0 0 55 56 0 0 55 56 0 0 55 56 0 0 55 56 0 0 55 56 0 0 55 56 0 0 55 56 0 0 55 56 0 0 55 56 0 0 55 56 0 0 55 56 0 0 55 56 0 0 55 56 0 0 55 56 0 0 55 56 0 0 55 56 0 0 55 56 0 0 55 56 0 0 55 56 0 0 55 56 0 0 55 56 0 0 55 56 0 0 55 56 0 0 55 56 0 0 55 56 0 0 55 56 0 0 55 56 0 0 55 56 0 0 55 56 0 0 55 56 0 0 55 56 0 0 55 56 0 0 55 56 0 0 55 56 0 0 55 56 0 0 55 56 0 0 55 56 0 0 55 56 0 0 55 56 0 0 55 56 0 0 55 56 0 0 55 56 0 0 55 56 0 0 55 56 0 0 55 56 0 0 55 56 0 0 55 56 0 0 55 56 0 0 55 56 0 0 55 56 0 0 55 56 0 0 55 56 0 0 55 56 0 0 55 56 0 0 55 56 0 0 55 56 0 0 55 56 0 0 55 56 0 0 55 56 0 0 55 56 0 0 55 56 0 0 55 56 0 0 55 56 0 0 55 56 0 0 55 56 0 0 55 56 0 0 55 56 0 0 55 56 0 0 55 56 0 0 55 56 0 0 55 56 0 0 55 56 0 0 55 56 0 0 55 56 0 0 55 56 0 0 55 56 0 0 55 56 0 0 55 56 0 0 55 56 0 0 55 56 0 0 55 56 0 0 55 56 0 0 55 56 0 0 55 56 0 0 55 56 0 0 55 56 0 0 55 56 0 0 55 56 0 0 56 55 0 0 56 55 0 0 56 55 0 0 56 55 0 0 56 55 0 0 56 55 0 0 56 55 0 0 56 55 0 0 56 55 0 0 56 55 0 0 55 56 0 0 56 55 0 0 56 55 0 0 56 55 0 0 56 55 0 0 56 55 0 0 56 55 0 0 56 55 0 0 56 55 0 0 56 55 0 0 56 55 0 0 56 55 0 0 56 55 0 0 56 55 0 0 56 55 0 0 56 55 0 0 56 55 0 0 56 55 0 0 56 55 0 0 56 55 57 0 56 55 57 0 56 55 57 0 56 55 57 0 56 55 57 0 56 55 57 0 56 55 57 0 56 55 57 0 56 55 57 0 56 55 57 0 56 55 57 0 56 55 57 0 56 55 57 0 56 55 57 0 56 55 57 0 56 55 57 0 56 55 57 0 56 55 57 58 56 55 57 0 56 55 57 58 56 55 57 0 56 55 57 0 56 55 57 0 56 55 57 58 56 55 57 58 56 55 57 0 56 55 57 58 56 55 57 58 56 55 57 0 56 55 57 0 56 55 57 0 56 55 57 58 56 55 57 58 56 55 57 0 56 55 57 58 56 55 57 58 56 55 57 0 56 55 57 0 56 55 57 0 56 55 57 0 56 55 57 0 56 55 57 0 56 55 57 0 56 55 57 0 56 55 57 0 56 55 57 0 56 55 57 0 56 55 57 0 56 55 57 0 56 55 57 0 56 55 57 0 56 55 57 0 56 55 57 0 56 55 57 0 56 55 57 0 56 55 57 0 56 55 57 0 56 55 57 0 56 55 57 0 56 55 0 0 56 55 57 0 56 55 0 0 56 55 0 0 56 55 0 0 56 55 0 0 56 55 0 0 56 55 0 0 56 55 0 0 56 55 0 0 56 55 0 0 56 55 0 0 56 55 0 0 56 55 0 0 56 55 0 0 56 55 0 0 56 55 0 0 56 55 0 0 56 55 0 0 56 55 0 0 56 55 0 0 56 55 0 0 55 56 0 0 55 56 0 0 56 55 0 0 55 56 0 0 55 56 0 0 55 56 0 0 55 56 0 0 55 56 0 0 55 56 0 0 55 56 0 0 55 56 0 0 55 56 0 0 55 56 0 0 55 56 0 0 55 56 0 0 55 56 0 0 55 56 0 0 55 56 0 0 55 56 0 0 55 56 0 0 55 56 0 0 55 56 0 0 55 56 0 0 55 56 0 0 55 56 0 0 56 55 0 0 56 55 0 0 56 55 0 0 56 55 0 0 55 56 0 0 56 55 0 0 56 55 0 0 56 55 0 0 56 55 0 0 56 55 0 0 56 55 0 0 56 55 0 0 55 56 0 0 56 55 0 0 56 55 57 0 56 55 0 0 56 55 0 0 56 55 0 0 55 56 0 0 56 55 57 0 56 55 0 0 56 55 57 0 56 55 57 0 56 55 0 0 56 55 0 0 56 55 0 0 56 55 0 0 56 55 0 0 56 55 0 0 56 55 0 0 56 55 0 0 56 55 0 0 55 56 0 0 55 56 0 0 55 56 0 0 0 0 0 0 0 0 0 0 0 0 0 0 0 0 0 0 0 0 0 0 0 0 0 0 0 0 0 0 0 0 0 0 0 0 0 0 0 0 0 0 0 0 0 0 0 0 0 0 0 0 0 0 0 0 0 0 0 0 0 0 0 0 0 0 0 0 0 0 0 0 0 0 0 0 0 0 0 0 0 0 0 0 0 0 0 0 0 0 0 0 0 0 0 0 0 0 0 0 0 0 0 0 0 0 0 0 0 0 0 0 0 0 0 0 0 0 0 0 0 0 0 0 0 0 0 0 0 0 0 0 0 0 0 0 0 0 0 0 0 0 0 0 0 0 0 0 0 0 0 0 0 0 0 0 0 0 0 0 0 0 0 0 0 0 0 0 0 0 0 0 0 0 0 0 0 0 0 0 0 0 0 0 0 0 0 0 0 0 0 0 0 0 0 0 0 0 0 0 0 0 0 0 0 0 0 0 0 0 0 0 0 0 0 0 0 0 0 0 0 0 0 0 0 0 0 0 0 0 0 0 0 0 0 0 0 0 0 0 0 0 0 0 0 0 0 0 0 0 0 0 0 0 0 0 0 0 0 0 0 0 0 0 0 0 0 0 0 0 0 0 0 0 0 0 0 0 0 0 0 0 0 0 0 0 0 0 0 0 0 0 0 0 0 0 0 0 0 0 0 0 0 0 0 0 0 0 0 0 0 0 0 0 0 0 0 0 0 0 0 0 0 0 0 0 0 0 0 0 0 0 0 0 0 0 0 0 0 0 0 0 0 0 0 0 0 0 0 0 0 0 0 0 0 0 0 0 0 0 0 0 0 0 0 0 0 0 0 0 0 0 0 0 0 0 0 0 0 0 0 0 0 0 0 0 0 0 0 0 0 0 0 0 0 0 0 0 0 0 0 0 0 0 0 0 0 0 0 0 0 0 0 0 0 0 0 0 0 0 0 0 0 0 0 0 0 0 0 0 0 0 0 0 0 0 0 0 0 0 0 0 0 0 0 0 0 0 0 0 0 0 0 0 0 0 0 0 0 0 0 0 0 0 0 0 0 0 0 0 0 0 0 0 0 0 0 0 0 0 0 0 0 0 0 0 0 0 0 0 0 0 0 0 0 0 0 0 0 0 0 0 0 0 0 0 0 0 0 0 0 0 0 0 0 0 0 0 0 0 0 0 0 0 0 0 0 0 0 0 0 0 0 0 0 0 0 0 0 0 0 0 3 0 0 0 3 0 0 0 3 0 0 0 3 0 0 0 3 0 0 0 3 4 5 0 3 0 0 0 3 31 0 0 3 4 0 0 3 4 5 0 3 4 5 0 3 4 5 0 3 31 0 0 3 31 0 0 3 4 5 0 3 4 31 0 3 4 5 31 3 31 0 0 3 4 5 0 3 4 5 0 3 4 5 0 3 4 5 0 3 4 5 0 3 4 5 0 3 5 4 0 3 5 4 0 3 31 0 0 3 31 0 0 3 31 0 0 3 31 0 0 3 4 5 0 3 5 4 0 3 5 4 0 3 5 4 0 3 4 5 31 3 31 0 0 3 31 32 0 3 4 5 0 3 5 4 0 5 3 4 0 5 4 3 0 5 4 3 0 3 31 0 0 3 31 32 0 3 5 4 0 5 3 4 0 5 4 3 0 5 4 3 0 5 4 3 0 3 31 0 0 3 31 32 0 5 3 4 0 5 4 3 0 5 4 3 0 5 4 3 0 5 4 0 0 3 31 0 0 3 31 32 0 5 4 3 0 5 4 3 0 5 4 3 0 5 4 3 0 5 4 0 0 5 4 3 0 5 4 0 0 5 4 3 0 5 4 3 0 5 4 3 0 5 4 3 0 5 4 0 0 5 4 3 0 5 4 3 0 5 4 0 0 5 4 3 0 5 4 0 0 5 4 3 0 5 4 3 0 5 4 0 0 5 4 3 0 5 4 0 0 5 4 0 0 5 4 3 0 5 4 3 0 5 4 3 0 5 4 3 0 5 4 3 0 5 4 3 0 5 4 3 0 5 4 3 0 5 3 4 0 5 4 3 0 5 4 3 0 5 3 4 0 5 4 3 0 5 3 4 0 3 5 4 0 3 5 4 0 5 3 4 0 5 3 4 0 5 3 4 0 3 5 4 0 3 5 4 0 3 5 4 0 3 5 4 0 3 31 4 5 3 5 4 0 3 31 5 4 3 5 4 0 3 31 0 0 3 5 4 0 3 5 4 0 3 5 0 0 3 5 0 0 3 5 4 0 3 5 4 0 3 5 4 0 3 5 4 0 3 5 0 0 3 31 0 0 5 3 4 0 3 31 32 0 3 31 32 0 3 31 32 0 3 31 32 0 3 31 32 0 3 31 0 0 3 31 0 0 3 31 0 0 3 31 0 0 3 31 0 0 3 31 0 0 3 31 0 0 3 31 0 0 3 31 0 0 3 31 0 0 3 0 0 0 3 5 4 31 3 0 0 0 3 5 4 0 3 0 0 0 3 0 0 0 3 4 0 0 3 4 5 0 3 5 4 0 3 5 4 0 3 4 0 0 3 0 0 0 3 4 5 0 3 4 5 0 3 0 0 0 3 0 0 0 3 0 0 0 3 4 0 0 3 0 0 0 3 4 5 0 3 0 0 0 3 0 0 0 3 4 5 0 3 4 5 0 3 4 5 0 3 7 0 0 3 7 0 0 3 4 5 0 3 5 4 0 3 4 0 0 3 7 0 0 3 7 0 0 3 5 4 0 3 0 0 0 3 7 0 0 3 7 0 0 3 7 0 0 3 7 0 0 3 7 8 0 3 7 0 0 3 7 8 0 3 7 8 0 3 5 4 7 3 4 5 0 3 7 8 0 3 7 8 0 3 7 8 0 3 7 0 0 3 7 0 0 3 7 8 0 3 7 0 0 3 7 0 0 3 7 8 0 3 5 0 0 3 7 0 0 3 7 8 0 3 5 4 0 3 5 0 0 3 7 0 0 3 7 0 0 3 7 0 0 3 5 4 0 3 5 0 0 3 7 5 4 3 7 0 0 3 7 0 0 3 5 4 0 3 5 4 0 3 7 4 5 3 7 0 0 3 7 0 0 3 4 5 7 3 4 5 7 3 5 4 0 3 5 4 0 3 5 4 0 3 5 4 0 3 4 7 0 3 7 0 0 3 7 0 0 3 7 0 0 3 4 5 0 3 4 5 0 3 4 5 0 3 5 4 0 3 0 0 0 3 0 0 0 3 0 0 0 3 0 0 0 3 4 0 0 3 0 0 0 3 0 0 0 3 4 5 0 3 4 5 0 3 4 5 0 3 4 5 0 3 4 5 0 3 4 5 0 3 4 5 0 3 4 5 0 3 4 5 0 3 4 5 0 3 5 4 0 3 5 4 0 3 5 4 0 3 5 4 0 3 5 4 0 3 5 4 0 3 5 4 0 5 3 4 0 5 3 4 0 5 4 3 0 5 4 3 0 5 4 3 0 5 4 3 0 5 4 3 0 3 5 4 0 5 3 4 0 5 4 3 0 5 4 3 0 5 4 3 0 5 4 0 0 5 3 4 0 3 5 4 0 5 4 3 0 5 4 3 0 5 4 3 0 5 4 3 0 5 4 3 0 5 4 3 0 5 3 4 0 5 4 0 0 5 4 3 0 5 4 3 0 5 4 0 0 5 4 3 0 5 4 3 0 5 4 3 0 5 4 0 0 5 4 0 0 5 4 3 0 5 4 3 0 5 4 0 0 5 4 3 0 5 4 0 0 5 4 3 0 5 4 3 0 5 4 0 0 5 4 0 0 5 4 3 0 5 4 3 0 5 4 3 0 5 4 3 0 5 4 3 0 5 4 3 0 5 4 3 0 5 4 3 0 5 4 3 0 5 4 3 0 5 3 4 0 5 3 4 0 5 3 4 0 5 3 4 0 5 4 3 0 3 5 4 0 3 5 4 0 3 5 4 0 5 3 4 0 3 5 4 0 3 5 4 0 5 3 4 0 3 5 4 0 5 3 4 0 3 5 4 0 3 5 4 0 3 5 4 0 5 3 4 0 5 3 4 0 3 5 4 0 3 4 5 0 5 4 3 0 5 4 3 0 5 3 4 0 3 5 4 0 3 4 5 0 5 4 3 0 5 4 3 0 5 3 4 0 3 5 4 0 3 4 5 0 3 4 5 0 5 4 3 0 5 4 3 0 5 3 4 0 5 4 3 0 3 5 4 0 5 4 3 0 5 4 0 0 5 3 4 0 5 4 3 0 5 3 4 0 3 5 4 0 3 4 5 0 5 4 3 0 5 4 0 0 5 4 0 0 5 4 3 0 5 4 3 0 5 4 3 0 3 5 4 0 5 4 3 0 5 4 3 0 5 4 3 0 3 5 4 0 3 4 5 0 5 4 3 0 5 4 3 0 5 4 3 0 5 3 4 0 3 5 4 0 5 4 3 0 5 3 4 0 5 3 4 0 5 4 3 0 3 5 4 0 3 5 4 0 5 3 4 0 5 3 4 0 5 3 4 0 3 5 4 0 3 4 5 0 5 3 4 0 5 3 4 0 3 5 4 0 3 5 4 0 3 5 4 0 3 4 5 0 3 4 5 0 33 34 32 0 33 34 32 0 33 34 32 0 33 34 32 0 33 34 32 0 33 34 32 0 33 34 32 0 33 34 32 51 33 34 32 0 33 34 32 0 33 34 32 0 33 34 32 0 33 34 32 0 33 34 32 0 33 32 34 0 33 32 34 0 33 32 34 0 33 34 32 0 33 32 34 0 33 32 34 0 33 34 32 0 33 32 34 0 33 32 34 0 33 32 34 0 33 34 32 0 33 32 34 0 33 32 34 0 33 34 32 0 33 32 34 0 33 32 34 0 33 34 32 0 33 34 32 0 33 34 32 0 33 34 32 0 33 32 34 0 33 34 32 0 33 34 32 0 33 34 32 0 33 34 32 0 33 34 32 0 33 32 34 0 33 32 34 0 33 34 32 0 33 34 32 0 33 34 32 0 33 32 34 0 33 32 34 0 33 34 32 0 33 34 32 0 33 34 32 0 33 32 34 0 33 32 34 0 33 34 32 0 33 34 32 0 33 34 32 0 33 34 32 0 33 32 34 0 33 32 34 0 33 34 32 0 33 32 34 0 33 32 34 0 33 32 34 0 33 34 32 0 33 34 32 0 33 32 34 0 33 34 32 0 33 34 32 0 33 34 32 0 33 34 32 0 33 34 32 0 33 32 34 0 33 32 34 0 33 34 32 0 33 34 32 0 33 34 32 0 33 32 34 0 33 34 32 0 33 34 32 0 33 34 32 0 33 34 32 0 33 34 32 0 33 34 32 0 33 34 32 0 33 34 32 0 33 34 32 0 33 34 32 0 33 34 32 0 33 32 34 0 33 32 34 0 33 32 34 0 33 32 34 0 33 32 34 0 33 32 34 0 33 32 34 0 33 32 34 0 33 32 34 0 33 32 34 0 33 32 34 0 33 32 34 0 33 32 0 0 33 32 34 0 33 32 0 0 33 32 0 0 33 32 0 0 33 32 0 0 33 32 0 0 33 32 0 0 33 32 0 0 33 32 0 0 33 32 0 0 33 32 0 0 33 32 0 0 33 32 0 0 33 32 0 0 33 32 0 0 33 32 0 0 33 32 0 0 33 32 0 0 33 32 0 0 33 32 0 0 33 32 0 0 33 32 0 0 33 32 0 0 33 32 0 0 33 32 0 0 33 32 0 0 33 32 0 0 33 32 0 0 33 32 0 0 33 32 0 0 33 32 0 0 33 32 0 0 33 32 34 0 33 32 0 0 33 32 0 0 33 32 0 0 33 32 0 0 33 32 0 0 33 32 34 0 33 32 0 0 33 32 0 0 33 32 34 0 33 32 0 0 33 32 0 0 33 32 0 0 33 32 0 0 33 32 0 0 33 32 34 0 33 32 0 0 33 32 34 0 33 32 0 0 33 32 0 0 33 32 0 0 33 32 0 0 33 32 0 0 33 32 0 0 33 32 34 0 33 32 0 0 33 32 0 0 33 32 0 0 33 32 34 0 33 32 0 0 33 32 0 0 33 32 0 0 33 32 0 0 33 32 0 0 33 32 0 0 33 32 0 0 33 32 0 0 33 32 0 0 33 32 0 0 33 32 0 0 33 32 0 0 33 32 0 0 33 32 0 0 33 32 0 0 33 32 0 0 33 32 0 0 33 32 0 0 33 32 0 0 33 32 0 0 33 32 0 0 33 32 0 0 33 32 0 0 33 32 0 0 33 32 0 0 33 32 0 0 32 33 31 0 32 33 31 0 32 33 31 0 32 33 31 0 32 33 31 0 32 33 31 0 32 31 33 0 32 31 33 0 32 31 33 0 32 31 33 0 32 31 33 0 32 33 31 0 32 33 31 0 32 33 31 0 32 31 33 0 33 32 0 0 33 32 0 0 33 32 0 0 33 32 0 0 33 32 0 0 33 32 0 0 32 33 31 0 33 32 0 0 33 32 0 0 32 33 0 0 32 33 31 0 33 32 0 0 32 33 31 0 32 31 33 0 33 32 0 0 33 32 0 0 33 32 0 0 33 32 0 0 33 32 0 0 33 32 0 0 33 32 0 0 33 32 0 0 33 32 0 0 33 32 0 0 33 32 0 0 33 32 0 0 33 32 0 0 33 32 0 0 33 32 0 0 33 32 0 0 33 32 0 0 33 32 0 0 33 32 0 0 33 32 0 0 33 32 0 0 33 32 0 0 33 32 0 0 33 32 0 0 32 33 0 0 32 33 0 0 32 33 0 0 32 33 31 0 32 33 31 0 32 33 31 0 32 33 31 0 32 33 31 0 32 31 33 0 32 31 33 0 32 33 0 0 32 33 31 0 32 33 31 0 32 33 31 0 32 31 33 0 33 32 0 0 32 33 0 0 32 33 0 0 33 32 0 0 33 32 0 0 32 33 0 0 32 33 0 0 32 33 31 0 32 33 31 0 32 33 31 0 32 33 31 0 33 32 0 0 33 32 0 0 32 31 33 0 33 32 0 0 33 32 0 0 33 32 0 0 33 32 0 0 33 32 0 0 33 32 0 0 33 32 0 0 33 32 0 0 33 32 0 0 33 32 0 0 33 32 0 0 33 32 0 0 33 32 0 0 33 32 0 0 33 32 0 0 33 32 0 0 33 32 0 0 33 32 0 0 33 32 0 0 33 32 0 0 33 32 0 0 33 32 0 0 33 32 0 0 32 33 31 0 32 33 31 0 33 32 0 0 33 32 0 0 33 32 0 0 33 32 0 0 33 32 0 0 33 32 0 0 33 32 0 0 33 32 31 0 32 33 31 0 33 32 0 0 32 33 31 0 33 32 0 0 32 33 31 0 32 33 31 0 32 33 31 0 32 33 31 0 32 33 31 0 32 33 31 0 32 33 31 0 32 33 31 0 32 33 31 0 32 33 31 0 32 31 33 0 32 31 33 0 32 33 31 0 32 31 33 0 32 31 33 0 32 31 33 0 32 31 33 0 32 31 33 0 32 31 33 0 32 31 33 0 32 31 33 0 32 31 33 0 32 31 33 0 32 31 33 0 32 31 33 0 32 31 33 0 32 31 33 0 32 31 33 0 32 31 33 0 32 31 33 0 32 31 33 0 32 31 33 0 32 31 33 0 32 31 0 0 32 31 0 0 32 31 33 0 32 31 33 0 32 31 0 0 32 31 0 0 32 31 0 0 32 31 3 0 32 31 0 0 32 31 3 0 32 31 0 0 32 31 0 0 32 31 0 0 32 31 3 0 32 31 0 0 32 31 0 0 32 31 3 2 32 31 3 0 32 31 0 0 32 31 0 0 32 31 3 0 32 31 0 0 32 31 3 0 32 31 3 2 32 31 3 2 32 31 3 2 31 32 3 2 31 32 3 2 32 31 3 2 31 32 3 2 32 31 3 2 31 3 32 2 31 3 32 2 31 3 32 2 31 3 32 2 32 31 3 2 32 31 3 2 31 3 2 32 31 3 2 32 31 3 2 32 3 31 2 32 31 3 32 2 2 31 3 32 31 2 3 32 2 31 3 32 2 31 3 32 2 31 3 0 2 31 3 0 2 3 31 0 3 2 31 32 3 2 31 32 2 3 31 1 3 31 2 32 3 2 31 32 3 2 31 1 3 31 2 32 3 2 31 1 3 2 31 1 3 2 31 0 3 31 0 0 3 31 32 2 3 31 2 32 3 31 0 0 3 31 32 0 3 31 0 0 3 31 32 0 3 31 32 0 3 31 32 0 3 31 32 2 3 31 32 0 3 31 32 0 32 31 3 2 3 31 32 0 3 31 32 0 3 31 32 0 3 31 32 0 31 3 32 0 3 31 32 0 3 31 32 0 3 31 32 0 3 31 32 0 3 31 32 0 3 31 32 0 3 31 32 0 3 31 32 0 3 31 32 0 3 31 32 0 3 31 32 0 31 3 32 0 31 3 32 0 31 3 32 0 3 31 32 0 3 31 32 0 31 3 32 0 31 3 32 0 31 3 32 0 31 3 32 0 3 31 32 0 31 3 32 0 31 32 3 0 31 3 32 0 31 3 32 0 31 3 32 0 3 31 32 0 32 31 3 0 31 3 32 0 31 3 32 0 31 3 32 0 3 31 32 0 3 31 32 0 31 3 32 0 31 3 32 0 31 3 32 0 31 3 32 0 3 31 32 0 3 31 32 0 31 3 32 0 31 3 32 0 31 3 32 0 3 31 32 0 3 31 32 0 31 32 3 0 31 3 32 0 31 3 32 0 31 3 32 0 31 3 32 0 3 31 32 0 31 32 3 0 31 32 3 0 31 3 32 0 31 3 32 0 31 3 32 0 31 32 3 0 31 3 32 0 31 3 32 0 31 32 3 0 31 32 3 0 31 3 32 0 31 32 3 0 31 32 3 0 31 32 3 0 31 3 32 0 31 3 32 0 31 32 3 0 32 31 3 0 31 3 32 0 31 3 32 0 3 31 2 32 32 31 3 0 32 31 3 0 32 31 3 0 31 32 3 0 32 31 3 0 32 31 3 0 32 31 3 0 32 31 3 0 32 31 3 0 32 31 3 0 31 32 3 0 31 3 32 0 32 31 3 0 32 31 3 0 32 31 3 0 32 31 3 0 32 31 3 0 32 31 3 0 31 32 3 0 32 31 3 0 32 31 3 0 32 31 3 0 32 31 3 0 32 31 3 0 32 31 3 0 32 31 3 0 32 31 0 0 32 31 0 0 32 31 0 0 32 31 3 0 32 31 3 0 32 31 0 0 32 31 3 0 32 31 3 0 32 31 3 0 32 31 0 0 32 31 0 0 32 31 0 0 32 31 3 0 32 31 0 0 32 31 0 0 32 31 3 0 32 31 0 0 32 31 0 0 32 31 0 0 32 31 0 0 32 31 0 0 32 31 3 0 32 31 3 0 32 31 3 0 32 31 3 0 31 32 3 0 2 31 3 0 2 3 31 0 2 3 31 1 2 3 31 32 2 31 3 0 31 2 3 32 3 31 2 32 3 2 31 0 31 3 2 32 31 3 2 32 3 31 2 32 3 31 2 32 3 31 2 0 31 3 32 2 31 3 32 2 3 31 32 2 3 31 2 32 3 31 2 0 3 31 2 32 31 3 32 2 31 32 3 2 31 32 3 2 32 31 3 2 3 31 32 2 3 31 2 32 3 31 2 32 31 3 32 2 31 32 3 2 32 31 3 2 32 31 0 0 3 31 32 2 3 31 32 2 3 31 32 2 31 3 32 2 31 32 3 2 32 31 0 0 32 31 0 0 32 31 3 2 3 31 32 2 3 31 32 0 3 31 32 2 32 31 0 0 32 31 0 0 32 31 0 0 32 31 0 0 32 31 33 0 3 31 32 2 3 31 32 2 31 3 32 2 31 3 32 0 32 31 3 2 32 31 0 0 32 31 33 0 32 31 33 0 3 31 32 2 31 3 32 2 32 31 3 0 32 31 0 0 31 3 32 2 32 31 0 0 32 31 33 0 32 31 33 0 32 31 33 0 32 31 33 0 32 31 0 0 32 31 33 0 32 31 33 0 32 31 33 0 32 31 33 0 32 31 33 0 32 31 33 0 32 31 33 0 32 31 33 0 32 31 33 0 32 33 31 0 32 33 31 0 32 31 33 0 32 31 33 0 32 33 31 0 32 33 31 0 32 33 31 0 32 33 31 0 32 33 31 0 32 33 31 0 32 31 33 0 32 33 31 0 32 31 33 0 32 33 31 0 32 31 33 0 32 31 33 0 32 31 33 0 32 33 31 0 32 31 33 0 32 33 31 0 32 33 31 0 32 33 31 0 32 33 31 0 32 31 33 0 32 33 31 0 32 33 31 0 32 31 33 0 32 31 33 0 32 33 31 0 32 31 33 0 32 31 33 0 32 31 33 0 32 31 33 0 32 31 33 0 32 31 33 0 32 31 33 0 32 31 33 0 32 31 33 0 32 31 33 0 32 31 33 0 32 31 33 0 32 31 33 0 32 31 0 0 32 31 0 0 32 31 33 0 32 31 0 0 32 31 0 0 32 31 0 0 32 31 0 0 32 31 33 0 32 31 0 0 32 31 33 0 32 31 0 0 32 31 33 0 32 31 33 0 32 31 0 0 32 31 0 0 32 31 33 0 32 31 33 0 32 31 33 0 32 31 33 0 32 31 33 0 32 0 0 0 32 31 33 0 32 31 0 0 32 31 33 0 32 31 0 0 32 31 0 0 32 31 0 0 32 31 0 0 32 31 3 0 32 31 0 0 32 31 0 0 32 31 3 0 32 31 3 0 32 31 3 0 32 31 3 0 32 31 3 0 32 31 3 0 32 31 3 0 32 31 3 0 32 31 3 0 32 31 3 0 32 31 3 0 32 31 3 0 32 31 3 2 31 32 3 0 32 31 3 0 32 31 3 0 32 31 3 2 31 3 32 0 32 31 3 2 31 32 3 0 32 31 3 0 31 32 3 2 31 3 32 0 31 32 3 2 31 32 3 2 31 32 3 0 31 3 32 0 31 32 3 2 31 3 32 0 31 32 3 2 31 32 3 0 31 3 32 0 31 3 32 2 31 3 32 0 31 3 32 0 31 3 32 2 31 3 32 2 31 3 32 2 31 32 3 2 31 3 32 2 9 10 8 0 9 10 8 0 9 10 8 0 9 10 8 0 9 10 8 0 9 10 8 0 9 10 8 0 9 10 8 0 9 10 8 0 9 10 8 27 9 10 8 0 9 8 10 0 9 10 8 0 9 10 8 0 9 10 8 0 9 8 10 0 9 8 10 0 9 10 8 0 9 8 10 0 9 8 10 0 9 10 8 0 9 8 10 0 9 8 10 0 9 8 10 0 9 10 8 0 9 8 10 0 9 8 10 0 9 10 8 0 9 8 10 0 9 8 10 0 9 10 8 0 9 10 8 0 9 10 8 0 9 10 8 0 9 8 10 0 9 10 8 0 9 10 8 0 9 10 8 0 9 10 8 0 9 10 8 0 9 8 10 0 9 8 10 0 9 10 8 0 9 10 8 0 9 10 8 0 9 8 10 0 9 8 10 0 9 10 8 0 9 10 8 0 9 10 8 0 9 8 10 0 9 8 10 0 9 10 8 0 9 10 8 0 9 10 8 0 9 10 8 0 9 8 10 0 9 8 10 0 9 10 8 0 9 8 10 0 9 8 10 0 9 8 10 0 9 10 8 0 9 10 8 0 9 8 10 0 9 10 8 0 9 10 8 0 9 10 8 0 9 10 8 0 9 10 8 0 9 8 10 0 9 8 10 0 9 10 8 0 9 10 8 0 9 10 8 0 9 8 10 0 9 10 8 0 9 10 8 0 9 10 8 0 9 10 8 0 9 10 8 0 9 10 8 0 9 10 8 0 9 10 8 0 9 10 8 0 9 10 8 0 9 10 8 0 9 8 10 0 9 8 10 0 9 8 10 0 9 8 10 0 9 8 10 0 9 8 10 0 9 8 10 0 9 8 10 0 9 8 10 0 9 8 10 0 9 8 10 0 9 8 10 0 9 8 0 0 9 8 10 0 9 8 0 0 9 8 0 0 9 8 0 0 9 8 0 0 9 8 0 0 9 8 0 0 9 8 0 0 9 8 0 0 9 8 0 0 9 8 0 0 9 8 0 0 9 8 0 0 9 8 0 0 9 8 0 0 9 8 0 0 9 8 0 0 9 8 0 0 9 8 0 0 9 8 0 0 9 8 0 0 9 8 0 0 9 8 0 0 9 8 0 0 9 8 0 0 9 8 0 0 9 8 0 0 9 8 0 0 9 8 0 0 9 8 0 0 9 8 0 0 9 8 0 0 9 8 10 0 9 8 0 0 9 8 0 0 9 8 0 0 9 8 0 0 9 8 0 0 9 8 10 0 9 8 0 0 9 8 0 0 9 8 10 0 9 8 0 0 9 8 0 0 9 8 0 0 9 8 0 0 9 8 0 0 9 8 10 0 9 8 0 0 9 8 10 0 9 8 0 0 9 8 0 0 9 8 0 0 9 8 0 0 9 8 0 0 9 8 0 0 9 8 10 0 9 8 0 0 9 8 0 0 9 8 0 0 9 8 0 0 9 8 0 0 9 8 0 0 9 8 0 0 9 8 0 0 9 8 0 0 9 8 0 0 9 8 0 0 9 8 0 0 9 8 0 0 9 8 0 0 9 8 0 0 9 8 0 0 9 8 0 0 9 8 0 0 9 8 0 0 9 8 0 0 9 8 0 0 9 8 0 0 9 8 10 0 9 8 0 0 9 8 0 0 9 8 0 0 9 8 0 0 9 8 0 0 9 8 0 0 9 8 0 0 9 8 0 0 9 8 0 0 9 8 0 0 9 8 0 0 9 8 0 0 9 8 0 0 9 8 0 0 9 8 0 0 9 8 0 0 9 8 0 0 9 8 0 0 9 8 0 0 9 8 0 0 9 8 0 0 9 8 0 0 9 8 0 0 9 8 0 0 9 8 0 0 9 8 0 0 9 8 0 0 9 8 0 0 9 8 0 0 9 8 0 0 9 8 0 0 9 8 0 0 9 8 0 0 9 8 0 0 9 8 0 0 9 8 0 0 9 8 0 0 9 8 0 0 8 9 7 0 8 9 7 0 8 9 7 0 8 9 7 0 8 9 0 0 8 9 7 0 8 9 7 0 8 9 7 0 8 9 7 0 8 9 7 0 8 9 7 0 8 7 9 0 8 7 9 0 8 7 9 0 8 7 9 0 8 7 9 0 8 9 7 0 8 7 9 0 8 9 7 0 8 7 9 0 8 9 7 0 8 9 7 0 8 7 9 0 8 9 7 0 8 7 9 0 8 7 9 0 8 7 9 0 8 7 9 0 8 9 7 0 8 9 7 0 8 9 0 0 8 7 9 0 8 7 9 0 8 7 9 0 8 7 9 0 8 7 9 0 8 7 9 0 8 7 9 0 8 7 9 0 8 7 9 0 8 7 0 0 8 7 0 0 8 7 9 0 8 7 9 0 8 7 0 0 8 7 0 0 8 7 0 0 8 7 3 0 8 7 0 0 8 7 3 0 8 7 0 0 8 7 0 0 8 7 0 0 8 7 3 0 8 7 0 0 8 7 0 0 8 7 3 2 8 7 3 0 8 7 0 0 8 7 0 0 8 7 3 0 8 7 0 0 8 7 3 0 8 7 3 2 8 7 3 2 8 7 3 2 7 8 3 2 7 8 3 2 8 7 3 2 7 8 3 2 8 7 3 2 7 3 8 2 7 3 8 2 7 3 8 2 7 3 8 2 8 7 3 2 8 7 3 2 7 3 2 8 7 3 2 8 7 3 2 8 3 7 2 8 7 3 8 2 2 7 3 8 7 2 3 8 2 7 3 8 2 7 3 8 2 7 3 0 2 7 3 0 2 3 7 0 3 2 7 8 3 2 7 8 2 3 7 1 3 7 2 8 3 2 7 8 3 2 7 1 3 7 2 8 3 2 7 1 3 2 7 1 3 2 7 0 3 7 0 0 3 7 8 2 3 7 2 8 3 7 0 0 3 7 8 0 3 7 0 0 3 7 8 0 3 7 8 0 3 7 8 0 3 7 8 2 3 7 8 0 3 7 8 0 8 7 3 2 3 7 8 0 3 7 8 0 3 7 8 0 3 7 8 0 7 3 8 0 3 7 8 0 3 7 8 0 3 7 8 0 3 7 8 0 3 7 8 0 3 7 8 0 3 7 8 0 3 7 8 0 3 7 8 0 3 7 8 0 3 7 8 0 7 3 8 0 7 3 8 0 7 3 8 0 3 7 8 0 3 7 8 0 7 3 8 0 7 3 8 0 7 3 8 0 7 3 8 0 3 7 8 0 7 3 8 0 7 8 3 0 7 3 8 0 7 3 8 0 7 3 8 0 3 7 8 0 8 7 3 0 7 3 8 0 7 3 8 0 7 3 8 0 3 7 8 0 3 7 8 0 7 3 8 0 7 3 8 0 7 3 8 0 7 3 8 0 3 7 8 0 3 7 8 0 7 3 8 0 7 3 8 0 7 3 8 0 3 7 8 0 3 7 8 0 7 8 3 0 7 3 8 0 7 3 8 0 7 3 8 0 7 3 8 0 3 7 8 0 7 8 3 0 7 3 8 0 7 3 8 0 7 3 8 0 7 3 8 0 3 7 2 8 7 8 3 0 7 3 8 0 7 3 8 0 7 3 8 0 7 8 3 0 7 8 3 0 7 3 8 0 7 3 8 0 7 8 3 0 7 3 8 0 7 8 3 0 7 8 3 0 7 8 3 0 7 8 3 0 8 7 3 0 7 8 3 0 7 8 3 0 8 7 3 0 8 7 3 0 8 7 3 0 8 7 3 0 8 7 3 0 8 7 3 0 8 7 3 0 8 7 3 0 8 7 3 0 8 7 3 0 8 7 3 0 8 7 3 0 8 7 3 0 8 7 0 0 8 7 0 0 8 7 3 0 8 7 3 0 8 7 3 0 8 7 0 0 8 7 0 0 8 7 0 0 8 7 3 0 8 7 0 0 8 7 0 0 8 7 9 0 8 7 3 0 8 7 0 0 8 7 0 0 8 7 9 0 8 7 3 0 8 7 0 0 8 7 9 0 8 7 9 0 8 7 0 0 8 7 0 0 8 7 9 0 8 9 7 0 8 7 0 0 8 7 9 0 8 7 9 0 8 9 7 0 8 7 0 0 8 7 9 0 8 9 7 0 8 7 9 0 8 7 9 0 8 7 0 0 8 7 0 0 8 7 0 0 8 7 3 0 8 7 3 0 8 7 3 0 8 7 3 0 8 7 3 0 8 7 3 0 8 7 3 0 8 7 3 0 8 7 3 0 7 8 3 0 8 7 3 0 7 3 8 0 8 7 0 0 7 8 3 0 8 7 0 0 8 7 3 0 8 7 0 0 8 7 0 0 8 7 3 0 8 7 3 0 8 7 3 0 8 7 0 0 8 7 0 0 8 7 3 0 8 7 3 0 8 7 3 0 8 7 0 0 8 7 3 0 8 7 0 0 8 7 3 0 8 7 0 0 8 7 3 0 8 7 3 0 8 7 3 0 8 0 0 0 7 8 3 0 7 3 8 0 7 3 8 0 8 7 3 0 8 7 3 0 8 7 3 0 7 8 3 0 7 3 8 0 7 3 8 0 8 7 3 0 7 3 8 0 8 7 0 0 8 7 0 0 8 7 9 0 7 3 8 0 7 3 8 0 7 3 8 0 7 8 3 0 3 7 8 2 3 7 8 2 3 7 8 0 7 3 8 2 3 7 8 2 3 7 8 2 7 3 8 2 7 3 8 2 8 7 3 0 7 8 3 0 3 7 8 2 3 7 2 8 8 7 3 0 7 8 3 2 3 7 2 8 3 7 2 8 8 7 3 0 8 7 3 2 3 7 2 8 3 7 2 0 3 7 2 0 3 7 2 8 3 2 7 0 3 7 8 2 3 7 2 8 2 3 7 0 8 7 3 0 3 7 8 2 3 7 8 2 8 7 0 0 3 7 8 2 8 7 0 0 3 7 8 2 7 3 8 2 7 3 8 2 7 3 8 2 7 3 8 2 7 8 3 2 7 3 8 2 7 8 3 2 7 3 8 2 7 8 3 2 7 8 3 2 7 8 3 2 7 3 8 2 8 7 3 2 7 8 3 2 8 7 3 2 8 7 3 2 8 7 3 0 3 7 2 8 8 7 0 0 2 3 7 8 2 7 3 0 2 3 7 1 2 7 3 0 7 2 3 8 7 3 2 8 7 3 2 8 7 3 8 2 7 3 8 2 7 3 8 2 7 8 3 2 7 8 3 2 7 8 3 2 8 7 3 2 8 7 3 2 8 7 0 0 8 7 3 2 8 7 0 0 8 7 0 0 8 7 0 0 8 7 0 0 8 7 0 0 8 7 0 0 8 7 0 0 8 7 9 0 8 7 0 0 8 7 9 0 8 7 9 0 8 7 0 0 8 7 9 0 8 7 9 0 8 7 9 0 8 7 9 0 8 7 9 0 8 7 9 0 8 7 9 0 8 7 9 0 8 7 9 0 8 7 9 0 8 7 9 0 8 7 9 0 8 7 9 0 8 7 9 0 8 7 9 0 8 7 9 0 8 7 9 0 8 9 7 0 8 9 7 0 8 7 9 0 8 7 9 0 8 7 9 0 8 7 9 0 8 7 9 0 8 7 9 0 8 7 9 0 8 7 9 0 8 7 9 0 8 7 9 0 8 7 9 0 8 7 9 0 8 9 7 0 8 7 9 0 8 9 7 0 8 9 7 0 8 7 0 0 8 7 9 0 8 7 9 0 8 9 7 0 8 9 7 0 8 9 7 0 8 9 7 0 8 9 7 0 8 9 7 0 9 8 0 0 8 9 7 0 8 9 7 0 9 8 0 0 9 8 0 0 8 9 7 0 8 7 9 0 9 8 0 0 9 8 0 0 8 9 7 0 9 8 0 0 9 8 0 0 9 8 0 0 9 8 0 0 9 8 0 0 9 8 0 0 9 8 0 0 9 8 0 0 9 8 0 0 9 8 0 0 9 8 0 0 9 8 0 0 9 8 0 0 9 8 0 0 9 8 0 0 9 8 0 0 9 8 0 0 9 8 0 0 9 8 0 0 9 8 0 0 9 8 0 0 9 8 0 0 9 8 0 0 9 8 0 0 9 8 7 0 9 8 0 0 9 8 0 0 9 8 0 0 8 9 7 0 8 9 7 0 9 8 0 0 8 9 7 0 8 9 7 0 9 8 0 0 9 8 0 0 8 9 7 0 8 9 7 0 8 9 7 0 8 9 7 0 8 9 7 0 8 9 7 0 8 7 9 0 8 7 9 0 8 7 9 0 8 7 9 0 8 9 7 0 8 7 9 0 8 9 7 0 8 7 9 0 8 7 9 0 8 7 9 0 8 7 9 0 8 7 9 0 8 9 7 0 8 7 9 0 8 7 9 0 8 7 9 0 8 7 9 0 8 7 9 0 8 7 9 0 8 7 9 0 8 9 7 0 8 9 7 0 8 9 7 0 8 9 7 0 8 9 7 0 8 9 7 0 8 9 7 0 8 9 7 0 8 9 0 0 8 9 0 0 8 9 0 0 9 8 0 0 8 9 0 0 9 8 0 0 8 9 0 0 8 9 7 0 8 9 0 0 9 8 0 0 8 9 0 0 9 8 0 0 0 0 0 0 0 0 0 0 0 0 0 0 0 0 0 0 0 0 0 0 0 0 0 0 0 0 0 0 0 0 0 0 0 0 0 0 0 0 0 0 0 0 0 0 0 0 0 0 0 0 0 0 0 0 0 0 0 0 0 0 0 0 0 0 0 0 0 0 0 0 0 0 0 0 0 0 0 0 0 0 0 0 0 0 0 0 0 0 0 0 0 0 0 0 0 0 0 0 0 0 0 0 0 0 0 0 0 0 0 0 0 0 0 0 0 0 0 0 0 0 0 0 0 0 0 0 0 0 0 0 0 0 0 0 0 0 0 0 0 0 0 0 0 0 0 0 0 0 0 0 0 0 0 0 0 0 0 0 0 0 0 0 0 0 0 0 0 0 0 0 0 0 0 0 0 0 0 0 0 0 0 0 0 0 0 0 0 0 0 0 0 0 0 0 0 0 0 0 0 0 0 0 0 0 0 0 0 0 0 0 0 0 0 0 0 0 0 0 0 0 0 0 0 0 0 0 0 0 0 0 0 0 0 0 0 0 0 0 0 0 0 0 0 0 0 0 0 0 0 0 0 0 0 0 0 0 0 0 0 0 0 0 0 0 0 0 0 0 0 0 0 0 0 0 0 0 0 0 0 0 0 0 0 0 0 0 0 0 0 0 0 0 0 0 0 0 0 0 0 0 0 0 0 0 0 0 0 0 0 0 0 0 0 0 0 0 0 0 0 0 0 0 0 0 0 0 0 0 0 0 0 0 0 0 0 0 0 0 0 0 0 0 0 0 0 0 0 0 0 0 0 0 0 0 0 0 0 0 0 0 0 0 0 0 0 0 0 0 0 0 0 0 0 0 0 0 0 0 0 0 56 57 0 0 56 57 0 0 56 57 0 0 56 57 0 0 56 57 0 0 56 57 0 0 56 57 0 0 56 57 0 0 56 57 0 0 56 57 0 0 56 57 0 0 56 57 0 0 56 57 0 0 56 57 0 0 56 57 0 0 56 57 0 0 56 57 0 0 56 57 0 0 56 57 0 0 56 57 0 0 56 57 0 0 56 57 0 0 56 57 0 0 56 57 0 0 56 0 0 0 56 0 0 0 56 57 0 0 56 57 0 0 57 0 0 0 56 57 0 0 56 57 0 0 56 0 0 0 56 0 0 0 56 0 0 0 56 57 0 0 56 57 0 0 56 57 0 0 56 57 0 0 56 57 0 0 56 0 0 0 56 0 0 0 56 0 0 0 56 0 0 0 56 0 0 0 56 57 0 0 56 57 0 0 56 57 0 0 56 57 0 0 56 0 0 0 56 57 0 0 56 57 0 0 56 57 0 0 56 57 0 0 56 0 0 0 56 0 0 0 56 0 0 0 56 0 0 0 56 57 0 0 56 57 0 0 56 57 0 0 56 0 0 0 56 0 0 0 56 0 0 0 56 0 0 0 56 0 0 0 56 0 0 0 56 0 0 0 56 0 0 0 56 0 0 0 56 0 0 0 56 0 0 0 56 0 0 0 56 0 0 0 56 0 0 0 56 0 0 0 56 0 0 0 56 0 0 0 56 0 0 0 56 0 0 0 56 0 0 0 56 0 0 0 56 0 0 0 56 0 0 0 56 0 0 0 56 0 0 0 56 0 0 0 56 0 0 0 56 0 0 0 56 0 0 0 56 0 0 0 56 0 0 0 56 0 0 0 56 0 0 0 56 0 0 0 56 0 0 0 56 0 0 0 56 55 57 0 56 55 57 0 56 55 57 0 56 55 57 0 56 55 57 0 56 55 57 0 56 55 57 0 56 55 57 0 56 55 57 0 56 55 57 0 56 55 0 0 56 55 0 0 56 55 0 0 56 55 0 0 56 55 0 0 56 55 57 0 56 55 57 0 56 55 57 0 56 55 0 0 56 55 0 0 56 55 57 0 55 56 0 0 55 56 0 0 56 55 57 0 56 55 57 0 55 56 0 0 55 56 0 0 55 56 0 0 56 55 57 0 56 0 0 0 56 55 57 0 56 0 0 0 56 0 0 0 56 0 0 0 56 0 0 0 56 55 0 0 56 55 57 0 56 55 57 0 56 0 0 0 56 55 0 0 56 0 0 0 56 55 0 0 56 55 0 0 55 56 0 0 55 56 0 0 55 56 0 0 55 56 0 0 55 56 0 0 55 56 0 0 55 56 0 0 55 56 0 0 55 56 0 0 55 0 56 0 55 0 56 0 55 0 0 0 55 0 0 0 55 0 0 0 55 0 0 0 55 0 0 0 55 0 0 0 55 0 60 0 55 0 0 0 55 0 60 0 55 0 60 0 55 0 0 0 55 0 0 0 55 0 0 0 55 0 60 0 55 0 60 0 55 0 0 0 55 0 0 0 55 0 60 0 55 0 0 0 55 0 60 0 55 0 60 0 55 0 0 0 55 0 60 0 55 0 60 0 55 0 60 0 55 0 60 0 55 0 60 0 55 0 0 0 55 0 60 0 55 0 60 0 55 0 60 0 55 0 60 0 55 0 60 0 55 0 0 0 55 0 60 0 55 0 60 0 55 0 0 0 55 0 0 0 55 0 60 0 55 0 60 0 55 0 60 0 55 0 60 0 55 0 60 0 55 0 60 0 55 0 60 0 55 0 60 0 0 55 60 0 55 0 60 0 0 55 0 0 55 0 0 0 0 55 0 0 55 0 60 0 0 55 0 0 55 0 60 0 0 55 60 0 55 0 60 0 0 55 60 0 0 55 60 0 55 0 60 0 0 55 60 0 55 0 60 0 55 0 60 0 55 0 0 0 55 0 0 0 55 0 60 0 55 0 60 0 55 0 60 0 55 0 60 0 55 0 60 0 55 0 0 0 55 0 60 0 55 0 60 0 55 0 60 0 55 0 60 0 55 0 60 0 55 0 60 0 55 0 60 0 55 0 60 0 55 0 60 0 55 0 60 0 55 0 60 0 55 0 60 0 55 0 60 0 55 0 60 0 55 0 0 0 55 0 60 0 55 0 60 0 55 0 60 0 55 0 60 0 55 0 0 0 55 0 0 0 55 0 0 0 55 0 0 0 55 0 0 0 55 0 0 0 55 0 0 0 55 0 0 0 55 0 0 0 55 0 0 0 55 0 0 0 55 0 0 0 55 0 0 0 55 0 56 0 55 0 0 0 55 56 0 0 55 0 56 0 55 0 0 0 55 0 0 0 55 56 0 0 55 56 0 0 55 56 0 0 55 0 0 0 55 0 0 0 55 56 0 0 55 56 0 0 55 56 0 0 55 56 0 0 55 56 0 0 55 56 0 0 55 56 0 0 55 56 0 0 55 56 0 0 55 56 0 0 55 0 56 0 55 56 0 0 56 55 0 0 55 56 0 0 56 55 0 0 56 55 0 0 55 56 0 0 56 55 0 0 55 56 0 0 56 55 0 0 56 55 0 0 56 55 0 0 56 55 0 0 56 55 0 0 56 55 0 0 56 55 0 0 56 55 0 0 56 55 0 0 56 55 57 0 56 55 0 0 56 55 0 0 56 55 0 0 56 55 0 0 55 56 0 0 55 56 0 0 55 56 0 0 56 55 0 0 56 55 0 0 56 55 0 0 56 55 0 0 56 55 0 0 56 55 0 0 56 55 0 0 56 55 0 0 56 55 0 0 56 55 0 0 55 56 0 0 55 56 0 0 55 56 0 0 56 55 0 0 56 55 0 0 55 56 0 0 55 56 0 0 56 55 0 0 55 56 0 0 55 56 0 0 55 56 0 0 55 56 0 0 55 56 0 0 55 56 0 0 55 56 0 0 55 56 0 0 55 56 0 0 55 56 0 0 55 56 0 0 55 56 0 0 55 56 0 0 55 56 0 0 55 56 0 0 55 56 0 0 55 56 0 0 55 56 0 0 55 56 0 0 55 56 0 0 55 56 0 0 55 56 0 0 55 56 0 0 55 56 0 0 55 56 0 0 55 56 0 0 55 56 0 0 55 56 0 0 55 0 56 0 55 56 0 0 55 0 56 0 55 0 0 0 55 56 0 0 55 0 56 0 55 0 0 0 55 0 0 0 55 0 0 0 55 0 0 0 55 0 0 0 55 0 0 0 55 56 0 0 55 0 56 0 55 0 0 0 55 0 0 0 55 56 0 0 55 56 0 0 55 0 0 0 55 0 0 0 55 0 0 0 55 0 56 0 55 0 0 0 55 0 0 0 55 0 0 0 55 56 0 0 55 0 0 0 55 0 0 0 55 0 0 0 55 0 0 0 55 0 56 0 55 0 0 0 55 0 0 0 55 0 0 0 55 0 0 0 55 0 0 0 55 0 0 0 55 0 0 0 55 0 0 0 55 0 0 0 55 0 0 0 55 0 0 0 55 0 0 0 55 0 0 0 55 0 0 0 55 0 0 0 55 0 0 0 55 0 0 0 55 0 0 0 55 0 0 0 55 0 0 0 55 0 0 0 55 0 0 0 55 0 0 0 55 0 0 0 55 0 0 0 55 0 0 0 55 0 0 0 55 0 0 0 55 0 0 0 55 0 0 0 55 0 0 0 55 0 0 0 55 0 0 0 55 0 0 0 55 0 0 0 55 0 0 0 55 0 0 0 55 0 0 0 55 0 0 0 55 0 0 0 55 0 0 0 55 0 0 0 55 0 0 0 55 0 0 0 55 0 0 0 55 0 0 0 55 0 0 0 55 0 0 0 55 0 0 0 55 0 60 0 55 0 60 0 55 0 0 0 55 0 60 0 55 0 0 0 55 0 0 0 55 0 0 0 55 0 0 0 55 0 0 0 55 0 60 0 55 0 0 0 55 0 0 0 55 0 0 0 55 0 0 0 55 0 0 0 55 0 0 0 55 0 0 0 55 0 0 0 55 0 0 0 55 0 0 0 55 56 0 0 55 0 0 0 55 0 0 0 55 0 0 0 55 56 0 0 55 56 0 0 55 0 0 0 55 56 0 0 55 0 0 0 55 56 0 0 55 56 0 0 55 0 0 0 55 56 0 0 55 0 56 0 55 56 0 0 55 56 0 0 55 56 0 0 55 56 0 0 55 56 0 0 55 56 0 0 55 56 0 0 55 56 0 0 55 56 0 0 55 56 0 0 55 56 0 0 55 56 0 0 55 56 0 0 55 56 0 0 55 56 0 0 55 56 0 0 55 56 0 0 55 56 0 0 55 56 0 0 55 56 0 0 55 56 0 0 55 56 0 0 55 56 0 0 55 56 0 0 55 56 0 0 55 56 0 0 55 56 0 0 55 56 0 0 55 56 0 0 55 56 0 0 55 0 56 0 55 0 0 0 55 0 0 0 55 0 0 0 55 56 0 0 55 56 0 0 55 56 0 0 55 0 56 0 55 0 0 0 55 0 0 0 55 0 0 0 55 56 0 0 55 0 56 0 55 0 0 0 55 0 0 0 55 0 0 0 55 0 0 0 55 0 0 0 55 0 0 0 55 0 0 0 55 0 0 0 55 0 60 0 55 0 0 0 55 0 60 0 55 0 60 0 55 0 60 0 55 0 0 0 55 0 60 0 55 0 0 0 55 0 0 0 55 0 0 0 55 0 0 0 55 0 0 0 55 0 60 0 55 0 0 0 55 0 0 0 55 0 0 0 55 0 0 0 55 0 0 0 55 0 0 0 55 0 0 0 55 0 0 0 55 0 0 0 55 0 0 0 55 0 0 0 55 0 0 0 55 0 0 0 55 0 0 0 55 0 0 0 55 0 0 0 55 0 56 0 55 0 56 0 55 0 0 0 55 0 56 0 55 0 56 0 55 56 0 0 55 56 0 0 55 0 56 0 55 0 56 0 55 56 0 0 55 56 0 0 55 56 0 0 55 56 0 0 55 56 0 0 55 56 0 0 55 56 0 0 55 56 0 0 55 56 0 0 55 56 0 0 55 56 0 0 55 56 0 0 55 56 0 0 55 56 0 0 55 56 0 0 55 56 0 0 55 56 0 0 55 56 0 0 55 56 0 0 55 56 0 0 55 56 0 0 55 56 0 0 55 56 0 0 55 56 0 0 55 56 0 0 55 56 0 0 55 56 0 0 55 56 0 0 55 56 0 0 55 56 0 0 55 56 0 0 55 56 0 0 55 56 0 0 56 55 0 0 56 55 0 0 55 56 0 0 55 56 0 0 55 56 0 0 55 56 0 0 55 56 0 0 55 56 0 0 55 56 0 0 55 56 0 0 56 55 0 0 56 55 0 0 56 55 0 0 56 55 0 0 56 55 0 0 56 55 0 0 56 55 0 0 56 55 0 0 56 55 0 0 56 55 0 0 55 56 0 0 56 55 0 0 56 55 0 0 55 56 0 0 56 55 0 0 56 55 0 0 56 55 0 0 56 55 0 0 56 55 0 0 55 56 0 0 56 55 0 0 56 55 0 0 56 55 0 0 56 55 0 0 56 55 0 0 56 55 0 0 55 56 0 0 56 55 0 0 56 55 0 0 56 55 0 0 55 56 0 0 56 55 0 0 56 55 0 0 56 0 0 0 55 56 0 0 56 55 0 0 56 55 0 0 56 55 0 0 56 55 0 0 55 56 0 0 55 56 0 0 55 56 0 0 55 56 0 0 55 56 0 0 55 56 0 0 55 56 0 0 55 56 0 0 55 56 0 0 55 56 0 0 56 55 0 0 56 55 0 0 56 55 0 0 56 55 0 0 55 56 0 0 55 56 0 0 56 55 0 0 56 55 0 0 56 55 0 0 56 55 0 0 56 55 57 0 56 55 0 0 56 55 0 0 56 55 0 0 56 55 0 0 56 55 57 0 56 55 57 0 56 55 0 0 56 55 57 0 56 55 57 0 56 55 57 0 56 55 0 0 56 55 57 0 56 55 57 0 56 55 0 0 56 55 57 0 56 55 57 0 56 55 57 0 56 55 0 0 56 55 57 0 56 55 57 0 56 55 0 0 56 55 57 0 56 55 57 0 56 55 57 0 56 55 57 0 56 55 57 0 56 55 57 0 56 55 57 0 56 55 57 0 56 55 57 0 56 55 57 0 56 55 57 0 56 55 57 0 56 55 57 0 56 55 57 0 56 55 57 0 56 0 0 0 56 0 0 0 56 0 0 0 56 55 57 58 56 55 57 0 56 55 57 0 56 0 0 0 56 0 0 0 56 0 0 0 56 0 0 0 56 0 0 0 56 55 57 0 56 0 0 0 56 0 0 0 56 0 0 0 56 0 0 0 56 0 0 0 56 0 0 0 56 0 0 0 56 0 0 0 56 0 0 0 56 55 57 0 56 0 0 0 56 0 0 0 56 0 0 0 56 0 0 0 56 0 0 0 56 0 0 0 56 0 0 0 56 0 0 0 56 55 57 0 56 0 0 0 56 0 0 0 56 55 57 0 56 0 0 0 56 55 0 0 56 55 0 0 56 55 57 0 56 55 0 0 56 0 0 0 56 55 57 0 56 55 0 0 56 55 0 0 56 55 0 0 56 55 57 58 56 0 0 0 56 55 0 0 56 55 0 0 56 55 0 0 56 55 0 0 56 55 0 0 56 0 0 0 56 0 0 0 56 0 0 0 56 0 0 0 56 0 0 0 56 0 0 0 56 0 0 0 56 0 0 0 56 0 0 0 56 0 0 0 56 55 0 0 56 0 0 0 56 0 0 0 56 0 0 0 56 55 0 0 56 55 0 0 56 55 0 0 56 55 0 0 56 55 0 0 56 55 0 0 56 55 0 0 56 55 0 0 56 55 0 0 56 55 0 0 56 55 0 0 56 0 0 0 56 0 0 0 56 0 0 0 56 55 0 0 56 0 0 0 56 0 0 0 56 0 0 0 56 0 0 0 56 0 0 0 56 0 0 0 56 0 0 0 56 0 0 0 56 0 0 0 56 0 0 0 56 0 0 0 56 0 0 0 56 0 0 0 56 0 0 0 56 0 0 0 56 0 0 0 56 0 0 0 56 0 0 0 56 0 0 0 56 0 0 0 56 0 0 0 56 0 0 0 56 0 0 0 56 0 0 0 56 0 0 0 56 0 0 0 56 0 0 0 56 0 0 0 56 0 0 0 56 0 0 0 56 0 0 0 56 0 0 0 56 0 0 0 56 0 0 0 56 0 0 0 56 0 0 0 56 0 0 0 56 0 0 0 56 0 0 0 56 57 0 0 56 0 0 0 56 57 0 0 56 0 0 0 56 0 0 0 56 0 0 0 56 0 0 0 56 0 0 0 56 0 0 0 56 0 0 0 56 0 0 0 56 0 0 0 56 0 0 0 56 0 0 0 56 0 0 0 56 0 0 0 56 0 0 0 56 0 0 0 56 0 0 0 56 0 0 0 56 0 0 0 56 0 0 0 56 0 0 0 56 0 0 0 56 0 0 0 56 0 0 0 56 0 0 0 56 0 0 0 56 0 0 0 56 0 0 0 56 0 0 0 56 0 0 0 56 0 0 0 56 0 0 0 56 0 0 0 56 0 0 0 56 0 0 0 56 0 0 0 56 0 0 0 56 0 0 0 56 0 0 0 56 0 0 0 56 0 0 0 56 0 0 0 56 0 0 0 56 0 0 0 56 0 0 0 56 0 0 0 56 0 0 0 56 0 0 0 56 57 0 0 56 57 0 0 56 57 0 0 56 0 0 0 56 0 0 0 56 0 0 0 56 0 0 0 56 0 0 0 56 0 0 0 56 0 0 0 56 0 0 0 56 0 0 0 56 0 0 0 56 0 0 0 56 0 0 0 56 0 0 0 56 0 0 0 56 0 0 0 56 0 0 0 56 0 0 0 56 0 0 0 56 0 0 0 56 0 0 0 56 0 0 0 56 0 0 0 56 0 0 0 56 0 0 0 56 0 0 0 56 0 0 0 56 57 0 0 56 0 0 0 56 0 0 0 56 57 0 0 56 57 0 0 56 0 0 0 56 0 0 0 56 0 0 0 56 57 0 0 56 0 0 0 56 0 0 0 56 0 0 0 56 57 0 0 56 57 0 0 56 57 0 0 56 0 0 0 56 0 0 0 56 0 0 0 56 57 0 0 56 57 0 0 56 57 0 0 56 0 0 0 56 0 0 0 56 0 0 0 56 57 0 0 56 57 0 0 56 57 0 0 56 57 0 0 56 0 0 0 56 57 0 0 56 57 0 0 56 57 0 0 56 57 0 0 56 57 0 0 56 57 0 0 56 57 0 0 56 0 0 0 56 57 0 0 56 57 0 0 56 57 0 0 56 57 0 0 56 0 0 0 56 0 0 0 56 57 0 0 56 57 0 0 56 57 0 0 56 57 0 0 56 57 0 0 56 57 0 0 56 57 0 0 56 0 0 0 56 57 0 0 56 57 0 0 56 57 0 0 56 57 0 0 56 57 0 0 56 57 0 0 56 57 0 0 56 57 0 0 56 0 0 0 56 57 0 0 56 57 0 0 56 57 0 0 56 57 0 0 56 57 0 0 56 57 0 0 56 57 0 0 56 57 0 0 56 0 0 0 56 57 0 0 56 57 0 0 56 57 0 0 56 57 0 0 56 57 0 0 56 57 0 0 56 57 0 0 56 57 0 0 56 57 0 0 56 0 0 0 56 0 0 0 56 0 0 0 56 0 0 0 56 0 0 0 56 0 0 0 56 0 0 0 56 0 0 0 56 0 0 0 61 62 0 0 61 62 0 0 61 62 0 0 61 62 0 0 61 62 0 0 61 62 0 0 61 62 0 0 61 62 0 0 61 62 0 0 61 62 0 0 61 62 0 0 61 62 0 0 61 62 0 0 61 62 0 0 61 62 0 0 61 62 0 0 61 62 0 0 62 0 0 0 61 62 0 0 61 62 0 0 61 0 0 0 61 0 0 0 61 0 0 0 61 62 0 0 61 62 0 0 61 62 0 0 61 62 0 0 61 0 0 0 61 0 0 0 61 0 0 0 61 62 0 0 61 62 0 0 61 62 0 0 61 62 0 0 61 0 0 0 61 0 0 0 61 0 0 0 61 0 0 0 61 0 0 0 61 0 0 0 61 62 0 0 61 62 0 0 61 0 0 0 61 0 0 0 61 62 0 0 61 0 0 0 61 0 0 0 61 0 0 0 61 0 0 0 61 0 0 0 61 0 0 0 61 0 0 0 61 0 0 0 61 0 0 0 61 0 0 0 61 0 0 0 61 0 0 0 61 62 0 0 61 62 0 0 61 62 0 0 61 62 0 0 61 62 0 0 61 62 0 0 61 62 0 0 61 62 0 0 61 0 0 0 61 62 0 0 62 61 0 0 61 62 0 0 61 62 0 0 61 62 0 0 61 62 0 0 61 62 0 0 61 62 0 0 62 61 0 0 61 0 0 0 61 0 0 0 61 62 0 0 61 62 0 0 61 62 0 0 61 62 0 0 61 0 0 0 61 0 0 0 61 62 0 0 61 62 0 0 61 62 0 0 61 62 0 0 61 0 0 0 61 62 0 0 61 62 0 0 61 62 0 0 61 62 0 0 61 62 0 0 61 62 0 0 61 62 0 0 61 62 0 0 61 62 0 0 61 62 0 0 61 62 0 0 61 62 0 0 61 62 0 0 61 62 0 0 61 62 0 0 61 62 0 0 61 62 0 0 61 62 0 0 61 62 0 0 61 62 0 0 61 62 0 0 61 62 0 0 61 62 0 0 61 62 0 0 61 62 0 0 61 62 0 0 61 62 0 0 61 62 0 0 62 61 0 0 61 62 0 0 61 62 0 0 61 62 0 0 61 62 0 0 61 62 0 0 61 62 0 0 61 62 0 0 61 0 0 0 61 62 0 0 61 62 0 0 61 62 0 0 61 62 0 0 61 62 0 0 61 62 0 0 61 62 0 0 61 62 0 0 61 62 0 0 61 62 0 0 61 62 0 0 61 62 0 0 61 0 0 0 61 62 0 0 61 62 0 0 61 0 0 0 61 62 0 0 61 0 0 0 61 0 0 0 61 0 0 0 61 0 0 0 61 0 0 0 61 0 0 0 61 0 0 0 61 0 0 0 61 0 0 0 61 0 0 0 61 0 0 0 61 0 0 0 61 0 0 0 61 0 0 0 61 0 0 0 61 0 0 0 61 0 0 0 61 0 0 0 61 0 0 0 61 0 0 0 61 0 0 0 61 0 0 0 61 0 0 0 61 0 0 0 61 0 0 0 61 0 0 0 61 0 0 0 61 0 0 0 61 0 0 0 61 0 0 0 61 0 0 0 61 0 0 0 61 0 0 0 61 0 0 0 61 60 0 0 61 60 62 0 61 60 62 0 61 60 62 0 61 60 62 0 61 60 62 0 61 60 62 0 61 0 0 0 61 0 0 0 61 0 0 0 61 60 62 0 61 60 62 0 61 60 62 0 61 60 62 0 61 0 0 0 61 60 62 0 61 60 62 0 61 60 62 0 61 60 62 0 61 60 0 0 61 0 0 0 61 60 62 0 61 60 62 0 61 60 0 0 61 60 0 0 61 60 62 0 61 60 62 0 61 60 62 0 61 60 0 0 61 60 62 0 61 60 62 0 61 60 0 0 60 61 0 0 61 60 62 0 61 60 62 0 60 61 0 0 60 61 0 0 61 60 62 0 61 60 62 0 61 60 62 0 61 60 62 0 61 60 62 0 61 60 62 0 61 60 62 0 61 60 0 0 61 60 0 0 61 60 0 0 61 60 62 0 61 60 0 0 61 60 0 0 61 60 62 0 61 60 62 0 61 60 62 0 61 60 62 0 61 60 62 0 61 60 62 0 61 60 62 0 61 0 0 0 61 0 0 0 61 0 0 0 61 0 0 0 61 0 0 0 61 0 0 0 61 60 0 0 61 0 0 0 61 0 0 0 61 0 0 0 61 0 0 0 61 0 0 0 61 0 0 0 61 60 62 0 61 0 0 0 61 0 0 0 61 0 0 0 61 60 62 0 61 60 0 0 61 0 0 0 61 0 0 0 61 60 62 0 61 60 62 0 61 60 62 0 61 0 0 0 61 0 0 0 61 0 0 0 61 0 0 0 61 0 0 0 61 60 62 0 61 0 0 0 61 0 0 0 61 0 0 0 61 0 0 0 61 0 0 0 61 60 62 0 61 0 0 0 61 0 0 0 61 0 0 0 61 0 0 0 61 0 0 0 61 0 0 0 61 0 0 0 61 0 0 0 61 0 0 0 61 0 0 0 61 0 0 0 61 0 0 0 61 0 0 0 61 0 0 0 61 0 0 0 61 0 0 0 61 0 0 0 61 0 0 0 61 0 0 0 61 0 0 0 61 0 0 0 61 0 0 0 61 0 0 0 61 0 0 0 61 0 0 0 61 0 0 0 61 0 0 0 61 0 0 0 61 0 0 0 61 0 0 0 61 0 0 0 61 0 0 0 61 0 0 0 61 0 0 0 61 0 0 0 61 0 0 0 61 0 0 0 61 0 0 0 61 0 0 0 61 0 0 0 61 0 0 0 61 0 0 0 61 0 0 0 61 0 0 0 61 0 0 0 61 0 0 0 61 0 0 0 61 0 0 0 61 0 0 0 61 0 0 0 61 0 0 0 61 0 0 0 61 0 0 0 61 0 0 0 61 0 0 0 61 0 0 0 61 0 0 0 61 0 0 0 61 0 0 0 61 0 0 0 61 0 0 0 61 0 0 0 61 0 0 0 61 0 0 0 61 0 0 0 61 0 0 0 61 0 0 0 61 0 0 0 61 0 0 0 61 0 0 0 61 0 0 0 61 0 0 0 61 0 0 0 61 0 0 0 61 0 0 0 61 0 0 0 61 0 0 0 61 0 0 0 61 0 0 0 61 0 0 0 61 0 0 0 61 0 0 0 61 0 0 0 61 0 0 0 61 0 0 0 61 0 0 0 61 0 0 0 61 0 0 0 61 0 0 0 61 0 0 0 61 0 0 0 61 0 0 0 61 0 0 0 61 0 0 0 61 0 0 0 61 0 0 0 61 0 0 0 61 0 0 0 61 0 0 0 61 0 0 0 61 0 0 0 61 0 0 0 61 0 0 0 61 0 0 0 61 0 0 0 61 0 0 0 61 0 0 0 61 0 0 0 61 0 0 0 61 0 0 0 61 0 0 0 61 0 0 0 61 0 0 0 61 0 0 0 61 0 0 0 61 60 0 0 61 0 0 0 61 60 62 0 61 60 62 0 61 60 62 0 61 0 0 0 61 60 0 0 61 60 62 0 61 60 62 0 61 60 0 0 61 60 62 0 61 60 62 0 61 60 0 0 61 60 0 0 61 60 0 0 61 60 0 0 60 61 0 0 60 61 0 0 60 61 0 0 60 61 0 0 60 61 0 0 61 60 62 0 61 60 0 0 61 60 0 0 61 60 0 0 61 60 62 0 61 60 0 0 61 0 0 0 61 0 0 0 61 60 0 0 61 60 0 0 61 60 0 0 61 60 0 0 61 60 0 0 61 60 0 0 61 60 0 0 61 60 0 0 61 60 0 0 61 60 0 0 60 61 0 0 60 61 0 0 60 61 0 0 60 61 0 0 60 61 0 0 60 61 0 0 60 61 0 0 60 61 0 0 60 61 0 0 60 61 0 0 60 61 0 0 60 61 0 0 60 61 0 0 60 61 0 0 60 61 0 0 60 61 0 0 60 61 0 0 60 61 0 0 60 61 0 0 60 61 0 0 60 0 61 0 60 0 61 0 60 0 61 0 60 0 0 0 60 0 0 0 60 61 0 0 60 0 0 0 60 0 0 0 60 0 0 0 60 0 0 0 60 0 0 0 60 0 0 0 60 0 0 0 60 0 0 0 60 0 0 0 60 0 55 0 60 0 61 0 60 0 0 0 60 0 0 0 60 0 55 0 60 0 55 0 60 0 55 0 60 0 55 0 60 0 0 0 60 0 55 0 60 0 55 0 60 0 0 0 60 0 55 0 60 0 55 0 60 0 55 0 60 0 55 0 60 0 55 0 60 0 55 0 60 0 0 0 60 0 55 0 60 0 55 0 60 0 55 0 60 0 55 0 60 0 55 0 60 0 0 0 60 0 0 0 60 0 55 0 60 0 55 0 60 0 0 0 60 0 0 0 60 0 55 0 60 0 55 0 60 0 0 0 60 0 0 0 60 0 55 0 60 0 0 0 60 0 0 0 60 0 0 0 60 0 0 0 60 0 55 0 60 0 0 0 60 0 55 0 60 0 55 0 60 0 0 0 60 0 55 0 60 0 55 0 60 0 55 0 60 0 55 0 60 0 55 0 60 0 55 0 0 60 0 0 60 0 55 0 60 0 0 0 60 0 0 0 0 60 0 0 60 0 55 0 60 0 0 0 60 0 0 0 0 60 0 0 60 0 0 0 60 0 0 0 60 0 55 0 0 60 0 0 60 0 0 0 60 0 55 0 0 60 55 0 0 60 55 0 60 0 0 0 60 0 55 0 60 0 55 0 0 60 55 0 0 60 55 0 60 0 55 0 60 0 55 0 0 60 55 0 60 0 0 0 60 0 55 0 60 0 55 0 60 0 55 0 60 0 55 0 60 0 55 0 60 0 55 0 60 0 55 0 60 0 55 0 60 0 55 0 60 0 55 0 60 0 55 0 60 0 0 0 60 0 0 0 60 0 55 0 60 0 55 0 60 0 55 0 60 0 55 0 60 0 0 0 60 0 55 0 60 0 0 0 60 0 55 0 60 0 55 0 60 0 55 0 60 0 55 0 60 0 55 0 60 0 55 0 60 0 55 0 60 0 0 0 60 0 0 0 60 0 0 0 60 0 0 0 60 0 0 0 60 0 55 0 60 0 0 0 60 0 55 0 60 0 55 0 60 0 0 0 60 0 0 0 60 0 55 0 60 0 0 0 60 0 0 0 60 0 0 0 60 0 0 0 60 0 0 0 60 0 0 0 60 0 0 0 60 0 0 0 60 0 0 0 60 0 0 0 60 0 61 0 60 0 61 0 60 0 61 0 60 61 0 0 60 61 0 0 60 61 0 0 60 61 0 0 60 61 0 0 60 61 0 0 60 61 0 0 60 61 0 0 60 61 0 0 60 61 0 0 60 61 0 0 60 61 0 0 60 61 0 0 60 61 0 0 60 61 0 0 60 61 0 0 60 61 0 0 61 60 0 0 60 61 0 0 60 61 0 0 60 61 0 0 60 61 0 0 60 61 0 0 60 61 0 0 61 60 0 0 61 60 0 0 60 61 0 0 60 61 0 0 60 0 61 0 60 61 0 0 60 61 0 0 60 61 0 0 60 0 0 0 60 61 0 0 60 0 61 0 60 0 0 0 60 61 0 0 60 0 0 0 60 0 0 0 60 0 0 0 60 0 0 0 60 0 0 0 60 0 0 0 60 0 61 0 60 0 0 0 60 0 0 0 60 0 0 0 60 0 0 0 60 0 0 0 60 0 0 0 60 0 55 0 60 0 0 0 60 0 55 0 60 0 0 0 60 0 55 0 60 0 0 0 60 0 0 0 60 0 0 0 60 0 0 0 60 0 0 0 60 0 0 0 60 0 0 0 60 0 0 0 60 0 0 0 60 0 0 0 60 0 0 0 60 0 0 0 60 0 0 0 60 0 0 0 60 0 0 0 60 0 0 0 60 0 0 0 60 0 0 0 60 0 0 0 60 0 0 0 60 0 0 0 60 0 0 0 60 0 0 0 60 0 0 0 60 0 0 0 60 0 0 0 60 0 0 0 60 0 0 0 60 0 0 0 60 0 0 0 60 0 0 0 60 0 0 0 60 0 61 0 60 0 61 0 60 61 0 0 60 0 0 0 60 0 61 0 60 61 0 0 60 61 0 0 60 0 0 0 60 0 61 0 60 61 0 0 60 61 0 0 60 61 0 0 60 61 0 0 60 61 0 0 60 61 0 0 60 61 0 0 60 61 0 0 60 61 0 0 60 61 0 0 60 61 0 0 60 61 0 0 60 61 0 0 60 61 0 0 60 61 0 0 60 61 0 0 60 61 0 0 60 61 0 0 60 61 0 0 60 61 0 0 60 61 0 0 60 61 0 0 60 61 0 0 61 60 0 0 61 60 0 0 61 60 0 0 61 60 62 0 61 60 62 0 61 60 0 0 61 60 0 0 61 60 0 0 61 60 0 0 61 60 0 0 61 60 0 0 61 60 0 0 61 60 0 0 60 61 0 0 60 61 0 0 61 60 0 0 60 61 0 0 61 60 0 0 61 60 0 0 60 61 0 0 61 60 0 0 60 61 0 0 60 61 0 0 61 0 0 0 61 60 0 0 60 61 0 0 61 60 0 0 60 61 0 0 60 61 0 0 60 61 0 0 60 61 0 0 60 61 0 0 60 61 0 0 60 61 0 0 60 61 0 0 60 61 0 0 61 60 0 0 61 60 0 0 61 60 0 0 61 60 0 0 61 60 0 0 60 61 0 0 61 60 0 0 61 60 0 0 61 60 0 0 61 60 0 0 61 0 0 0 61 60 0 0 60 61 0 0 60 61 0 0 60 61 0 0 60 61 0 0 60 61 0 0 61 0 0 0 61 60 0 0 61 60 62 0 61 0 0 0 61 60 0 0 61 60 0 0 61 60 0 0 61 60 0 0 61 60 0 0 61 60 0 0 61 0 0 0 61 60 0 0 61 60 0 0 61 60 0 0 61 60 0 0 61 60 0 0 61 0 0 0 61 0 0 0 61 0 0 0 61 0 0 0 61 0 0 0 61 0 0 0 61 0 0 0 61 0 0 0 61 0 0 0 61 60 0 0 61 0 0 0 61 0 0 0 61 60 0 0 61 60 0 0 61 0 0 0 61 0 0 0 61 0 0 0 61 0 0 0 61 60 0 0 61 0 0 0 61 0 0 0 61 0 0 0 61 0 0 0 61 60 0 0 61 60 0 0 61 0 0 0 61 0 0 0 61 60 0 0 61 0 0 0 61 60 0 0 61 60 0 0 61 0 0 0 61 0 0 0 61 0 0 0 61 60 0 0 61 60 0 0 61 0 0 0 61 0 0 0 61 0 0 0 61 60 0 0 61 0 0 0 61 0 0 0 61 60 0 0 61 60 0 0 61 60 0 0 61 60 0 0 61 60 0 0 61 60 0 0 61 60 62 0 61 60 0 0 61 60 0 0 61 60 0 0 61 60 0 0 61 60 62 0 61 60 0 0 61 60 0 0 61 60 0 0 61 60 0 0 61 60 0 0 61 60 0 0 61 60 0 0 61 60 0 0 61 60 0 0 61 60 0 0 61 60 0 0 61 60 0 0 61 60 0 0 61 60 0 0 61 60 0 0 61 60 0 0 61 60 0 0 61 60 0 0 61 60 0 0 61 60 0 0 60 61 0 0 61 60 0 0 61 60 0 0 61 60 0 0 61 60 0 0 61 60 0 0 60 61 0 0 61 60 0 0 61 60 0 0 61 60 0 0 60 61 0 0 60 61 0 0 60 61 0 0 60 61 0 0 60 61 0 0 60 61 0 0 60 61 0 0 60 61 0 0 60 61 0 0 60 61 0 0 60 61 0 0 60 61 0 0 60 61 0 0 60 61 0 0 60 61 0 0 60 61 0 0 60 61 0 0 60 61 0 0 60 61 0 0 60 61 0 0 60 61 0 0 60 61 0 0 60 61 0 0 60 61 0 0 60 61 0 0 60 61 0 0 60 61 0 0 60 61 0 0 60 61 0 0 60 61 0 0 60 61 0 0 60 61 0 0 60 61 0 0 60 61 0 0 60 61 0 0 60 61 0 0 60 61 0 0 60 61 0 0 60 61 0 0 60 61 0 0 60 61 0 0 60 61 0 0 60 0 0 0 60 0 0 0 60 61 0 0 60 0 0 0 60 0 0 0 60 0 0 0 60 0 0 0 60 0 0 0 60 0 0 0 60 0 0 0 60 0 0 0 60 0 0 0 60 0 0 0 60 0 0 0 60 0 0 0 60 0 0 0 60 0 0 0 60 0 0 0 60 0 0 0 60 0 0 0 60 0 0 0 60 0 0 0 60 0 0 0 60 0 0 0 60 0 0 0 60 0 0 0 60 0 0 0 60 0 0 0 60 0 0 0 60 0 0 0 60 0 0 0 60 0 0 0 60 61 0 0 60 0 0 0 60 0 0 0 60 0 0 0 60 0 0 0 60 0 0 0 60 0 0 0 60 0 0 0 60 0 0 0 60 0 0 0 60 0 0 0 60 0 61 0 60 0 0 0 60 0 0 0 60 0 0 0 60 0 0 0 60 0 0 0 60 0 0 0 60 0 0 0 60 0 0 0 60 0 0 0 60 0 61 0 60 0 0 0 60 0 0 0 60 0 0 0 60 61 0 0 60 0 61 0 60 0 0 0 60 0 0 0 60 0 0 0 60 0 0 0 60 0 61 0 60 61 0 0 60 0 61 0 60 0 61 0 60 0 61 0 60 61 0 0 60 61 0 0 60 61 0 0 60 61 0 0 60 61 0 0 60 61 0 0 60 61 0 0 60 61 0 0 60 61 0 0 60 61 0 0 60 61 0 0 60 61 0 0 60 61 0 0 60 61 0 0 60 61 0 0 60 61 0 0 60 61 0 0 60 61 0 0 60 61 0 0 60 61 0 0 60 61 0 0 60 0 55 0 60 0 55 0 60 0 55 0 60 0 55 0 60 0 55 0 60 0 55 0 60 0 55 0 60 0 55 0 60 0 55 0 60 0 55 0 60 0 55 0 60 0 55 0 0 60 55 0 0 60 55 0 0 55 60 0 0 60 55 0 60 0 55 0 0 60 55 0 0 55 60 0 0 60 55 0 60 0 55 0 0 60 55 0 0 55 60 0 60 0 55 0 60 0 55 0 0 60 55 0 60 0 55 0 60 0 55 0 60 0 0 0 60 0 55 0 0 60 55 0 0 60 55 0 0 60 0 0 0 60 0 0 0 60 55 0 0 60 55 0 0 60 55 0 0 60 55 0 0 60 0 0 0 60 0 0 0 55 60 0 0 60 55 0 0 60 0 0 0 60 0 0 0 60 55 0 0 60 0 0 0 60 0 0 0 60 0 0 0 0 0 0 0 0 0 0 0 0 0 0 0 60 0 0 0 60 0 0 0 60 55 0 0 60 0 0 0 60 0 0 0 1 0 0 0 1 2 3 0 0 0 0 0 60 0 0 0 60 0 0 0 60 0 0 60 0 0 0 0 60 55 0 0 1 2 3 1 0 2 3 0 1 0 0 0 0 0 0 0 0 0 0 0 60 0 0 0 60 0 0 1 0 2 3 1 2 0 3 1 2 0 3 0 1 2 3 1 0 2 3 1 2 0 3 0 1 0 0 0 1 0 0 0 1 2 0 1 0 2 3 1 2 0 3 1 0 2 3 1 2 0 3 0 1 2 0 1 0 2 3 1 2 0 3 0 1 2 0 1 0 2 3 1 2 3 0 1 2 0 3 1 0 2 3 1 2 0 3 0 1 2 3 1 0 2 3 1 2 0 3 0 0 0 0 0 1 2 3 1 0 2 3 1 2 0 3 0 1 2 3 0 1 2 0 1 0 2 3 1 2 0 3 0 1 2 3 1 0 2 3 1 2 0 3 0 1 2 0 0 0 0 0 0 1 2 3 1 0 2 3 1 2 0 3 0 0 0 0 0 0 0 0 0 1 2 0 0 1 2 3 1 0 2 3 1 2 0 3 0 0 0 0 0 0 0 0 0 0 0 0 0 1 2 3 1 0 2 3 1 2 0 3 0 0 0 0 0 0 0 0 0 1 0 0 0 1 2 3 0 0 0 0 0 1 2 0 1 0 2 3 1 2 0 3 0 0 0 0 0 0 0 0 0 0 0 0 1 0 2 3 1 2 0 3 0 0 0 0 0 0 0 0 0 60 0 0 1 0 2 3 1 2 0 3 1 0 2 3 1 2 0 3 0 1 2 3 1 0 2 3 1 2 0 3 0 60 0 0 0 1 2 3 0 1 2 3 1 0 2 3 1 2 0 3 0 1 2 3 0 1 2 3 1 0 2 3 1 2 0 3 0 1 2 3 0 1 2 3 1 0 2 3 1 2 3 0 0 0 0 0 0 1 2 3 0 0 0 0 0 60 55 0 0 60 0 0 1 0 2 3 0 1 2 3 1 0 2 3 1 2 0 3 1 2 0 3 0 1 2 3 1 0 2 3 1 2 0 3 0 1 2 0 1 0 2 3 1 2 0 3 1 0 2 3 1 2 0 3 1 0 2 3 0 1 2 3 0 1 2 0 0 1 2 3 0 0 0 0 0 0 0 0 0 1 2 0 0 1 0 0 0 0 0 0 0 0 0 0 0 55 60 0 0 1 0 0 0 0 0 0 0 0 0 0 0 60 55 0 0 1 0 0 0 0 0 0 0 0 0 0 0 55 60 0 0 55 60 0 0 0 0 0 0 0 0 0 0 0 0 0 0 55 60 0 0 0 0 0 0 0 0 0 0 0 0 0 0 55 0 0 0 0 0 0 0 0 0 0 0 0 0 0 0 55 0 0 0 0 0 0 0 0 0 0 0 0 0 0 0 0 0 0 0 0 0 0 0 0 0 0 0 0 0 0 0 0 0 0 0 0 0 0 0 0 0 0 0 0 0 0 0 0 0 0 0 0 0 0 0 0 0 0 0 0 0 0 0 0 0 0 0 0 0 0 0 0 0 0 0 0 0 0 0 0 0 0 0 55 0 0 0 0 0 0 0 0 0 0 0 55 60 0 0 55 0 0 0 0 0 0 0 0 0 0 0 55 60 0 0 0 0 0 0 0 0 0 0 60 55 0 0 55 0 0 0 55 60 0 0 55 60 0 0 60 55 0 0 60 55 0 0 55 0 0 0 55 60 0 0 60 55 0 0 60 55 0 0 55 60 0 0 55 60 0 0 60 55 0 0 55 60 0 0 55 60 0 0 60 55 0 0 55 60 0 0 55 60 0 0 55 60 0 0 60 55 0 0 60 55 0 0 60 55 0 0 60 55 0 0 60 55 0 0 60 55 0 0 60 55 0 0 60 55 0 0 55 60 0 0 60 55 0 0 60 0 0 0 60 55 0 0 60 0 0 0 60 0 0 0 60 0 0 0 60 0 0 0 60 0 0 0 60 0 0 0 60 0 0 0 60 0 0 0 60 55 0 0 60 55 0 0 60 55 0 0 60 55 0 0 60 55 0 60 0 55 0 0 0 0 0 60 0 55 0 60 0 55 0 0 0 0 0 60 0 55 0 60 0 55 0 60 0 55 0 60 0 55 0 60 0 55 0 60 0 55 0 60 0 55 0 60 0 55 0 60 0 55 0 60 0 55 0 0 60 55 0 0 60 55 0 0 55 60 0 55 0 60 0 55 0 60 0 55 0 60 0 0 55 60 0 55 0 60 0 55 0 60 0 55 0 60 0 55 0 60 0 55 0 60 0 55 0 60 0 55 0 60 0 0 55 60 0 0 55 60 0 0 55 60 0 0 55 60 0 0 55 0 0 0 55 60 0 0 55 0 0 0 55 0 0 0 55 60 0 0 55 0 0 0 55 0 0 0 55 0 0 0 55 0 0 0 55 0 0 0 55 0 0 0 55 0 0 0 55 0 0 0 55 0 0 0 55 0 0 0 55 0 0 0 55 0 0 0 55 0 0 0 55 60 0 0 55 0 0 0 55 60 0 55 0 0 0 55 0 60 0 0 55 60 0 0 55 60 0 55 0 0 0 55 0 60 0 55 0 60 0 55 0 60 0 0 55 60 0 0 55 60 0 55 0 60 0 0 55 60 0 55 0 60 0 0 55 60 0 0 55 60 0 0 55 60 0 0 55 60 0 55 0 60 0 55 0 60 0 0 55 60 0 0 60 55 0 60 0 55 0 55 0 60 0 55 0 60 0 60 0 55 0 55 0 60 0 60 0 55 0 55 0 60 0 55 0 60 0 55 0 60 0 55 0 60 0 55 0 60 0 1 2 0 0 1 2 0 0 1 2 0 0 1 2 0 0 1 2 0 0 1 2 0 0 1 2 0 3 1 2 0 3 1 2 0 3 1 2 0 3 0 1 0 0 0 1 0 0 0 0 0 0 0 0 0 0 0 0 0 0 0 1 0 0 0 0 0 0 0 1 0 0 0 0 0 0 0 1 0 0 0 1 0 0 0 1 0 0 0 1 0 0 0 1 0 0 0 1 0 0 0 1 2 0 0 1 2 0 0 1 0 0 0 1 2 0 0 1 2 0 1 2 0 3 1 2 0 3 1 2 3 0 2 1 3 0 2 1 3 0 2 1 3 0 2 3 1 0 2 3 1 0 2 1 3 0 2 3 1 0 2 3 1 0 2 3 1 0 2 3 1 0 3 2 1 0 3 2 1 0 3 2 1 0 3 2 1 0 3 2 0 0 3 2 0 0 3 2 1 0 3 2 0 0 3 2 0 0 3 2 0 0 3 2 0 0 3 2 0 0 3 0 0 0 3 0 0 0 3 0 0 0 3 0 0 0 3 0 0 0 3 0 0 0 3 0 0 0 3 0 0 0 3 0 0 0 3 0 0 0 3 0 0 0 3 31 0 0 3 0 0 0 3 31 0 0 3 0 0 0 3 0 0 0 3 31 0 0 3 31 0 0 3 0 0 0 3 31 0 0 3 31 0 0 3 31 0 0 3 31 0 0 3 0 0 0 3 0 0 0 3 0 0 0 3 0 0 0 3 0 0 0 3 0 0 0 3 0 0 0 3 0 0 0 3 0 0 0 3 0 0 0 3 0 0 0 3 7 0 0 3 7 0 0 3 7 0 0 3 7 0 0 3 7 0 0 3 7 0 0 3 0 0 0 3 7 8 0 3 7 0 0 3 0 0 0 3 0 0 0 3 0 0 0 3 0 0 0 3 0 0 0 3 0 0 0 3 0 0 0 3 0 0 0 3 0 0 0 3 2 0 0 3 2 0 0 3 2 0 0 3 2 0 0 3 2 0 0 3 2 0 0 3 2 1 0 3 2 1 0 3 2 1 0 2 3 1 0 2 3 1 0 3 2 1 0 2 3 1 0 2 3 1 0 2 3 1 0 2 1 3 0 2 1 3 0 2 1 3 0 1 2 0 3 1 2 0 3 1 2 3 0 0 1 2 0 0 1 2 0 0 1 2 0 0 1 0 0 0 1 0 0 0 1 0 0 5 0 0 0 5 0 0 0 5 0 0 0 5 0 0 0 5 0 0 0 5 0 0 0 5 0 0 0 5 0 0 0 5 0 0 0 5 0 0 0 5 0 0 0 5 0 0 0 5 0 0 0 5 0 0 0 5 0 0 0 5 0 0 0 5 0 0 0 5 0 0 0 5 0 0 0 5 0 0 0 5 0 0 0 5 0 0 0 5 0 0 0 5 0 0 0 5 0 0 0 5 0 0 0 5 0 0 0 5 0 0 0 5 0 0 0 5 0 0 0 5 0 0 0 5 0 0 0 5 0 0 0 5 0 0 0 5 0 0 0 5 0 0 0 5 0 0 0 5 0 0 0 5 0 0 0 5 0 0 0 5 0 0 0 5 0 0 0 5 0 0 0 5 0 0 0 5 0 0 0 5 0 0 0 5 0 0 0 5 0 0 0 5 0 0 0 5 0 0 0 5 0 0 0 5 0 0 0 5 0 0 0 5 0 0 0 5 0 0 0 5 4 0 0 5 0 0 0 5 0 0 0 5 4 0 0 5 0 0 0 5 4 0 0 5 4 0 0 5 0 0 0 5 0 0 0 5 0 0 0 5 0 0 0 5 0 0 0 5 0 0 0 5 0 0 0 5 0 0 0 5 0 0 0 5 0 0 0 5 0 0 0 5 0 0 0 5 0 0 0 5 0 0 0 5 0 0 0 5 0 0 0 5 0 0 0 5 0 0 0 5 0 0 0 5 0 0 0 5 0 0 0 5 0 0 0 5 0 0 0 5 0 0 0 5 0 0 0 5 0 0 0 5 0 0 0 5 0 0 0 5 0 0 0 5 0 0 0 5 0 0 0 5 0 0 0 5 0 0 0 5 0 0 0 5 0 0 0 5 0 0 0 5 0 0 0 5 0 0 0 5 0 0 0 5 0 0 0 5 0 0 0 5 0 0 0 5 0 0 0 5 0 0 0 5 0 0 0 5 0 0 0 5 0 0 0 5 0 0 0 5 0 0 0 5 0 0 0 5 0 0 0 5 0 0 0 5 0 0 0 5 0 0 0 5 0 0 0 5 0 0 0 5 0 0 0 5 0 0 0 5 0 0 0 5 0 0 0 5 0 0 0 5 0 0 0 5 0 0 0 5 0 0 0 5 0 0 0 5 0 0 0 5 0 0 0 5 0 0 0 5 0 0 0 5 0 0 0 5 0 0 0 5 0 0 0 5 0 0 0 5 0 0 0 5 0 0 0 5 0 0 0 5 0 0 0 5 0 0 0 5 0 0 0 5 0 0 0 5 0 0 0 5 0 0 0 5 0 0 0 5 0 0 0 5 0 0 0 5 0 0 0 5 0 0 0 5 0 0 0 5 0 0 0 5 0 0 0 5 0 0 0 5 0 0 0 5 0 0 0 5 0 0 0 5 0 0 0 5 0 0 0 5 0 0 0 5 0 0 0 5 0 0 0 5 0 0 0 5 0 0 0 5 0 0 0 5 0 0 0 5 0 0 0 5 0 0 0 5 0 0 0 5 0 0 0 5 0 0 0 5 0 0 0 5 0 0 0 5 0 0 0 5 0 0 0 5 0 0 0 5 0 0 0 5 0 0 0 5 0 0 0 5 0 0 0 5 0 0 0 5 0 0 0 5 0 0 0 5 0 0 0 5 0 0 0 5 0 0 0 5 0 0 0 5 0 0 0 5 4 0 0 5 4 0 0 5 0 0 0 5 0 0 0 5 0 0 0 5 0 0 0 5 0 0 0 5 0 0 0 5 4 0 0 5 0 0 0 5 0 0 0 5 0 0 0 5 0 0 0 5 0 0 0 5 0 0 0 5 0 0 0 5 0 0 0 5 4 0 0 5 4 0 0 5 4 0 0 5 4 0 0 5 4 0 0 5 4 0 0 5 0 0 0 5 4 0 0 5 4 0 0 5 4 0 0 5 4 0 0 5 4 0 0 5 4 0 0 5 0 0 0 5 4 0 0 5 4 0 0 5 4 0 0 5 4 0 0 5 4 0 0 5 4 0 0 5 0 0 0 5 0 0 0 5 4 0 0 5 4 0 0 5 4 0 0 5 0 0 0 5 0 0 0 5 4 0 0 5 0 0 0 5 0 0 0 5 0 0 0 5 0 0 0 5 0 0 0 5 0 0 0 5 0 0 0 5 0 0 0 5 0 0 0 5 0 0 0 5 0 0 0 5 0 0 0 5 0 0 0 5 0 0 0 5 0 0 0 5 0 0 0 5 0 0 0 5 0 0 0 5 0 0 0 5 0 0 0 5 0 0 0 5 0 0 0 5 0 0 0 5 0 0 0 5 0 0 0 5 0 0 0 5 0 0 0 5 0 0 0 5 0 0 0 5 0 0 0 5 0 0 0 5 0 0 0 5 0 0 0 5 0 0 0 5 0 0 0 5 0 0 0 5 0 0 0 5 0 0 0 5 0 0 0 5 0 0 0 5 0 0 0 5 0 0 0 5 0 0 0 5 0 0 0 5 0 0 0 5 0 0 0 5 0 0 0 5 0 0 0 5 0 0 0 5 0 0 0 5 0 0 0 5 0 0 0 5 0 0 0 5 0 0 0 5 0 0 0 5 0 0 0 5 0 0 0 5 0 0 0 5 0 0 0 5 0 0 0 5 0 0 0 5 0 0 0 5 0 0 0 5 0 0 0 5 0 0 0 5 0 0 0 5 0 0 0 5 0 0 0 5 0 0 0 5 0 0 0 5 0 0 0 5 0 0 0 5 0 0 0 5 0 0 0 5 0 0 0 5 0 0 0 5 0 0 0 5 0 0 0 5 0 0 0 5 0 0 0 5 0 0 0 5 0 0 0 5 0 0 0 5 0 0 0 5 0 0 0 5 0 0 0 5 0 0 0 5 0 0 0 5 0 0 0 5 0 0 0 5 0 0 0 5 0 0 0 5 0 0 0 5 0 0 0 5 0 0 0 5 0 0 0 5 0 0 0 5 0 0 0 5 0 0 0 5 0 0 0 5 0 0 0 5 0 0 0 5 0 0 0 5 0 0 0 5 0 0 0 5 0 0 0 5 0 0 0 5 0 0 0 5 0 0 0 5 4 0 0 5 0 0 0 5 4 0 0 5 4 0 0 5 4 0 0 5 4 0 0 5 4 0 0 5 4 0 0 5 4 0 0 5 4 0 0 5 4 0 0 5 0 0 0 5 4 0 0 5 4 0 0 5 0 0 0 5 0 0 0 5 0 0 0 5 4 0 0 5 4 0 0 5 4 0 0 5 4 0 0 5 4 0 0 5 4 0 0 5 4 0 0 5 4 0 0 5 0 0 0 5 4 0 0 5 0 0 0 5 0 0 0 5 0 0 0 5 0 0 0 5 0 0 0 5 0 0 0 5 0 0 0 5 0 0 0 5 0 0 0 5 0 0 0 5 0 0 0 5 0 0 0 5 0 0 0 5 0 0 0 5 0 0 0 5 0 0 0 5 0 0 0 5 0 0 0 5 0 0 0 5 0 0 0 5 4 0 0 5 0 0 0 5 0 0 0 5 0 0 0 5 0 0 0 5 0 0 0 5 4 0 0 5 0 0 0 5 0 0 0 5 0 0 0 5 0 0 0 5 0 0 0 5 0 0 0 5 0 0 0 5 0 0 0 5 0 0 0 5 0 0 0 5 0 0 0 5 0 0 0 5 0 0 0 5 0 0 0 5 4 0 0 5 0 0 0 5 0 0 0 5 0 0 0 5 0 0 0 5 0 0 0 5 0 0 0 5 0 0 0 5 0 0 0 5 0 0 0 5 0 0 0 5 0 0 0 5 0 0 0 5 0 0 0 5 0 0 0 5 0 0 0 5 0 0 0 5 0 0 0 5 0 0 0 5 0 0 0 5 0 0 0 5 0 0 0 5 0 0 0 5 0 0 0 5 0 0 0 5 0 0 0 5 0 0 0 5 0 0 0 5 0 0 0 5 0 0 0 5 0 0 0 5 0 0 0 5 0 0 0 5 0 0 0 5 0 0 0 5 0 0 0 5 0 0 0 5 0 0 0 5 0 0 0 5 0 0 0 5 0 0 0 5 0 0 0 5 0 0 0 5 0 0 0 5 0 0 0 5 0 0 0 5 0 0 0 5 0 0 0 5 0 0 0 5 0 0 0 5 0 0 0 5 0 0 0 5 0 0 0 5 0 0 0 5 0 0 0 5 0 0 0 5 0 0 0 5 0 0 0 5 0 0 0 5 0 0 0 5 0 0 0 5 0 0 0 5 0 0 0 5 0 0 0 5 0 0 0 5 0 0 0 5 0 0 0 5 0 0 0 5 0 0 0 5 0 0 0 5 0 0 0 5 0 0 0 5 0 0 0 5 0 0 0 5 0 0 0 5 0 0 0 5 0 0 0 5 0 0 0 5 0 0 0 5 0 0 0 5 0 0 0 5 0 0 0 5 0 0 0 5 0 0 0 5 0 0 0 5 0 0 0 5 0 0 0 5 0 0 0 5 0 0 0 5 0 0 0 5 0 0 0 5 0 0 0 5 0 0 0 5 0 0 0 5 0 0 0 5 0 0 0 5 0 0 0 5 0 0 0 5 0 0 0 5 0 0 0 5 0 0 0 5 0 0 0 5 0 0 0 5 0 0 0 5 0 0 0 5 0 0 0 5 0 0 0 5 0 0 0 5 0 0 0 5 0 0 0 5 0 0 0 5 0 0 0 5 0 0 0 5 0 0 0 5 0 0 0 5 0 0 0 5 0 0 0 5 0 0 0 5 0 0 0 5 0 0 0 5 0 0 0 5 0 0 0 5 0 0 0 5 0 0 0 5 0 0 0 5 0 0 0 5 0 0 0 5 0 0 0 5 0 0 0 5 0 0 0 5 0 0 0 5 0 0 0 5 0 0 0 5 0 0 0 5 0 0 0 5 0 0 0 5 0 0 0 5 0 0 0 5 0 0 0 5 0 0 0 5 0 0 0 5 0 0 0 5 0 0 0 5 0 0 0 5 0 0 0 5 0 0 0 5 0 0 0 5 0 0 0 5 0 0 0 5 0 0 0 5 0 0 0 5 0 0 0 5 0 0 0 5 0 0 0 5 0 0 0 5 0 0 0 5 0 0 0 5 0 0 0 5 0 0 0 5 0 0 0 5 0 0 0 5 0 0 0 5 0 0 0 5 4 0 0 5 0 0 0 5 4 0 0 5 0 0 0 5 0 0 0 5 0 0 0 5 0 0 0 5 0 0 0 5 0 0 0 5 0 0 0 5 0 0 0 5 0 0 0 5 0 0 0 5 0 0 0 5 0 0 0 5 4 0 0 5 0 0 0 5 0 0 0 5 0 0 0 5 0 0 0 5 0 0 0 5 0 0 0 5 0 0 0 5 0 0 0 5 0 0 0 5 0 0 0 5 0 0 0 5 0 0 0 5 0 0 0 5 0 0 0 5 0 0 0 5 0 0 0 5 0 0 0 5 0 0 0 5 0 0 0 5 0 0 0 5 0 0 0 5 0 0 0 5 0 0 0 5 0 0 0 5 0 0 0 5 0 0 0 5 0 0 0 5 0 0 0 5 0 0 0 5 0 0 0 5 0 0 0 5 0 0 0 5 0 0 0 5 0 0 0 5 0 0 0 5 0 0 0 5 0 0 0 5 0 0 0 5 0 0 0 5 0 0 0 5 0 0 0 5 0 0 0 5 0 0 0 5 0 0 0 5 0 0 0 5 0 0 0 5 0 0 0 5 0 0 0 5 0 0 0 5 0 0 0 5 0 0 0 5 0 0 0 5 0 0 0 5 0 0 0 5 0 0 0 5 0 0 0 5 0 0 0 5 0 0 0 5 0 0 0 5 0 0 0 5 0 0 0 5 0 0 0 5 0 0 0 5 0 0 0 5 0 0 0 5 0 0 0 5 0 0 0 5 0 0 0 5 0 0 0 5 0 0 0 5 0 0 0 5 0 0 0 5 0 0 0 5 0 0 0 5 0 0 0 5 0 0 0 5 0 0 0 5 0 0 0 5 0 0 0 5 0 0 0 5 0 0 0 5 0 0 0 5 0 0 0 5 0 0 0 5 0 0 0 5 0 0 0 5 0 0 0 5 0 0 0 5 0 0 0 5 0 0 0 5 0 0 0 5 0 0 0 5 0 0 0 5 0 0 0 5 0 0 0 5 0 0 0 5 0 0 0 5 0 0 0 5 0 0 0 5 0 0 0 5 0 0 0 5 0 0 0 5 0 0 0 5 0 0 0 5 0 0 0 5 0 0 0 5 0 0 0 5 0 0 0 5 0 0 0 5 0 0 0 5 0 0 0 5 0 0 0 5 0 0 0 5 0 0 0 5 0 0 0 5 0 0 0 5 0 0 0 5 0 0 0 5 0 0 0 5 0 0 0 5 0 0 0 5 0 0 0 5 0 0 0 5 0 0 0 5 0 0 0 5 0 0 0 5 4 0 0 5 4 0 0 5 4 0 0 5 4 0 0 5 4 0 0 5 4 0 0 5 4 0 0 5 4 0 0 5 4 0 0 5 4 0 0 5 0 0 0 5 4 0 0 5 4 0 0 5 0 0 0 5 4 0 0 5 4 0 0 5 0 0 0 5 0 0 0 5 4 0 0 5 4 0 0 5 0 0 0 5 0 0 0 5 0 0 0 5 0 0 0 5 0 0 0 5 0 0 0 5 0 0 0 5 0 0 0 5 4 0 0 5 4 0 0 5 0 0 0 5 0 0 0 5 0 0 0 5 0 0 0 5 0 0 0 5 0 0 0 5 0 0 0 5 0 0 0 5 0 0 0 5 0 0 0 5 0 0 0 5 0 0 0 5 0 0 0 5 0 0 0 5 0 0 0 5 4 0 0 5 4 0 0 5 0 0 0 5 4 0 0 5 4 0 0 5 4 0 0 5 4 0 0 5 4 0 0 5 0 0 0 5 4 0 0 5 4 0 0 5 4 0 0 5 4 0 0 5 4 0 0 5 4 0 0 5 4 0 0 5 4 0 0 5 4 0 0 5 4 0 0 5 4 0 0 5 4 0 0 5 4 0 0 5 4 0 0 5 4 0 0 5 4 0 0 5 4 0 0 5 4 0 0 5 4 0 0 5 0 0 0 5 0 0 0 5 0 0 0 5 0 0 0 5 0 0 0 5 0 0 0 5 0 0 0 5 0 0 0 5 4 0 0 5 0 0 0 5 0 0 0 5 0 0 0 5 0 0 0 5 0 0 0 5 0 0 0 5 0 0 0 5 0 0 0 5 4 0 0 5 4 0 0 5 4 0 0 5 4 0 0 5 4 0 0 5 4 0 0 5 4 0 0 5 4 0 0 5 4 0 0 5 4 0 0 5 0 0 0 5 4 0 0 5 4 0 0 5 0 0 0 5 4 0 0 5 4 0 0 5 0 0 0 5 0 0 0 5 4 0 0 5 4 0 0 5 0 0 0 5 0 0 0 5 0 0 0 5 0 0 0 5 0 0 0 5 0 0 0 5 0 0 0 5 0 0 0 5 4 0 0 5 4 0 0 5 0 0 0 5 0 0 0 5 0 0 0 5 0 0 0 5 0 0 0 5 0 0 0 5 0 0 0 5 0 0 0 5 4 0 0 5 0 0 0 5 0 0 0 5 0 0 0 5 4 0 0 5 0 0 0 5 0 0 0 5 0 0 0 5 4 0 0 5 4 0 0 5 0 0 0 5 0 0 0 5 4 0 0 5 4 0 0 5 4 0 0 5 4 0 0 5 4 0 0 5 4 0 0 5 4 0 0 5 4 0 0 5 4 0 0 5 4 0 0 5 4 0 0 5 4 0 0 5 4 0 0 5 4 0 0 5 4 0 0 5 4 0 0 5 4 0 0 5 4 0 0 5 4 0 0 5 4 0 0 5 0 0 0 5 4 0 0 5 4 0 0 5 0 0 0 5 0 0 0 5 0 0 0 5 0 0 0 5 4 0 0 5 0 0 0 5 0 0 0 5 0 0 0 5 0 0 0 5 0 0 0 5 0 0 0 5 4 0 0 5 4 0 0 5 4 3 0 5 4 0 0 5 4 0 0 5 4 0 0 5 4 0 0 5 4 3 0 5 4 3 0 5 4 3 0 5 4 3 0 5 4 0 0 5 4 0 0 5 4 0 0 5 4 0 0 5 4 0 0 5 4 0 0 5 4 0 0 5 4 0 0 5 4 0 0 5 4 3 0 5 4 0 0 5 4 0 0 5 4 0 0 5 4 0 0 5 4 0 0 5 4 0 0 5 4 3 0 5 4 0 0 5 4 0 0 5 4 0 0 5 4 0 0 5 4 0 0 5 4 3 0 5 4 0 0 5 4 3 0 5 4 0 0 5 4 0 0 5 4 0 0 5 4 0 0 5 4 0 0 5 4 0 0 5 3 4 0 5 4 0 0 5 0 0 0 5 4 0 0 5 4 3 0 5 4 0 0 5 0 0 0 5 4 3 0 5 4 3 0 5 4 0 0 5 4 3 0 5 4 0 0 5 4 0 0 5 4 3 0 5 4 0 0 5 4 0 0 5 4 0 0 5 4 0 0 5 4 0 0 5 4 0 0 5 0 0 0 5 4 0 0 5 4 0 0 5 4 0 0 5 0 0 0 5 0 0 0 5 0 0 0 5 0 0 0 5 4 0 0 5 0 0 0 5 4 0 0 5 0 0 0 5 0 0 0 5 4 0 0 5 4 0 0 5 4 0 0 5 0 0 0 5 0 0 0 5 4 0 0 5 4 0 0 5 0 0 0 5 4 0 0 5 4 0 0 5 0 0 0 5 0 0 0 5 0 0 0 5 4 0 0 5 4 0 0 5 4 0 0 5 0 0 0 5 0 0 0 5 4 0 0 5 0 0 0 5 0 0 0 5 0 0 0 5 4 0 0 5 0 0 0 5 0 0 0 5 0 0 0 5 0 0 0 5 0 0 0 5 0 0 0 5 0 0 0 5 0 0 0 5 4 0 0 5 4 0 0 5 0 0 0 5 0 0 0 5 0 0 0 5 0 0 0 5 0 0 0 5 0 0 0 5 0 0 0 5 0 0 0 5 0 0 0 5 0 0 0 5 0 0 0 5 0 0 0 5 0 0 0 5 0 0 0 5 0 0 0 5 0 0 0 5 0 0 0 5 0 0 0 5 0 0 0 5 0 0 0 5 0 0 0 5 0 0 0 5 0 0 0 5 0 0 0 5 0 0 0 5 0 0 0 5 0 0 0 5 0 0 0 5 0 0 0 5 0 0 0 5 0 0 0 5 0 0 0 5 0 0 0 5 0 0 0 5 4 0 0 5 0 0 0 5 0 0 0 5 0 0 0 5 0 0 0 5 4 0 0 5 4 0 0 5 0 0 0 5 0 0 0 5 4 0 0 5 4 0 0 5 4 0 0 5 4 0 0 5 4 0 0 5 4 0 0 5 0 0 0 5 4 0 0 5 4 0 0 5 4 0 0 5 4 0 0 5 4 0 0 5 4 0 0 5 4 0 0 5 4 0 0 5 4 0 0 5 4 0 0 5 4 0 0 5 4 0 0 5 4 0 0 5 4 0 0 5 4 0 0 5 4 0 0 5 0 0 0 5 0 0 0 5 0 0 0 5 0 0 0 5 0 0 0 5 0 0 0 5 0 0 0 5 0 0 0 5 0 0 0 5 0 0 0 5 0 0 0 5 4 0 0 5 0 0 0 5 0 0 0 5 0 0 0 5 4 0 0 5 4 0 0 5 0 0 0 5 0 0 0 5 4 0 0 5 4 0 0 5 4 0 0 5 4 0 0 5 4 0 0 5 4 0 0 5 4 0 0 5 4 0 0 5 4 0 0 5 4 0 0 5 4 0 0 5 4 0 0 5 4 0 0 5 4 0 0 5 0 0 0 5 0 0 0 5 0 0 0 5 0 0 0 5 0 0 0 5 0 0 0 5 0 0 0 5 0 0 0 5 0 0 0 5 0 0 0 5 4 0 0 5 0 0 0 5 0 0 0 5 4 0 0 5 4 0 0 5 4 0 0 5 4 0 0 5 0 0 0 5 0 0 0 5 0 0 0 5 0 0 0 5 0 0 0 5 0 0 0 5 4 0 0 5 4 0 0 5 4 0 0 5 4 0 0 5 0 0 0 5 0 0 0 5 0 0 0 5 4 0 0 5 4 0 0 5 0 0 0 5 4 0 0 5 4 0 0 5 4 0 0 5 4 0 0 5 4 0 0 5 4 0 0 5 4 0 0 5 4 0 0 5 4 3 0 5 4 0 0 5 4 3 0 5 4 3 0 5 4 0 0 5 4 0 0 5 4 0 0 5 4 3 0 5 4 3 0 5 3 4 0 5 4 0 0 5 4 0 0 5 4 3 0 5 4 0 0 5 4 3 0 5 4 0 0 5 4 0 0 5 4 0 0 5 4 3 0 5 4 0 0 5 4 0 0 5 4 0 0 5 4 0 0 5 4 0 0 5 4 0 0 5 4 0 0 5 4 0 0 5 4 0 0 5 4 0 0 5 4 0 0 5 0 0 0 5 0 0 0 5 4 0 0 5 0 0 0 5 0 0 0 5 0 0 0 5 0 0 0 5 4 0 0 5 4 0 0 5 4 0 0 5 0 0 0 5 0 0 0 5 4 0 0 5 4 0 0 5 0 0 0 5 0 0 0 5 4 0 0 5 4 0 0 5 0 0 0 5 0 0 0 5 0 0 0 5 0 0 0 5 0 0 0 5 4 0 0 5 4 0 0 5 4 0 0 5 4 0 0 5 4 0 0 5 4 0 0 5 4 0 0 5 4 0 0 5 4 0 0 5 4 0 0 5 4 0 0 5 4 0 0 5 4 3 0 5 4 0 0 5 4 0 0 5 4 0 0 5 4 0 0 5 4 3 0 5 4 3 0 5 4 0 0 5 4 0 0 5 4 3 0 5 4 0 0 5 4 3 0 5 4 0 0 5 4 3 0 5 4 0 0 5 4 0 0 5 4 0 0 5 4 0 0 5 4 0 0 5 4 0 0 5 4 0 0 5 0 0 0 5 0 0 0 5 0 0 0 5 0 0 0 5 4 0 0 5 4 0 0 5 0 0 0 5 4 0 0 5 4 0 0 5 4 0 0 5 4 0 0 5 0 0 0 5 0 0 0 5 0 0 0 5 4 0 0 5 4 0 0 5 4 0 0 5 4 0 0 5 4 0 0 5 0 0 0 5 4 0 0 5 0 0 0 5 0 0 0 5 0 0 0 5 4 0 0 5 4 0 0 5 4 0 0 5 4 0 0 5 4 0 0 5 4 0 0 5 4 0 0 5 4 0 0 5 4 0 0 5 4 0 0 5 4 0 0 5 4 0 0 5 4 0 0 5 4 0 0 5 0 0 0 5 4 0 0 5 0 0 0 5 0 0 0 5 0 0 0 5 4 0 0 5 4 0 0 5 0 0 0 5 0 0 0 5 0 0 0 5 0 0 0 5 0 0 0 5 0 0 0 5 0 0 0 5 0 0 0 5 0 0 0 5 0 0 0 5 0 0 0 5 0 0 0 5 0 0 0 5 0 0 0 5 0 0 0 5 0 0 0 5 0 0 0 5 0 0 0 5 0 0 0 5 0 0 0 5 0 0 0 5 0 0 0 5 0 0 0 5 0 0 0 5 0 0 0 5 0 0 0 5 0 0 0 5 0 0 0 5 0 0 0 5 0 0 0 5 0 0 0 5 0 0 0 5 0 0 0 5 0 0 0 5 4 0 0 5 0 0 0 5 0 0 0 5 4 0 0 5 0 0 0 5 4 0 0 5 4 0 0 5 4 0 0 5 4 0 0 5 4 0 0 5 0 0 0 5 0 0 0 5 4 0 0 5 4 0 0 5 4 0 0 5 4 0 0 5 4 0 0 5 4 0 0 5 4 0 0 5 4 0 0 5 4 0 0 5 4 0 0 5 0 0 0 5 0 0 0 5 0 0 0 5 0 0 0 5 0 0 0 60 61 0 0 60 61 0 0 60 61 0 0 60 0 0 0 60 0 0 0 60 0 0 0 60 0 0 0 60 0 0 0 60 0 0 0 60 0 0 0 60 0 0 0 60 0 0 0 55 0 0 0 55 0 0 0 55 0 0 0 61 0 0 0 61 0 0 0 61 0 0 0 60 61 0 0 60 61 0 0 60 61 0 0 60 61 0 0 60 61 0 0 60 61 0 0 60 61 0 0 60 61 0 0 60 61 0 0 60 61 0 0 60 61 0 0 60 61 0 0 60 61 0 0 60 61 0 0 60 61 0 0 60 61 0 0 60 61 0 0 60 61 0 0 60 61 0 0 60 61 0 0 60 61 0 0 60 61 0 0 60 61 0 0 60 61 0 0 60 61 0 0 60 61 0 0 60 61 0 0 60 61 0 0 60 61 0 0 60 61 0 0 60 61 0 0 60 61 0 0 60 61 0 0 61 60 0 0 60 61 0 0 61 60 0 0 61 60 0 0 61 60 0 0 61 60 0 0 61 60 0 0 61 60 0 0 61 60 0 0 60 61 0 0 61 60 0 0 61 60 0 0 61 60 0 0 61 60 0 0 61 60 0 0 61 60 0 0 61 60 0 0 61 60 0 0 61 60 0 0 61 60 62 0 61 60 0 0 61 60 62 0 61 60 62 0 61 60 62 0 61 60 62 0 61 60 62 0 61 60 62 0 61 60 62 0 61 60 62 0 61 60 62 0 61 60 62 0 61 60 62 63 61 60 62 63 61 60 62 0 61 60 62 0 61 60 62 63 61 60 62 0 61 60 62 0 61 60 0 0 60 61 0 0 61 60 0 0 61 60 0 0 61 60 0 0 61 60 62 0 61 60 62 63 61 60 62 0 61 60 62 0 61 60 62 0 61 60 62 0 61 60 62 0 61 60 62 0 61 60 62 0 61 60 62 0 61 60 62 0 61 60 62 0 61 60 62 0 61 60 0 0 61 60 0 0 61 60 0 0 61 60 0 0 61 60 0 0 61 60 0 0 61 60 0 0 60 61 0 0 61 60 0 0 61 60 0 0 61 60 0 0 61 60 0 0 60 61 0 0 60 61 0 0 60 61 0 0 60 61 0 0 60 61 0 0 60 61 0 0 60 61 0 0 60 61 0 0 60 61 0 0 60 61 0 0 60 61 0 0 60 61 0 0 60 61 0 0 60 61 0 0 60 61 0 0 60 61 0 0 60 61 0 0 60 61 0 0 60 61 0 0 60 61 0 0 60 61 0 0 60 61 0 0 60 61 0 0 60 61 0 0 60 61 0 0 60 61 0 0 60 61 0 0 60 61 0 0 60 61 0 0 60 61 0 0 60 61 0 0 60 61 0 0 60 61 0 0 60 61 0 0 60 61 0 0 60 0 61 0 60 0 61 0 60 61 0 0 60 0 61 0 60 61 0 0 60 61 0 0 60 61 0 0 60 61 0 0 60 61 0 0 60 61 0 0 60 61 0 0 60 61 0 0 60 61 0 0 60 61 0 0 60 61 0 0 60 61 0 0 60 61 0 0 60 61 0 0 60 61 0 0 60 61 0 0 55 56 0 0 55 56 0 0 55 56 0 0 55 56 0 0 55 56 0 0 55 56 0 0 55 56 0 0 55 56 0 0 55 56 0 0 55 56 0 0 55 56 0 0 55 56 0 0 55 56 0 0 55 56 0 0 55 56 0 0 55 56 0 0 55 56 0 0 55 56 0 0 55 56 0 0 55 56 0 0 55 56 0 0 55 56 0 0 55 56 0 0 55 56 0 0 55 56 0 0 55 56 0 0 55 56 0 0 55 56 0 0 55 56 0 0 55 56 0 0 55 56 0 0 55 56 0 0 55 56 0 0 56 55 0 0 55 56 0 0 56 55 0 0 56 55 0 0 56 55 0 0 56 55 0 0 56 55 0 0 56 55 0 0 56 55 0 0 55 56 0 0 56 55 0 0 56 55 0 0 56 55 0 0 56 55 0 0 56 55 0 0 56 55 0 0 56 55 0 0 56 55 0 0 56 55 0 0 56 55 57 0 56 55 0 0 56 55 57 0 56 55 57 0 56 55 57 0 56 55 57 0 56 55 57 0 56 55 57 0 56 55 57 0 56 55 57 0 56 55 57 0 56 55 57 0 56 55 57 58 56 55 57 58 56 55 57 0 56 55 57 0 56 55 57 58 56 55 57 0 56 55 57 0 56 55 0 0 55 56 0 0 56 55 0 0 56 55 0 0 56 55 0 0 56 55 57 0 56 55 57 0 56 55 57 58 56 55 57 0 56 55 57 0 56 55 57 0 56 55 57 0 56 55 57 0 56 55 57 0 56 55 57 0 56 55 57 0 56 55 57 0 56 55 57 0 56 55 0 0 56 55 0 0 56 55 0 0 56 55 0 0 56 55 0 0 56 55 0 0 56 55 0 0 55 56 0 0 56 55 0 0 56 55 0 0 56 55 0 0 56 55 0 0 55 56 0 0 55 56 0 0 55 56 0 0 55 56 0 0 55 56 0 0 55 56 0 0 55 56 0 0 55 56 0 0 55 56 0 0 55 56 0 0 55 56 0 0 55 56 0 0 55 56 0 0 55 56 0 0 55 56 0 0 55 56 0 0 55 56 0 0 55 56 0 0 55 56 0 0 55 56 0 0 55 56 0 0 55 56 0 0 55 56 0 0 55 56 0 0 55 56 0 0 55 56 0 0 55 56 0 0 55 56 0 0 55 56 0 0 55 56 0 0 55 56 0 0 55 56 0 0 55 56 0 0 55 56 0 0 55 56 0 0 55 0 56 0 55 0 56 0 55 56 0 0 55 0 56 0 55 56 0 0 55 56 0 0 55 56 0 0 55 56 0 0 55 56 0 0 55 56 0 0 55 56 0 0 55 56 0 0 55 56 0 0 55 56 0 0 55 56 0 0 55 56 0 0 55 56 0 0 55 56 0 0 55 56 0 0 55 56 0 0 62 0 0 0 62 0 0 0 62 0 0 0 62 0 0 0 62 0 0 0 62 0 0 0 62 0 0 0 62 0 0 0 62 0 0 0 62 0 0 0 62 0 0 0 63 62 0 0 62 0 0 0 63 0 0 0 62 0 0 0 63 62 0 0 62 63 0 0 63 62 0 0 63 0 0 0 63 0 0 0 63 0 0 0 63 0 0 0 62 0 0 0 62 0 0 0 62 0 0 0 62 0 0 0 62 0 0 0 62 0 0 0 62 0 0 0 62 0 0 0 62 0 0 0 62 0 0 0 62 0 0 0 62 0 0 0 62 0 0 0 62 0 0 0 62 0 0 0 62 0 0 0 62 0 0 0 62 0 0 0 62 0 0 0 62 0 0 0 62 0 0 0 62 0 0 0 62 0 0 0 62 0 0 0 62 0 0 0 62 0 0 0 62 0 0 0 62 0 0 0 62 0 0 0 62 0 0 0 62 63 0 0 62 0 0 0 62 0 0 0 63 62 0 0 62 0 0 0 62 0 0 0 62 0 0 0 62 0 0 0 62 0 0 0 62 0 0 0 62 0 0 0 62 0 0 0 62 0 0 0 62 0 0 0 62 0 0 0 62 0 0 0 62 0 0 0 62 0 0 0 62 0 0 0 62 0 0 0 62 0 0 0 62 0 0 0 62 0 0 0 62 0 0 0 62 0 0 0 62 0 0 0 62 0 0 0 62 0 0 0 62 0 0 0 62 0 0 0 62 0 0 0 62 0 0 0 62 0 0 0 62 0 0 0 62 0 0 0 62 0 0 0 62 0 0 0 62 0 0 0 62 0 0 0 62 0 0 0 62 0 0 0 62 0 0 0 62 0 0 0 62 0 0 0 62 0 0 0 62 0 0 0 62 0 0 0 62 0 0 0 62 0 0 0 62 0 0 0 62 0 0 0 62 0 0 0 62 0 0 0 62 0 0 0 62 0 0 0 62 0 0 0 62 0 0 0 62 0 0 0 62 0 0 0 62 0 0 0 62 0 0 0 62 0 0 0 62 0 0 0 62 0 0 0 62 0 0 0 62 0 0 0 62 0 0 0 62 0 0 0 62 0 0 0 62 0 0 0 62 0 0 0 62 0 0 0 62 0 0 0 62 0 0 0 62 0 0 0 62 0 0 0 62 0 0 0 62 0 0 0 62 0 0 0 62 0 0 0 62 0 0 0 62 0 0 0 62 0 0 0 62 0 0 0 62 0 0 0 62 0 0 0 62 0 0 0 62 0 0 0 62 0 0 0 62 0 0 0 62 0 0 0 62 0 0 0 62 0 0 0 62 0 0 0 62 0 0 0 62 0 0 0 62 0 0 0 62 0 0 0 62 0 0 0 62 0 0 0 62 0 0 0 62 0 0 0 62 0 0 0 62 0 0 0 62 0 0 0 62 0 0 0 62 0 0 0 62 0 0 0 62 0 0 0 62 0 0 0 62 0 0 0 62 0 0 0 62 0 0 0 62 0 0 0 62 0 0 0 62 0 0 0 62 0 0 0 62 0 0 0 62 0 0 0 62 0 0 0 62 61 0 0 62 61 0 0 62 0 0 0 62 0 0 0 62 0 0 0 62 0 0 0 62 61 0 0 62 0 0 0 62 0 0 0 62 61 0 0 62 0 0 0 62 61 0 0 62 61 0 0 61 62 0 0 61 62 0 0 62 61 0 0 62 61 0 0 61 62 0 0 61 62 0 0 61 62 0 0 62 0 0 0 61 62 0 0 61 62 0 0 61 62 0 0 62 61 0 0 62 61 0 0 62 0 0 0 62 61 0 0 62 0 0 0 62 0 0 0 61 62 0 0 62 61 0 0 61 62 0 0 61 62 0 0 62 61 0 0 61 62 0 0 61 62 0 0 62 61 0 0 62 61 0 0 62 0 0 0 62 61 0 0 61 62 0 0 62 61 0 0 62 61 0 0 62 0 0 0 62 0 0 0 62 0 0 0 62 0 0 0 62 0 0 0 62 0 0 0 62 61 0 0 62 0 0 0 62 0 0 0 62 0 0 0 62 0 0 0 62 0 0 0 62 0 0 0 62 0 0 0 62 0 0 0 62 0 0 0 62 0 0 0 62 0 0 0 62 0 0 0 62 0 0 0 62 0 0 0 62 61 0 0 62 61 0 0 62 61 0 0 62 0 0 0 62 0 0 0 62 0 0 0 62 0 0 0 62 0 0 0 62 63 0 0 62 0 0 0 62 0 0 0 62 0 0 0 62 63 0 0 62 0 0 0 62 0 0 0 62 0 0 0 62 0 0 0 62 0 0 0 62 0 0 0 62 63 0 0 62 63 0 0 62 0 0 0 62 0 0 0 62 0 0 0 62 63 0 0 62 0 0 0 62 63 0 0 62 63 0 0 63 62 0 0 62 63 0 0 63 62 0 0 62 63 0 0 62 63 0 0 62 61 0 0 62 0 0 0 62 61 0 0 62 61 0 0 62 61 0 0 62 61 0 0 62 0 0 0 62 61 0 0 61 62 0 0 61 62 0 0 62 0 0 0 62 61 0 0 61 62 0 0 61 62 0 0 61 62 0 0 62 0 0 0 61 62 0 0 61 62 0 0 61 62 0 0 62 61 0 0 62 0 0 0 62 61 0 0 62 61 0 0 62 61 0 0 62 61 0 0 62 61 0 0 62 61 0 0 62 61 0 0 62 0 0 0 62 61 0 0 62 0 0 0 62 0 0 0 62 61 0 0 62 0 0 0 62 0 0 0 62 0 0 0 62 0 0 0 62 0 0 0 62 0 0 0 62 0 0 0 62 0 0 0 62 0 0 0 62 61 0 0 62 0 0 0 62 0 0 0 62 0 0 0 62 0 0 0 62 0 0 0 62 0 0 0 62 61 0 0 62 0 0 0 62 0 0 0 62 61 0 0 62 0 0 0 62 0 0 0 62 0 0 0 62 0 0 0 62 0 0 0 62 0 0 0 62 0 0 0 62 0 0 0 62 0 0 0 62 0 0 0 62 0 0 0 62 0 0 0 62 0 0 0 62 0 0 0 62 0 0 0 62 0 0 0 62 0 0 0 62 0 0 0 62 0 0 0 62 0 0 0 62 63 0 0 63 62 0 0 63 62 0 0 62 63 0 0 63 62 0 0 63 62 0 0 63 62 0 0 63 0 0 0 63 0 0 0 63 62 0 0 63 0 0 0 63 0 0 0 63 0 0 0 63 62 0 0 63 62 0 0 63 0 0 0 63 0 0 0 63 62 0 0 63 0 0 0 63 0 0 0 63 0 0 0 63 0 0 0 63 0 0 0 63 0 0 0 63 0 0 0 63 0 0 0 63 62 0 0 63 0 0 0 63 0 0 0 63 0 0 0 63 0 0 0 63 0 0 0 63 0 0 0 63 0 0 0 63 0 0 0 63 0 0 0 63 0 0 0 63 0 0 0 63 0 0 0 63 0 0 0 63 0 0 0 63 0 0 0 63 0 0 0 63 0 0 0 63 0 0 0 63 0 0 0 63 0 0 0 63 0 0 0 63 0 0 0 63 0 0 0 63 0 0 0 63 0 0 0 63 0 0 0 63 0 0 0 63 62 0 0 63 0 0 0 63 0 0 0 63 0 0 0 63 62 0 0 63 0 0 0 63 0 0 0 63 0 0 0 63 62 0 0 63 62 0 0 63 62 0 0 63 0 0 0 62 63 0 0 63 0 0 0 63 62 0 0 63 0 0 0 63 62 0 0 63 62 0 0 63 62 0 0 63 62 0 0 63 62 0 0 63 62 0 0 63 62 0 0 63 62 0 0 62 63 0 0 62 63 0 0 62 0 0 0 62 0 0 0 62 0 0 0 62 0 0 0 62 0 0 0 62 0 0 0 62 0 0 0 62 0 0 0 62 0 0 0 62 0 0 0 62 0 0 0 62 0 0 0 62 0 0 0 62 0 0 0 62 0 0 0 62 0 0 0 62 0 0 0 62 0 0 0 62 0 0 0 62 0 0 0 62 0 0 0 62 61 0 0 62 61 0 0 62 0 0 0 62 0 0 0 62 61 0 0 62 0 0 0 62 0 0 0 62 61 0 0 62 0 0 0 62 61 0 0 62 61 0 0 62 61 0 0 62 61 0 0 61 62 0 0 62 61 0 0 62 61 0 0 62 61 0 0 62 61 0 0 62 61 0 0 62 61 0 0 62 61 0 0 62 61 0 0 61 62 0 0 62 61 0 0 62 61 0 0 61 62 0 0 62 0 0 0 62 61 0 0 62 0 0 0 62 61 0 0 62 0 0 0 62 0 0 0 62 0 0 0 61 62 0 0 61 62 0 0 61 62 0 0 62 0 0 0 62 0 0 0 62 0 0 0 62 61 0 0 62 61 0 0 62 0 0 0 62 0 0 0 62 0 0 0 62 61 0 0 62 61 0 0 62 61 0 0 62 0 0 0 62 0 0 0 62 0 0 0 62 0 0 0 62 0 0 0 62 0 0 0 62 0 0 0 62 0 0 0 62 0 0 0 62 61 0 0 62 61 0 0 62 61 0 0 61 62 0 0 62 61 0 0 61 62 0 0 61 62 0 0 62 61 0 0 62 61 0 0 62 61 0 0 62 0 0 0 62 0 0 0 62 0 0 0 62 0 0 0 62 0 0 0 62 0 0 0 62 0 0 0 62 0 0 0 62 0 0 0 62 0 0 0 62 0 0 0 62 0 0 0 62 0 0 0 62 0 0 0 62 0 0 0 62 0 0 0 62 0 0 0 62 0 0 0 62 0 0 0 62 0 0 0 62 0 0 0 62 0 0 0 62 0 0 0 62 0 0 0 62 0 0 0 62 0 0 0 62 0 0 0 62 0 0 0 62 0 0 0 62 0 0 0 62 0 0 0 62 0 0 0 62 0 0 0 62 0 0 0 63 62 0 0 62 0 0 0 63 62 0 0 63 62 0 0 63 62 0 0 63 62 0 0 63 0 0 0 63 0 0 0 63 62 0 0 63 0 0 0 63 0 0 0 63 0 0 0 63 0 0 0 63 0 0 0 63 0 0 0 63 62 0 0 63 0 0 0 63 0 0 0 62 0 0 0 63 62 0 0 62 63 0 0 63 62 0 0 62 0 0 0 63 0 0 0 63 0 0 0 63 0 0 0 63 0 0 0 63 0 0 0 63 0 0 0 63 0 0 0 63 0 0 0 63 0 0 0 63 0 0 0 63 0 0 0 63 0 0 0 63 0 0 0 63 0 0 0 63 0 0 0 63 0 0 0 63 0 0 0 63 0 0 0 63 0 0 0 63 0 0 0 63 0 0 0 63 0 0 0 63 0 0 0 63 0 0 0 63 0 0 0 63 0 0 0 63 0 0 0 63 0 0 0 63 0 0 0 63 0 0 0 63 0 0 0 63 0 0 0 63 0 0 0 63 0 0 0 63 0 0 0 63 0 0 0 63 0 0 0 63 0 0 0 63 0 0 0 63 0 0 0 63 0 0 0 63 0 0 0 63 0 0 0 63 0 0 0 63 0 0 0 63 0 0 0 63 0 0 0 63 0 0 0 63 0 0 0 63 0 0 0 63 0 0 0 63 0 0 0 63 0 0 0 63 0 0 0 63 0 0 0 63 0 0 0 63 0 0 0 63 0 0 0 63 0 0 0 63 0 0 0 63 0 0 0 63 0 0 0 62 0 0 0 62 0 0 0 62 0 0 0 62 0 0 0 62 0 0 0 62 0 0 0 62 0 0 0 62 0 0 0 62 0 0 0 62 0 0 0 62 0 0 0 57 0 0 0 57 0 0 0 57 0 0 0 57 0 0 0 57 0 0 0 57 0 0 0 57 0 0 0 57 0 0 0 57 0 0 0 57 0 0 0 57 0 0 0 58 0 0 0 57 0 0 0 58 0 0 0 57 0 0 0 58 0 0 0 57 0 0 0 58 57 0 0 58 0 0 0 58 0 0 0 58 0 0 0 58 0 0 0 57 0 0 0 57 0 0 0 57 0 0 0 57 0 0 0 57 0 0 0 57 0 0 0 57 0 0 0 57 0 0 0 57 0 0 0 57 0 0 0 57 0 0 0 57 0 0 0 57 0 0 0 57 0 0 0 57 0 0 0 57 0 0 0 57 0 0 0 57 0 0 0 57 0 0 0 57 0 0 0 57 0 0 0 57 0 0 0 57 0 0 0 57 0 0 0 57 0 0 0 57 0 0 0 57 0 0 0 57 0 0 0 57 0 0 0 57 0 0 0 57 0 0 0 57 0 0 0 57 0 0 0 58 0 0 0 57 0 0 0 57 0 0 0 57 0 0 0 57 0 0 0 57 0 0 0 57 0 0 0 57 0 0 0 57 0 0 0 57 0 0 0 57 0 0 0 57 0 0 0 57 0 0 0 57 0 0 0 57 0 0 0 57 0 0 0 57 0 0 0 57 0 0 0 57 0 0 0 57 0 0 0 57 0 0 0 57 0 0 0 57 0 0 0 57 0 0 0 57 0 0 0 57 0 0 0 57 0 0 0 57 0 0 0 57 0 0 0 57 0 0 0 57 0 0 0 57 0 0 0 57 0 0 0 57 0 0 0 57 0 0 0 57 0 0 0 57 0 0 0 57 0 0 0 57 0 0 0 57 0 0 0 57 0 0 0 57 0 0 0 57 0 0 0 57 0 0 0 57 0 0 0 57 0 0 0 57 0 0 0 57 0 0 0 57 0 0 0 57 0 0 0 57 0 0 0 57 0 0 0 57 0 0 0 57 0 0 0 57 0 0 0 57 0 0 0 57 0 0 0 57 0 0 0 57 0 0 0 57 0 0 0 57 0 0 0 57 0 0 0 57 0 0 0 57 0 0 0 57 0 0 0 57 0 0 0 57 0 0 0 57 0 0 0 57 0 0 0 57 0 0 0 57 0 0 0 57 0 0 0 57 0 0 0 57 0 0 0 57 0 0 0 57 0 0 0 57 0 0 0 57 0 0 0 57 0 0 0 57 0 0 0 57 0 0 0 57 0 0 0 57 0 0 0 57 0 0 0 57 0 0 0 57 0 0 0 57 0 0 0 57 0 0 0 57 0 0 0 57 0 0 0 57 0 0 0 57 0 0 0 57 0 0 0 57 0 0 0 57 0 0 0 57 0 0 0 57 0 0 0 57 0 0 0 57 0 0 0 57 0 0 0 57 0 0 0 57 0 0 0 57 0 0 0 57 0 0 0 57 0 0 0 57 0 0 0 57 0 0 0 57 0 0 0 57 0 0 0 57 0 0 0 57 0 0 0 57 0 0 0 57 0 0 0 57 0 0 0 57 0 0 0 57 0 0 0 57 0 0 0 57 0 0 0 57 0 0 0 57 0 0 0 57 0 0 0 57 0 0 0 57 0 0 0 57 0 0 0 57 0 0 0 57 0 0 0 56 57 0 0 57 0 0 0 57 56 0 0 57 56 0 0 56 57 0 0 56 57 0 0 56 57 0 0 57 56 0 0 56 57 0 0 56 57 0 0 56 57 0 0 56 57 0 0 56 57 0 0 56 57 0 0 56 57 0 0 56 57 0 0 56 57 0 0 56 57 0 0 57 0 0 0 57 0 0 0 57 56 0 0 56 57 0 0 57 56 0 0 56 57 0 0 56 57 0 0 57 56 0 0 56 57 0 0 56 57 0 0 57 56 0 0 57 56 0 0 57 0 0 0 57 56 0 0 56 57 0 0 57 56 0 0 57 56 0 0 57 0 0 0 57 0 0 0 57 0 0 0 57 0 0 0 57 0 0 0 57 0 0 0 57 56 0 0 57 0 0 0 57 0 0 0 57 0 0 0 57 0 0 0 57 0 0 0 57 0 0 0 57 0 0 0 57 0 0 0 57 0 0 0 57 0 0 0 57 0 0 0 57 0 0 0 57 0 0 0 57 0 0 0 57 0 0 0 57 0 0 0 57 0 0 0 57 0 0 0 57 0 0 0 57 0 0 0 57 0 0 0 57 0 0 0 57 0 0 0 57 0 0 0 57 0 0 0 57 0 0 0 57 0 0 0 57 0 0 0 57 0 0 0 57 0 0 0 57 0 0 0 57 58 0 0 57 56 0 0 57 56 0 0 57 56 0 0 57 0 0 0 57 0 0 0 57 0 0 0 57 0 0 0 57 0 0 0 57 0 0 0 57 56 0 0 57 0 0 0 57 0 0 0 57 56 0 0 57 56 0 0 57 56 0 0 57 0 0 0 56 57 0 0 56 57 0 0 56 57 0 0 57 0 0 0 57 56 0 0 56 57 0 0 56 57 0 0 56 57 0 0 57 0 0 0 56 57 0 0 56 57 0 0 56 57 0 0 57 56 0 0 57 0 0 0 57 56 0 0 57 56 0 0 57 56 0 0 57 56 0 0 57 56 0 0 57 56 0 0 57 0 0 0 57 0 0 0 57 0 0 0 57 0 0 0 57 0 0 0 57 0 0 0 57 0 0 0 57 0 0 0 57 0 0 0 57 0 0 0 57 0 0 0 57 0 0 0 57 0 0 0 57 0 0 0 57 0 0 0 57 0 0 0 57 0 0 0 57 0 0 0 57 0 0 0 57 0 0 0 57 0 0 0 57 0 0 0 57 56 0 0 57 0 0 0 57 0 0 0 57 56 0 0 57 0 0 0 57 0 0 0 57 0 0 0 57 0 0 0 57 0 0 0 57 0 0 0 57 0 0 0 57 0 0 0 57 0 0 0 57 0 0 0 57 0 0 0 57 0 0 0 57 0 0 0 57 0 0 0 57 0 0 0 57 0 0 0 57 0 0 0 57 0 0 0 57 0 0 0 57 0 0 0 57 0 0 0 58 57 0 0 57 0 0 0 58 57 0 0 58 57 0 0 57 0 0 0 58 57 0 0 58 0 0 0 57 58 0 0 57 58 0 0 57 58 0 0 58 57 0 0 57 58 0 0 58 0 0 0 58 0 0 0 58 0 0 0 58 57 0 0 58 0 0 0 58 57 0 0 58 0 0 0 58 0 0 0 58 57 0 0 58 0 0 0 58 0 0 0 58 57 0 0 58 0 0 0 58 0 0 0 58 0 0 0 58 0 0 0 58 0 0 0 58 0 0 0 58 0 0 0 58 0 0 0 58 0 0 0 58 0 0 0 58 0 0 0 58 0 0 0 58 0 0 0 58 0 0 0 58 0 0 0 58 0 0 0 58 0 0 0 58 0 0 0 58 0 0 0 58 0 0 0 58 0 0 0 58 0 0 0 58 0 0 0 58 0 0 0 58 0 0 0 58 0 0 0 58 0 0 0 58 0 0 0 58 0 0 0 58 0 0 0 58 0 0 0 58 0 0 0 58 0 0 0 58 0 0 0 58 0 0 0 58 0 0 0 58 0 0 0 58 0 0 0 58 0 0 0 58 0 0 0 58 0 0 0 58 0 0 0 58 0 0 0 58 0 0 0 58 57 0 0 58 57 0 0 58 57 0 0 58 0 0 0 57 58 0 0 58 0 0 0 58 57 0 0 58 0 0 0 58 0 0 0 58 0 0 0 58 0 0 0 58 57 0 0 58 57 0 0 58 57 0 0 58 57 0 0 58 57 0 0 57 58 0 0 57 58 0 0 57 0 0 0 57 0 0 0 57 0 0 0 57 0 0 0 57 0 0 0 57 0 0 0 57 0 0 0 57 0 0 0 57 0 0 0 57 0 0 0 57 0 0 0 57 0 0 0 57 0 0 0 57 0 0 0 57 0 0 0 57 0 0 0 57 0 0 0 57 0 0 0 57 0 0 0 57 0 0 0 57 0 0 0 57 0 0 0 57 56 0 0 57 0 0 0 57 0 0 0 57 56 0 0 57 0 0 0 57 0 0 0 57 56 0 0 57 0 0 0 57 56 0 0 57 56 0 0 57 56 0 0 57 56 0 0 57 56 0 0 57 56 0 0 56 57 0 0 56 57 0 0 56 57 0 0 56 57 0 0 57 56 0 0 56 57 0 0 56 57 0 0 56 57 0 0 57 56 0 0 56 57 0 0 56 57 0 0 57 0 0 0 57 56 0 0 57 0 0 0 57 56 0 0 57 0 0 0 57 0 0 0 57 0 0 0 56 57 0 0 56 57 0 0 56 57 0 0 57 0 0 0 57 0 0 0 57 0 0 0 57 56 0 0 57 56 0 0 57 0 0 0 57 0 0 0 57 0 0 0 57 56 0 0 57 56 0 0 57 56 0 0 57 0 0 0 57 0 0 0 57 0 0 0 57 0 0 0 57 0 0 0 57 0 0 0 57 0 0 0 57 56 0 0 57 0 0 0 57 56 0 0 56 57 0 0 56 57 0 0 56 57 0 0 57 56 0 0 56 57 0 0 56 57 0 0 57 56 0 0 57 56 0 0 57 56 0 0 57 0 0 0 57 0 0 0 57 0 0 0 57 0 0 0 57 0 0 0 57 0 0 0 57 0 0 0 57 0 0 0 57 0 0 0 57 0 0 0 57 0 0 0 57 0 0 0 57 0 0 0 57 0 0 0 57 0 0 0 57 0 0 0 57 0 0 0 57 0 0 0 57 0 0 0 57 0 0 0 57 0 0 0 57 0 0 0 57 0 0 0 57 0 0 0 57 0 0 0 57 0 0 0 57 0 0 0 57 0 0 0 57 0 0 0 57 0 0 0 57 0 0 0 57 0 0 0 57 0 0 0 57 0 0 0 58 57 0 0 57 0 0 0 58 57 0 0 58 57 0 0 58 57 0 0 58 57 0 0 58 0 0 0 58 0 0 0 58 57 0 0 58 0 0 0 58 0 0 0 58 0 0 0 58 0 0 0 58 0 0 0 58 0 0 0 58 0 0 0 58 0 0 0 58 0 0 0 57 0 0 0 58 0 0 0 57 0 0 0 58 57 0 0 57 0 0 0 58 0 0 0 58 0 0 0 58 0 0 0 58 0 0 0 58 0 0 0 58 0 0 0 58 0 0 0 58 0 0 0 58 0 0 0 58 0 0 0 58 0 0 0 58 0 0 0 58 0 0 0 58 0 0 0 58 0 0 0 58 0 0 0 58 0 0 0 58 0 0 0 58 0 0 0 58 0 0 0 58 0 0 0 58 0 0 0 58 0 0 0 58 0 0 0 58 0 0 0 58 0 0 0 58 0 0 0 58 0 0 0 58 0 0 0 58 0 0 0 58 0 0 0 58 0 0 0 58 0 0 0 58 0 0 0 58 0 0 0 58 0 0 0 58 0 0 0 58 0 0 0 58 0 0 0 58 0 0 0 58 0 0 0 58 0 0 0 58 0 0 0 58 0 0 0 58 0 0 0 58 0 0 0 58 0 0 0 58 0 0 0 58 0 0 0 58 0 0 0 58 0 0 0 58 0 0 0 58 0 0 0 58 0 0 0 58 0 0 0 58 0 0 0 58 0 0 0 58 0 0 0 58 0 0 0 58 0 0 0 58 0 0 0 58 0 0 0 57 0 0 0 57 0 0 0 57 0 0 0 57 0 0 0 57 0 0 0 57 0 0 0 57 0 0 0 57 0 0 0 57 0 0 0 57 0 0 0 57 0 0 0 55 56 0 0 55 56 0 0 55 56 0 0 55 56 0 0 55 56 0 0 55 56 0 0 55 56 0 0 55 56 0 0 55 56 0 0 55 56 0 0 55 56 0 0 55 56 0 0 55 56 0 0 55 56 0 0 55 56 0 0 55 56 0 0 55 56 0 0 55 56 0 0 55 56 0 0 55 56 0 0 55 56 0 0 55 56 0 0 55 56 0 0 55 56 0 0 55 56 0 0 55 56 0 0 55 56 0 0 55 56 0 0 55 56 0 0 55 56 0 0 55 56 0 0 55 56 0 0 55 56 0 0 55 56 0 0 55 56 0 0 55 56 0 0 55 56 0 0 55 56 0 0 55 56 0 0 55 56 0 0 55 56 0 0 55 56 0 0 55 56 0 0 55 56 0 0 55 56 0 0 55 56 0 0 55 56 0 0 55 56 0 0 55 56 0 0 55 56 0 0 55 56 0 0 55 56 0 0 55 56 0 0 55 56 0 0 55 56 0 0 55 56 0 0 55 56 0 0 55 56 0 0 55 56 0 0 55 56 0 0 55 56 0 0 55 56 0 0 55 56 0 0 55 56 0 0 55 56 0 0 55 56 0 0 56 55 0 0 56 55 0 0 56 55 0 0 56 55 0 0 56 55 0 0 56 55 0 0 56 55 0 0 56 55 0 0 56 55 0 0 56 55 0 0 56 55 0 0 56 55 0 0 56 55 0 0 56 55 0 0 56 55 0 0 56 55 0 0 56 55 0 0 56 55 0 0 56 55 0 0 56 55 0 0 56 55 0 0 56 55 0 0 56 55 0 0 56 55 0 0 56 55 0 0 56 55 0 0 56 55 0 0 56 55 0 0 56 55 0 0 56 55 0 0 56 55 0 0 56 55 0 0 56 55 0 0 56 55 0 0 56 55 0 0 56 55 0 0 56 55 0 0 56 55 0 0 56 55 0 0 56 55 0 0 56 55 0 0 56 55 0 0 56 55 0 0 56 55 0 0 56 55 0 0 56 55 0 0 56 55 0 0 56 55 0 0 56 55 0 0 56 55 0 0 56 55 0 0 56 55 0 0 56 55 0 0 56 55 0 0 56 55 0 0 56 55 0 0 56 55 0 0 56 55 0 0 56 55 0 0 56 55 0 0 56 55 0 0 56 55 0 0 56 55 0 0 56 55 0 0 56 55 0 0 56 55 0 0 56 55 0 0 56 55 0 0 56 55 0 0 56 55 0 0 56 55 0 0 56 55 0 0 56 55 0 0 56 55 0 0 56 55 0 0 56 55 0 0 56 55 0 0 56 55 0 0 56 55 0 0 56 55 0 0 56 55 0 0 56 55 0 0 56 55 0 0 56 55 0 0 56 55 0 0 56 55 0 0 56 55 0 0 56 55 0 0 56 55 0 0 56 55 0 0 56 55 0 0 56 55 0 0 56 55 0 0 56 55 0 0 56 55 0 0 56 55 0 0 56 55 0 0 56 55 0 0 56 55 0 0 56 55 0 0 56 55 0 0 56 55 0 0 56 55 0 0 56 55 0 0 56 55 0 0 56 55 0 0 56 55 0 0 56 55 0 0 56 55 0 0 56 55 0 0 56 55 0 0 56 55 0 0 56 55 0 0 56 55 0 0 56 55 0 0 56 55 0 0 56 55 0 0 56 55 0 0 56 55 0 0 56 55 0 0 56 55 0 0 56 55 0 0 56 55 0 0 56 55 0 0 56 55 0 0 56 55 0 0 56 55 0 0 56 55 0 0 56 55 0 0 56 55 0 0 56 55 0 0 56 55 0 0 55 0 0 0 55 0 0 0 55 0 0 0 55 0 0 0 55 0 0 0 55 0 0 0 55 0 0 0 55 0 0 0 55 0 0 0 55 0 0 0 55 0 0 0 55 0 0 0 55 0 0 0 55 0 0 0 55 0 0 0 55 0 0 0 55 0 0 0 55 0 0 0 55 0 0 0 55 0 0 0 55 0 0 0 55 0 0 0 55 0 0 0 55 0 0 0 55 0 0 0 55 0 0 0 55 0 0 0 55 0 0 0 55 0 0 0 55 0 0 0 55 0 0 0 55 0 0 0 55 0 0 0 55 0 0 0 55 0 0 0 55 0 0 0 55 0 0 0 55 0 0 0 55 0 0 0 55 0 0 0 55 0 0 0 55 0 0 0 55 0 0 0 55 0 0 0 55 0 0 0 55 0 0 0 55 0 0 0 55 0 0 0 55 0 0 0 55 0 0 0 55 0 0 0 55 0 0 0 55 0 0 0 55 0 0 0 55 0 0 0 55 0 0 0 55 0 0 0 55 0 0 0 55 0 0 0 55 0 0 0 55 0 0 0 55 0 0 0 55 0 0 0 55 0 0 0 55 0 0 0 55 0 0 0 56 55 0 0 56 55 0 0 56 55 0 0 56 55 0 0 60 61 0 0 60 61 0 0 60 61 0 0 60 61 0 0 60 61 0 0 60 61 0 0 60 61 0 0 60 61 0 0 60 61 0 0 60 61 0 0 60 61 0 0 60 61 0 0 60 61 0 0 60 61 0 0 60 61 0 0 60 61 0 0 60 61 0 0 60 61 0 0 60 61 0 0 60 61 0 0 60 61 0 0 60 61 0 0 60 61 0 0 60 61 0 0 60 61 0 0 60 61 0 0 60 61 0 0 60 61 0 0 60 61 0 0 60 61 0 0 60 61 0 0 60 61 0 0 60 61 0 0 60 61 0 0 60 61 0 0 60 61 0 0 60 61 0 0 60 61 0 0 60 61 0 0 60 61 0 0 60 61 0 0 60 61 0 0 60 61 0 0 60 61 0 0 60 61 0 0 60 61 0 0 60 61 0 0 60 61 0 0 60 61 0 0 60 61 0 0 60 61 0 0 60 61 0 0 60 61 0 0 60 61 0 0 60 61 0 0 60 61 0 0 60 61 0 0 60 61 0 0 60 61 0 0 60 61 0 0 60 61 0 0 60 61 0 0 60 61 0 0 60 61 0 0 60 61 0 0 60 61 0 0 61 60 0 0 61 60 0 0 61 60 0 0 61 60 0 0 61 60 0 0 61 60 0 0 61 60 0 0 61 60 0 0 61 60 0 0 61 60 0 0 61 60 0 0 61 60 0 0 61 60 0 0 61 60 0 0 61 60 0 0 61 60 0 0 61 60 0 0 61 60 0 0 61 60 0 0 61 60 0 0 61 60 0 0 61 60 0 0 61 60 0 0 61 60 0 0 61 60 0 0 61 60 0 0 61 60 0 0 61 60 0 0 61 60 0 0 61 60 0 0 61 60 0 0 61 60 0 0 61 60 0 0 61 60 0 0 61 60 0 0 61 60 0 0 61 60 0 0 61 60 0 0 61 60 0 0 61 60 0 0 61 60 0 0 61 60 0 0 61 60 0 0 61 60 0 0 61 60 0 0 61 60 0 0 61 60 0 0 61 60 0 0 61 60 0 0 61 60 0 0 61 60 0 0 61 60 0 0 61 60 0 0 61 60 0 0 61 60 0 0 61 60 0 0 61 60 0 0 61 60 0 0 61 60 0 0 61 60 0 0 61 60 0 0 61 60 0 0 61 60 0 0 61 60 0 0 61 60 0 0 61 60 0 0 61 60 0 0 61 60 0 0 61 60 0 0 61 60 0 0 61 60 0 0 61 60 0 0 61 60 0 0 61 60 0 0 61 60 0 0 61 60 0 0 61 60 0 0 61 60 0 0 61 60 0 0 61 60 0 0 61 60 0 0 61 60 0 0 61 60 0 0 61 60 0 0 61 60 0 0 61 60 0 0 61 60 0 0 61 60 0 0 61 60 0 0 61 60 0 0 61 60 0 0 61 60 0 0 61 60 0 0 61 60 0 0 61 60 0 0 61 60 0 0 61 60 0 0 61 60 0 0 61 60 0 0 61 60 0 0 61 60 0 0 61 60 0 0 61 60 0 0 61 60 0 0 61 60 0 0 61 60 0 0 61 60 0 0 61 60 0 0 61 60 0 0 61 60 0 0 61 60 0 0 61 60 0 0 61 60 0 0 61 60 0 0 61 60 0 0 61 60 0 0 61 60 0 0 61 60 0 0 61 60 0 0 61 60 0 0 61 60 0 0 61 60 0 0 61 60 0 0 61 60 0 0 61 60 0 0 61 60 0 0 61 60 0 0 61 60 0 0 61 60 0 0 61 60 0 0 61 60 0 0 61 60 0 0 60 0 0 0 60 0 0 0 60 0 0 0 60 0 0 0 60 0 0 0 60 0 0 0 60 0 0 0 60 0 0 0 60 0 0 0 60 0 0 0 60 0 0 0 60 0 0 0 60 0 0 0 60 0 0 0 60 0 0 0 60 0 0 0 60 0 0 0 60 0 0 0 60 0 0 0 60 0 0 0 60 0 0 0 60 0 0 0 60 0 0 0 60 0 0 0 60 0 0 0 60 0 0 0 60 0 0 0 60 0 0 0 60 0 0 0 60 0 0 0 60 0 0 0 60 0 0 0 60 0 0 0 60 0 0 0 60 0 0 0 60 0 0 0 60 0 0 0 60 0 0 0 60 0 0 0 60 0 0 0 60 0 0 0 60 0 0 0 60 0 0 0 60 0 0 0 60 0 0 0 60 0 0 0 60 0 0 0 60 0 0 0 60 0 0 0 60 0 0 0 60 0 0 0 60 0 0 0 60 0 0 0 60 0 0 0 60 0 0 0 60 0 0 0 60 0 0 0 60 0 0 0 60 0 0 0 60 0 0 0 60 0 0 0 60 0 0 0 60 0 0 0 60 0 0 0 60 0 0 0 60 0 0 0 61 60 0 0 61 60 0 0 61 60 0 0 61 60 0 0 0 0 0 0 0 0 0 0 0 0 0 0 0 0 0 0 0 0 0 0 0 0 0 0 0 0 0 0 0 0 0 0 0 0 0 0 0 0 0 0 0 0 0 0 0 0 0 0 0 0 0 0 0 0 0 0 0 0 0 0 0 0 0 0 0 0 0 0 0 0 0 0 0 0 0 0 0 0 0 0 0 0 0 0 0 0 0 0 0 0 0 0 0 0 0 0 0 0 0 0 0 0 0 0 0 0 0 0 0 0 0 0 0 0 0 0 0 0 0 0 0 0 0 0 0 0 0 0 0 0 0 0 0 0 0 0 0 0 0 0 0 0 0 0 0 0 0 0 0 0 0 0 0 0 0 0 0 0 0 0 0 0 0 0 0 0 0 0 10 9 27 0 10 9 0 0 10 9 11 0 10 9 27 0 10 9 27 0 10 9 11 0 10 9 11 0 10 9 11 12 10 9 27 0 10 9 27 0 10 9 27 0 10 9 11 0 10 9 11 27 10 9 27 0 10 9 27 0 10 11 12 0 10 11 9 12 10 9 11 27 11 10 12 0 11 10 12 0 10 9 27 0 10 9 27 0 10 9 11 27 10 11 12 0 10 11 9 27 10 9 27 0 11 12 10 0 11 12 10 0 12 11 10 0 10 11 12 0 11 12 10 13 10 11 12 15 12 11 10 13 12 11 10 13 12 11 10 13 12 11 13 0 12 11 10 15 12 11 10 13 12 11 13 0 12 13 11 0 12 13 11 0 12 13 11 0 10 11 12 15 12 11 10 15 12 11 13 0 10 11 9 27 12 13 11 0 12 13 11 0 12 11 13 0 12 11 13 0 12 11 13 0 12 11 13 0 13 12 11 0 12 13 11 0 12 13 11 0 12 11 13 0 12 13 11 0 12 11 13 0 12 11 0 0 12 11 0 0 12 13 11 0 12 11 0 0 12 11 10 15 12 10 15 11 13 12 11 0 13 12 11 0 13 12 0 0 12 10 15 16 10 15 12 11 12 10 15 11 13 12 0 0 13 12 0 0 13 12 0 0 13 12 0 0 13 12 11 0 10 15 12 27 13 12 11 0 13 12 11 0 13 12 11 0 13 12 0 0 13 12 0 0 13 12 0 0 13 12 0 0 13 12 0 0 13 12 0 0 13 12 0 0 13 12 0 0 13 12 0 0 13 12 0 0 13 12 0 0 13 12 0 0 13 12 0 0 9 0 0 0 9 0 0 0 9 0 0 0 9 0 0 0 9 0 0 0 9 0 0 0 9 0 0 0 9 0 0 0 9 0 0 0 9 0 0 0 9 0 0 0 9 0 0 0 9 0 0 0 9 0 0 0 9 0 0 0 9 0 0 0 9 0 0 0 9 0 0 0 9 0 0 0 9 0 0 0 9 0 0 0 9 0 0 0 9 0 0 0 9 0 0 0 9 0 0 0 9 0 0 0 9 0 0 0 9 0 0 0 9 0 0 0 9 0 0 0 9 0 0 0 9 0 0 0 9 0 0 0 9 0 0 0 9 0 0 0 9 0 0 0 9 0 0 0 9 0 0 0 9 0 0 0 9 0 0 0 9 0 0 0 9 0 0 0 9 0 0 0 9 0 0 0 9 0 0 0 9 0 0 0 9 0 0 0 9 0 0 0 9 0 0 0 9 0 0 0 9 0 0 0 9 0 0 0 9 0 0 0 9 0 0 0 9 0 0 0 9 0 0 0 9 0 0 0 9 0 0 0 9 0 0 0 9 0 0 0 9 0 0 0 9 0 0 0 9 0 0 0 9 0 0 0 9 0 0 0 9 0 0 0 9 0 0 0 9 0 0 0 9 0 0 0 9 0 0 0 9 0 0 0 9 0 0 0 9 0 0 0 9 0 0 0 9 0 0 0 9 0 0 0 9 0 0 0 9 0 0 0 9 0 0 0 9 0 0 0 9 0 0 0 9 0 0 0 9 0 0 0 9 0 0 0 9 0 0 0 9 0 0 0 9 0 0 0 9 0 0 0 9 0 0 0 9 0 0 0 9 0 0 0 9 0 0 0 9 0 0 0 9 0 0 0 9 0 0 0 9 0 0 0 9 0 0 0 9 0 0 0 9 0 0 0 9 0 0 0 9 0 0 0 9 0 0 0 9 0 0 0 9 0 0 0 9 0 0 0 9 0 0 0 9 0 0 0 9 0 0 0 9 0 0 0 9 0 0 0 9 0 0 0 9 0 0 0 9 0 0 0 9 0 0 0 9 0 0 0 9 0 0 0 9 0 0 0 9 0 0 0 9 0 0 0 9 0 0 0 9 0 0 0 9 0 0 0 9 0 0 0 9 0 0 0 9 0 0 0 9 0 0 0 9 0 0 0 9 0 0 0 9 0 0 0 9 0 0 0 9 0 0 0 9 0 0 0 9 0 0 0 9 0 0 0 9 0 0 0 9 0 0 0 9 0 0 0 9 0 0 0 9 0 0 0 9 0 0 0 9 0 0 0 9 0 0 0 9 0 0 0 9 0 0 0 9 8 0 0 9 8 0 0 9 8 0 0 9 8 0 0 9 8 0 0 8 9 7 0 9 8 0 0 9 8 0 0 8 9 7 0 8 9 7 0 8 9 7 0 8 9 7 0 8 9 7 0 9 8 0 0 9 8 0 0 8 9 7 0 8 9 7 0 9 8 0 0 9 8 0 0 8 9 7 0 8 9 7 0 9 8 0 0 9 8 0 0 8 9 7 0 8 9 7 0 9 8 0 0 9 8 0 0 8 9 7 0 8 9 7 0 9 8 0 0 9 8 0 0 8 9 7 0 8 9 7 0 9 8 7 0 9 8 0 0 8 9 7 0 8 9 7 0 9 8 0 0 9 8 0 0 8 9 7 0 8 9 7 0 9 8 0 0 9 8 0 0 8 9 7 0 8 9 7 0 8 9 0 0 8 9 7 0 8 9 7 0 8 9 7 0 8 9 7 0 8 9 0 0 8 9 7 0 8 9 7 0 8 9 0 0 8 9 0 0 8 9 7 0 8 9 7 0 8 9 0 0 8 9 0 0 8 9 7 0 8 9 7 0 8 9 0 0 8 9 0 0 8 9 7 0 8 9 7 0 8 9 7 0 8 9 0 0 8 9 7 0 8 9 7 0 8 9 0 0 8 9 0 0 8 9 7 0 8 9 7 0 8 9 0 0 9 8 0 0 8 9 7 0 8 9 7 0 8 9 0 0 9 8 0 0 8 9 7 0 8 9 7 0 9 8 0 0 9 8 0 0 8 9 7 0 8 9 7 0 9 8 0 0 9 8 0 0 9 8 0 0 8 9 7 0 8 9 7 0 8 9 7 0 8 9 7 0 8 0 0 0 8 0 0 0 8 0 0 0 8 0 0 0 8 0 0 0 8 0 0 0 8 0 0 0 8 0 0 0 8 0 0 0 8 0 0 0 8 0 0 0 8 0 0 0 8 0 0 0 8 0 0 0 8 0 0 0 8 0 0 0 8 0 0 0 8 0 0 0 8 0 0 0 8 0 0 0 8 0 0 0 8 0 0 0 8 0 0 0 8 0 0 0 8 0 0 0 8 0 0 0 8 0 0 0 8 0 0 0 8 0 0 0 8 0 0 0 8 0 0 0 8 0 0 0 8 0 0 0 8 0 0 0 8 0 0 0 8 0 0 0 8 0 0 0 8 0 0 0 8 0 0 0 8 0 0 0 8 0 0 0 8 0 0 0 8 0 0 0 8 0 0 0 8 0 0 0 8 0 0 0 8 0 0 0 8 0 0 0 8 0 0 0 8 0 0 0 8 0 0 0 8 0 0 0 8 0 0 0 8 0 0 0 8 0 0 0 8 0 0 0 8 0 0 0 8 0 0 0 8 0 0 0 8 0 0 0 8 0 0 0 8 0 0 0 8 0 0 0 8 0 0 0 8 0 0 0 8 0 0 0 8 0 0 0 8 0 0 0 8 0 0 0 8 0 0 0 8 0 0 0 8 0 0 0 8 0 0 0 8 0 0 0 8 0 0 0 8 0 0 0 8 0 0 0 8 0 0 0 8 0 0 0 8 0 0 0 8 0 0 0 8 0 0 0 8 0 0 0 8 0 0 0 8 0 0 0 8 0 0 0 8 0 0 0 8 0 0 0 8 0 0 0 8 0 0 0 8 0 0 0 8 0 0 0 8 0 0 0 8 0 0 0 8 0 0 0 8 0 0 0 8 0 0 0 8 0 0 0 8 0 0 0 8 0 0 0 8 0 0 0 8 0 0 0 8 0 0 0 8 0 0 0 8 0 0 0 8 0 0 0 8 0 0 0 8 0 0 0 8 0 0 0 8 0 0 0 8 0 0 0 8 0 0 0 8 0 0 0 8 0 0 0 8 0 0 0 8 0 0 0 8 0 0 0 8 0 0 0 8 0 0 0 8 0 0 0 8 0 0 0 8 0 0 0 8 0 0 0 8 0 0 0 8 0 0 0 8 0 0 0 8 0 0 0 8 0 0 0 8 0 0 0 8 0 0 0 8 0 0 0 8 0 0 0 8 0 0 0 8 0 0 0 8 0 0 0 8 0 0 0 8 0 0 0 8 0 0 0 8 0 0 0 8 0 0 0 8 7 3 0 8 7 3 0 8 7 3 0 8 7 3 0 8 7 3 0 8 7 3 0 8 7 3 0 8 7 3 0 8 7 3 0 8 7 3 0 8 7 3 0 8 7 3 0 8 7 3 0 8 7 3 0 8 7 3 0 8 7 3 0 8 7 3 0 8 7 3 0 8 7 3 0 8 7 3 0 8 7 3 0 8 7 3 0 8 7 3 0 8 7 3 0 8 7 3 0 8 7 3 0 8 7 3 0 8 7 3 0 8 7 3 0 8 7 3 0 8 7 3 0 8 7 3 0 8 7 3 0 8 7 3 0 8 7 3 0 8 7 3 0 8 7 3 0 8 7 3 0 8 7 3 0 8 7 3 0 8 7 3 0 8 7 3 0 8 7 3 0 8 7 3 0 8 7 3 0 8 7 3 0 8 7 3 0 8 7 3 0 8 7 3 0 8 7 3 0 8 7 3 0 8 7 3 0 8 7 3 0 8 7 3 0 8 7 3 0 8 7 3 0 8 7 3 0 8 7 3 0 8 7 3 0 8 7 3 0 8 7 3 0 8 7 3 0 8 7 3 0 8 7 3 0 8 7 3 0 8 7 3 0 8 7 3 0 8 7 3 0 8 7 3 0 8 7 3 0 8 7 3 0 8 7 3 0 8 7 3 0 8 7 3 0 8 7 3 0 8 7 3 0 8 7 3 0 8 7 3 0 8 7 3 0 8 7 3 0 8 7 3 0 8 7 3 0 8 7 3 0 8 7 3 0 8 7 3 0 8 7 3 0 8 7 3 0 8 7 3 0 8 7 3 0 8 7 3 0 8 7 3 0 8 7 3 0 8 7 3 0 8 7 3 0 8 7 3 0 8 7 3 0 8 7 3 0 8 7 3 0 8 7 3 0 8 7 3 0 8 7 3 0 8 7 3 0 8 7 3 0 8 7 3 0 8 7 3 0 8 7 3 0 8 7 3 0 8 7 3 0 8 7 3 0 8 7 3 0 8 7 3 0 8 7 3 0 8 7 3 0 8 7 3 0 8 7 3 0 8 7 3 0 8 7 3 0 8 7 3 0 8 7 3 0 8 7 3 0 8 7 3 0 8 7 3 0 8 7 3 0 8 7 3 0 8 7 3 0 8 7 3 0 8 7 3 0 8 7 3 0 8 7 3 0 8 7 3 0 8 7 3 0 8 7 3 0 8 7 3 0 8 7 3 0 8 7 3 0 8 7 3 0 8 7 3 0 8 7 3 0 8 7 3 0 8 7 3 0 8 7 3 0 8 7 3 0 8 7 3 0 8 7 3 0 8 7 3 0 8 7 3 0 8 7 3 0 8 7 3 0 8 7 3 0 8 7 3 0 8 7 3 0 8 7 3 0 8 7 3 0 8 7 3 0 8 7 3 0 8 7 3 0 8 7 3 0 8 7 3 0 8 7 3 0 8 7 3 0 8 7 3 0 8 7 3 0 8 7 3 0 8 7 3 0 8 7 3 0 34 33 35 0 34 33 0 0 34 33 51 0 34 33 51 0 34 33 51 0 34 33 35 0 34 33 35 0 34 33 35 36 34 33 51 0 34 33 51 0 34 33 51 0 34 33 35 0 34 33 35 51 34 33 51 0 34 33 51 0 34 35 36 0 34 35 33 36 34 33 35 51 35 34 36 0 35 34 36 0 34 33 51 0 34 33 51 0 34 33 35 51 34 35 36 0 34 35 33 51 34 33 51 0 35 36 34 0 35 36 34 0 36 35 34 0 34 35 36 0 35 36 34 37 34 35 36 39 36 35 34 37 36 35 34 37 36 35 34 37 36 35 37 0 36 35 34 39 36 35 34 37 36 35 37 0 36 37 35 0 36 37 35 0 36 37 35 0 34 35 36 39 36 35 34 39 36 35 37 0 34 35 33 51 36 37 35 0 36 37 35 0 36 35 37 0 36 35 37 0 36 35 37 0 36 35 37 0 37 36 35 0 36 37 35 0 36 37 35 0 36 35 37 0 36 37 35 0 36 35 37 0 36 35 0 0 36 35 0 0 36 37 35 0 36 35 0 0 36 35 34 39 36 34 39 35 37 36 35 0 37 36 35 0 37 36 0 0 36 34 39 40 34 39 36 35 36 34 39 35 37 36 0 0 37 36 0 0 37 36 0 0 37 36 0 0 37 36 35 0 34 39 36 51 37 36 35 0 37 36 35 0 37 36 35 0 37 36 0 0 37 36 0 0 37 36 0 0 37 36 0 0 37 36 0 0 37 36 0 0 37 36 0 0 37 36 0 0 37 36 0 0 37 36 0 0 37 36 0 0 37 36 0 0 37 36 0 0 33 0 0 0 33 0 0 0 33 0 0 0 33 0 0 0 33 0 0 0 33 0 0 0 33 0 0 0 33 0 0 0 33 0 0 0 33 0 0 0 33 0 0 0 33 0 0 0 33 0 0 0 33 0 0 0 33 0 0 0 33 0 0 0 33 0 0 0 33 0 0 0 33 0 0 0 33 0 0 0 33 0 0 0 33 0 0 0 33 0 0 0 33 0 0 0 33 0 0 0 33 0 0 0 33 0 0 0 33 0 0 0 33 0 0 0 33 0 0 0 33 0 0 0 33 0 0 0 33 0 0 0 33 0 0 0 33 0 0 0 33 0 0 0 33 0 0 0 33 0 0 0 33 0 0 0 33 0 0 0 33 0 0 0 33 0 0 0 33 0 0 0 33 0 0 0 33 0 0 0 33 0 0 0 33 0 0 0 33 0 0 0 33 0 0 0 33 0 0 0 33 0 0 0 33 0 0 0 33 0 0 0 33 0 0 0 33 0 0 0 33 0 0 0 33 0 0 0 33 0 0 0 33 0 0 0 33 0 0 0 33 0 0 0 33 0 0 0 33 0 0 0 33 0 0 0 33 0 0 0 33 0 0 0 33 0 0 0 33 0 0 0 33 0 0 0 33 0 0 0 33 0 0 0 33 0 0 0 33 0 0 0 33 0 0 0 33 0 0 0 33 0 0 0 33 0 0 0 33 0 0 0 33 0 0 0 33 0 0 0 33 0 0 0 33 0 0 0 33 0 0 0 33 0 0 0 33 0 0 0 33 0 0 0 33 0 0 0 33 0 0 0 33 0 0 0 33 0 0 0 33 0 0 0 33 0 0 0 33 0 0 0 33 0 0 0 33 0 0 0 33 0 0 0 33 0 0 0 33 0 0 0 33 0 0 0 33 0 0 0 33 0 0 0 33 0 0 0 33 0 0 0 33 0 0 0 33 0 0 0 33 0 0 0 33 0 0 0 33 0 0 0 33 0 0 0 33 0 0 0 33 0 0 0 33 0 0 0 33 0 0 0 33 0 0 0 33 0 0 0 33 0 0 0 33 0 0 0 33 0 0 0 33 0 0 0 33 0 0 0 33 0 0 0 33 0 0 0 33 0 0 0 33 0 0 0 33 0 0 0 33 0 0 0 33 0 0 0 33 0 0 0 33 0 0 0 33 0 0 0 33 0 0 0 33 0 0 0 33 0 0 0 33 0 0 0 33 0 0 0 33 0 0 0 33 0 0 0 33 0 0 0 33 0 0 0 33 0 0 0 33 0 0 0 33 0 0 0 33 0 0 0 33 0 0 0 33 32 0 0 33 32 0 0 33 32 0 0 33 32 0 0 32 33 31 0 33 32 0 0 32 33 31 0 32 33 31 0 32 33 31 0 33 32 0 0 33 32 0 0 32 33 31 0 32 33 31 0 33 32 0 0 33 32 0 0 32 33 31 0 32 33 31 0 33 32 0 0 33 32 0 0 32 33 31 0 32 33 31 0 33 32 0 0 33 32 0 0 32 33 31 0 32 33 31 0 33 32 0 0 33 32 0 0 32 33 31 0 32 33 31 0 33 32 0 0 33 32 0 0 32 33 31 0 32 33 31 0 33 32 31 0 33 32 0 0 32 33 31 0 32 33 31 0 33 32 0 0 33 32 0 0 32 33 31 0 32 33 31 0 33 32 0 0 33 32 0 0 32 33 31 0 32 33 31 0 32 33 0 0 32 33 31 0 32 33 31 0 32 33 31 0 32 33 31 0 32 33 0 0 32 33 31 0 32 33 31 0 32 33 0 0 32 33 0 0 32 33 31 0 32 33 31 0 32 33 0 0 32 33 0 0 32 33 31 0 32 33 31 0 32 33 0 0 32 33 0 0 32 33 31 0 32 33 31 0 32 33 31 0 32 33 0 0 32 33 31 0 32 33 31 0 32 33 0 0 32 33 0 0 32 33 31 0 32 33 31 0 32 33 0 0 33 32 0 0 32 33 31 0 32 33 31 0 32 33 0 0 33 32 0 0 32 33 31 0 32 33 31 0 33 32 0 0 33 32 0 0 32 33 31 0 32 33 31 0 33 32 0 0 33 32 0 0 33 32 0 0 32 33 31 0 32 33 31 0 32 33 31 0 32 33 31 0 32 0 0 0 32 0 0 0 32 0 0 0 32 0 0 0 32 0 0 0 32 0 0 0 32 0 0 0 32 0 0 0 32 0 0 0 32 0 0 0 32 0 0 0 32 0 0 0 32 0 0 0 32 0 0 0 32 0 0 0 32 0 0 0 32 0 0 0 32 0 0 0 32 0 0 0 32 0 0 0 32 0 0 0 32 0 0 0 32 0 0 0 32 0 0 0 32 0 0 0 32 0 0 0 32 0 0 0 32 0 0 0 32 0 0 0 32 0 0 0 32 0 0 0 32 0 0 0 32 0 0 0 32 0 0 0 32 0 0 0 32 0 0 0 32 0 0 0 32 0 0 0 32 0 0 0 32 0 0 0 32 0 0 0 32 0 0 0 32 0 0 0 32 0 0 0 32 0 0 0 32 0 0 0 32 0 0 0 32 0 0 0 32 0 0 0 32 0 0 0 32 0 0 0 32 0 0 0 32 0 0 0 32 0 0 0 32 0 0 0 32 0 0 0 32 0 0 0 32 0 0 0 32 0 0 0 32 0 0 0 32 0 0 0 32 0 0 0 32 0 0 0 32 0 0 0 32 0 0 0 32 0 0 0 32 0 0 0 32 0 0 0 32 0 0 0 32 0 0 0 32 0 0 0 32 0 0 0 32 0 0 0 32 0 0 0 32 0 0 0 32 0 0 0 32 0 0 0 32 0 0 0 32 0 0 0 32 0 0 0 32 0 0 0 32 0 0 0 32 0 0 0 32 0 0 0 32 0 0 0 32 0 0 0 32 0 0 0 32 0 0 0 32 0 0 0 32 0 0 0 32 0 0 0 32 0 0 0 32 0 0 0 32 0 0 0 32 0 0 0 32 0 0 0 32 0 0 0 32 0 0 0 32 0 0 0 32 0 0 0 32 0 0 0 32 0 0 0 32 0 0 0 32 0 0 0 32 0 0 0 32 0 0 0 32 0 0 0 32 0 0 0 32 0 0 0 32 0 0 0 32 0 0 0 32 0 0 0 32 0 0 0 32 0 0 0 32 0 0 0 32 0 0 0 32 0 0 0 32 0 0 0 32 0 0 0 32 0 0 0 32 0 0 0 32 0 0 0 32 0 0 0 32 0 0 0 32 0 0 0 32 0 0 0 32 0 0 0 32 0 0 0 32 0 0 0 32 0 0 0 32 0 0 0 32 0 0 0 32 0 0 0 32 0 0 0 32 0 0 0 32 0 0 0 32 0 0 0 32 0 0 0 32 0 0 0 32 0 0 0 32 31 3 0 32 31 3 0 32 31 3 0 32 31 3 0 32 31 3 0 32 31 3 0 32 31 3 0 32 31 3 0 32 31 3 0 32 31 3 0 32 31 3 0 32 31 3 0 32 31 3 0 32 31 3 0 32 31 3 0 32 31 3 0 32 31 3 0 32 31 3 0 32 31 3 0 32 31 3 0 32 31 3 0 32 31 3 0 32 31 3 0 32 31 3 0 32 31 3 0 32 31 3 0 32 31 3 0 32 31 3 0 32 31 3 0 32 31 3 0 32 31 3 0 32 31 3 0 32 31 3 0 32 31 3 0 32 31 3 0 32 31 3 0 32 31 3 0 32 31 3 0 32 31 3 0 32 31 3 0 32 31 3 0 32 31 3 0 32 31 3 0 32 31 3 0 32 31 3 0 32 31 3 0 32 31 3 0 32 31 3 0 32 31 3 0 32 31 3 0 32 31 3 0 32 31 3 0 32 31 3 0 32 31 3 0 32 31 3 0 32 31 3 0 32 31 3 0 32 31 3 0 32 31 3 0 32 31 3 0 32 31 3 0 32 31 3 0 32 31 3 0 32 31 3 0 32 31 3 0 32 31 3 0 32 31 3 0 32 31 3 0 32 31 3 0 32 31 3 0 32 31 3 0 32 31 3 0 32 31 3 0 32 31 3 0 32 31 3 0 32 31 3 0 32 31 3 0 32 31 3 0 32 31 3 0 32 31 3 0 32 31 3 0 32 31 3 0 32 31 3 0 32 31 3 0 32 31 3 0 32 31 3 0 32 31 3 0 32 31 3 0 32 31 3 0 32 31 3 0 32 31 3 0 32 31 3 0 32 31 3 0 32 31 3 0 32 31 3 0 32 31 3 0 32 31 3 0 32 31 3 0 32 31 3 0 32 31 3 0 32 31 3 0 32 31 3 0 32 31 3 0 32 31 3 0 32 31 3 0 32 31 3 0 32 31 3 0 32 31 3 0 32 31 3 0 32 31 3 0 32 31 3 0 32 31 3 0 32 31 3 0 32 31 3 0 32 31 3 0 32 31 3 0 32 31 3 0 32 31 3 0 32 31 3 0 32 31 3 0 32 31 3 0 32 31 3 0 32 31 3 0 32 31 3 0 32 31 3 0 32 31 3 0 32 31 3 0 32 31 3 0 32 31 3 0 32 31 3 0 32 31 3 0 32 31 3 0 32 31 3 0 32 31 3 0 32 31 3 0 32 31 3 0 32 31 3 0 32 31 3 0 32 31 3 0 32 31 3 0 32 31 3 0 32 31 3 0 32 31 3 0 32 31 3 0 32 31 3 0 32 31 3 0 32 31 3 0 32 31 3 0 32 31 3 0 32 31 3 0 32 31 3 0 32 31 3 0 32 31 3 0 32 31 3 0 32 31 3 0 32 31 3 0 32 31 3 0 32 31 3 0 32 31 3 0 32 31 3 0 32 31 3 0 32 31 3 0 32 31 3 0 32 31 3 0 32 31 3 0 3 31 32 0 3 31 0 0 3 31 0 0 3 31 32 0 3 31 32 0 3 31 32 0 3 31 32 0 3 31 32 5 3 31 5 32 3 31 32 5 3 31 5 32 3 31 32 5 3 31 5 4 3 31 32 0 3 31 5 4 3 31 32 0 3 31 4 5 3 31 32 0 3 31 4 5 3 31 32 0 3 31 4 5 3 7 8 0 3 7 8 0 3 7 8 0 3 7 8 0 3 7 8 0 3 7 0 0 3 7 0 0 3 7 5 8 3 7 8 5 3 7 5 8 3 7 8 5 3 7 5 4 3 7 8 5 3 7 5 4 3 7 8 0 3 7 4 5 3 7 8 0 3 7 4 5 3 7 8 0 3 7 4 5 3 7 8 0 3 7 8 0 3 7 8 0 3 7 8 0 3 7 8 0 3 7 8 0 3 7 8 0 3 7 8 0 3 7 8 0 3 7 0 0 3 7 8 0 3 7 0 0 3 7 0 0 3 7 0 0 3 7 0 0 3 7 0 0 3 7 0 0 3 7 0 0 3 7 8 0 3 7 5 0 3 7 0 0 3 7 0 0 3 7 0 0 3 7 8 0 3 7 5 4 3 7 8 5 3 7 5 4 3 7 5 0 3 7 5 8 3 7 8 0 3 7 5 8 3 7 5 4 3 7 5 4 3 7 5 4 3 7 8 5 3 7 8 0 3 7 5 4 3 7 5 8 3 7 8 5 3 7 8 0 3 7 8 5 3 5 4 7 3 7 5 4 3 7 5 4 3 7 8 5 3 7 8 0 3 7 8 5 3 5 4 7 3 7 4 5 3 7 5 4 3 7 5 4 3 7 8 5 3 7 8 5 3 7 8 5 3 7 8 0 3 4 5 7 3 7 4 5 3 7 4 5 3 7 4 5 3 7 0 0 3 7 8 0 3 7 8 0 3 7 8 0 3 7 0 0 3 7 4 5 3 4 5 7 3 7 8 0 3 7 8 0 3 7 8 0 3 4 5 7 3 7 4 5 3 7 0 0 3 7 0 0 3 7 0 0 7 3 8 0 3 7 8 0 3 7 8 0 3 7 4 5 7 3 8 0 7 3 8 0 3 7 8 0 3 4 7 5 3 7 8 0 3 7 8 0 7 3 8 0 3 7 8 0 3 7 8 0 3 4 7 0 3 4 0 0 3 0 0 0 3 7 8 0 3 7 8 0 3 7 8 0 3 7 8 0 3 4 7 0 3 7 0 0 3 4 7 0 3 7 0 0 3 7 0 0 3 7 8 0 3 7 8 0 3 4 0 0 3 0 0 0 3 4 5 0 3 0 0 0 3 0 0 0 3 4 0 0 3 7 0 0 3 4 0 0 3 0 0 0 3 4 0 0 3 31 0 0 3 4 5 0 3 4 0 0 3 0 0 0 3 4 31 0 3 4 31 0 3 4 31 0 3 31 0 0 3 31 0 0 3 4 31 5 3 4 5 31 3 31 4 5 3 31 4 5 3 0 0 0 3 0 0 0 3 0 0 0 3 0 0 0 3 0 0 0 3 31 0 0 3 0 0 0 3 7 0 0 3 31 0 0 3 31 0 0 3 0 0 0 3 7 0 0 3 7 0 0 3 0 0 0 3 7 8 0 3 0 0 0 3 7 0 0 3 7 8 0 3 7 8 0 3 7 8 0 3 7 8 0 3 7 8 0 3 7 8 0 3 7 0 0 3 7 8 0 3 7 8 0 3 7 8 0 3 7 8 0 3 7 2 8 3 7 2 8 3 7 2 8 3 7 2 8 3 7 2 8 3 2 7 8 3 7 0 0 3 7 2 8 3 7 2 8 3 7 2 8 2 3 7 8 2 7 3 8 3 7 2 8 3 7 0 0 3 2 7 0 3 7 0 0 3 0 0 0 3 0 0 0 3 0 0 0 3 0 0 0 3 7 2 0 3 0 0 0 3 2 0 0 3 0 0 0 3 2 0 0 3 0 0 0 3 0 0 0 3 31 0 0 3 0 0 0 3 2 0 0 3 2 0 0 3 31 0 0 3 31 32 0 3 2 0 0 3 2 0 0 3 2 7 0 3 2 7 0 3 2 7 0 2 3 7 8 3 2 7 0 3 2 7 1 3 2 7 0 3 2 0 0 2 3 7 8 2 7 3 8 2 7 3 8 2 7 3 8 2 3 7 1 2 3 7 1 2 7 3 8 2 7 3 8 2 7 3 8 2 7 3 8 2 7 3 8 2 7 3 8 2 7 3 8 2 7 3 8 2 7 3 8 2 7 3 8 2 7 3 8 2 7 3 8 2 7 3 8 2 7 3 8 2 7 3 0 2 7 3 8 2 7 3 0 2 7 3 1 2 7 3 0 2 7 3 8 2 7 3 8 2 3 7 1 2 1 3 7 2 3 7 1 2 7 3 0 2 3 1 7 2 1 3 7 2 3 1 7 2 1 3 7 2 1 3 0 2 7 3 8 2 7 3 0 2 7 3 1 2 7 3 1 2 7 3 1 2 1 3 7 2 1 3 7 2 7 3 8 2 7 3 8 2 7 3 8 2 7 3 0 2 7 3 0 2 7 3 1 2 7 3 0 2 7 3 0 2 7 3 1 2 3 7 1 2 3 7 1 2 3 7 1 2 3 7 1 2 3 7 1 2 7 3 1 2 3 7 1 3 2 7 1 2 3 7 1 3 2 1 0 2 3 7 1 3 2 7 1 3 2 1 0 3 2 1 0 2 3 7 1 2 3 7 1 2 3 1 0 2 3 7 1 2 3 7 1 2 3 7 1 2 3 7 1 2 3 7 1 2 3 7 1 2 7 3 1 2 7 3 1 2 7 3 1 2 3 7 1 2 3 7 1 2 1 3 7 2 1 3 7 2 1 3 7 2 1 3 7 2 1 3 7 2 1 3 7 2 1 3 7 2 1 3 7 2 1 3 0 2 3 1 7 2 1 3 7 2 1 3 7 2 1 3 0 2 1 3 0 2 1 3 0 2 3 1 7 2 1 3 0 2 1 3 0 2 1 3 0 1 2 3 0 1 2 3 0 2 3 1 7 2 3 1 7 1 2 3 0 1 2 3 0 1 2 3 0 1 2 3 0 2 3 1 7 1 2 3 0 1 2 3 0 1 2 3 0 1 2 3 0 1 2 3 0 1 2 3 0 1 2 3 0 1 2 3 0 1 2 0 3 1 2 3 0 1 2 3 0 1 2 0 3 1 2 3 0 1 2 3 0 1 2 0 3 1 2 3 0 1 2 3 0 1 2 0 3 1 2 3 0 1 2 3 0 1 2 3 0 1 2 3 0 2 1 3 0 2 1 3 0 2 1 3 0 1 2 3 0 2 1 3 0 1 2 3 0 1 2 3 0 1 2 3 0 1 2 3 0 2 1 3 0 2 1 3 0 1 2 3 0 2 1 3 0 1 2 3 0 2 1 3 0 1 2 3 0 1 2 3 0 2 1 3 0 2 1 3 0 2 1 3 0 2 1 3 0 2 1 3 0 2 1 3 0 2 1 3 7 2 1 3 7 2 1 3 7 2 1 3 7 2 1 3 7 2 1 3 7 2 1 3 7 2 1 3 0 2 1 3 7 2 1 3 0 2 3 1 7 2 1 3 0 2 1 3 0 2 1 3 0 2 3 1 0 1 2 3 0 2 3 1 0 2 1 3 0 2 1 3 0 2 3 1 0 2 3 1 0 2 3 1 0 2 3 1 0 2 3 1 0 2 3 1 0 2 3 1 0 2 3 1 0 1 2 3 0 1 2 3 0 2 3 1 0 3 2 1 0 3 2 1 0 3 2 1 0 3 2 0 0 1 2 3 0 1 2 3 0 1 2 3 0 1 2 3 0 1 2 3 0 1 2 3 0 1 2 3 0 1 2 3 0 1 2 0 3 3 2 0 0 3 2 0 0 3 2 0 0 3 2 1 0 3 2 0 0 3 2 0 0 1 2 3 0 3 2 0 0 3 2 1 0 3 2 0 0 3 2 31 0 3 31 2 0 3 2 1 0 3 31 0 0 3 31 0 0 3 31 32 0 3 2 1 0 3 2 31 0 3 2 1 0 3 2 31 0 3 2 31 0 3 31 0 0 3 2 31 32 3 2 31 0 3 2 31 1 3 2 1 0 3 31 32 0 3 31 2 32 3 2 1 0 3 2 31 0 3 2 31 1 3 2 1 0 2 3 31 32 2 3 1 0 3 2 31 1 2 3 31 1 2 3 1 0 2 3 31 1 2 3 31 1 2 3 31 32 2 3 31 1 3 31 2 32 2 31 3 32 2 3 31 1 2 3 31 1 2 31 3 32 2 31 3 32 2 31 3 32 2 3 1 0 2 3 1 0 2 3 31 1 2 3 31 1 2 3 31 1 2 3 31 1 2 3 31 1 2 3 31 1 2 31 3 1 2 3 31 1 2 3 31 1 2 3 1 0 2 3 1 31 2 3 1 31 2 3 1 0 2 3 31 1 2 3 31 1 2 31 3 1 2 31 3 1 2 31 3 0 2 31 3 0 2 3 1 31 2 31 3 0 2 31 3 0 2 31 3 32 2 31 3 0 2 31 3 1 2 31 3 1 2 3 31 1 2 3 31 1 2 31 3 1 2 31 3 1 2 31 3 1 2 3 31 1 2 1 3 31 2 3 31 1 2 1 3 31 2 1 3 31 2 1 3 31 2 1 3 31 2 1 3 31 2 3 1 31 2 1 3 31 2 3 1 31 2 3 1 31 2 3 1 0 2 3 1 0 2 1 3 31 2 1 3 31 2 1 3 0 2 1 3 0 2 1 3 31 2 3 1 0 2 3 1 0 2 3 1 0 2 3 1 0 3 2 1 0 3 2 1 0 2 3 1 0 2 3 1 0 3 2 1 0 3 2 1 0 2 3 1 0 2 3 1 0 2 3 1 0 2 3 1 0 2 1 3 0 2 1 3 0 1 2 3 0 1 2 3 0 2 1 3 0 1 2 3 0 1 2 3 0 2 1 3 0 2 1 3 0 1 2 3 0 1 2 3 0 1 2 0 3 2 1 3 31 1 2 3 0 1 2 3 0 1 2 0 3 2 1 3 0 2 1 3 0 2 1 3 31 1 2 3 0 1 2 0 3 1 2 3 0 2 1 3 0 2 1 3 0 1 2 3 0 1 2 3 0 1 2 3 0 2 1 3 0 2 1 3 0 1 2 3 0 1 2 0 3 1 2 3 0 1 2 3 0 1 2 3 0 2 1 3 0 1 2 3 0 1 2 3 0 1 2 3 0 1 2 3 0 1 2 3 0 1 2 3 0 1 2 3 0 2 1 3 0 1 2 3 0 1 2 3 0 2 1 3 0 2 1 3 31 1 2 3 0 1 2 3 0 2 1 3 31 2 1 3 31 2 1 3 0 1 2 3 0 2 1 3 0 2 1 3 31 2 1 3 0 2 1 3 0 2 1 3 0 1 2 3 0 2 1 3 0 2 1 3 0 1 2 3 0 2 1 3 31 2 1 3 0 1 2 3 0 1 2 3 0 2 1 3 0 2 1 3 0 2 1 3 0 2 1 3 0 2 1 3 0 2 1 3 0 2 1 3 31 2 1 3 31 2 1 3 0 2 1 3 31 2 3 1 31 2 1 3 31 2 1 3 31 2 1 3 31 2 3 31 1 2 31 3 1 2 3 1 31 2 31 3 1 2 31 3 0 2 31 3 0 2 3 31 1 2 31 3 0 2 31 3 32 2 31 3 32 2 31 3 32 2 31 3 0 2 31 3 32 2 31 3 32 2 31 3 32 2 31 3 32 2 31 3 32 2 31 3 32 2 31 3 32 2 31 3 32 2 31 3 32 2 31 3 32 2 31 3 32 2 31 3 32 2 31 3 32 2 31 3 32 2 31 3 32 2 31 3 32 2 31 3 32 3 31 2 32 2 3 31 32 3 31 2 32 3 31 2 32 3 31 2 32 3 31 2 32 3 31 2 32 3 31 2 32 3 31 32 0 3 31 32 0 3 31 32 0 3 31 32 0 3 31 32 0 3 31 32 0 3 31 32 0 3 31 32 0 3 31 32 0 3 31 32 0 3 31 32 0 3 31 32 0 3 31 32 0 3 31 32 0 3 31 32 0 3 31 32 0 3 31 32 0 31 3 32 0 3 31 32 0 3 31 32 0 31 3 32 0 3 31 32 0 3 31 32 0 3 31 32 0 31 3 32 0 3 31 0 0 31 3 32 0 3 31 32 0 3 31 32 0 3 31 0 0 3 31 0 0 3 31 32 0 3 31 32 0 3 31 32 0 3 31 32 5 3 31 32 5 3 31 32 5 3 31 0 0 3 31 4 5 3 31 32 0 3 31 32 0 3 31 32 5 3 31 0 0 3 31 4 5 3 4 5 31 3 4 5 31 3 31 4 5 3 31 4 5 3 31 4 5 3 5 4 31 3 31 5 4 3 31 0 0 3 31 5 4 3 5 4 31 3 31 5 4 3 31 32 5 3 31 5 4 3 31 5 4 3 31 5 4 3 31 32 5 3 31 5 4 3 31 5 32 3 31 5 32 3 31 5 4 3 31 32 5 3 31 32 0 3 31 32 0 3 31 32 5 3 31 32 0 3 31 32 5 3 31 5 4 3 31 5 32 3 31 5 4 3 31 5 0 3 31 32 0 3 31 0 0 3 31 32 0 3 31 0 0 3 31 5 0 3 31 0 0 3 31 32 0 3 31 0 0 3 31 0 0 3 31 0 0 3 31 32 0 3 31 0 0 3 31 0 0 3 31 32 0 3 31 0 0 3 31 32 0 3 31 0 0 3 31 0 0 3 31 32 0 3 31 32 0 3 31 32 0 3 31 32 0 3 31 32 0 55 56 0 0 55 56 0 0 55 56 0 0 55 56 0 0 55 56 0 0 55 56 0 0 55 56 0 0 55 56 0 0 55 56 0 0 55 56 0 0 55 56 0 0 55 56 0 0 55 56 0 0 55 56 0 0 55 56 0 0 55 56 0 0 55 56 0 0 55 56 0 0 55 56 0 0 55 56 0 0 55 56 0 0 55 56 0 0 55 56 0 0 55 56 0 0 55 56 0 0 55 56 0 0 55 56 0 0 55 56 0 0 55 56 0 0 55 56 0 0 55 56 0 0 55 56 0 0 55 56 0 0 55 56 0 0 55 56 0 0 55 56 0 0 55 56 0 0 55 56 0 0 55 56 0 0 55 56 0 0 55 56 0 0 55 56 0 0 55 56 0 0 55 56 0 0 55 56 0 0 55 56 0 0 55 56 0 0 55 56 0 0 55 56 0 0 55 56 0 0 55 56 0 0 55 56 0 0 55 56 0 0 55 56 0 0 55 56 0 0 55 56 0 0 55 56 0 0 55 56 0 0 55 56 0 0 55 56 0 0 55 56 0 0 56 55 0 0 55 56 0 0 55 56 0 0 55 56 0 0 56 55 0 0 55 56 0 0 55 56 0 0 55 56 0 0 55 56 0 0 55 56 0 0 55 56 0 0 55 56 0 0 55 56 0 0 55 56 0 0 55 56 0 0 55 56 0 0 55 56 0 0 55 56 0 0 55 56 0 0 56 55 0 0 55 56 0 0 56 55 0 0 55 56 0 0 55 56 0 0 55 56 0 0 55 56 0 0 55 56 0 0 55 56 0 0 55 56 0 0 55 56 0 0 55 56 0 0 55 56 0 0 55 56 0 0 55 56 0 0 55 56 0 0 55 56 0 0 55 56 0 0 55 56 0 0 55 56 0 0 55 56 0 0 55 56 0 0 55 56 0 0 55 56 0 0 55 56 0 0 55 56 0 0 55 56 0 0 55 56 0 0 55 56 0 0 55 56 0 0 56 55 0 0 55 56 0 0 56 55 0 0 56 55 0 0 56 55 0 0 56 55 0 0 55 56 0 0 55 56 0 0 55 56 0 0 55 56 0 0 55 56 0 0 55 56 0 0 55 56 0 0 55 56 0 0 55 56 0 0 55 56 0 0 55 56 0 0 55 56 0 0 55 56 0 0 55 56 0 0 55 56 0 0 55 56 0 0 55 56 0 0 55 56 0 0 55 56 0 0 55 56 0 0 55 56 0 0 55 56 0 0 55 56 0 0 55 56 0 0 55 56 0 0 55 56 0 0 55 56 0 0 55 56 0 0 55 56 0 0 55 56 0 0 55 56 0 0 55 56 0 0 55 56 0 0 55 56 0 0 55 56 0 0 55 56 0 0 55 56 0 0 55 56 0 0 55 56 0 0 55 56 0 0 55 56 0 0 55 56 0 0 55 56 0 0 55 56 0 0 55 56 0 0 55 56 0 0 55 56 0 0 55 56 0 0 55 56 0 0 55 56 0 0 55 56 0 0 55 56 0 0 55 56 0 0 55 56 0 0 55 56 0 0 55 56 0 0 55 56 0 0 55 56 0 0 55 56 0 0 55 56 0 0 55 56 0 0 55 56 0 0 55 56 0 0 55 56 0 0 55 56 0 0 55 0 0 0 55 0 0 0 55 0 0 0 55 0 0 0 55 0 0 0 55 0 0 0 55 0 60 0 55 0 60 0 55 0 60 0 55 0 60 0 55 0 60 0 55 0 60 0 55 0 60 0 55 0 60 0 55 0 60 0 55 0 60 0 55 0 60 0 55 0 60 0 55 0 0 0 55 0 60 0 55 0 60 0 55 0 60 0 55 0 60 0 55 0 60 0 55 0 60 0 55 0 0 0 55 0 60 0 55 0 60 0 55 0 0 0 55 0 0 0 55 0 60 0 55 0 60 0 55 0 0 0 55 0 0 0 55 0 60 0 55 0 60 0 55 0 0 0 55 0 0 0 55 0 60 0 55 0 60 0 55 0 0 0 55 0 0 0 55 0 0 0 55 0 60 0 55 0 60 0 55 0 60 0 55 0 60 0 55 0 60 0 55 0 60 0 55 0 60 0 55 0 60 0 55 0 60 0 55 0 60 0 55 0 60 0 55 0 60 0 55 0 60 0 55 0 60 0 55 0 60 0 55 0 60 0 55 0 60 0 55 0 60 0 55 0 60 0 55 0 0 0 55 0 0 0 55 0 60 0 55 0 0 0 55 0 0 0 55 0 60 0 55 0 0 0 55 0 0 0 55 0 0 0 55 0 0 0 55 0 60 0 55 0 60 0 55 0 60 0 55 0 60 0 55 0 60 0 55 0 60 0 55 0 60 0 55 0 60 0 55 0 0 0 55 0 0 0 55 0 0 0 55 0 0 0 55 0 0 0 55 0 0 0 55 0 60 0 55 0 60 0 55 0 0 0 55 0 0 0 55 0 0 0 55 0 0 0 55 0 0 0 55 0 60 0 55 0 60 0 55 0 60 0 55 0 60 0 55 0 60 0 55 0 60 0 55 0 60 0 55 0 0 0 55 0 0 0 55 0 60 0 55 0 60 0 55 0 60 0 55 0 60 0 55 0 60 0 55 0 60 0 55 0 60 0 55 0 60 0 55 0 60 0 55 0 60 0 55 0 60 0 55 0 60 0 55 0 60 0 55 0 60 0 55 0 60 0 55 0 60 0 55 0 60 0 55 0 60 0 55 0 60 0 55 0 60 0 55 0 60 0 55 0 0 0 55 0 0 0 55 0 0 0 55 0 0 0 55 0 0 0 55 0 0 0 55 0 0 0 55 0 0 0 55 0 0 0 55 0 0 0 55 0 0 0 55 0 0 0 55 0 0 0 55 0 60 0 55 0 60 0 55 0 60 0 55 0 60 0 55 0 60 0 55 0 60 0 55 0 60 0 55 0 60 0 55 0 60 0 55 0 60 0 55 0 60 0 55 0 60 0 55 0 60 0 55 0 60 0 55 0 60 0 55 0 60 0 55 0 60 0 55 0 60 0 55 0 60 0 55 0 60 0 55 0 60 0 55 0 60 0 55 0 60 0 55 0 0 0 55 0 0 0 55 0 0 0 55 0 0 0 55 0 0 0 55 0 0 0 55 0 0 0 55 0 60 0 55 0 0 0 55 0 0 0 55 0 0 0 55 0 0 0 55 0 0 0 55 0 0 0 55 0 0 0 55 0 60 0 55 0 60 0 55 0 60 0 55 0 60 0 55 0 60 0 55 0 60 0 55 0 60 0 55 0 60 0 55 0 60 0 55 0 60 0 55 0 60 0 55 0 60 0 55 0 60 0 55 0 60 0 55 0 60 0 55 0 60 0 55 0 0 0 55 0 0 0 55 0 0 0 55 0 0 0 55 0 0 0 55 0 0 0 55 0 0 0 55 0 0 0 55 0 0 0 55 0 0 0 55 0 0 0 55 0 0 0 56 55 57 0 56 55 57 0 56 55 57 0 56 55 57 0 56 55 57 0 56 55 0 0 56 55 0 0 56 55 0 0 56 55 0 0 56 55 0 0 56 55 0 0 56 55 0 0 56 55 0 0 56 55 0 0 56 55 0 0 56 55 0 0 56 55 0 0 56 55 0 0 56 55 0 0 56 55 0 0 56 55 0 0 56 55 0 0 56 55 0 0 56 55 0 0 56 55 57 0 56 55 57 0 56 55 57 0 56 55 57 0 56 55 57 0 56 55 57 0 56 55 57 0 56 55 57 0 56 55 57 0 56 55 57 0 56 55 57 0 56 55 57 0 56 55 57 0 56 55 57 0 56 55 57 0 56 55 57 0 56 55 57 0 56 55 57 0 56 55 0 0 56 55 0 0 56 55 0 0 56 55 0 0 56 55 0 0 56 55 0 0 56 55 0 0 56 55 0 0 56 55 0 0 56 55 0 0 56 55 0 0 56 55 0 0 56 55 0 0 56 55 0 0 56 55 0 0 56 55 0 0 56 55 0 0 56 55 0 0 56 55 0 0 56 55 0 0 56 55 0 0 56 55 0 0 56 55 0 0 56 55 0 0 56 55 0 0 56 55 0 0 56 55 0 0 56 55 0 0 56 55 0 0 56 55 0 0 56 55 0 0 56 55 0 0 56 55 0 0 56 55 0 0 56 55 0 0 56 55 0 0 56 55 0 0 56 55 0 0 56 55 0 0 56 55 0 0 56 55 0 0 56 55 0 0 56 55 0 0 56 55 0 0 56 55 0 0 56 55 0 0 56 55 0 0 56 55 0 0 56 55 0 0 56 55 0 0 56 55 0 0 56 55 0 0 56 55 0 0 56 55 0 0 56 55 0 0 56 55 0 0 56 55 0 0 56 55 0 0 56 55 0 0 56 55 0 0 56 55 0 0 56 55 0 0 56 55 0 0 56 55 0 0 56 55 57 0 56 55 0 0 56 55 0 0 56 55 57 0 56 55 57 0 56 55 0 0 56 55 0 0 56 55 57 0 56 55 57 0 56 55 0 0 56 55 0 0 56 55 57 0 56 55 57 0 56 55 57 0 56 55 57 0 56 55 57 0 56 55 57 0 56 55 57 0 56 55 57 0 56 55 57 0 56 55 57 0 56 55 57 0 56 55 57 0 56 55 57 0 56 55 57 0 56 55 57 0 56 55 57 0 56 55 57 0 56 55 57 0 56 55 57 0 56 55 57 0 56 55 57 0 56 55 57 0 56 55 57 0 56 55 57 0 56 55 57 0 56 55 57 0 56 55 57 0 56 55 57 0 56 55 57 0 56 55 57 0 56 55 57 0 56 55 57 0 56 55 57 0 56 55 57 0 56 55 57 0 56 55 57 0 56 55 57 0 56 55 57 0 56 55 57 0 60 61 0 0 60 61 0 0 60 61 0 0 60 61 0 0 60 61 0 0 60 61 0 0 60 61 0 0 60 61 0 0 60 61 0 0 60 61 0 0 60 61 0 0 60 61 0 0 60 61 0 0 60 61 0 0 60 61 0 0 60 61 0 0 60 61 0 0 60 61 0 0 60 61 0 0 60 61 0 0 60 61 0 0 60 61 0 0 60 61 0 0 60 61 0 0 60 61 0 0 60 61 0 0 60 61 0 0 60 61 0 0 60 61 0 0 60 61 0 0 60 61 0 0 60 61 0 0 60 61 0 0 60 61 0 0 60 61 0 0 60 61 0 0 60 61 0 0 60 61 0 0 60 61 0 0 60 61 0 0 60 61 0 0 60 61 0 0 60 61 0 0 60 61 0 0 60 61 0 0 60 61 0 0 60 61 0 0 60 61 0 0 60 61 0 0 60 61 0 0 60 61 0 0 60 61 0 0 60 61 0 0 60 61 0 0 60 61 0 0 60 61 0 0 60 61 0 0 60 61 0 0 60 61 0 0 60 61 0 0 60 61 0 0 61 60 0 0 60 61 0 0 60 61 0 0 61 60 0 0 60 61 0 0 60 61 0 0 60 61 0 0 60 61 0 0 60 61 0 0 60 61 0 0 60 61 0 0 60 61 0 0 60 61 0 0 60 61 0 0 60 61 0 0 60 61 0 0 60 61 0 0 60 61 0 0 61 60 0 0 60 61 0 0 61 60 0 0 60 61 0 0 60 61 0 0 60 61 0 0 60 61 0 0 60 61 0 0 60 61 0 0 60 61 0 0 60 61 0 0 60 61 0 0 60 61 0 0 60 61 0 0 60 61 0 0 60 61 0 0 60 61 0 0 60 61 0 0 60 61 0 0 60 61 0 0 60 61 0 0 60 61 0 0 60 61 0 0 60 61 0 0 60 61 0 0 60 61 0 0 60 61 0 0 60 61 0 0 60 61 0 0 60 61 0 0 60 61 0 0 61 60 0 0 60 61 0 0 61 60 0 0 61 60 0 0 61 60 0 0 61 60 0 0 60 61 0 0 60 61 0 0 60 61 0 0 60 61 0 0 60 61 0 0 60 61 0 0 60 61 0 0 60 61 0 0 60 61 0 0 60 61 0 0 60 61 0 0 60 61 0 0 60 61 0 0 60 61 0 0 60 61 0 0 60 61 0 0 60 61 0 0 60 61 0 0 60 61 0 0 60 61 0 0 60 61 0 0 60 61 0 0 60 61 0 0 60 61 0 0 60 61 0 0 60 61 0 0 60 61 0 0 60 61 0 0 60 61 0 0 60 61 0 0 60 61 0 0 60 61 0 0 60 61 0 0 60 61 0 0 60 61 0 0 60 61 0 0 60 61 0 0 60 61 0 0 60 61 0 0 60 61 0 0 60 61 0 0 60 61 0 0 60 61 0 0 60 61 0 0 60 61 0 0 60 61 0 0 60 61 0 0 60 61 0 0 60 61 0 0 60 61 0 0 60 61 0 0 60 61 0 0 60 61 0 0 60 61 0 0 60 61 0 0 60 61 0 0 60 61 0 0 60 61 0 0 60 61 0 0 60 61 0 0 60 61 0 0 60 61 0 0 60 61 0 0 60 61 0 0 60 0 0 0 60 0 0 0 60 0 0 0 60 0 0 0 60 0 0 0 60 0 0 0 60 0 55 0 60 0 55 0 60 0 55 0 60 0 55 0 60 0 55 0 60 0 55 0 60 0 55 0 60 0 55 0 60 0 55 0 60 0 55 0 60 0 55 0 60 0 55 0 60 0 0 0 60 0 55 0 60 0 55 0 60 0 55 0 60 0 55 0 60 0 55 0 60 0 55 0 60 0 0 0 60 0 55 0 60 0 55 0 60 0 0 0 60 0 0 0 60 0 55 0 60 0 55 0 60 0 0 0 60 0 0 0 60 0 55 0 60 0 55 0 60 0 0 0 60 0 0 0 60 0 55 0 60 0 55 0 60 0 0 0 60 0 0 0 60 0 0 0 60 0 55 0 60 0 55 0 60 0 55 0 60 0 55 0 60 0 55 0 60 0 55 0 60 0 55 0 60 0 55 0 60 0 55 0 60 0 55 0 60 0 55 0 60 0 55 0 60 0 55 0 60 0 55 0 60 0 55 0 60 0 55 0 60 0 55 0 60 0 55 0 60 0 55 0 60 0 0 0 60 0 0 0 60 0 55 0 60 0 0 0 60 0 0 0 60 0 55 0 60 0 0 0 60 0 0 0 60 0 0 0 60 0 0 0 60 0 55 0 60 0 55 0 60 0 55 0 60 0 55 0 60 0 55 0 60 0 55 0 60 0 55 0 60 0 55 0 60 0 0 0 60 0 0 0 60 0 0 0 60 0 0 0 60 0 0 0 60 0 0 0 60 0 55 0 60 0 55 0 60 0 0 0 60 0 0 0 60 0 0 0 60 0 0 0 60 0 0 0 60 0 55 0 60 0 55 0 60 0 55 0 60 0 55 0 60 0 55 0 60 0 55 0 60 0 55 0 60 0 0 0 60 0 0 0 60 0 55 0 60 0 55 0 60 0 55 0 60 0 55 0 60 0 55 0 60 0 55 0 60 0 55 0 60 0 55 0 60 0 55 0 60 0 55 0 60 0 55 0 60 0 55 0 60 0 55 0 60 0 55 0 60 0 55 0 60 0 55 0 60 0 55 0 60 0 55 0 60 0 55 0 60 0 55 0 60 0 55 0 60 0 0 0 60 0 0 0 60 0 0 0 60 0 0 0 60 0 0 0 60 0 0 0 60 0 0 0 60 0 0 0 60 0 0 0 60 0 0 0 60 0 0 0 60 0 0 0 60 0 0 0 60 0 55 0 60 0 55 0 60 0 55 0 60 0 55 0 60 0 55 0 60 0 55 0 60 0 55 0 60 0 55 0 60 0 55 0 60 0 55 0 60 0 55 0 60 0 55 0 60 0 55 0 60 0 55 0 60 0 55 0 60 0 55 0 60 0 55 0 60 0 55 0 60 0 55 0 60 0 55 0 60 0 55 0 60 0 55 0 60 0 55 0 60 0 0 0 60 0 0 0 60 0 0 0 60 0 0 0 60 0 0 0 60 0 0 0 60 0 0 0 60 0 55 0 60 0 0 0 60 0 0 0 60 0 0 0 60 0 0 0 60 0 0 0 60 0 0 0 60 0 0 0 60 0 55 0 60 0 55 0 60 0 55 0 60 0 55 0 60 0 55 0 60 0 55 0 60 0 55 0 60 0 55 0 60 0 55 0 60 0 55 0 60 0 55 0 60 0 55 0 60 0 55 0 60 0 55 0 60 0 55 0 60 0 55 0 60 0 0 0 60 0 0 0 60 0 0 0 60 0 0 0 60 0 0 0 60 0 0 0 60 0 0 0 60 0 0 0 60 0 0 0 60 0 0 0 60 0 0 0 60 0 0 0 61 60 62 0 61 60 62 0 61 60 62 0 61 60 62 0 61 60 62 0 61 60 0 0 61 60 0 0 61 60 0 0 61 60 0 0 61 60 0 0 61 60 0 0 61 60 0 0 61 60 0 0 61 60 0 0 61 60 0 0 61 60 0 0 61 60 0 0 61 60 0 0 61 60 0 0 61 60 0 0 61 60 0 0 61 60 0 0 61 60 0 0 61 60 0 0 61 60 62 0 61 60 62 0 61 60 62 0 61 60 62 0 61 60 62 0 61 60 62 0 61 60 62 0 61 60 62 0 61 60 62 0 61 60 62 0 61 60 62 0 61 60 62 0 61 60 62 0 61 60 62 0 61 60 62 0 61 60 62 0 61 60 62 0 61 60 62 0 61 60 0 0 61 60 0 0 61 60 0 0 61 60 0 0 61 60 0 0 61 60 0 0 61 60 0 0 61 60 0 0 61 60 0 0 61 60 0 0 61 60 0 0 61 60 0 0 61 60 0 0 61 60 0 0 61 60 0 0 61 60 0 0 61 60 0 0 61 60 0 0 61 60 0 0 61 60 0 0 61 60 0 0 61 60 0 0 61 60 0 0 61 60 0 0 61 60 0 0 61 60 0 0 61 60 0 0 61 60 0 0 61 60 0 0 61 60 0 0 61 60 0 0 61 60 0 0 61 60 0 0 61 60 0 0 61 60 0 0 61 60 0 0 61 60 0 0 61 60 0 0 61 60 0 0 61 60 0 0 61 60 0 0 61 60 0 0 61 60 0 0 61 60 0 0 61 60 0 0 61 60 0 0 61 60 0 0 61 60 0 0 61 60 0 0 61 60 0 0 61 60 0 0 61 60 0 0 61 60 0 0 61 60 0 0 61 60 0 0 61 60 0 0 61 60 0 0 61 60 0 0 61 60 0 0 61 60 0 0 61 60 0 0 61 60 0 0 61 60 0 0 61 60 0 0 61 60 62 0 61 60 0 0 61 60 0 0 61 60 62 0 61 60 62 0 61 60 0 0 61 60 0 0 61 60 62 0 61 60 62 0 61 60 0 0 61 60 0 0 61 60 62 0 61 60 62 0 61 60 62 0 61 60 62 0 61 60 62 0 61 60 62 0 61 60 62 0 61 60 62 0 61 60 62 0 61 60 62 0 61 60 62 0 61 60 62 0 61 60 62 0 61 60 62 0 61 60 62 0 61 60 62 0 61 60 62 0 61 60 62 0 61 60 62 0 61 60 62 0 61 60 62 0 61 60 62 0 61 60 62 0 61 60 62 0 61 60 62 0 61 60 62 0 61 60 62 0 61 60 62 0 61 60 62 0 61 60 62 0 61 60 62 0 61 60 62 0 61 60 62 0 61 60 62 0 61 60 62 0 61 60 62 0 61 60 62 0 61 60 62 0 61 60 62 0 9 10 8 0 9 10 8 0 10 9 8 0 10 9 8 0 10 9 27 0 10 9 27 0 9 10 0 0 9 10 8 0 10 9 11 0 9 10 0 0 9 10 8 0 10 9 11 0 9 10 8 0 9 10 0 0 10 9 11 0 9 10 0 0 9 10 8 0 10 9 11 0 9 10 8 0 9 10 0 0 10 9 11 0 9 10 8 0 10 9 11 0 9 10 0 0 9 10 8 0 9 10 8 0 10 9 0 0 9 10 8 0 9 10 8 0 10 9 0 0 9 10 8 0 10 9 0 0 9 10 8 0 9 10 8 0 10 9 27 0 9 10 8 0 9 10 8 0 10 9 27 0 9 10 8 0 9 10 8 0 10 9 27 0 9 10 8 27 9 10 8 0 10 9 27 0 9 10 8 27 9 10 8 0 9 10 8 27 10 9 27 0 9 10 8 0 9 10 8 27 10 9 27 0 9 10 8 0 9 10 8 27 10 9 27 0 9 10 8 0 10 9 27 0 10 9 8 27 9 10 8 0 10 9 27 8 10 9 27 0 9 10 8 0 10 9 27 8 10 9 27 0 10 9 8 27 9 10 8 0 9 10 8 0 10 9 8 27 9 10 8 0 10 9 27 0 10 9 8 0 10 9 27 0 9 10 8 0 9 10 8 0 9 10 8 0 9 10 8 0 9 10 8 0 9 10 8 0 9 10 8 0 9 10 8 0 9 10 8 0 10 9 0 0 10 9 0 0 10 9 0 0 9 10 8 0 9 10 8 0 9 10 0 0 9 10 0 0 9 10 8 0 9 10 8 0 9 10 8 0 10 9 11 0 9 10 8 0 9 10 8 0 9 10 8 0 10 9 0 0 9 10 0 0 9 10 0 0 9 10 8 0 9 10 8 0 10 9 11 0 9 10 0 0 9 10 0 0 10 9 0 0 9 10 8 0 9 10 8 0 9 10 8 0 9 10 8 0 9 10 8 0 9 10 8 0 9 10 8 0 9 10 8 0 10 9 27 0 10 9 0 0 10 9 27 0 10 9 27 0 10 9 27 0 10 9 11 0 10 9 27 0 10 9 27 0 10 9 27 0 10 9 11 0 10 9 11 0 10 9 11 0 10 9 11 0 10 9 11 0 10 9 11 0 10 9 11 0 10 9 11 0 10 9 11 0 10 9 27 0 10 9 11 0 10 9 27 0 10 9 27 0 10 9 27 0 10 9 27 0 10 9 11 0 10 9 11 0 10 9 11 0 10 9 11 0 10 9 11 0 10 9 11 0 10 9 11 0 10 9 11 0 10 9 11 0 10 9 11 0 10 9 11 0 10 9 11 0 10 9 0 0 10 9 0 0 10 9 11 0 10 9 0 0 10 9 11 0 10 9 0 0 10 9 0 0 10 9 0 0 10 9 0 0 10 9 0 0 10 9 0 0 10 9 0 0 10 9 0 0 10 9 0 0 10 9 27 0 10 9 27 0 10 9 0 0 10 9 0 0 10 9 0 0 10 9 27 0 10 9 27 0 10 9 27 0 10 9 27 0 10 9 11 0 9 10 8 0 10 9 0 0 9 10 8 0 9 10 8 0 9 10 8 0 9 10 8 0 9 10 8 0 9 10 8 0 9 10 8 0 9 10 8 0 10 9 0 0 9 10 8 0 10 9 27 0 10 9 27 0 10 9 27 0 9 10 8 0 9 10 8 0 10 9 27 0 9 10 8 0 9 10 8 0 9 10 8 27 10 9 27 0 9 10 8 0 9 10 8 0 10 9 27 0 9 10 8 27 10 9 27 0 10 9 27 0 9 10 8 0 9 10 8 0 9 10 8 0 10 9 27 0 10 9 27 0 10 9 27 0 9 10 8 27 9 10 8 0 9 10 8 0 10 9 27 0 10 9 27 0 10 9 27 0 10 9 27 0 10 9 27 0 10 9 27 0 10 9 27 0 10 9 27 0 10 9 27 0 10 9 27 0 10 9 27 0 10 9 27 0 10 9 27 0 10 9 27 0 10 9 27 0 10 9 27 0 10 9 27 0 9 10 8 27 10 9 27 0 10 9 27 0 10 9 27 0 10 9 27 0 10 9 27 0 10 9 27 0 9 10 8 27 10 9 27 0 10 9 27 0 10 9 27 0 10 9 27 0 10 9 27 0 10 9 27 0 10 9 27 0 10 9 27 0 10 9 27 0 10 9 27 0 10 9 27 0 10 9 27 0 10 9 27 0 10 9 27 0 10 9 27 0 10 9 27 0 10 9 27 0 10 9 27 0 10 9 27 0 10 9 27 0 10 9 27 0 10 9 27 0 10 9 27 0 10 9 27 0 10 9 27 0 10 9 27 0 10 9 27 0 9 10 8 27 9 10 8 0 10 9 27 0 10 9 27 0 10 9 27 0 9 10 8 0 9 10 8 0 9 10 8 0 9 10 8 0 9 10 8 0 9 10 8 0 9 10 8 0 9 10 8 0 9 10 8 0 9 10 8 0 9 10 8 0 9 10 8 0 9 10 8 0 9 10 8 27 9 10 8 27 9 10 8 0 9 10 8 27 9 10 8 0 9 10 8 0 9 10 8 0 9 10 8 27 9 10 8 0 9 10 8 0 10 9 27 0 9 10 0 0 9 10 8 0 9 10 8 0 10 9 0 0 10 9 0 0 9 10 8 0 9 10 8 0 9 10 8 0 9 10 8 0 8 7 3 0 8 7 3 0 8 7 3 0 8 7 3 0 8 7 3 0 8 7 3 0 8 7 3 0 8 7 3 0 8 7 3 0 8 7 3 0 8 7 3 0 8 7 3 0 8 7 3 0 8 7 3 0 8 7 3 0 8 7 3 0 8 7 3 0 8 7 3 0 8 7 3 0 8 7 3 0 8 7 3 0 8 7 3 0 8 7 3 0 8 7 3 0 8 7 3 0 8 7 3 0 8 7 3 0 8 7 3 0 8 7 3 0 8 7 3 0 8 7 3 0 8 7 3 0 8 7 3 0 8 7 3 0 8 7 3 0 8 7 3 0 8 7 3 0 8 7 3 0 8 7 3 0 8 7 3 0 8 7 3 0 8 7 3 0 8 7 3 0 8 7 3 0 8 7 3 0 8 7 3 0 8 7 3 0 8 7 3 0 8 7 3 0 8 7 3 0 8 7 3 0 8 7 3 0 8 7 3 0 8 7 3 0 8 7 3 0 8 7 3 0 8 7 3 0 8 7 3 0 8 7 3 0 8 7 3 0 8 7 3 0 8 7 3 0 8 7 3 0 8 7 3 0 8 7 3 0 8 7 3 0 8 7 3 0 8 7 3 0 8 7 3 0 8 7 3 0 8 7 3 0 8 7 3 0 8 7 3 0 8 7 3 0 8 7 3 0 8 7 3 0 8 7 3 0 8 7 3 0 8 7 3 0 8 7 3 0 8 7 3 0 8 7 3 0 8 7 3 0 8 7 3 0 8 7 3 0 8 7 3 0 8 7 3 0 8 7 3 0 8 7 3 0 8 7 3 0 8 7 3 0 8 7 3 0 8 7 3 0 8 7 3 0 8 7 3 0 8 7 3 0 8 7 3 0 8 7 3 0 8 7 3 0 8 7 3 0 8 7 3 0 8 7 3 0 8 7 3 0 8 7 3 0 8 7 3 0 8 7 3 0 8 7 3 0 8 7 3 0 8 7 3 0 8 7 3 0 8 7 3 0 8 7 3 0 8 7 3 0 8 7 3 0 8 7 3 0 8 7 3 0 8 7 3 0 8 7 3 0 8 7 3 0 8 7 3 0 8 7 3 0 8 7 3 0 8 7 3 0 8 7 3 0 8 7 3 0 8 7 3 0 8 7 3 0 8 7 3 0 8 7 3 0 8 7 3 0 8 7 3 0 8 7 3 0 8 7 3 0 8 7 3 0 8 7 3 0 8 7 3 0 8 7 3 0 8 7 3 0 8 7 3 0 8 7 3 0 8 7 3 0 8 7 3 0 8 7 3 0 8 7 3 0 8 7 3 0 8 7 3 0 8 7 3 0 8 7 3 0 8 7 3 0 8 7 3 0 8 7 3 0 8 7 3 0 8 7 3 0 8 7 3 0 8 7 3 0 8 7 3 0 8 7 3 0 8 7 3 0 8 7 3 0 8 7 3 0 8 7 3 0 8 7 3 0 8 7 3 0 8 7 3 0 8 7 3 0 9 0 0 0 9 0 0 0 9 0 0 0 9 0 0 0 9 0 0 0 9 0 0 0 9 0 0 0 9 0 0 0 9 0 0 0 9 0 0 0 9 0 0 0 9 0 0 0 9 0 0 0 9 0 0 0 9 0 0 0 9 0 0 0 9 0 0 0 9 0 0 0 9 0 0 0 9 0 0 0 9 0 0 0 9 0 0 0 9 0 0 0 9 0 0 0 9 0 0 0 9 0 0 0 9 0 0 0 9 0 0 0 9 0 0 0 9 0 0 0 9 0 0 0 9 0 0 0 9 0 0 0 9 0 0 0 9 0 0 0 9 0 0 0 9 0 0 0 9 0 0 0 9 0 0 0 9 0 0 0 9 0 0 0 9 0 0 0 9 0 0 0 9 0 0 0 9 0 0 0 9 0 0 0 9 0 0 0 9 0 0 0 9 0 0 0 9 0 0 0 9 0 0 0 9 0 0 0 9 0 0 0 9 0 0 0 9 0 0 0 9 0 0 0 9 0 0 0 9 0 0 0 9 0 0 0 9 0 0 0 9 0 0 0 9 0 0 0 9 0 0 0 9 0 0 0 9 0 0 0 9 0 0 0 9 0 0 0 9 0 0 0 9 0 0 0 9 0 0 0 9 0 0 0 9 0 0 0 9 0 0 0 9 0 0 0 9 0 0 0 9 0 0 0 9 0 0 0 9 0 0 0 9 0 0 0 9 0 0 0 9 0 0 0 9 0 0 0 9 0 0 0 9 0 0 0 9 0 0 0 9 0 0 0 9 0 0 0 9 0 0 0 9 0 0 0 9 0 0 0 9 0 0 0 9 0 0 0 9 8 0 0 9 8 0 0 9 8 0 0 9 8 0 0 9 8 0 0 8 9 7 0 9 8 0 0 9 8 0 0 8 9 7 0 8 9 7 0 8 9 7 0 8 9 7 0 8 9 7 0 9 8 0 0 9 8 0 0 8 9 7 0 8 9 7 0 9 8 0 0 9 8 0 0 8 9 7 0 8 9 7 0 9 8 0 0 9 8 0 0 8 9 7 0 8 9 7 0 9 8 0 0 9 8 0 0 8 9 7 0 8 9 7 0 9 8 0 0 9 8 0 0 8 9 7 0 8 9 7 0 9 8 0 0 9 8 0 0 8 9 7 0 8 9 7 0 9 8 0 0 9 8 0 0 8 9 7 0 8 9 7 0 9 8 0 0 9 8 0 0 8 9 7 0 8 9 7 0 9 8 0 0 9 8 0 0 8 9 7 0 8 9 7 0 9 8 0 0 8 9 0 0 8 7 9 0 8 7 9 0 8 9 0 0 8 9 0 0 8 7 9 0 8 7 9 0 8 9 0 0 8 9 0 0 8 9 7 0 8 9 7 0 8 9 0 0 8 9 0 0 8 9 7 0 8 9 7 0 8 9 0 0 8 9 0 0 8 9 7 0 8 9 7 0 8 9 0 0 9 8 0 0 8 9 7 0 8 9 7 0 8 9 0 0 9 8 0 0 8 9 7 0 8 9 7 0 9 8 0 0 9 8 0 0 8 9 7 0 8 9 7 0 9 8 0 0 9 8 0 0 8 9 7 0 8 9 7 0 9 8 0 0 9 8 0 0 9 8 0 0 8 9 7 0 8 9 7 0 8 9 7 0 8 9 7 0 8 0 0 0 8 0 0 0 8 0 0 0 8 0 0 0 8 0 0 0 8 0 0 0 8 0 0 0 8 0 0 0 8 0 0 0 8 0 0 0 8 0 0 0 8 0 0 0 8 0 0 0 8 0 0 0 8 0 0 0 8 0 0 0 8 0 0 0 8 0 0 0 8 0 0 0 8 0 0 0 8 0 0 0 8 0 0 0 8 0 0 0 8 0 0 0 8 0 0 0 8 0 0 0 8 0 0 0 8 0 0 0 8 0 0 0 8 0 0 0 8 0 0 0 8 0 0 0 8 0 0 0 8 0 0 0 8 0 0 0 8 0 0 0 8 0 0 0 8 0 0 0 8 0 0 0 8 0 0 0 8 0 0 0 8 0 0 0 8 0 0 0 8 0 0 0 8 0 0 0 8 0 0 0 8 0 0 0 8 0 0 0 8 0 0 0 8 0 0 0 8 0 0 0 8 0 0 0 8 0 0 0 8 0 0 0 8 0 0 0 8 0 0 0 8 0 0 0 8 0 0 0 8 0 0 0 8 0 0 0 8 0 0 0 8 0 0 0 8 0 0 0 8 0 0 0 8 0 0 0 8 0 0 0 8 0 0 0 8 0 0 0 8 0 0 0 8 0 0 0 8 0 0 0 8 0 0 0 8 0 0 0 8 0 0 0 8 0 0 0 8 0 0 0 8 0 0 0 8 0 0 0 8 0 0 0 8 0 0 0 8 0 0 0 8 0 0 0 8 0 0 0 8 0 0 0 8 0 0 0 8 0 0 0 8 0 0 0 8 0 0 0 8 0 0 0 8 0 0 0 8 0 0 0 8 0 0 0 8 0 0 0 8 0 0 0 8 0 0 0 8 0 0 0 8 0 0 0 8 0 0 0 8 0 0 0 8 0 0 0 8 0 0 0 8 0 0 0 8 0 0 0 8 0 0 0 8 0 0 0 8 0 0 0 8 0 0 0 8 0 0 0 8 0 0 0 8 0 0 0 8 0 0 0 8 0 0 0 8 0 0 0 8 0 0 0 8 0 0 0 8 0 0 0 8 0 0 0 8 0 0 0 8 0 0 0 8 0 0 0 8 0 0 0 8 0 0 0 8 0 0 0 8 0 0 0 8 0 0 0 8 0 0 0 8 0 0 0 8 0 0 0 8 0 0 0 8 0 0 0 8 0 0 0 8 0 0 0 34 33 32 0 33 34 32 0 33 34 32 0 34 33 32 0 34 33 51 0 34 33 51 0 33 34 0 0 33 34 32 0 34 33 35 0 33 34 0 0 33 34 32 0 34 33 35 0 33 34 32 0 33 34 0 0 34 33 35 0 33 34 0 0 33 34 32 0 34 33 35 0 33 34 32 0 33 34 0 0 34 33 35 0 33 34 32 0 34 33 35 0 33 34 0 0 33 34 32 0 33 34 32 0 34 33 0 0 33 34 32 0 33 34 32 0 34 33 0 0 33 34 32 0 34 33 0 0 33 34 32 0 33 34 32 0 34 33 51 0 33 34 32 0 33 34 32 0 34 33 51 0 33 34 32 0 33 34 32 0 34 33 51 0 33 34 32 51 33 34 32 0 34 33 51 0 33 34 32 51 33 34 32 0 33 34 32 51 34 33 51 0 33 34 32 0 33 34 32 51 34 33 51 0 33 34 32 0 33 34 32 51 34 33 51 0 33 34 32 0 34 33 51 0 34 33 32 51 33 34 32 0 34 33 51 32 34 33 51 0 33 34 32 0 34 33 51 32 34 33 51 0 34 33 32 51 33 34 32 0 33 34 32 0 34 33 32 51 33 34 32 0 34 33 51 0 34 33 32 0 34 33 51 0 33 34 32 0 33 34 32 0 33 34 32 0 33 34 32 0 33 34 32 0 33 34 32 0 33 34 32 0 33 34 32 0 33 34 32 0 34 33 0 0 34 33 0 0 34 33 0 0 33 34 32 0 33 34 32 0 33 34 0 0 33 34 0 0 33 34 32 0 33 34 32 0 33 34 32 0 34 33 35 0 33 34 32 0 33 34 32 0 33 34 32 0 34 33 0 0 33 34 0 0 33 34 0 0 33 34 32 0 33 34 32 0 34 33 35 0 33 34 0 0 33 34 0 0 34 33 0 0 33 34 32 0 33 34 32 0 33 34 32 0 33 34 32 0 33 34 32 0 33 34 32 0 33 34 32 0 33 34 32 0 34 33 51 0 34 33 0 0 34 33 51 0 34 33 51 0 34 33 51 0 34 33 35 0 34 33 51 0 34 33 51 0 34 33 51 0 34 33 35 0 34 33 35 0 34 33 35 0 34 33 35 0 34 33 35 0 34 33 35 0 34 33 35 0 34 33 35 0 34 33 35 0 34 33 51 0 34 33 35 0 34 33 51 0 34 33 51 0 34 33 51 0 34 33 51 0 34 33 35 0 34 33 35 0 34 33 35 0 34 33 35 0 34 33 35 0 34 33 35 0 34 33 35 0 34 33 35 0 34 33 35 0 34 33 35 0 34 33 35 0 34 33 35 0 34 33 0 0 34 33 0 0 34 33 35 0 34 33 0 0 34 33 35 0 34 33 0 0 34 33 0 0 34 33 0 0 34 33 0 0 34 33 0 0 34 33 0 0 34 33 0 0 34 33 0 0 34 33 0 0 34 33 51 0 34 33 51 0 34 33 0 0 34 33 0 0 34 33 0 0 34 33 51 0 34 33 51 0 34 33 51 0 34 33 51 0 34 33 35 0 33 34 32 0 34 33 0 0 33 34 32 0 33 34 32 0 33 34 32 0 33 34 32 0 33 34 32 0 33 34 32 0 33 34 32 0 33 34 32 0 34 33 0 0 33 34 32 0 34 33 51 0 34 33 51 0 34 33 51 0 33 34 32 0 33 34 32 0 34 33 51 0 33 34 32 0 33 34 32 0 33 34 32 51 34 33 51 0 33 34 32 0 33 34 32 0 34 33 51 0 33 34 32 51 34 33 51 0 34 33 51 0 33 34 32 0 33 34 32 0 33 34 32 0 34 33 51 0 34 33 51 0 34 33 51 0 33 34 32 51 33 34 32 0 33 34 32 0 34 33 51 0 34 33 51 0 34 33 51 0 34 33 51 0 34 33 51 0 34 33 51 0 34 33 51 0 34 33 51 0 34 33 51 0 34 33 51 0 34 33 51 0 34 33 51 0 34 33 51 0 34 33 51 0 34 33 51 0 34 33 51 0 34 33 51 0 33 34 32 51 34 33 51 0 34 33 51 0 34 33 51 0 34 33 51 0 34 33 51 0 34 33 51 0 33 34 32 51 34 33 51 0 34 33 51 0 34 33 51 0 34 33 51 0 34 33 51 0 34 33 51 0 34 33 51 0 34 33 51 0 34 33 51 0 34 33 51 0 34 33 51 0 34 33 51 0 34 33 51 0 34 33 51 0 34 33 51 0 34 33 51 0 34 33 51 0 34 33 51 0 34 33 51 0 34 33 51 0 34 33 51 0 34 33 51 0 34 33 51 0 34 33 51 0 34 33 51 0 34 33 51 0 34 33 51 0 33 34 32 51 33 34 32 0 34 33 51 0 34 33 51 0 34 33 51 0 33 34 32 0 33 34 32 0 33 34 32 0 33 34 32 0 33 34 32 0 33 34 32 0 33 34 32 0 33 34 32 0 33 34 32 0 33 34 32 0 33 34 32 0 33 34 32 0 33 34 32 0 33 34 32 51 33 34 32 51 33 34 32 0 33 34 32 51 33 34 32 0 33 34 32 0 33 34 32 0 33 34 32 51 33 34 32 0 33 34 32 0 34 33 51 0 33 34 32 0 33 34 32 0 33 34 0 0 34 33 0 0 33 34 32 0 34 33 0 0 33 34 32 0 33 34 32 0 33 34 32 0 32 31 3 0 32 31 3 0 32 31 3 0 32 31 3 0 32 31 3 0 32 31 3 0 32 31 3 0 32 31 3 0 32 31 3 0 32 31 3 0 32 31 3 0 32 31 3 0 32 31 3 0 32 31 3 0 32 31 3 0 32 31 3 0 32 31 3 0 32 31 3 0 32 31 3 0 32 31 3 0 32 31 3 0 32 31 3 0 32 31 3 0 32 31 3 0 32 31 3 0 32 31 3 0 32 31 3 0 32 31 3 0 32 31 3 0 32 31 3 0 32 31 3 0 32 31 3 0 32 31 3 0 32 31 3 0 32 31 3 0 32 31 3 0 32 31 3 0 32 31 3 0 32 31 3 0 32 31 3 0 32 31 3 0 32 31 3 0 32 31 3 0 32 31 3 0 32 31 3 0 32 31 3 0 32 31 3 0 32 31 3 0 32 31 3 0 32 31 3 0 32 31 3 0 32 31 3 0 32 31 3 0 32 31 3 0 32 31 3 0 32 31 3 0 32 31 3 0 32 31 3 0 32 31 3 0 32 31 3 0 32 31 3 0 32 31 3 0 32 31 3 0 32 31 3 0 32 31 3 0 32 31 3 0 32 31 3 0 32 31 3 0 32 31 3 0 32 31 3 0 32 31 3 0 32 31 3 0 32 31 3 0 32 31 3 0 32 31 3 0 32 31 3 0 32 31 3 0 32 31 3 0 32 31 3 0 32 31 3 0 32 31 3 0 32 31 3 0 32 31 3 0 32 31 3 0 32 31 3 0 32 31 3 0 32 31 3 0 32 31 3 0 32 31 3 0 32 31 3 0 32 31 3 0 32 31 3 0 32 31 3 0 32 31 3 0 32 31 3 0 32 31 3 0 32 31 3 0 32 31 3 0 32 31 3 0 32 31 3 0 32 31 3 0 32 31 3 0 32 31 3 0 32 31 3 0 32 31 3 0 32 31 3 0 32 31 3 0 32 31 3 0 32 31 3 0 32 31 3 0 32 31 3 0 32 31 3 0 32 31 3 0 32 31 3 0 32 31 3 0 32 31 3 0 32 31 3 0 32 31 3 0 32 31 3 0 32 31 3 0 32 31 3 0 32 31 3 0 32 31 3 0 32 31 3 0 32 31 3 0 32 31 3 0 32 31 3 0 32 31 3 0 32 31 3 0 32 31 3 0 32 31 3 0 32 31 3 0 32 31 3 0 32 31 3 0 32 31 3 0 32 31 3 0 32 31 3 0 32 31 3 0 32 31 3 0 32 31 3 0 32 31 3 0 32 31 3 0 32 31 3 0 32 31 3 0 32 31 3 0 32 31 3 0 32 31 3 0 32 31 3 0 32 31 3 0 32 31 3 0 32 31 3 0 32 31 3 0 32 31 3 0 32 31 3 0 32 31 3 0 32 31 3 0 32 31 3 0 32 31 3 0 32 31 3 0 32 31 3 0 32 31 3 0 32 31 3 0 32 31 3 0 32 31 3 0 32 31 3 0 33 0 0 0 33 0 0 0 33 0 0 0 33 0 0 0 33 0 0 0 33 0 0 0 33 0 0 0 33 0 0 0 33 0 0 0 33 0 0 0 33 0 0 0 33 0 0 0 33 0 0 0 33 0 0 0 33 0 0 0 33 0 0 0 33 0 0 0 33 0 0 0 33 0 0 0 33 0 0 0 33 0 0 0 33 0 0 0 33 0 0 0 33 0 0 0 33 0 0 0 33 0 0 0 33 0 0 0 33 0 0 0 33 0 0 0 33 0 0 0 33 0 0 0 33 0 0 0 33 0 0 0 33 0 0 0 33 0 0 0 33 0 0 0 33 0 0 0 33 0 0 0 33 0 0 0 33 0 0 0 33 0 0 0 33 0 0 0 33 0 0 0 33 0 0 0 33 0 0 0 33 0 0 0 33 0 0 0 33 0 0 0 33 0 0 0 33 0 0 0 33 0 0 0 33 0 0 0 33 0 0 0 33 0 0 0 33 0 0 0 33 0 0 0 33 0 0 0 33 0 0 0 33 0 0 0 33 0 0 0 33 0 0 0 33 0 0 0 33 0 0 0 33 0 0 0 33 0 0 0 33 0 0 0 33 0 0 0 33 0 0 0 33 0 0 0 33 0 0 0 33 0 0 0 33 0 0 0 33 0 0 0 33 0 0 0 33 0 0 0 33 0 0 0 33 0 0 0 33 0 0 0 33 0 0 0 33 0 0 0 33 0 0 0 33 0 0 0 33 0 0 0 33 0 0 0 33 0 0 0 33 0 0 0 33 0 0 0 33 0 0 0 33 0 0 0 33 0 0 0 33 0 0 0 33 0 0 0 33 32 0 0 33 32 0 0 33 32 0 0 33 32 0 0 32 33 31 0 33 32 0 0 32 33 31 0 32 33 31 0 32 33 31 0 33 32 0 0 33 32 0 0 32 33 31 0 32 33 31 0 33 32 0 0 33 32 0 0 32 33 31 0 32 33 31 0 33 32 0 0 33 32 0 0 32 33 31 0 32 33 31 0 33 32 0 0 33 32 0 0 32 33 31 0 32 33 31 0 33 32 0 0 33 32 0 0 32 33 31 0 32 33 31 0 33 32 0 0 33 32 0 0 32 33 31 0 32 33 31 0 33 32 0 0 33 32 0 0 32 33 31 0 32 33 31 0 33 32 0 0 33 32 0 0 32 33 31 0 32 33 31 0 33 32 0 0 33 32 0 0 32 33 31 0 32 33 31 0 33 32 0 0 33 32 0 0 32 33 31 0 32 33 31 0 33 32 0 0 32 33 0 0 32 31 33 0 32 31 33 0 32 33 0 0 32 33 0 0 32 31 33 0 32 31 33 0 32 33 0 0 32 33 0 0 32 33 31 0 32 33 31 0 32 33 0 0 32 33 0 0 32 33 31 0 32 33 31 0 32 33 0 0 32 33 0 0 32 33 31 0 32 33 31 0 32 33 0 0 33 32 0 0 32 33 31 0 32 33 31 0 32 33 0 0 33 32 0 0 32 33 31 0 32 33 31 0 33 32 0 0 33 32 0 0 32 33 31 0 32 33 31 0 33 32 0 0 33 32 0 0 32 33 31 0 32 33 31 0 33 32 0 0 33 32 0 0 33 32 0 0 32 33 31 0 32 33 31 0 32 33 31 0 32 33 31 0 32 0 0 0 32 0 0 0 32 0 0 0 32 0 0 0 32 0 0 0 32 0 0 0 32 0 0 0 32 0 0 0 32 0 0 0 32 0 0 0 32 0 0 0 32 0 0 0 32 0 0 0 32 0 0 0 32 0 0 0 32 0 0 0 32 0 0 0 32 0 0 0 32 0 0 0 32 0 0 0 32 0 0 0 32 0 0 0 32 0 0 0 32 0 0 0 32 0 0 0 32 0 0 0 32 0 0 0 32 0 0 0 32 0 0 0 32 0 0 0 32 0 0 0 32 0 0 0 32 0 0 0 32 0 0 0 32 0 0 0 32 0 0 0 32 0 0 0 32 0 0 0 32 0 0 0 32 0 0 0 32 0 0 0 32 0 0 0 32 0 0 0 32 0 0 0 32 0 0 0 32 0 0 0 32 0 0 0 32 0 0 0 32 0 0 0 32 0 0 0 32 0 0 0 32 0 0 0 32 0 0 0 32 0 0 0 32 0 0 0 32 0 0 0 32 0 0 0 32 0 0 0 32 0 0 0 32 0 0 0 32 0 0 0 32 0 0 0 32 0 0 0 32 0 0 0 32 0 0 0 32 0 0 0 32 0 0 0 32 0 0 0 32 0 0 0 32 0 0 0 32 0 0 0 32 0 0 0 32 0 0 0 32 0 0 0 32 0 0 0 32 0 0 0 32 0 0 0 32 0 0 0 32 0 0 0 32 0 0 0 32 0 0 0 32 0 0 0 32 0 0 0 32 0 0 0 32 0 0 0 32 0 0 0 32 0 0 0 32 0 0 0 32 0 0 0 32 0 0 0 32 0 0 0 32 0 0 0 32 0 0 0 32 0 0 0 32 0 0 0 32 0 0 0 32 0 0 0 32 0 0 0 32 0 0 0 32 0 0 0 32 0 0 0 32 0 0 0 32 0 0 0 32 0 0 0 32 0 0 0 32 0 0 0 32 0 0 0 32 0 0 0 32 0 0 0 32 0 0 0 32 0 0 0 32 0 0 0 32 0 0 0 32 0 0 0 32 0 0 0 32 0 0 0 32 0 0 0 32 0 0 0 32 0 0 0 32 0 0 0 32 0 0 0 32 0 0 0 32 0 0 0 32 0 0 0 32 0 0 0 32 0 0 0 32 0 0 0 32 0 0 0 32 0 0 0 32 0 0 0 32 0 0 0 32 0 0 0 55 56 0 0 55 56 0 0 55 56 0 0 55 56 0 0 55 56 0 0 55 56 0 0 55 56 0 0 55 56 0 0 55 56 0 0 55 56 0 0 55 56 0 0 55 56 0 0 55 56 0 0 55 56 0 0 55 56 0 0 55 56 0 0 55 56 0 0 55 56 0 0 55 56 0 0 55 56 0 0 55 56 0 0 55 56 0 0 55 56 0 0 55 56 0 0 55 56 0 0 55 56 0 0 55 56 0 0 55 56 0 0 55 56 0 0 55 56 0 0 55 56 0 0 55 56 0 0 55 56 0 0 55 56 0 0 55 56 0 0 55 56 0 0 55 56 0 0 55 56 0 0 55 56 0 0 55 56 0 0 55 56 0 0 55 56 0 0 55 56 0 0 55 56 0 0 55 56 0 0 55 56 0 0 55 56 0 0 55 56 0 0 55 56 0 0 55 56 0 0 55 56 0 0 55 56 0 0 55 56 0 0 55 56 0 0 55 56 0 0 55 56 0 0 55 56 0 0 55 56 0 0 55 56 0 0 55 56 0 0 55 56 0 0 55 56 0 0 55 56 0 0 55 56 0 0 55 56 0 0 55 56 0 0 55 56 0 0 55 56 0 0 55 56 0 0 55 56 0 0 55 56 0 0 55 56 0 0 55 56 0 0 55 56 0 0 55 56 0 0 55 56 0 0 55 56 0 0 55 56 0 0 55 56 0 0 55 56 0 0 55 56 0 0 55 56 0 0 55 56 0 0 55 56 0 0 55 56 0 0 55 56 0 0 55 56 0 0 55 56 0 0 55 56 0 0 55 56 0 0 55 56 0 0 55 56 0 0 55 56 0 0 55 56 0 0 55 56 0 0 55 56 0 0 55 56 0 0 55 0 0 0 55 0 0 0 55 0 0 0 55 0 0 0 55 0 0 0 55 0 0 0 55 0 0 0 55 0 0 0 55 0 0 0 55 0 0 0 55 0 0 0 55 0 0 0 55 0 0 0 55 0 0 0 55 0 0 0 55 0 0 0 55 0 0 0 55 0 0 0 55 0 0 0 55 0 0 0 55 0 0 0 55 0 0 0 55 0 0 0 55 0 0 0 55 0 0 0 55 0 0 0 55 0 0 0 55 0 0 0 55 0 0 0 55 0 0 0 55 0 0 0 55 0 0 0 55 0 0 0 55 0 0 0 55 0 0 0 55 0 0 0 55 0 0 0 55 0 0 0 55 0 0 0 55 0 0 0 55 0 0 0 55 0 0 0 55 0 0 0 55 0 0 0 55 0 0 0 55 0 0 0 55 0 0 0 55 0 0 0 55 0 0 0 55 0 0 0 55 0 0 0 55 0 0 0 55 0 0 0 55 0 0 0 55 0 0 0 55 0 0 0 55 0 0 0 55 0 0 0 55 0 0 0 55 0 0 0 55 0 0 0 55 0 0 0 55 0 0 0 55 0 0 0 55 0 0 0 55 0 0 0 55 0 0 0 55 0 0 0 55 0 0 0 55 0 0 0 55 0 0 0 55 0 0 0 55 0 0 0 55 0 0 0 55 0 0 0 55 0 0 0 55 0 0 0 55 0 0 0 55 0 0 0 55 0 0 0 55 0 0 0 55 0 0 0 55 0 0 0 55 0 0 0 55 0 0 0 55 0 0 0 55 0 0 0 55 0 0 0 55 0 0 0 55 0 0 0 55 0 0 0 55 0 0 0 55 0 0 0 55 0 0 0 55 0 0 0 55 0 0 0 55 0 0 0 55 0 0 0 55 0 0 0 55 0 0 0 55 0 0 0 55 0 0 0 55 0 0 0 55 0 0 0 55 0 0 0 55 0 0 0 55 0 0 0 55 0 0 0 55 0 0 0 55 0 0 0 55 0 0 0 55 0 0 0 55 0 0 0 55 0 0 0 55 0 0 0 55 0 0 0 55 0 0 0 55 0 0 0 55 0 0 0 55 0 0 0 55 0 0 0 55 0 0 0 55 0 0 0 55 0 0 0 55 0 0 0 55 0 0 0 55 0 0 0 55 0 0 0 55 0 0 0 55 0 0 0 55 0 0 0 55 0 0 0 55 0 0 0 55 0 0 0 55 0 0 0 55 0 0 0 55 0 0 0 55 0 0 0 55 0 0 0 55 0 0 0 55 0 0 0 55 0 0 0 55 0 0 0 55 0 0 0 55 0 0 0 55 0 0 0 55 0 0 0 55 0 0 0 55 0 0 0 55 0 0 0 55 0 0 0 55 0 0 0 55 0 0 0 55 0 0 0 55 0 0 0 55 0 0 0 55 0 0 0 55 0 0 0 55 0 0 0 55 0 0 0 55 0 0 0 55 0 0 0 55 0 0 0 55 0 0 0 55 0 0 0 55 0 0 0 55 0 0 0 55 0 0 0 55 0 0 0 55 0 0 0 55 0 0 0 55 0 0 0 55 0 0 0 55 0 0 0 60 61 0 0 60 61 0 0 60 61 0 0 60 61 0 0 60 61 0 0 60 61 0 0 60 61 0 0 60 61 0 0 60 61 0 0 60 61 0 0 60 61 0 0 60 61 0 0 60 61 0 0 60 61 0 0 60 61 0 0 60 61 0 0 60 61 0 0 60 61 0 0 60 61 0 0 60 61 0 0 60 61 0 0 60 61 0 0 60 61 0 0 60 61 0 0 60 61 0 0 60 61 0 0 60 61 0 0 60 61 0 0 60 61 0 0 60 61 0 0 60 61 0 0 60 61 0 0 60 61 0 0 60 61 0 0 60 61 0 0 60 61 0 0 60 61 0 0 60 61 0 0 60 61 0 0 60 61 0 0 60 61 0 0 60 61 0 0 60 61 0 0 60 61 0 0 60 61 0 0 60 61 0 0 60 61 0 0 60 61 0 0 60 61 0 0 60 61 0 0 60 61 0 0 60 61 0 0 60 61 0 0 60 61 0 0 60 61 0 0 60 61 0 0 60 61 0 0 60 61 0 0 60 61 0 0 60 61 0 0 60 61 0 0 60 61 0 0 60 61 0 0 60 61 0 0 60 61 0 0 60 61 0 0 60 61 0 0 60 61 0 0 60 61 0 0 60 61 0 0 60 61 0 0 60 61 0 0 60 61 0 0 60 61 0 0 60 61 0 0 60 61 0 0 60 61 0 0 60 61 0 0 60 61 0 0 60 61 0 0 60 61 0 0 60 61 0 0 60 61 0 0 60 61 0 0 60 61 0 0 60 61 0 0 60 61 0 0 60 61 0 0 60 61 0 0 60 61 0 0 60 61 0 0 60 61 0 0 60 61 0 0 60 61 0 0 60 61 0 0 60 61 0 0 60 61 0 0 60 0 0 0 60 0 0 0 60 0 0 0 60 0 0 0 60 0 0 0 60 0 0 0 60 0 0 0 60 0 0 0 60 0 0 0 60 0 0 0 60 0 0 0 60 0 0 0 60 0 0 0 60 0 0 0 60 0 0 0 60 0 0 0 60 0 0 0 60 0 0 0 60 0 0 0 60 0 0 0 60 0 0 0 60 0 0 0 60 0 0 0 60 0 0 0 60 0 0 0 60 0 0 0 60 0 0 0 60 0 0 0 60 0 0 0 60 0 0 0 60 0 0 0 60 0 0 0 60 0 0 0 60 0 0 0 60 0 0 0 60 0 0 0 60 0 0 0 60 0 0 0 60 0 0 0 60 0 0 0 60 0 0 0 60 0 0 0 60 0 0 0 60 0 0 0 60 0 0 0 60 0 0 0 60 0 0 0 60 0 0 0 60 0 0 0 60 0 0 0 60 0 0 0 60 0 0 0 60 0 0 0 60 0 0 0 60 0 0 0 60 0 0 0 60 0 0 0 60 0 0 0 60 0 0 0 60 0 0 0 60 0 0 0 60 0 0 0 60 0 0 0 60 0 0 0 60 0 0 0 60 0 0 0 60 0 0 0 60 0 0 0 60 0 0 0 60 0 0 0 60 0 0 0 60 0 0 0 60 0 0 0 60 0 0 0 60 0 0 0 60 0 0 0 60 0 0 0 60 0 0 0 60 0 0 0 60 0 0 0 60 0 0 0 60 0 0 0 60 0 0 0 60 0 0 0 60 0 0 0 60 0 0 0 60 0 0 0 60 0 0 0 60 0 0 0 60 0 0 0 60 0 0 0 60 0 0 0 60 0 0 0 60 0 0 0 60 0 0 0 60 0 0 0 60 0 0 0 60 0 0 0 60 0 0 0 60 0 0 0 60 0 0 0 60 0 0 0 60 0 0 0 60 0 0 0 60 0 0 0 60 0 0 0 60 0 0 0 60 0 0 0 60 0 0 0 60 0 0 0 60 0 0 0 60 0 0 0 60 0 0 0 60 0 0 0 60 0 0 0 60 0 0 0 60 0 0 0 60 0 0 0 60 0 0 0 60 0 0 0 60 0 0 0 60 0 0 0 60 0 0 0 60 0 0 0 60 0 0 0 60 0 0 0 60 0 0 0 60 0 0 0 60 0 0 0 60 0 0 0 60 0 0 0 60 0 0 0 60 0 0 0 60 0 0 0 60 0 0 0 60 0 0 0 60 0 0 0 60 0 0 0 60 0 0 0 60 0 0 0 60 0 0 0 60 0 0 0 60 0 0 0 60 0 0 0 60 0 0 0 60 0 0 0 60 0 0 0 60 0 0 0 60 0 0 0 60 0 0 0 60 0 0 0 60 0 0 0 60 0 0 0 60 0 0 0 60 0 0 0 60 0 0 0 60 0 0 0 60 0 0 0 60 0 0 0 60 0 0 0 60 0 0 0 60 0 0 0 60 0 0 0 60 0 0 0 60 0 0 0 60 0 0 0 60 0 0 0 60 0 0 0 60 0 0 0 60 0 0 0 60 0 0 0 60 0 0 0 60 0 0 0 60 0 0 0 8 0 0 0 8 0 0 0 8 0 0 0 8 0 0 0 8 0 0 0 8 0 0 0 8 0 0 0 8 0 0 0 8 0 0 0 8 0 0 0 8 0 0 0 8 0 0 0 8 0 0 0 8 0 0 0 8 0 0 0 8 0 0 0 8 0 0 0 8 0 0 0 8 0 0 0 8 0 0 0 8 0 0 0 8 0 0 0 8 0 0 0 8 0 0 0 8 0 0 0 8 0 0 0 8 0 0 0 8 0 0 0 8 0 0 0 8 0 0 0 8 0 0 0 8 0 0 0 8 0 0 0 8 0 0 0 8 0 0 0 8 0 0 0 8 0 0 0 8 0 0 0 8 0 0 0 8 0 0 0 8 0 0 0 8 0 0 0 8 0 0 0 8 0 0 0 8 0 0 0 8 0 0 0 8 0 0 0 9 8 0 0 9 8 0 0 8 9 7 0 9 8 0 0 8 9 7 0 9 8 0 0 9 8 0 0 8 9 7 0 9 8 0 0 9 8 0 0 9 8 0 0 8 9 7 0 9 8 0 0 9 8 0 0 9 8 0 0 9 8 0 0 9 8 0 0 9 8 0 0 9 8 0 0 9 8 0 0 9 8 0 0 9 8 0 0 9 8 0 0 9 8 0 0 9 8 0 0 9 8 0 0 9 8 0 0 9 8 0 0 9 8 0 0 9 8 0 0 9 8 0 0 9 8 0 0 9 8 0 0 9 8 0 0 9 8 0 0 9 8 0 0 9 8 0 0 9 8 0 0 9 8 0 0 9 8 0 0 9 8 0 0 9 8 0 0 9 8 0 0 9 8 0 0 9 8 0 0 9 8 0 0 9 8 0 0 9 8 0 0 9 8 0 0 9 8 0 0 9 8 0 0 9 8 0 0 9 8 0 0 9 8 0 0 9 8 0 0 9 8 0 0 9 8 0 0 9 8 0 0 9 8 0 0 9 8 0 0 9 8 0 0 9 8 0 0 9 8 0 0 9 8 0 0 9 8 0 0 9 8 0 0 9 8 0 0 9 8 0 0 9 8 0 0 9 8 0 0 9 8 0 0 9 8 0 0 9 8 0 0 8 9 0 0 9 8 0 0 9 8 0 0 8 9 0 0 8 9 7 0 9 8 0 0 9 8 0 0 8 9 0 0 8 9 7 0 8 9 7 0 9 8 0 0 9 8 0 0 8 9 7 0 8 9 7 0 8 9 7 0 8 9 7 0 8 9 7 0 8 9 7 0 8 9 7 0 8 9 7 0 8 9 7 0 8 9 7 0 8 9 7 0 8 9 7 0 8 9 7 0 8 9 7 0 8 9 7 0 8 9 7 0 8 9 7 0 8 9 7 0 8 9 7 0 8 9 7 0 8 9 7 0 8 9 7 0 8 9 7 0 8 9 7 0 8 9 7 0 8 9 7 0 8 9 7 0 8 9 7 0 8 9 7 0 8 9 7 0 8 9 7 0 8 9 7 0 8 7 3 0 8 7 3 0 8 7 3 0 8 7 3 0 8 7 3 0 8 7 3 0 8 7 3 0 8 7 3 0 8 7 3 0 8 7 3 0 8 7 3 0 8 7 3 0 8 7 3 0 8 7 3 0 8 7 3 0 8 7 3 0 8 7 3 0 8 7 3 0 8 7 3 0 8 7 3 0 8 7 3 0 8 7 3 0 8 7 3 0 8 7 3 0 8 7 3 0 8 7 3 0 8 7 3 0 8 7 3 0 8 7 3 0 8 7 3 0 8 7 3 0 8 7 3 0 8 7 3 0 8 7 3 0 8 7 3 0 8 7 3 0 8 7 3 0 8 7 3 0 8 7 3 0 8 7 3 0 8 7 3 0 8 7 3 0 8 7 3 0 8 7 3 0 8 7 3 0 8 7 3 0 8 7 3 0 8 7 3 0 8 7 3 0 8 7 3 0 8 7 3 0 8 7 3 0 8 7 3 0 8 7 3 0 8 7 3 0 8 7 3 0 8 7 3 0 8 7 3 0 8 7 3 0 8 7 3 0 8 7 3 0 8 7 3 0 8 7 3 0 8 7 3 0 8 7 3 0 32 0 0 0 32 0 0 0 32 0 0 0 32 0 0 0 32 0 0 0 32 0 0 0 32 0 0 0 32 0 0 0 32 0 0 0 32 0 0 0 32 0 0 0 32 0 0 0 32 0 0 0 32 0 0 0 32 0 0 0 32 0 0 0 32 0 0 0 32 0 0 0 32 0 0 0 32 0 0 0 32 0 0 0 32 0 0 0 32 0 0 0 32 0 0 0 32 0 0 0 32 0 0 0 32 0 0 0 32 0 0 0 32 0 0 0 32 0 0 0 32 0 0 0 32 0 0 0 32 0 0 0 32 0 0 0 32 0 0 0 32 0 0 0 32 0 0 0 32 0 0 0 32 0 0 0 32 0 0 0 32 0 0 0 32 0 0 0 32 0 0 0 32 0 0 0 32 0 0 0 32 0 0 0 32 0 0 0 33 32 0 0 33 32 0 0 32 33 31 0 33 32 0 0 33 32 0 0 32 33 31 0 33 32 0 0 33 32 0 0 33 32 0 0 32 33 31 0 33 32 0 0 33 32 0 0 33 32 0 0 32 33 31 0 33 32 0 0 33 32 0 0 33 32 0 0 33 32 0 0 33 32 0 0 33 32 0 0 33 32 0 0 33 32 0 0 33 32 0 0 33 32 0 0 33 32 0 0 33 32 0 0 33 32 0 0 33 32 0 0 33 32 0 0 33 32 0 0 33 32 0 0 33 32 0 0 33 32 0 0 33 32 0 0 33 32 0 0 33 32 0 0 33 32 0 0 33 32 0 0 33 32 0 0 33 32 0 0 33 32 0 0 33 32 0 0 33 32 0 0 33 32 0 0 33 32 0 0 33 32 0 0 33 32 0 0 33 32 0 0 33 32 0 0 33 32 0 0 33 32 0 0 33 32 0 0 33 32 0 0 33 32 0 0 33 32 0 0 33 32 0 0 33 32 0 0 33 32 0 0 33 32 0 0 33 32 0 0 33 32 0 0 33 32 0 0 33 32 0 0 33 32 0 0 33 32 0 0 33 32 0 0 33 32 0 0 33 32 0 0 33 32 0 0 33 32 0 0 33 32 0 0 33 32 0 0 33 32 0 0 32 33 0 0 33 32 0 0 33 32 0 0 33 32 0 0 32 33 0 0 32 33 31 0 33 32 0 0 32 33 0 0 33 32 0 0 32 33 31 0 32 33 31 0 33 32 0 0 32 33 31 0 32 33 31 0 32 33 31 0 32 33 31 0 32 33 31 0 32 33 31 0 32 33 31 0 32 33 31 0 32 33 31 0 32 33 31 0 32 33 31 0 32 33 31 0 32 33 31 0 32 33 31 0 32 33 31 0 32 33 31 0 32 33 31 0 32 33 31 0 32 33 31 0 32 33 31 0 32 33 31 0 32 33 31 0 32 33 31 0 32 33 31 0 32 33 31 0 32 33 31 0 32 33 31 0 32 33 31 0 32 33 31 0 32 33 31 0 32 33 31 0 32 33 31 0 32 31 3 0 32 31 3 0 32 31 3 0 32 31 3 0 32 31 3 0 32 31 3 0 32 31 3 0 32 31 3 0 32 31 3 0 32 31 3 0 32 31 3 0 32 31 3 0 32 31 3 0 32 31 3 0 32 31 3 0 32 31 3 0 32 31 3 0 32 31 3 0 32 31 3 0 32 31 3 0 32 31 3 0 32 31 3 0 32 31 3 0 32 31 3 0 32 31 3 0 32 31 3 0 32 31 3 0 32 31 3 0 32 31 3 0 32 31 3 0 32 31 3 0 32 31 3 0 32 31 3 0 32 31 3 0 32 31 3 0 32 31 3 0 32 31 3 0 32 31 3 0 32 31 3 0 32 31 3 0 32 31 3 0 32 31 3 0 32 31 3 0 32 31 3 0 32 31 3 0 32 31 3 0 32 31 3 0 32 31 3 0 32 31 3 0 32 31 3 0 32 31 3 0 32 31 3 0 32 31 3 0 32 31 3 0 32 31 3 0 32 31 3 0 32 31 3 0 32 31 3 0 32 31 3 0 32 31 3 0 32 31 3 0 32 31 3 0 32 31 3 0 32 31 3 0 32 31 3 0 56 57 58 55 56 57 58 55 56 57 58 55 56 57 58 55 56 57 58 55 56 57 58 55 56 57 58 55 56 57 58 55 56 57 58 55 56 57 58 55 56 57 58 55 56 57 58 55 56 57 58 55 56 57 58 55 56 57 58 55 56 57 58 55 56 57 58 55 56 57 58 55 56 57 58 55 56 57 58 55 56 57 58 55 56 57 58 55 56 57 58 55 56 57 58 55 56 57 58 55 56 57 58 55 56 57 58 55 56 57 58 55 56 57 58 55 56 57 58 55 56 57 58 55 56 57 58 55 56 57 58 55 56 57 58 55 56 57 58 55 56 57 58 55 56 57 58 55 56 57 58 55 56 57 58 55 56 57 58 55 56 57 58 55 56 57 58 55 56 57 58 55 56 57 58 55 56 57 58 0 56 57 58 55 56 57 58 55 56 57 58 55 56 57 58 55 56 57 58 55 56 57 58 55 56 57 58 55 56 57 58 55 56 57 58 55 56 57 58 55 56 57 58 55 56 57 58 55 56 57 58 55 56 57 58 55 56 57 58 55 56 57 58 55 56 57 58 55 56 57 58 55 56 57 58 55 56 57 58 55 56 57 58 55 56 57 58 55 56 57 58 55 56 57 58 55 56 57 58 55 56 57 58 55 56 57 58 55 56 57 58 55 56 57 58 55 56 57 58 55 56 57 58 55 3 31 0 0 3 31 0 0 3 0 0 0 3 0 0 0 3 0 0 0 3 0 0 0 3 0 0 0 3 0 0 0 3 0 0 0 3 0 0 0 3 0 0 0 3 0 0 0 3 0 0 0 3 0 0 0 3 0 0 0 3 0 0 0 3 0 0 0 3 0 0 0 3 0 0 0 3 0 0 0 3 0 0 0 3 0 0 0 3 0 0 0 3 0 0 0 3 0 0 0 3 0 0 0 3 0 0 0 3 0 0 0 3 0 0 0 3 0 0 0 3 0 0 0 3 0 0 0 3 0 0 0 3 0 0 0 3 0 0 0 3 0 0 0 3 0 0 0 3 0 0 0 3 0 0 0 3 0 0 0 3 0 0 0 3 0 0 0 3 0 0 0 3 0 0 0 3 31 0 0 3 0 0 0 3 31 0 0 3 0 0 0 3 31 0 0 3 0 0 0 0 0 0 0 0 0 0 0 0 0 0 0 0 0 0 0 0 0 0 0 0 0 0 0 0 0 0 0 0 0 0 0 0 0 0 0 0 0 0 0 0 0 0 0 0 0 0 0 0 0 0 0 0 0 0 0 0 0 0 0 0 0 0 0 0 0 0 0 0 0 0 0 0 0 0 0 0 0 0 0 0 0 0 0 0 0 0 0 0 0 0 0 0 0 0 0 0 0 0 0 0 0 0 0 32 0 0 0 32 0 0 0 32 0 0 0 32 0 0 0 32 0 0 0 32 0 0 0 32 0 0 0 32 0 0 0 32 0 0 0 32 0 0 0 32 0 0 0 32 0 0 0 32 0 0 0 32 0 0 0 32 0 0 0 32 0 0 0 32 0 0 0 32 0 0 0 32 0 0 0 32 0 0 0 32 0 0 0 32 0 0 0 32 0 0 0 32 0 0 0 32 0 0 0 32 0 0 0 32 0 0 0 32 0 0 0 32 0 0 0 32 0 0 0 32 0 0 0 32 0 0 0 32 0 0 0 32 0 0 0 32 0 0 0 32 0 0 0 32 0 0 0 32 0 0 0 32 0 0 0 32 0 0 0 32 0 0 0 32 0 0 0 32 0 0 0 32 0 0 0 32 0 0 0 32 0 0 0 32 0 0 0 32 0 0 0 32 0 0 0 32 0 0 0 32 0 0 0 32 0 0 0 32 0 0 0 32 0 0 0 32 0 0 0 32 0 0 0 32 0 0 0 32 0 0 0 32 0 0 0 32 0 0 0 32 0 0 0 32 0 0 0 32 0 0 0 32 0 0 0 32 0 0 0 32 0 0 0 32 0 0 0 32 0 0 0 32 0 0 0 32 0 0 0 32 0 0 0 32 0 0 0 32 0 0 0 32 0 0 0 32 0 0 0 32 0 0 0 32 0 0 0 32 0 0 0 32 0 0 0 32 0 0 0 32 0 0 0 32 0 0 0 32 0 0 0 32 0 0 0 32 0 0 0 32 0 0 0 32 0 0 0 32 0 0 0 32 0 0 0 32 0 0 0 32 0 0 0 32 0 0 0 32 0 0 0 32 0 0 0 32 0 0 0 32 0 0 0 32 0 0 0 32 0 0 0 32 0 0 0 32 0 0 0 32 0 0 0 32 0 0 0 32 0 0 0 32 0 0 0 32 0 0 0 32 0 0 0 32 0 0 0 32 0 0 0 32 0 0 0 32 0 0 0 32 0 0 0 32 0 0 0 32 0 0 0 32 0 0 0 32 0 0 0 32 0 0 0 32 0 0 0 32 0 0 0 32 0 0 0 32 0 0 0 32 0 0 0 32 0 0 0 32 0 0 0 32 0 0 0 32 0 0 0 32 0 0 0 32 0 0 0 32 0 0 0 32 0 0 0 32 0 0 0 32 0 0 0 32 0 0 0 32 0 0 0 32 0 0 0 32 0 0 0 32 0 0 0 32 0 0 0 32 0 0 0 32 0 0 0 32 0 0 0 32 0 0 0 32 0 0 0 32 0 0 0 32 0 0 0 32 0 0 0 32 0 0 0 32 0 0 0 32 0 0 0 32 0 0 0 32 0 0 0 32 0 0 0 32 0 0 0 32 0 0 0 32 0 0 0 32 0 0 0 32 0 0 0 32 0 0 0 32 0 0 0 32 0 0 0 32 0 0 0 32 0 0 0 32 0 0 0 32 0 0 0 32 0 0 0 32 0 0 0 32 0 0 0 32 0 0 0 32 0 0 0 32 0 0 0 32 0 0 0 32 0 0 0 32 0 0 0 32 0 0 0 32 0 0 0 32 0 0 0 32 0 0 0 32 0 0 0 32 0 0 0 32 0 0 0 32 0 0 0 32 0 0 0 32 0 0 0 32 0 0 0 32 0 0 0 32 0 0 0 32 0 0 0 32 0 0 0 32 0 0 0 32 0 0 0 32 0 0 0 32 0 0 0 32 0 0 0 32 0 0 0 32 0 0 0 32 0 0 0 32 0 0 0 32 0 0 0 32 0 0 0 32 0 0 0 32 0 0 0 32 0 0 0 32 0 0 0 33 0 0 0 33 0 0 0 33 0 0 0 33 0 0 0 33 0 0 0 33 0 0 0 33 0 0 0 33 0 0 0 33 0 0 0 33 0 0 0 33 0 0 0 33 0 0 0 33 0 0 0 33 0 0 0 33 0 0 0 33 0 0 0 33 0 0 0 33 0 0 0 33 0 0 0 33 0 0 0 33 0 0 0 33 0 0 0 33 0 0 0 33 0 0 0 33 0 0 0 33 0 0 0 33 0 0 0 33 0 0 0 33 0 0 0 33 0 0 0 33 0 0 0 33 0 0 0 33 0 0 0 33 0 0 0 33 0 0 0 33 0 0 0 33 0 0 0 33 0 0 0 33 0 0 0 33 0 0 0 33 0 0 0 33 0 0 0 33 0 0 0 33 0 0 0 33 0 0 0 33 0 0 0 33 0 0 0 33 0 0 0 33 0 0 0 33 0 0 0 33 0 0 0 33 0 0 0 33 0 0 0 33 0 0 0 33 0 0 0 33 0 0 0 33 0 0 0 33 0 0 0 33 0 0 0 33 0 0 0 33 0 0 0 33 0 0 0 33 0 0 0 33 0 0 0 33 0 0 0 33 0 0 0 33 0 0 0 33 0 0 0 33 0 0 0 33 0 0 0 33 0 0 0 33 0 0 0 33 0 0 0 33 0 0 0 33 0 0 0 33 0 0 0 33 0 0 0 33 0 0 0 33 0 0 0 33 0 0 0 33 0 0 0 33 0 0 0 33 0 0 0 33 0 0 0 33 0 0 0 33 0 0 0 33 0 0 0 33 0 0 0 33 0 0 0 33 0 0 0 33 0 0 0 33 0 0 0 33 0 0 0 33 0 0 0 33 0 0 0 33 0 0 0 33 0 0 0 33 0 0 0 33 0 0 0 33 0 0 0 33 0 0 0 33 0 0 0 33 0 0 0 33 0 0 0 33 0 0 0 33 0 0 0 33 0 0 0 33 0 0 0 33 0 0 0 33 0 0 0 33 0 0 0 33 0 0 0 33 0 0 0 33 0 0 0 60 0 0 0 60 0 0 0 60 0 0 0 60 0 0 0 60 0 0 0 60 0 0 0 60 0 0 0 60 0 0 0 60 0 0 0 60 0 0 0 60 0 0 0 60 0 0 0 60 0 0 0 60 0 0 0 60 0 0 0 60 0 0 0 60 0 0 0 60 0 0 0 60 0 0 0 60 0 0 0 60 0 0 0 60 0 0 0 60 0 0 0 60 0 0 0 60 0 0 0 60 0 0 0 60 61 0 0 60 61 0 0 60 61 0 0 60 61 0 0 60 61 0 0 60 61 0 0 60 61 0 0 60 61 0 0 60 61 0 0 60 61 0 0 60 61 0 0 60 61 0 0 60 61 0 0 60 61 0 0 60 61 0 0 60 61 0 0 60 61 0 0 60 61 0 0 60 61 0 0 60 61 0 0 60 61 0 0 60 61 0 0 60 61 0 0 60 61 0 0 60 61 0 0 60 61 0 0 60 61 0 0 60 61 0 0 60 61 0 0 60 61 0 0 60 61 0 0 60 61 0 0 60 61 0 0 60 61 0 0 60 61 0 0 60 61 0 0 60 61 0 0 60 61 0 0 60 61 0 0 60 61 0 0 60 61 0 0 60 61 0 0 60 61 0 0 60 61 0 0 60 61 0 0 60 61 0 0 60 61 0 0 60 61 0 0 60 61 0 0 60 61 0 0 60 61 0 0 60 61 0 0 60 61 0 0 60 61 0 0 60 61 0 0 60 61 0 0 60 61 0 0 60 61 0 0 60 61 0 0 60 61 0 0 60 61 0 0 60 61 0 0 61 0 0 0 61 0 0 0 61 0 0 0 61 0 0 0 61 0 0 0 61 0 0 0 61 0 0 0 61 0 0 0 61 0 0 0 61 0 0 0 61 0 0 0 61 0 0 0 61 0 0 0 61 0 0 0 61 0 0 0 61 0 0 0 61 0 0 0 61 0 0 0 61 0 0 0 61 0 0 0 61 0 0 0 61 0 0 0 61 0 0 0 61 0 0 0 61 0 0 0 61 0 0 0 56 0 0 0 56 0 0 0 56 0 0 0 56 0 0 0 56 0 0 0 56 0 0 0 56 0 0 0 56 0 0 0 56 0 0 0 56 0 0 0 56 0 0 0 56 0 0 0 56 0 0 0 56 0 0 0 56 0 0 0 56 0 0 0 56 0 0 0 56 0 0 0 56 0 0 0 56 0 0 0 56 0 0 0 56 0 0 0 56 0 0 0 56 0 0 0 56 0 0 0 56 0 0 0 61 62 63 60 61 62 63 60 61 62 63 60 61 62 63 60 61 62 63 60 61 62 63 60 61 62 63 60 61 62 63 60 61 62 63 60 61 62 63 60 61 62 63 60 61 62 63 60 61 62 63 60 61 62 63 60 61 62 63 60 61 62 63 60 61 62 63 60 61 62 63 60 61 62 63 60 61 62 63 60 61 62 63 60 61 62 63 60 61 62 63 60 61 62 63 60 61 62 63 60 61 62 63 60 61 62 63 60 61 62 63 60 61 62 63 60 61 62 63 60 61 62 63 0 61 62 63 60 61 62 63 60 61 62 63 60 61 62 63 60 61 62 63 60 61 62 63 60 61 62 63 60 61 62 63 60 61 62 63 60 61 62 63 60 61 62 63 60 61 62 63 60 61 62 63 60 61 62 63 60 61 62 63 0 61 62 63 60 61 62 63 60 61 62 63 60 61 62 63 60 61 62 63 60 61 62 63 60 61 62 63 60 61 62 63 60 61 62 63 60 61 62 63 60 61 62 63 60 61 62 63 60 61 62 63 60 61 62 63 60 61 62 63 60 61 62 63 60 61 62 63 60 61 62 63 60 61 62 63 60 61 62 63 60 61 62 63 60 61 62 63 60 61 62 63 60 61 62 63 60 61 62 63 60 61 62 63 60 61 62 63 60 61 62 63 60 61 62 63 60 61 62 63 60 3 0 0 0 3 7 0 0 3 7 0 0 3 0 0 0 3 0 0 0 3 0 0 0 3 0 0 0 3 0 0 0 3 0 0 0 3 0 0 0 3 0 0 0 3 0 0 0 3 0 0 0 3 0 0 0 3 0 0 0 3 0 0 0 3 0 0 0 3 0 0 0 3 0 0 0 3 0 0 0 3 0 0 0 3 0 0 0 3 0 0 0 3 0 0 0 3 0 0 0 3 0 0 0 3 0 0 0 3 0 0 0 3 0 0 0 3 0 0 0 3 0 0 0 3 0 0 0 3 0 0 0 3 0 0 0 3 0 0 0 3 0 0 0 3 0 0 0 3 0 0 0 3 0 0 0 3 0 0 0 3 0 0 0 3 0 0 0 3 0 0 0 3 0 0 0 3 7 0 0 3 0 0 0 3 7 0 0 3 0 0 0 3 7 0 0 3 0 0 0 0 0 0 0 0 0 0 0 0 0 0 0 0 0 0 0 0 0 0 0 0 0 0 0 0 0 0 0 0 0 0 0 0 0 0 0 0 0 0 0 0 0 0 0 0 0 0 0 0 0 0 0 0 0 0 0 0 0 0 0 0 0 0 0 0 0 0 0 0 0 0 0 0 0 0 0 0 0 0 0 0 0 0 0 0 0 0 0 0 0 0 0 0 0 0 0 0 0 0 0 0 0 0 0 8 0 0 0 8 0 0 0 8 0 0 0 8 0 0 0 8 0 0 0 8 0 0 0 8 0 0 0 8 0 0 0 8 0 0 0 8 0 0 0 8 0 0 0 8 0 0 0 8 0 0 0 8 0 0 0 8 0 0 0 8 0 0 0 8 0 0 0 8 0 0 0 8 0 0 0 8 0 0 0 8 0 0 0 8 0 0 0 8 0 0 0 8 0 0 0 8 0 0 0 8 0 0 0 8 0 0 0 8 0 0 0 8 0 0 0 8 0 0 0 8 0 0 0 8 0 0 0 8 0 0 0 8 0 0 0 8 0 0 0 8 0 0 0 8 0 0 0 8 0 0 0 8 0 0 0 8 0 0 0 8 0 0 0 8 0 0 0 8 0 0 0 8 0 0 0 8 0 0 0 8 0 0 0 8 0 0 0 8 0 0 0 8 0 0 0 8 0 0 0 8 0 0 0 8 0 0 0 8 0 0 0 8 0 0 0 8 0 0 0 8 0 0 0 8 0 0 0 8 0 0 0 8 0 0 0 8 0 0 0 8 0 0 0 8 0 0 0 8 0 0 0 8 0 0 0 8 0 0 0 8 0 0 0 8 0 0 0 8 0 0 0 8 0 0 0 8 0 0 0 8 0 0 0 8 0 0 0 8 0 0 0 8 0 0 0 8 0 0 0 8 0 0 0 8 0 0 0 8 0 0 0 8 0 0 0 8 0 0 0 8 0 0 0 8 0 0 0 8 0 0 0 8 0 0 0 8 0 0 0 8 0 0 0 8 0 0 0 8 0 0 0 8 0 0 0 8 0 0 0 8 0 0 0 8 0 0 0 8 0 0 0 8 0 0 0 8 0 0 0 8 0 0 0 8 0 0 0 8 0 0 0 8 0 0 0 8 0 0 0 8 0 0 0 8 0 0 0 8 0 0 0 8 0 0 0 8 0 0 0 8 0 0 0 8 0 0 0 8 0 0 0 8 0 0 0 8 0 0 0 8 0 0 0 8 0 0 0 8 0 0 0 8 0 0 0 8 0 0 0 8 0 0 0 8 0 0 0 8 0 0 0 8 0 0 0 8 0 0 0 8 0 0 0 8 0 0 0 8 0 0 0 8 0 0 0 8 0 0 0 8 0 0 0 8 0 0 0 8 0 0 0 8 0 0 0 8 0 0 0 8 0 0 0 8 0 0 0 8 0 0 0 8 0 0 0 8 0 0 0 8 0 0 0 8 0 0 0 8 0 0 0 8 0 0 0 8 0 0 0 8 0 0 0 8 0 0 0 8 0 0 0 8 0 0 0 8 0 0 0 8 0 0 0 8 0 0 0 8 0 0 0 8 0 0 0 8 0 0 0 8 0 0 0 8 0 0 0 8 0 0 0 8 0 0 0 8 0 0 0 8 0 0 0 8 0 0 0 8 0 0 0 8 0 0 0 8 0 0 0 8 0 0 0 8 0 0 0 8 0 0 0 8 0 0 0 8 0 0 0 8 0 0 0 8 0 0 0 8 0 0 0 8 0 0 0 8 0 0 0 8 0 0 0 8 0 0 0 8 0 0 0 8 0 0 0 8 0 0 0 8 0 0 0 8 0 0 0 8 0 0 0 8 0 0 0 8 0 0 0 8 0 0 0 8 0 0 0 8 0 0 0 8 0 0 0 8 0 0 0 8 0 0 0 8 0 0 0 8 0 0 0 8 0 0 0 8 0 0 0 8 0 0 0 8 0 0 0 8 0 0 0 8 0 0 0 8 0 0 0 8 0 0 0 8 0 0 0 8 0 0 0 8 0 0 0 8 0 0 0 8 0 0 0 8 0 0 0 9 0 0 0 9 0 0 0 9 0 0 0 9 0 0 0 9 0 0 0 9 0 0 0 9 0 0 0 9 0 0 0 9 0 0 0 9 0 0 0 9 0 0 0 9 0 0 0 9 0 0 0 9 0 0 0 9 0 0 0 9 0 0 0 9 0 0 0 9 0 0 0 9 0 0 0 9 0 0 0 9 0 0 0 9 0 0 0 9 0 0 0 9 0 0 0 9 0 0 0 9 0 0 0 9 0 0 0 9 0 0 0 9 0 0 0 9 0 0 0 9 0 0 0 9 0 0 0 9 0 0 0 9 0 0 0 9 0 0 0 9 0 0 0 9 0 0 0 9 0 0 0 9 0 0 0 9 0 0 0 9 0 0 0 9 0 0 0 9 0 0 0 9 0 0 0 9 0 0 0 9 0 0 0 9 0 0 0 9 0 0 0 9 0 0 0 9 0 0 0 9 0 0 0 9 0 0 0 9 0 0 0 9 0 0 0 9 0 0 0 9 0 0 0 9 0 0 0 9 0 0 0 9 0 0 0 9 0 0 0 9 0 0 0 9 0 0 0 9 0 0 0 9 0 0 0 9 0 0 0 9 0 0 0 9 0 0 0 9 0 0 0 9 0 0 0 9 0 0 0 9 0 0 0 9 0 0 0 9 0 0 0 9 0 0 0 9 0 0 0 9 0 0 0 9 0 0 0 9 0 0 0 9 0 0 0 9 0 0 0 9 0 0 0 9 0 0 0 9 0 0 0 9 0 0 0 9 0 0 0 9 0 0 0 9 0 0 0 9 0 0 0 9 0 0 0 9 0 0 0 9 0 0 0 9 0 0 0 9 0 0 0 9 0 0 0 9 0 0 0 9 0 0 0 9 0 0 0 9 0 0 0 9 0 0 0 9 0 0 0 9 0 0 0 9 0 0 0 9 0 0 0 9 0 0 0 9 0 0 0 9 0 0 0 9 0 0 0 9 0 0 0 9 0 0 0 9 0 0 0 9 0 0 0 9 0 0 0 9 0 0 0 9 0 0 0 55 0 0 0 55 0 0 0 55 0 0 0 55 0 0 0 55 0 0 0 55 0 0 0 55 0 0 0 55 0 0 0 55 0 0 0 55 0 0 0 55 0 0 0 55 0 0 0 55 0 0 0 55 0 0 0 55 0 0 0 55 0 0 0 55 0 0 0 55 0 0 0 55 0 0 0 55 0 0 0 55 0 0 0 55 0 0 0 55 0 0 0 55 0 0 0 55 0 0 0 55 0 0 0 55 56 0 0 55 56 0 0 55 56 0 0 55 56 0 0 55 56 0 0 55 56 0 0 55 56 0 0 55 56 0 0 55 56 0 0 55 56 0 0 55 56 0 0 55 56 0 0 55 56 0 0 55 56 0 0 55 56 0 0 55 56 0 0 55 56 0 0 55 56 0 0 55 56 0 0 55 56 0 0 55 56 0 0 55 56 0 0 55 56 0 0 55 56 0 0 55 56 0 0 55 56 0 0 55 56 0 0 55 56 0 0 55 56 0 0 55 56 0 0 55 56 0 0 55 56 0 0 55 56 0 0 55 56 0 0 55 56 0 0 55 56 0 0 55 56 0 0 55 56 0 0 55 56 0 0 55 56 0 0 55 56 0 0 55 56 0 0 55 56 0 0 55 56 0 0 55 56 0 0 55 56 0 0 55 56 0 0 55 56 0 0 55 56 0 0 55 56 0 0 55 56 0 0 55 56 0 0 55 56 0 0 55 56 0 0 55 56 0 0 55 56 0 0 55 56 0 0 55 56 0 0 55 56 0 0 55 56 0 0 55 56 0 0 55 56 0 0 55 56 0 0 55 56 0 0 55 56 0 0 55 56 0 0 55 56 0 0 55 56 0 0 55 56 0 0 55 56 0 0 55 56 0 0 55 56 0 0 55 56 0 0 55 56 0 0 55 56 0 0 55 56 0 0 55 56 0 0 55 56 0 0 55 56 0 0 55 56 0 0 55 56 0 0 55 56 0 0 55 56 0 0 55 56 0 0 55 56 0 0 55 56 0 0 55 56 0 0 55 56 0 0 55 56 0 0 55 56 0 0 55 56 0 0 55 56 0 0 55 56 0 0 55 56 0 0 55 56 0 0 55 56 0 0 55 56 0 0 55 56 0 0 55 0 0 0 55 0 0 0 55 0 0 0 55 0 0 0 55 0 0 0 55 0 0 0 55 0 0 0 55 0 0 0 55 0 0 0 55 0 0 0 55 0 0 0 55 0 0 0 55 0 0 0 55 0 0 0 55 0 0 0 55 0 0 0 55 0 0 0 55 0 0 0 55 0 0 0 55 0 0 0 55 0 0 0 55 0 0 0 55 0 0 0 55 0 0 0 55 0 0 0 55 0 0 0 55 0 0 0 55 0 0 0 55 0 0 0 55 0 0 0 55 0 0 0 55 0 0 0 55 0 0 0 55 0 0 0 55 0 0 0 55 0 0 0 55 0 0 0 55 0 0 0 55 0 0 0 55 0 0 0 55 0 0 0 55 0 0 0 55 0 0 0 55 0 0 0 55 0 0 0 55 0 0 0 55 0 0 0 55 0 0 0 55 0 0 0 55 0 0 0 55 0 0 0 55 0 0 0 55 0 0 0 55 0 0 0 55 0 0 0 55 0 0 0 55 0 0 0 55 0 0 0 55 0 0 0 55 0 0 0 55 0 0 0 55 0 0 0 55 0 0 0 55 0 0 0 9 0 0 0 9 0 0 0 9 0 0 0 9 0 0 0 9 0 0 0 9 0 0 0 9 0 0 0 9 0 0 0 9 0 0 0 9 0 0 0 9 0 0 0 9 0 0 0 9 0 0 0 9 0 0 0 9 0 0 0 9 0 0 0 9 0 0 0 9 0 0 0 9 0 0 0 9 0 0 0 9 0 0 0 9 0 0 0 9 0 0 0 9 0 0 0 9 0 0 0 9 0 0 0 9 0 0 0 9 0 0 0 9 0 0 0 9 0 0 0 9 0 0 0 9 0 0 0 9 0 0 0 9 0 0 0 9 0 0 0 9 0 0 0 9 0 0 0 9 0 0 0 9 0 0 0 9 0 0 0 9 0 0 0 9 0 0 0 9 0 0 0 9 0 0 0 9 0 0 0 9 0 0 0 9 0 0 0 9 0 0 0 9 0 0 0 9 0 0 0 9 0 0 0 9 0 0 0 9 0 0 0 9 0 0 0 9 0 0 0 9 0 0 0 9 0 0 0 9 0 0 0 9 0 0 0 9 0 0 0 9 0 0 0 9 0 0 0 9 0 0 0 9 0 0 0 9 0 0 0 9 0 0 0 9 0 0 0 9 0 0 0 9 0 0 0 9 0 0 0 9 0 0 0 9 0 0 0 9 0 0 0 9 0 0 0 9 0 0 0 9 0 0 0 9 0 0 0 9 0 0 0 9 0 0 0 9 0 0 0 9 0 0 0 9 0 0 0 9 0 0 0 9 0 0 0 9 0 0 0 9 0 0 0 9 0 0 0 9 0 0 0 9 0 0 0 9 0 0 0 9 0 0 0 9 0 0 0 9 0 0 0 9 0 0 0 9 0 0 0 9 0 0 0 9 0 0 0 9 0 0 0 9 0 0 0 9 0 0 0 9 0 0 0 9 0 0 0 9 0 0 0 9 0 0 0 9 0 0 0 9 0 0 0 9 0 0 0 9 0 0 0 9 0 0 0 9 0 0 0 9 0 0 0 9 0 0 0 9 0 0 0 9 0 0 0 9 0 0 0 9 0 0 0 9 0 0 0 9 0 0 0 9 0 0 0 9 0 0 0 9 0 0 0 9 0 0 0 9 0 0 0 9 0 0 0 9 0 0 0 9 0 0 0 9 0 0 0 9 0 0 0 9 0 0 0 9 0 0 0 9 0 0 0 9 0 0 0 9 0 0 0 9 0 0 0 8 0 0 0 8 0 0 0 8 0 0 0 8 0 0 0 8 0 0 0 8 0 0 0 8 0 0 0 8 9 7 0 8 0 0 0 8 9 7 0 8 9 7 0 8 0 0 0 8 0 0 0 8 0 0 0 8 0 0 0 8 9 7 0 8 9 7 0 8 0 0 0 8 0 0 0 8 0 0 0 8 9 7 0 8 9 7 0 8 9 7 0 8 0 0 0 8 0 0 0 8 9 7 0 8 9 7 0 8 9 7 0 8 9 7 0 8 0 0 0 8 0 0 0 8 0 0 0 8 0 0 0 8 9 7 0 8 9 7 0 8 9 7 0 8 9 7 0 9 8 7 0 8 0 0 0 8 0 0 0 8 9 7 0 8 0 0 0 8 0 0 0 8 0 0 0 8 0 0 0 8 9 7 0 8 9 7 0 8 9 7 0 8 9 7 0 8 9 7 0 8 9 7 0 8 9 7 0 8 9 7 0 8 9 7 0 8 9 7 0 8 9 7 0 8 9 7 0 8 9 7 0 8 9 7 0 8 9 7 0 8 9 7 0 8 9 7 0 8 9 7 0 8 9 7 0 9 8 7 0 9 8 7 0 9 8 7 0 8 9 7 0 8 9 7 0 9 8 7 0 9 0 0 0 8 9 7 0 9 8 7 0 9 0 0 0 9 0 0 0 9 8 7 0 9 8 7 0 8 9 7 0 8 9 7 0 9 0 0 0 9 0 0 0 9 0 0 0 9 0 0 0 9 0 0 0 9 0 0 0 9 0 0 0 9 8 7 0 9 8 7 0 9 0 0 0 9 0 0 0 9 0 0 0 9 0 0 0 9 0 0 0 9 8 7 0 8 9 7 0 9 0 0 0 9 0 0 0 9 8 7 0 9 0 0 0 9 0 0 0 9 8 7 0 9 0 0 0 9 0 0 0 9 0 0 0 9 0 0 0 9 0 0 0 9 0 0 0 9 0 0 0 9 0 0 0 9 8 7 0 9 8 7 0 9 8 7 0 9 8 7 0 9 8 7 0 8 9 7 0 8 9 7 0 8 9 7 0 3 0 0 0 3 0 0 0 3 0 0 0 3 0 0 0 3 8 7 0 3 0 0 0 3 8 7 0 3 8 7 0 3 0 0 0 3 0 0 0 3 8 7 0 3 8 7 0 3 8 7 0 3 0 0 0 3 0 0 0 3 8 7 0 3 8 7 0 3 8 7 0 3 8 7 0 3 0 0 0 3 0 0 0 3 8 7 0 3 8 7 0 3 8 7 0 3 8 7 0 3 8 7 0 3 0 0 0 3 0 0 0 3 8 7 0 3 8 7 0 3 8 7 0 3 8 7 0 3 8 7 0 3 8 7 0 3 0 0 0 3 0 0 0 3 8 7 0 3 8 7 0 3 8 7 0 3 8 7 0 3 8 7 0 3 8 7 0 3 8 7 0 3 0 0 0 3 0 0 0 3 0 0 0 3 0 0 0 3 8 7 0 3 8 7 0 3 8 7 0 3 8 7 0 3 0 0 0 3 0 0 0 3 0 0 0 3 8 7 0 3 8 7 0 3 8 7 0 3 8 7 0 3 8 7 0 3 8 7 0 3 8 7 0 3 8 7 0 3 8 7 0 3 8 7 0 3 8 7 0 3 8 7 0 3 8 7 0 3 8 7 0 3 8 7 0 3 8 7 0 3 8 7 0 3 8 7 0 3 8 7 0 3 8 7 0 3 8 7 0 3 8 7 0 3 8 7 0 3 8 7 0 3 8 7 0 3 8 7 0 3 8 7 0 3 8 7 0 3 8 7 0 3 8 7 0 3 8 7 0 3 8 7 0 3 8 7 0 8 3 7 0 8 3 7 0 8 3 7 0 8 3 7 0 8 3 7 0 3 8 7 0 3 8 7 0 8 3 7 0 8 3 7 0 8 3 7 0 8 3 7 0 3 8 7 0 8 3 7 0 8 3 7 0 8 3 7 0 8 3 7 0 8 3 7 0 8 3 7 0 8 3 7 0 8 3 7 0 8 3 7 0 8 3 7 0 8 3 7 0 8 3 7 0 8 3 7 0 8 3 7 0 8 3 7 0 8 3 7 0 8 3 7 0 8 3 7 0 8 3 7 0 8 3 7 0 8 3 7 0 8 7 3 0 8 7 3 0 8 3 7 0 8 3 7 0 8 3 7 0 8 7 3 0 8 7 3 0 8 7 3 0 8 3 7 0 8 3 7 0 8 7 3 0 8 7 3 0 8 7 3 0 8 7 3 0 8 3 7 0 8 7 3 0 8 7 3 0 8 7 3 0 8 7 3 0 8 7 3 0 8 7 3 0 8 7 3 0 8 7 3 0 8 7 3 0 8 0 0 0 8 0 0 0 8 0 0 0 8 0 0 0 8 0 0 0 8 0 0 0 8 0 0 0 8 0 0 0 8 0 0 0 8 7 3 0 8 0 0 0 8 0 0 0 8 7 3 0 8 0 0 0 8 0 0 0 8 7 3 0 8 0 0 0 8 0 0 0 8 7 3 0 8 7 3 0 8 0 0 0 8 0 0 0 8 7 3 0 8 7 3 0 8 0 0 0 8 0 0 0 8 7 3 0 8 7 3 0 8 7 3 0 8 0 0 0 8 0 0 0 8 0 0 0 8 7 3 0 8 7 3 0 8 7 3 0 8 7 3 0 8 7 3 0 8 7 3 0 8 7 3 0 8 7 3 0 8 7 3 0 8 3 7 0 8 7 3 0 8 7 3 0 8 7 3 0 8 7 3 0 8 3 7 0 8 3 7 0 8 7 3 0 8 7 3 0 8 7 3 0 8 3 7 0 8 3 7 0 8 3 7 0 8 3 7 0 8 3 7 0 8 3 7 0 8 3 7 0 8 3 7 0 8 3 7 0 8 3 7 0 8 3 7 0 8 3 7 0 8 3 7 0 8 3 7 0 8 3 7 0 8 3 7 0 8 3 7 0 8 3 7 0 8 3 7 0 8 3 7 0 3 8 7 0 8 3 7 0 8 3 7 0 8 3 7 0 8 3 7 0 3 8 7 0 8 3 7 0 8 3 7 0 8 3 7 0 3 8 7 0 3 8 7 0 3 8 7 0 3 8 7 0 3 8 7 0 3 8 7 0 3 8 7 0 0 55 0 0 0 0 0 0 0 0 0 0 0 55 0 0 0 55 0 0 0 0 0 0 0 55 0 0 0 55 0 0 0 55 0 0 0 0 0 0 0 55 0 0 0 55 0 0 0 55 0 0 0 0 0 0 0 0 0 0 0 55 0 0 0 55 0 0 0 55 0 0 0 55 0 0 0 55 0 0 0 0 0 0 0 55 0 0 0 55 0 0 0 55 0 0 0 55 0 0 0 55 0 0 0 55 0 0 0 0 0 0 0 55 0 0 0 55 0 0 0 55 0 0 0 55 0 0 0 55 0 0 0 55 0 0 0 55 0 0 0 0 0 0 0 55 0 0 0 55 0 0 0 55 0 0 0 55 0 0 0 55 0 0 0 55 0 0 0 55 0 0 0 55 0 0 0 0 0 0 0 55 0 0 0 0 0 0 0 55 0 0 0 55 0 0 0 55 0 0 0 55 0 0 0 55 0 0 0 0 0 0 0 55 0 0 0 55 0 0 0 55 0 0 0 55 0 0 0 55 0 0 0 55 0 0 0 55 0 0 0 55 0 0 0 55 0 0 0 55 0 0 0 55 0 0 0 55 0 0 0 55 0 0 0 55 0 0 0 55 0 0 0 55 0 0 0 55 0 0 0 55 0 0 0 55 0 0 0 55 0 0 0 55 0 0 0 55 0 0 0 55 0 0 0 55 0 0 0 55 0 0 0 55 0 0 0 55 0 0 0 55 0 0 0 55 0 0 0 55 0 0 0 55 0 0 0 55 0 0 0 55 0 0 0 55 0 0 0 55 0 0 0 55 0 0 0 55 0 0 0 55 0 0 0 55 0 0 0 55 0 0 0 55 0 0 0 55 0 0 0 55 0 0 0 55 0 0 0 55 0 0 55 0 0 0 55 0 0 0 55 0 0 0 55 0 0 0 55 0 0 0 55 0 0 0 55 0 0 0 55 0 0 0 55 0 0 0 55 0 0 0 55 0 0 0 55 0 0 0 55 0 0 0 55 0 0 0 55 0 0 0 55 0 0 0 55 0 0 0 55 0 0 0 55 0 0 0 55 0 0 0 55 0 0 0 55 0 0 0 55 0 0 0 55 0 0 0 55 0 0 0 55 0 0 0 55 0 0 0 55 0 0 0 0 55 0 0 55 0 0 0 55 0 0 0 55 0 0 0 0 55 0 0 0 55 0 0 55 0 0 0 0 55 0 0 55 0 0 0 0 55 0 0 0 55 0 0 0 55 0 0 0 55 0 0 55 0 0 0 0 55 0 0 0 55 0 0 0 55 0 0 0 55 0 0 0 55 0 0 0 55 0 0 0 55 0 0 0 55 0 0 0 55 0 0 0 55 0 0 0 55 0 0 55 0 0 0 0 55 0 0 0 55 0 0 0 55 0 0 0 55 0 0 55 0 0 0 55 0 0 0 55 0 0 0 55 0 0 0 55 0 0 0 55 0 0 0 55 0 0 0 55 0 0 0 55 0 0 0 55 0 0 0 55 0 0 0 55 0 0 0 55 0 0 0 55 0 0 0 55 0 0 0 55 0 0 0 55 0 0 0 55 0 0 0 55 0 0 0 55 0 0 0 55 0 0 0 55 0 0 0 55 0 0 0 55 0 0 0 55 0 0 0 55 0 0 0 55 0 0 0 55 0 0 0 55 0 0 0 55 0 0 0 55 0 0 0 55 0 0 0 55 0 0 0 55 0 0 0 55 0 0 0 55 0 0 0 55 0 0 0 55 0 0 0 55 0 0 0 55 0 0 0 55 0 0 0 55 0 0 0 55 0 0 0 55 0 0 0 55 0 0 0 55 0 0 0 55 0 0 0 55 0 0 0 55 0 0 0 55 0 0 0 55 0 0 0 55 0 0 0 55 0 0 0 55 0 0 0 55 0 0 0 55 0 0 0 55 0 0 0 55 0 0 0 55 0 0 0 55 0 0 0 55 0 0 0 55 0 0 0 55 0 0 0 60 61 0 0 60 61 0 0 60 61 0 0 60 61 0 0 60 61 0 0 60 61 0 0 60 61 0 0 60 61 0 0 60 61 0 0 60 61 0 0 60 61 0 0 60 61 0 0 60 61 0 0 60 61 0 0 60 61 0 0 60 61 0 0 60 61 0 0 60 61 0 0 60 61 0 0 60 61 0 0 60 61 0 0 60 61 0 0 60 61 0 0 60 61 0 0 60 61 0 0 60 61 0 0 60 61 0 0 60 61 0 0 60 61 0 0 60 61 0 0 60 61 0 0 60 61 0 0 60 61 0 0 60 61 0 0 60 61 0 0 60 61 0 0 60 0 0 0 60 0 0 0 60 0 0 0 60 0 0 0 60 0 0 0 60 0 0 0 60 0 0 0 60 0 0 0 60 0 0 0 60 0 0 0 60 0 0 0 60 0 0 0 60 0 0 0 60 0 0 0 60 0 0 0 60 0 0 0 60 0 0 0 60 0 0 0 60 0 0 0 60 0 0 0 60 0 0 0 60 0 0 0 60 0 0 0 60 0 0 0 60 0 0 0 60 0 0 0 60 0 0 0 60 0 0 0 60 0 0 0 60 0 0 0 60 0 0 0 60 0 0 0 60 0 0 0 60 0 0 0 60 0 0 0 60 0 0 0 60 0 0 0 60 0 0 0 60 0 0 0 60 0 0 0 60 0 0 0 60 0 0 0 60 0 0 0 60 0 0 0 60 0 0 0 60 0 0 0 60 0 0 0 60 0 0 0 60 0 0 0 60 0 0 0 60 0 0 0 60 0 0 0 60 0 0 0 60 0 0 0 60 0 0 0 60 0 0 0 60 0 0 0 60 0 0 0 60 0 0 0 60 0 0 0 60 0 0 0 60 0 0 0 60 0 0 0 60 0 0 0 33 0 0 0 33 0 0 0 33 0 0 0 33 0 0 0 33 0 0 0 33 0 0 0 33 0 0 0 33 0 0 0 33 0 0 0 33 0 0 0 33 0 0 0 33 0 0 0 33 0 0 0 33 0 0 0 33 0 0 0 33 0 0 0 33 0 0 0 33 0 0 0 33 0 0 0 33 0 0 0 33 0 0 0 33 0 0 0 33 0 0 0 33 0 0 0 33 0 0 0 33 0 0 0 33 0 0 0 33 0 0 0 33 0 0 0 33 0 0 0 33 0 0 0 33 0 0 0 33 0 0 0 33 0 0 0 33 0 0 0 33 0 0 0 33 0 0 0 33 0 0 0 33 0 0 0 33 0 0 0 33 0 0 0 33 0 0 0 33 0 0 0 33 0 0 0 33 0 0 0 33 0 0 0 33 0 0 0 33 0 0 0 33 0 0 0 33 0 0 0 33 0 0 0 33 0 0 0 33 0 0 0 33 0 0 0 33 0 0 0 33 0 0 0 33 0 0 0 33 0 0 0 33 0 0 0 33 0 0 0 33 0 0 0 33 0 0 0 33 0 0 0 33 0 0 0 33 0 0 0 33 0 0 0 33 0 0 0 33 0 0 0 33 0 0 0 33 0 0 0 33 0 0 0 33 0 0 0 33 0 0 0 33 0 0 0 33 0 0 0 33 0 0 0 33 0 0 0 33 0 0 0 33 0 0 0 33 0 0 0 33 0 0 0 33 0 0 0 33 0 0 0 33 0 0 0 33 0 0 0 33 0 0 0 33 0 0 0 33 0 0 0 33 0 0 0 33 0 0 0 33 0 0 0 33 0 0 0 33 0 0 0 33 0 0 0 33 0 0 0 33 0 0 0 33 0 0 0 33 0 0 0 33 0 0 0 33 0 0 0 33 0 0 0 33 0 0 0 33 0 0 0 33 0 0 0 33 0 0 0 33 0 0 0 33 0 0 0 33 0 0 0 33 0 0 0 33 0 0 0 33 0 0 0 33 0 0 0 33 0 0 0 33 0 0 0 33 0 0 0 33 0 0 0 33 0 0 0 33 0 0 0 33 0 0 0 33 0 0 0 33 0 0 0 33 0 0 0 33 0 0 0 33 0 0 0 33 0 0 0 33 0 0 0 33 0 0 0 33 0 0 0 33 0 0 0 33 0 0 0 33 0 0 0 33 0 0 0 33 0 0 0 33 0 0 0 32 0 0 0 32 0 0 0 32 0 0 0 32 0 0 0 32 0 0 0 32 0 0 0 32 0 0 0 32 33 31 0 32 0 0 0 32 33 31 0 32 33 31 0 32 0 0 0 32 0 0 0 32 0 0 0 32 0 0 0 32 33 31 0 32 33 31 0 32 0 0 0 32 0 0 0 32 0 0 0 32 33 31 0 32 33 31 0 32 33 31 0 32 0 0 0 32 0 0 0 32 33 31 0 32 33 31 0 32 33 31 0 32 33 31 0 32 0 0 0 32 0 0 0 32 0 0 0 32 0 0 0 32 33 31 0 32 33 31 0 32 33 31 0 32 33 31 0 33 32 31 0 32 0 0 0 32 0 0 0 32 33 31 0 32 0 0 0 32 0 0 0 32 0 0 0 32 0 0 0 32 33 31 0 32 33 31 0 32 33 31 0 32 33 31 0 32 33 31 0 32 33 31 0 32 33 31 0 32 33 31 0 32 33 31 0 32 33 31 0 32 33 31 0 32 33 31 0 32 33 31 0 32 33 31 0 32 33 31 0 32 33 31 0 32 33 31 0 32 33 31 0 32 33 31 0 33 32 31 0 33 32 31 0 33 32 31 0 32 33 31 0 32 33 31 0 33 32 31 0 33 0 0 0 32 33 31 0 33 32 31 0 33 0 0 0 33 0 0 0 33 32 31 0 33 32 31 0 32 33 31 0 32 33 31 0 33 0 0 0 33 0 0 0 33 0 0 0 33 0 0 0 33 0 0 0 33 0 0 0 33 0 0 0 33 32 31 0 33 32 31 0 33 0 0 0 33 0 0 0 33 0 0 0 33 0 0 0 33 0 0 0 33 32 31 0 32 33 31 0 33 0 0 0 33 0 0 0 33 32 31 0 33 0 0 0 33 0 0 0 33 32 31 0 33 0 0 0 33 0 0 0 33 0 0 0 33 0 0 0 33 0 0 0 33 0 0 0 33 0 0 0 33 0 0 0 33 32 31 0 33 32 31 0 33 32 31 0 33 32 31 0 33 32 31 0 32 33 31 0 32 33 31 0 32 33 31 0 3 0 0 0 3 0 0 0 3 0 0 0 3 0 0 0 3 0 0 0 3 32 31 0 3 0 0 0 3 0 0 0 3 32 31 0 3 32 31 0 3 0 0 0 3 0 0 0 3 32 31 0 3 32 31 0 3 32 31 0 3 0 0 0 3 0 0 0 3 32 31 0 3 32 31 0 3 32 31 0 3 32 31 0 3 0 0 0 3 0 0 0 3 32 31 0 3 32 31 0 3 32 31 0 3 32 31 0 3 32 31 0 3 0 0 0 3 0 0 0 3 32 31 0 3 32 31 0 3 32 31 0 3 32 31 0 3 32 31 0 3 32 31 0 3 0 0 0 3 0 0 0 3 32 31 0 3 32 31 0 3 32 31 0 3 32 31 0 3 32 31 0 3 32 31 0 3 32 31 0 3 32 31 0 32 3 31 0 3 32 31 0 3 32 31 0 3 32 31 0 3 32 31 0 32 3 31 0 32 3 31 0 3 32 31 0 3 32 31 0 3 32 31 0 32 3 31 0 32 3 31 0 32 3 31 0 3 32 31 0 32 3 31 0 32 3 31 0 32 3 31 0 32 3 31 0 32 3 31 0 3 32 31 0 3 32 31 0 32 3 31 0 32 3 31 0 32 3 31 0 32 3 31 0 3 32 31 0 3 32 31 0 32 3 31 0 32 3 31 0 32 3 31 0 32 31 3 0 3 32 31 0 32 3 31 0 32 3 31 0 32 3 31 0 32 31 3 0 32 31 3 0 3 32 31 0 32 3 31 0 32 3 31 0 32 3 31 0 32 31 3 0 32 31 3 0 32 3 31 0 32 3 31 0 32 3 31 0 32 31 3 0 32 31 3 0 32 31 3 0 32 3 31 0 32 3 31 0 32 3 31 0 32 31 3 0 32 31 3 0 32 0 0 0 32 3 31 0 32 3 31 0 32 31 3 0 32 31 3 0 32 0 0 0 32 0 0 0 32 0 0 0 32 31 3 0 32 0 0 0 32 0 0 0 32 31 3 0 32 3 31 0 32 31 3 0 32 31 3 0 32 0 0 0 32 0 0 0 32 31 3 0 32 31 3 0 32 31 3 0 32 31 3 0 32 0 0 0 32 0 0 0 32 0 0 0 32 0 0 0 32 31 3 0 32 31 3 0 32 31 3 0 32 31 3 0 32 0 0 0 32 0 0 0 32 31 3 0 32 31 3 0 32 31 3 0 32 0 0 0 32 0 0 0 32 31 3 0 32 31 3 0 32 0 0 0 32 0 0 0 32 31 3 0 32 0 0 0 32 0 0 0 32 0 0 0 32 0 0 0 32 31 3 0 32 31 3 0 32 31 3 0 32 31 3 0 32 31 3 0 32 31 3 0 32 31 3 0 32 31 3 0 32 31 3 0 32 31 3 0 32 3 31 0 32 31 3 0 32 3 31 0 32 3 31 0 32 31 3 0 32 31 3 0 32 3 31 0 32 3 31 0 32 3 31 0 32 31 3 0 32 3 31 0 32 3 31 0 32 3 31 0 32 3 31 0 32 3 31 0 32 3 31 0 32 3 31 0 32 3 31 0 32 3 31 0 32 3 31 0 32 3 31 0 32 3 31 0 32 3 31 0 32 3 31 0 32 3 31 0 32 3 31 0 32 3 31 0 3 32 31 0 32 3 31 0 32 3 31 0 32 3 31 0 32 3 31 0 32 3 31 0 3 32 31 0 3 32 31 0 32 3 31 0 32 3 31 0 32 3 31 0 3 32 31 0 3 32 31 0 32 3 31 0 32 3 31 0 3 32 31 0 3 32 31 0 3 32 31 0 3 32 31 0 3 32 31 0 3 32 31 0 3 32 31 0 3 32 31 0 3 32 31 0 3 32 31 0 3 32 31 0 3 32 31 0 3 32 31 0 3 32 31 0 3 32 31 0 3 32 31 0 3 32 31 0 3 32 31 0 3 32 31 0 3 32 31 0 3 32 31 0 3 32 31 0 3 0 0 0 3 32 31 0 3 32 31 0 3 32 31 0 3 0 0 0 3 0 0 0 3 0 0 0 3 32 31 0 3 32 31 0 3 32 31 0 3 0 0 0 3 32 31 0 0 0 0 0 0 0 0 0 0 60 0 0 0 60 0 0 0 0 0 0 0 60 0 0 0 60 0 0 0 0 0 0 0 60 0 0 0 60 0 0 0 0 0 0 0 0 0 0 0 60 0 0 0 60 0 0 0 60 0 0 0 60 0 0 0 0 0 0 0 60 0 0 0 60 0 0 0 60 0 0 0 60 0 0 0 60 0 0 0 0 0 0 0 60 0 0 0 60 0 0 0 60 0 0 0 60 0 0 0 60 0 0 0 60 0 0 0 0 0 0 0 60 0 0 0 60 0 0 0 60 0 0 0 60 0 0 0 60 0 0 0 60 0 0 0 60 0 0 0 0 0 0 0 60 0 0 0 60 0 0 0 60 0 0 0 60 0 0 0 60 0 0 0 60 0 0 0 60 0 0 0 60 0 0 0 60 0 0 0 60 0 0 0 60 0 0 0 60 0 0 0 60 0 0 0 60 0 0 0 60 0 0 0 60 0 0 60 0 0 0 0 60 0 0 0 60 0 0 0 60 0 0 0 60 0 0 0 60 0 0 0 60 0 0 0 60 0 0 60 0 0 0 60 0 0 0 0 60 0 0 60 0 0 0 0 60 0 0 0 60 0 0 0 60 0 0 0 60 0 0 60 0 0 0 0 60 0 0 0 60 0 0 0 60 0 0 0 60 0 0 0 60 0 0 0 60 0 0 0 60 0 0 0 60 0 0 0 0 0 0 0 60 0 0 0 60 0 0 0 0 0 0 0 60 0 0 0 60 0 0 0 60 0 0 0 60 0 0 0 60 0 0 0 60 0 0 0 60 0 0 0 60 0 0 0 60 0 0 0 60 0 0 0 60 0 0 0 60 0 0 0 60 0 0 0 60 0 0 0 60 0 0 0 60 0 0 0 60 0 0 0 60 0 0 0 60 0 0 0 60 0 0 0 60 0 0 0 60 0 0 0 60 0 0 0 60 0 0 0 60 0 0 0 60 0 0 0 60 0 0 0 60 0 0 0 60 0 0 0 60 0 0 0 60 0 0 0 60 0 0 0 60 0 0 0 60 0 0 0 60 0 0 0 60 0 0 0 60 0 0 0 60 0 0 0 60 0 0 60 0 0 0 60 0 0 0 0 60 0 0 0 60 0 0 60 0 0 0 0 60 0 0 60 0 0 0 60 0 0 0 60 0 0 0 60 0 0 0 0 60 0 0 60 0 0 0 60 0 0 0 60 0 0 0 60 0 0 0 60 0 0 0 60 0 0 0 60 0 0 0 60 0 0 0 60 0 0 0 60 0 0 0 60 0 0 0 60 0 0 0 60 0 0 0 60 0 0 0 60 0 0 0 60 0 0 0 60 0 0 0 60 0 0 0 60 0 0 0 60 0 0 0 60 0 0 0 60 0 0 0 60 0 0 0 60 0 0 0 60 0 0 0 60 0 0 0 60 0 0 0 60 0 0 0 60 0 0 0 60 0 0 0 60 0 0 0 60 0 0 0 60 0 0 0 60 0 0 0 60 0 0 0 60 0 0 0 60 0 0 0 60 0 0 0 60 0 0 0 60 0 0 0 60 0 0 0 60 0 0 0 60 0 0 0 60 0 0 0 60 0 0 0 60 0 0 0 60 0 0 0 60 0 0 0 60 0 0 0 60 0 0 0 60 0 0 0 60 0 0 0 60 0 0 0 60 0 0 0 60 0 0 0 60 0 0 0 60 0 0 0 60 0 0 0 60 0 0 0 60 0 0 0 60 0 0 0 60 0 0 0 60 0 0 0 60 0 0 0 60 0 0 0 60 0 0 0 60 0 0 0 60 0 0 0 60 0 0 0 60 0 0 0 60 0 0 0 60 0 0 0 60 0 0 0 60 0 0 0 60 0 0 0 60 0 0 0 60 0 0 0 60 0 0 0 60 0 0 0 60 0 0 0 60 0 0 0 60 0 0 0 60 0 0 0 60 0 0 0 60 0 0 0 60 0 0 0 61 0 0 0 61 0 0 0 61 0 0 0 61 0 0 0 61 0 0 0 61 0 0 0 61 0 0 0 61 0 0 0 61 0 0 0 61 0 0 0 61 0 0 0 61 0 0 0 61 0 0 0 61 0 0 0 61 0 0 0 61 0 0 0 61 0 0 0 61 0 0 0 61 0 0 0 61 0 0 0 61 0 0 0 61 0 0 0 61 0 0 0 61 0 0 0 61 0 0 0 61 0 0 0 61 0 0 0 61 0 0 0 56 0 0 0 56 0 0 0 56 0 0 0 56 0 0 0 56 0 0 0 56 0 0 0 56 0 0 0 56 0 0 0 56 0 0 0 56 0 0 0 56 0 0 0 56 0 0 0 56 0 0 0 56 0 0 0 56 0 0 0 56 0 0 0 56 0 0 0 56 0 0 0 56 0 0 0 56 0 0 0 56 0 0 0 56 0 0 0 56 0 0 0 56 0 0 0 56 0 0 0 56 0 0 0 56 0 0 0 56 0 0 0 56 0 0 0 56 0 0 0 56 0 0 0 56 0 0 0 56 0 0 0 56 0 0 0 56 0 0 0 56 0 0 0 56 0 0 0 56 0 0 0 56 0 0 0 56 0 0 0 56 0 0 0 56 0 0 0 56 0 0 0 61 0 0 0 61 0 0 0 61 0 0 0 61 0 0 0 61 0 0 0 61 0 0 0 61 0 0 0 61 0 0 0 61 0 0 0 61 0 0 0 61 0 0 0 61 0 0 0 61 0 0 0 61 0 0 0 61 0 0 0 61 0 0 0 61 0 0 0 61 0 0 0 61 0 0 0 61 0 0 0 61 0 0 0 61 0 0 0 61 0 0 0 61 0 0 0 61 0 0 0 61 0 0 0 61 0 0 0 61 0 0 0 61 0 0 0 61 0 0 0 61 0 0 0 61 0 0 0 61 0 0 0 61 0 0 0 61 0 0 0 61 0 0 0 61 0 0 0 61 0 0 0 61 0 0 0 61 0 0 0 61 0 0 0 61 0 0 0 61 0 0 0 61 0 0 0 61 0 0 0 61 0 0 0 61 0 0 0 61 0 0 0 61 0 0 0 61 0 0 0 61 0 0 0 61 0 0 0 61 0 0 0 61 0 0 0 61 0 0 0 61 0 0 0 61 0 0 0 61 0 0 0 61 0 0 0 61 0 0 0 61 0 0 0 61 0 0 0 61 0 0 0 61 0 0 0 61 0 0 0 61 0 0 0 61 0 0 0 61 0 0 0 61 0 0 0 61 0 0 0 61 0 0 0 61 0 0 0 61 0 0 0 61 0 0 0 61 0 0 0 61 0 0 0 61 0 0 0 61 0 0 0 61 0 0 0 61 0 0 0 61 0 0 0 61 0 0 0 61 0 0 0 61 0 0 0 61 0 0 0 61 0 0 0 61 0 0 0 61 0 0 0 61 0 0 0 61 0 0 0 61 0 0 0 61 0 0 0 61 0 0 0 61 0 0 0 61 0 0 0 61 0 0 0 61 0 0 0 61 0 0 0 61 0 0 0 61 0 0 0 61 0 0 0 61 0 0 0 61 0 0 0 61 0 0 0 61 0 0 0 61 0 0 0 61 0 0 0 61 0 0 0 61 0 0 0 61 0 0 0 61 0 0 0 61 0 0 0 61 0 0 0 61 0 0 0 61 0 0 0 61 0 0 0 61 0 0 0 61 0 0 0 61 0 0 0 61 0 0 0 61 0 0 0 61 0 0 0 61 0 0 0 61 0 0 0 61 0 0 0 61 0 0 0 61 0 0 0 61 0 0 0 61 0 0 0 61 0 0 0 61 0 0 0 61 0 0 0 61 0 0 0 61 0 0 0 61 0 0 0 61 0 0 0 61 0 0 0 61 0 0 0 61 0 0 0 61 0 0 0 61 0 0 0 61 0 0 0 61 0 0 0 61 0 0 0 61 0 0 0 61 0 0 0 61 0 0 0 61 0 0 0 61 0 0 0 61 0 0 0 61 0 0 0 61 0 0 0 61 0 0 0 61 0 0 0 61 0 0 0 61 0 0 0 61 0 0 0 61 0 0 0 61 0 0 0 61 0 0 0 61 0 0 0 61 0 0 0 61 0 0 0 61 0 0 0 61 0 0 0 61 0 0 0 61 0 0 0 61 0 0 0 61 0 0 0 61 0 0 0 61 0 0 0 61 0 0 0 61 0 0 0 61 0 0 0 61 0 0 0 61 0 0 0 61 0 0 0 61 0 0 0 61 0 0 0 61 0 0 0 61 0 0 0 61 0 0 0 61 0 0 0 61 0 0 0 61 0 0 0 61 0 0 0 61 0 0 0 61 0 0 0 61 0 0 0 61 0 0 0 61 0 0 0 61 0 0 0 61 0 0 0 61 0 0 0 61 0 0 0 61 0 0 0 61 0 0 0 61 0 0 0 61 0 0 0 61 0 0 0 61 0 0 0 61 0 0 0 61 0 0 0 61 0 0 0 61 0 0 0 61 0 0 0 61 0 0 0 61 0 0 0 61 0 0 0 61 0 0 0 61 0 0 0 61 0 0 0 61 0 0 0 61 0 0 0 61 0 0 0 61 0 0 0 61 0 0 0 61 0 0 0 61 0 0 0 61 0 0 0 61 0 0 0 61 0 0 0 61 0 0 0 61 0 0 0 61 0 0 0 61 0 0 0 61 0 0 0 61 0 0 0 61 0 0 0 61 0 0 0 61 0 0 0 61 0 0 0 61 0 0 0 61 0 0 0 61 0 0 0 61 0 0 0 61 0 0 0 61 0 0 0 61 0 0 0 61 0 0 0 61 0 0 0 61 0 0 0 61 0 0 0 61 0 0 0 61 0 0 0 61 0 0 0 61 0 0 0 61 0 0 0 61 0 0 0 61 0 0 0 61 0 0 0 61 0 0 0 61 0 0 0 61 0 0 0 61 0 0 0 61 0 0 0 61 0 0 0 61 0 0 0 61 0 0 0 61 0 0 0 61 0 0 0 61 0 0 0 61 0 0 0 61 0 0 0 61 0 0 0 61 0 0 0 61 0 0 0 61 0 0 0 61 0 0 0 61 0 0 0 61 0 0 0 61 0 0 0 61 0 0 0 61 0 0 0 61 0 0 0 61 0 0 0 61 0 0 0 61 0 0 0 61 0 0 0 61 0 0 0 61 0 0 0 61 0 0 0 61 0 0 0 61 0 0 0 61 0 0 0 61 0 0 0 61 62 63 0 61 0 0 0 61 0 0 0 61 0 0 0 61 0 0 0 61 0 0 0 61 0 0 0 61 0 0 0 61 0 0 0 61 0 0 0 61 0 0 0 61 0 0 0 61 0 0 0 61 0 0 0 61 0 0 0 61 0 0 0 61 0 0 0 61 0 0 0 61 0 0 0 61 0 0 0 61 0 0 0 61 0 0 0 61 0 0 0 61 0 0 0 61 0 0 0 61 0 0 0 61 0 0 0 61 0 0 0 61 0 0 0 61 0 0 0 61 0 0 0 61 0 0 0 61 0 0 0 61 0 0 0 61 0 0 0 61 0 0 0 61 0 0 0 61 0 0 0 61 0 0 0 61 0 0 0 61 0 0 0 61 0 0 0 61 0 0 0 61 0 0 0 61 0 0 0 61 0 0 0 61 0 0 0 61 0 0 0 61 0 0 0 61 0 0 0 61 0 0 0 61 0 0 0 61 0 0 0 61 0 0 0 61 0 0 0 61 0 0 0 61 0 0 0 61 0 0 0 61 0 0 0 61 0 0 0 61 0 0 0 60 0 0 0 60 0 0 0 60 0 0 0 60 0 0 0 60 0 0 0 60 0 0 0 60 0 0 0 60 0 0 0 60 0 0 0 60 0 0 0 60 0 0 0 60 0 0 0 60 0 0 0 60 0 0 0 60 0 0 0 60 0 0 0 60 0 0 0 60 0 0 0 60 0 0 0 60 0 0 0 60 0 0 0 60 0 0 0 60 0 0 0 60 0 0 0 60 0 0 0 60 0 0 0 60 0 0 0 60 0 0 0 60 0 0 0 60 0 0 0 60 0 0 0 60 0 0 0 60 0 0 0 60 0 0 0 60 0 0 0 60 0 0 0 60 0 0 0 60 0 0 0 60 0 0 0 60 0 0 0 60 0 0 0 60 0 0 0 60 0 0 0 60 0 0 0 60 0 0 0 60 0 0 0 60 0 0 0 60 0 0 0 60 0 0 0 60 0 0 0 60 0 0 0 60 0 0 0 60 0 0 0 60 0 0 0 60 0 0 0 60 0 0 0 60 0 0 0 60 0 0 0 60 0 0 0 60 0 0 0 60 0 0 0 60 0 0 0 60 0 0 0 60 0 0 0 60 0 0 0 60 0 0 0 60 0 0 0 60 0 0 0 60 0 0 0 60 0 0 0 60 0 0 0 60 0 0 0 60 0 0 0 60 0 0 0 60 0 0 0 60 0 0 0 60 0 0 0 60 0 0 0 60 0 0 0 60 0 0 0 60 0 0 0 60 0 0 0 60 0 0 0 60 0 0 0 60 0 0 0 60 0 0 0 60 0 0 0 60 0 0 0 60 0 0 0 60 0 0 0 60 0 0 0 60 0 0 0 60 0 0 0 60 0 0 0 60 0 0 0 60 0 0 0 60 0 0 0 60 0 0 0 60 0 0 0 60 0 0 0 60 0 0 0 60 0 0 0 60 0 0 0 60 0 0 0 60 0 0 0 60 0 0 0 60 0 0 0 60 0 0 0 60 0 0 0 60 0 0 0 60 0 0 0 60 0 0 0 60 0 0 0 60 0 0 0 60 0 0 0 60 0 0 0 60 0 0 0 60 0 0 0 60 0 0 0 60 0 0 0 60 0 0 0 60 0 0 0 60 0 0 0 60 0 0 0 60 0 0 0 60 0 0 0 60 0 0 0 60 0 0 0 60 0 0 0 60 0 0 0 60 0 0 0 60 0 0 0 60 0 0 0 60 0 0 0 60 0 0 0 60 0 0 0 60 0 0 0 60 0 0 0 60 0 0 0 60 0 0 0 60 0 0 0 60 0 0 0 60 0 0 0 60 0 0 0 60 0 0 0 60 0 0 0 60 0 0 0 60 0 0 0 60 0 0 0 60 0 0 0 60 0 0 0 60 0 0 0 60 0 0 0 60 0 0 0 60 0 0 0 60 0 0 0 60 0 0 0 60 0 0 0 60 0 0 0 60 0 0 0 60 0 0 0 60 0 0 0 60 0 0 0 60 0 0 0 60 0 0 0 60 0 0 0 60 0 0 0 60 0 0 0 60 0 0 0 60 0 0 0 60 0 0 0 60 0 0 0 60 0 0 0 60 0 0 0 60 0 0 0 60 0 0 0 60 0 0 0 60 0 0 0 60 0 0 0 60 0 0 0 60 0 0 0 60 0 0 0 60 0 0 0 60 0 0 0 60 0 0 0 60 0 0 0 60 0 0 0 60 0 0 0 60 0 0 0 60 0 0 0 60 0 0 0 60 0 0 0 60 0 0 0 60 0 0 0 60 0 0 0 60 0 0 0 60 0 0 0 60 0 0 0 60 0 0 0 60 0 0 0 60 0 0 0 60 0 0 0 60 0 0 0 60 0 0 0 60 0 0 0 60 0 0 0 60 0 0 0 60 0 0 0 60 0 0 0 60 0 0 0 60 0 0 0 60 0 0 0 60 0 0 0 60 0 0 0 60 0 0 0 60 0 0 0 60 0 0 0 60 0 0 0 60 0 0 0 60 0 0 0 60 0 0 0 60 0 0 0 60 0 0 0 60 0 0 0 60 0 0 0 60 0 0 0 60 0 0 0 60 0 0 0 60 0 0 0 60 0 0 0 60 0 0 0 60 0 0 0 60 0 0 0 60 0 0 0 60 0 0 0 60 0 0 0 60 0 0 0 60 0 0 0 60 0 0 0 60 0 0 0 60 0 0 0 60 0 0 0 60 0 0 0 60 0 0 0 60 0 0 0 60 0 0 0 60 0 0 0 60 0 0 0 60 0 0 0 60 0 0 0 60 0 0 0 60 0 0 0 60 0 0 0 60 0 0 0 60 0 0 0 60 0 0 0 60 0 0 0 60 0 0 0 60 0 0 0 60 0 0 0 60 0 0 0 60 0 0 0 60 0 0 0 60 0 0 0 60 0 0 0 60 0 0 0 60 0 0 0 60 0 0 0 60 0 0 0 60 0 0 0 60 0 0 0 60 0 0 0 60 0 0 0 60 0 0 0 60 0 0 0 60 0 0 0 60 0 0 0 60 0 0 0 60 0 0 0 60 0 0 0 60 0 0 0 60 0 0 0 60 0 0 0 60 0 0 0 60 0 0 0 60 0 0 0 60 0 0 0 60 0 0 0 60 0 0 0 60 0 0 0 60 0 0 0 60 0 0 0 60 0 0 0 60 0 0 0 60 0 0 0 60 0 0 0 60 0 0 0 60 0 0 0 60 0 0 0 60 0 0 0 60 0 0 0 60 0 0 0 60 0 0 0 60 0 0 0 60 0 0 0 60 0 0 0 60 0 0 0 60 0 0 0 60 0 0 0 60 0 0 0 60 0 0 0 60 0 0 0 60 0 0 0 60 0 0 0 60 0 0 0 60 0 0 0 60 0 0 0 60 0 0 0 60 0 0 0 60 0 0 0 60 0 0 0 60 0 0 0 60 0 0 0 60 0 0 0 60 0 0 0 60 0 0 0 60 0 0 0 60 0 0 0 60 0 0 0 60 0 0 0 60 0 0 0 60 0 0 0 60 0 0 0 60 0 0 0 60 0 0 0 60 0 0 0 60 0 0 0 60 0 0 0 60 0 0 0 60 0 0 0 60 0 0 0 60 0 0 0 60 0 0 0 60 0 0 0 60 0 0 0 60 0 0 0 60 0 0 0 60 0 0 0 60 0 0 0 60 0 0 0 60 0 0 0 60 0 0 0 60 0 0 0 60 0 0 0 60 0 0 0 60 0 0 0 60 0 0 0 60 0 0 0 60 0 0 0 60 0 0 0 60 0 0 0 60 0 0 0 60 0 0 0 60 0 0 0 60 0 0 0 60 0 0 0 60 0 0 0 60 0 0 0 60 0 0 0 60 0 0 0 60 0 0 0 60 0 0 0 60 0 0 0 60 0 0 0 60 0 0 0 60 0 0 0 60 0 0 0 60 0 0 0 60 0 0 0 60 0 0 0 60 0 0 0 60 0 0 0 60 0 0 0 60 0 0 0 60 0 0 0 60 0 0 0 60 0 0 0 60 0 0 0 60 0 0 0 60 0 0 0 60 0 0 0 60 0 0 0 60 0 0 0 60 0 0 0 60 0 0 0 60 0 0 0 60 0 0 0 60 0 0 0 60 0 0 0 60 0 0 0 60 0 0 0 60 0 0 0 60 0 0 0 60 0 0 0 60 0 0 0 60 0 0 0 60 0 0 0 60 0 0 0 60 0 0 0 60 0 0 0 60 0 0 0 60 0 0 0 60 0 0 0 60 0 0 0 60 0 0 0 60 0 0 0 60 0 0 0 60 0 0 0 60 0 0 0 60 0 0 0 60 0 0 0 60 0 0 0 60 0 0 0 60 0 0 0 60 0 0 0 60 0 0 0 60 0 0 0 60 0 0 0 60 0 0 0 60 0 0 0 60 0 0 0 60 0 0 0 60 0 0 0 60 0 0 0 60 0 0 0 60 0 0 0 60 0 0 0 60 0 0 0 60 0 0 0 60 0 0 0 60 0 0 0 60 0 0 0 60 0 0 0 60 0 0 0 60 0 0 0 60 0 0 0 60 0 0 0 60 0 0 0 60 0 0 0 60 0 0 0 60 0 0 0 60 0 0 0 60 0 0 0 60 0 0 0 60 0 0 0 60 0 0 0 60 0 0 0 60 0 0 0 60 0 0 0 60 0 0 0 60 0 0 0 60 0 0 0 60 0 0 0 60 0 0 0 60 0 0 0 60 0 0 0 60 0 0 0 60 0 0 0 60 0 0 0 60 0 0 0 60 0 0 0 60 0 0 0 60 0 0 0 60 0 0 0 60 0 0 0 60 0 0 0 60 0 0 0 60 0 0 0 60 0 0 0 60 0 0 0 60 0 0 0 60 0 0 0 60 0 0 0 60 0 0 0 60 0 0 0 60 0 0 0 60 0 0 0 60 0 0 0 60 0 0 0 60 0 0 0 60 0 0 0 60 0 0 0 60 0 0 0 60 0 0 0 60 0 0 0 60 0 0 0 60 0 0 0 60 0 0 0 60 0 0 0 60 0 0 0 60 0 0 0 60 0 0 0 60 0 0 0 60 0 0 0 60 0 0 0 60 0 0 0 60 0 0 0 60 0 0 0 60 0 0 0 60 0 0 0 60 0 0 0 60 0 0 0 60 0 0 0 60 0 0 0 60 0 0 0 60 0 0 0 60 0 0 0 60 0 0 0 60 0 0 0 60 0 0 0 60 0 0 0 60 0 0 0 60 0 0 0 60 0 0 0 60 0 0 0 60 0 0 0 60 0 0 0 60 0 0 0 60 0 0 0 60 0 0 0 60 0 0 0 60 0 0 0 60 0 0 0 60 0 0 0 60 0 0 0 60 0 0 0 60 0 0 0 60 0 0 0 60 0 0 0 60 0 0 0 60 0 0 0 60 0 0 0 60 0 0 0 60 0 0 0 56 0 0 0 56 0 0 0 56 0 0 0 56 0 0 0 56 0 0 0 56 0 0 0 56 0 0 0 56 0 0 0 56 0 0 0 56 0 0 0 56 0 0 0 56 0 0 0 56 0 0 0 56 0 0 0 56 0 0 0 56 0 0 0 56 0 0 0 56 0 0 0 56 0 0 0 56 0 0 0 56 0 0 0 56 0 0 0 56 0 0 0 56 0 0 0 56 0 0 0 56 0 0 0 56 0 0 0 56 0 0 0 56 0 0 0 56 0 0 0 56 0 0 0 56 0 0 0 56 0 0 0 56 0 0 0 56 0 0 0 56 0 0 0 56 0 0 0 56 0 0 0 56 0 0 0 56 0 0 0 56 0 0 0 56 0 0 0 56 0 0 0 56 0 0 0 56 0 0 0 56 0 0 0 56 0 0 0 56 0 0 0 56 0 0 0 56 0 0 0 56 0 0 0 56 0 0 0 56 0 0 0 56 0 0 0 56 0 0 0 56 0 0 0 56 0 0 0 56 0 0 0 56 0 0 0 56 0 0 0 56 0 0 0 56 0 0 0 56 0 0 0 56 0 0 0 56 0 0 0 56 0 0 0 56 0 0 0 56 0 0 0 56 0 0 0 56 0 0 0 56 0 0 0 56 0 0 0 56 0 0 0 56 0 0 0 56 0 0 0 56 0 0 0 56 0 0 0 56 0 0 0 56 0 0 0 56 0 0 0 56 0 0 0 56 0 0 0 56 0 0 0 56 0 0 0 56 0 0 0 56 0 0 0 56 0 0 0 56 0 0 0 56 0 0 0 56 0 0 0 56 0 0 0 56 0 0 0 56 0 0 0 56 0 0 0 56 0 0 0 56 0 0 0 56 0 0 0 56 0 0 0 56 0 0 0 56 0 0 0 56 0 0 0 56 0 0 0 56 0 0 0 56 0 0 0 56 0 0 0 56 0 0 0 56 0 0 0 56 0 0 0 56 0 0 0 56 0 0 0 56 0 0 0 56 0 0 0 56 0 0 0 56 0 0 0 56 0 0 0 56 0 0 0 56 0 0 0 56 0 0 0 56 0 0 0 56 0 0 0 56 0 0 0 56 0 0 0 56 0 0 0 56 0 0 0 56 0 0 0 56 0 0 0 56 0 0 0 56 0 0 0 56 0 0 0 56 0 0 0 56 0 0 0 56 0 0 0 56 0 0 0 56 0 0 0 56 0 0 0 56 0 0 0 56 0 0 0 56 0 0 0 56 0 0 0 56 0 0 0 56 0 0 0 56 0 0 0 56 0 0 0 56 0 0 0 56 0 0 0 56 0 0 0 56 0 0 0 56 0 0 0 56 0 0 0 56 0 0 0 56 0 0 0 56 0 0 0 56 0 0 0 56 0 0 0 56 0 0 0 56 0 0 0 56 0 0 0 56 0 0 0 56 0 0 0 56 0 0 0 56 0 0 0 56 0 0 0 56 0 0 0 56 0 0 0 56 0 0 0 56 0 0 0 56 0 0 0 56 0 0 0 56 0 0 0 56 0 0 0 56 0 0 0 56 0 0 0 56 0 0 0 56 0 0 0 56 0 0 0 56 0 0 0 56 0 0 0 56 0 0 0 56 0 0 0 56 0 0 0 56 0 0 0 56 0 0 0 56 0 0 0 56 0 0 0 56 0 0 0 56 0 0 0 56 0 0 0 56 0 0 0 56 0 0 0 56 0 0 0 56 0 0 0 56 0 0 0 56 0 0 0 56 0 0 0 56 0 0 0 56 0 0 0 56 0 0 0 56 0 0 0 56 0 0 0 56 0 0 0 56 0 0 0 56 0 0 0 56 0 0 0 56 0 0 0 56 0 0 0 56 0 0 0 56 0 0 0 56 0 0 0 56 0 0 0 56 0 0 0 56 0 0 0 56 0 0 0 56 0 0 0 56 0 0 0 56 0 0 0 56 0 0 0 56 0 0 0 56 0 0 0 56 0 0 0 56 0 0 0 56 0 0 0 56 0 0 0 56 0 0 0 56 0 0 0 56 0 0 0 56 0 0 0 56 0 0 0 56 0 0 0 56 0 0 0 56 0 0 0 56 0 0 0 56 0 0 0 56 0 0 0 56 0 0 0 56 0 0 0 56 0 0 0 56 0 0 0 56 0 0 0 56 0 0 0 56 0 0 0 56 0 0 0 56 0 0 0 56 0 0 0 56 0 0 0 56 0 0 0 56 0 0 0 56 0 0 0 56 0 0 0 56 0 0 0 56 0 0 0 56 0 0 0 56 0 0 0 56 0 0 0 56 0 0 0 56 0 0 0 56 0 0 0 56 0 0 0 56 0 0 0 56 0 0 0 56 0 0 0 56 0 0 0 56 0 0 0 56 0 0 0 56 0 0 0 56 0 0 0 56 0 0 0 56 0 0 0 56 0 0 0 56 0 0 0 56 0 0 0 56 0 0 0 56 0 0 0 56 0 0 0 56 0 0 0 56 0 0 0 56 0 0 0 56 0 0 0 56 0 0 0 56 0 0 0 56 0 0 0 56 0 0 0 56 0 0 0 56 0 0 0 56 0 0 0 56 0 0 0 56 0 0 0 56 0 0 0 56 0 0 0 56 0 0 0 56 0 0 0 56 0 0 0 56 0 0 0 56 0 0 0 56 0 0 0 56 0 0 0 56 0 0 0 56 0 0 0 56 0 0 0 56 0 0 0 56 0 0 0 56 0 0 0 56 0 0 0 56 0 0 0 56 0 0 0 56 0 0 0 56 0 0 0 56 0 0 0 56 0 0 0 56 0 0 0 56 0 0 0 56 0 0 0 56 0 0 0 56 0 0 0 56 0 0 0 56 0 0 0 56 0 0 0 56 0 0 0 56 0 0 0 56 0 0 0 56 0 0 0 56 0 0 0 56 0 0 0 56 0 0 0 56 0 0 0 56 0 0 0 56 0 0 0 56 0 0 0 56 0 0 0 56 0 0 0 56 0 0 0 56 0 0 0 56 0 0 0 56 0 0 0 56 0 0 0 56 0 0 0 56 0 0 0 56 0 0 0 56 0 0 0 56 0 0 0 56 0 0 0 56 0 0 0 56 0 0 0 56 0 0 0 56 0 0 0 56 0 0 0 56 0 0 0 56 0 0 0 56 0 0 0 56 0 0 0 56 0 0 0 56 0 0 0 56 0 0 0 56 0 0 0 56 0 0 0 56 0 0 0 56 0 0 0 56 0 0 0 56 0 0 0 56 0 0 0 56 0 0 0 56 0 0 0 56 0 0 0 56 0 0 0 56 0 0 0 56 0 0 0 56 0 0 0 56 0 0 0 56 0 0 0 56 0 0 0 56 0 0 0 56 0 0 0 56 0 0 0 56 0 0 0 56 0 0 0 56 0 0 0 56 0 0 0 56 0 0 0 56 0 0 0 56 0 0 0 56 0 0 0 56 0 0 0 56 0 0 0 56 0 0 0 56 0 0 0 56 0 0 0 56 0 0 0 56 0 0 0 56 0 0 0 56 0 0 0 56 0 0 0 56 0 0 0 56 0 0 0 56 0 0 0 56 0 0 0 56 0 0 0 56 0 0 0 56 0 0 0 56 0 0 0 56 0 0 0 56 0 0 0 56 0 0 0 56 0 0 0 56 0 0 0 56 0 0 0 56 0 0 0 56 0 0 0 56 0 0 0 56 0 0 0 56 0 0 0 56 0 0 0 56 0 0 0 56 0 0 0 56 0 0 0 56 0 0 0 56 0 0 0 56 0 0 0 56 0 0 0 56 0 0 0 56 0 0 0 56 0 0 0 56 0 0 0 56 0 0 0 56 0 0 0 56 0 0 0 56 0 0 0 56 0 0 0 56 0 0 0 56 0 0 0 56 0 0 0 56 0 0 0 56 0 0 0 56 0 0 0 56 0 0 0 56 0 0 0 56 0 0 0 56 0 0 0 56 0 0 0 56 0 0 0 56 0 0 0 56 0 0 0 56 0 0 0 56 0 0 0 56 0 0 0 56 0 0 0 56 0 0 0 56 0 0 0 56 0 0 0 56 0 0 0 56 0 0 0 56 0 0 0 56 0 0 0 56 0 0 0 56 0 0 0 56 0 0 0 56 0 0 0 56 0 0 0 56 0 0 0 56 0 0 0 56 0 0 0 55 0 0 0 55 0 0 0 55 0 0 0 55 0 0 0 55 0 0 0 55 0 0 0 55 0 0 0 55 0 0 0 55 0 0 0 55 0 0 0 55 0 0 0 55 0 0 0 55 0 0 0 55 0 0 0 55 0 0 0 55 0 0 0 55 0 0 0 55 0 0 0 55 0 0 0 55 0 0 0 55 0 0 0 55 0 0 0 55 0 0 0 55 0 0 0 55 0 0 0 55 0 0 0 55 0 0 0 55 0 0 0 55 0 0 0 55 0 0 0 55 0 0 0 55 0 0 0 55 0 0 0 55 0 0 0 55 0 0 0 55 0 0 0 55 0 0 0 55 0 0 0 55 0 0 0 55 0 0 0 55 0 0 0 55 0 0 0 55 0 0 0 55 0 0 0 55 0 0 0 55 0 0 0 55 0 0 0 55 0 0 0 55 0 0 0 55 0 0 0 55 0 0 0 55 0 0 0 55 0 0 0 55 0 0 0 55 0 0 0 55 0 0 0 55 0 0 0 55 0 0 0 55 0 0 0 55 0 0 0 55 0 0 0 55 0 0 0 55 0 0 0 55 0 0 0 55 0 0 0 55 0 0 0 55 0 0 0 55 0 0 0 55 0 0 0 55 0 0 0 55 0 0 0 55 0 0 0 55 0 0 0 55 0 0 0 55 0 0 0 55 0 0 0 55 0 0 0 55 0 0 0 55 0 0 0 55 0 0 0 55 0 0 0 55 0 0 0 55 0 0 0 55 0 0 0 55 0 0 0 55 0 0 0 55 0 0 0 55 0 0 0 55 0 0 0 55 0 0 0 55 0 0 0 55 0 0 0 55 0 0 0 55 0 0 0 55 0 0 0 55 0 0 0 55 0 0 0 55 0 0 0 55 0 0 0 55 0 0 0 55 0 0 0 55 0 0 0 55 0 0 0 55 0 0 0 55 0 0 0 55 0 0 0 55 0 0 0 55 0 0 0 55 0 0 0 55 0 0 0 55 0 0 0 55 0 0 0 55 0 0 0 55 0 0 0 55 0 0 0 55 0 0 0 55 0 0 0 55 0 0 0 55 0 0 0 55 0 0 0 55 0 0 0 55 0 0 0 55 0 0 0 55 0 0 0 55 0 0 0 55 0 0 0 55 0 0 0 55 0 0 0 55 0 0 0 55 0 0 0 55 0 0 0 55 0 0 0 55 0 0 0 55 0 0 0 55 0 0 0 55 0 0 0 55 0 0 0 55 0 0 0 55 0 0 0 55 0 0 0 55 0 0 0 55 0 0 0 55 0 0 0 55 0 0 0 55 0 0 0 55 0 0 0 55 0 0 0 55 0 0 0 55 0 0 0 55 0 0 0 55 0 0 0 55 0 0 0 55 0 0 0 55 0 0 0 55 0 0 0 55 0 0 0 55 0 0 0 55 0 0 0 55 0 0 0 55 0 0 0 55 0 0 0 55 0 0 0 55 0 0 0 55 0 0 0 55 0 0 0 55 0 0 0 55 0 0 0 55 0 0 0 55 0 0 0 55 0 0 0 55 0 0 0 55 0 0 0 55 0 0 0 55 0 0 0 55 0 0 0 55 0 0 0 55 0 0 0 55 0 0 0 55 0 0 0 55 0 0 0 55 0 0 0 55 0 0 0 55 0 0 0 55 0 0 0 55 0 0 0 55 0 0 0 55 0 0 0 55 0 0 0 55 0 0 0 55 0 0 0 55 0 0 0 55 0 0 0 55 0 0 0 55 0 0 0 55 0 0 0 55 0 0 0 55 0 0 0 55 0 0 0 55 0 0 0 55 0 0 0 55 0 0 0 55 0 0 0 55 0 0 0 55 0 0 0 55 0 0 0 55 0 0 0 55 0 0 0 55 0 0 0 55 0 0 0 55 0 0 0 55 0 0 0 55 0 0 0 55 0 0 0 55 0 0 0 55 0 0 0 55 0 0 0 55 0 0 0 55 0 0 0 55 0 0 0 55 0 0 0 55 0 0 0 55 0 0 0 55 0 0 0 55 0 0 0 55 0 0 0 55 0 0 0 55 0 0 0 55 0 0 0 55 0 0 0 55 0 0 0 55 0 0 0 55 0 0 0 55 0 0 0 55 0 0 0 55 0 0 0 55 0 0 0 55 0 0 0 55 0 0 0 55 0 0 0 55 0 0 0 55 0 0 0 55 0 0 0 55 0 0 0 55 0 0 0 55 0 0 0 55 0 0 0 55 0 0 0 55 0 0 0 55 0 0 0 55 0 0 0 55 0 0 0 55 0 0 0 55 0 0 0 55 0 0 0 55 0 0 0 55 0 0 0 55 0 0 0 55 0 0 0 55 0 0 0 55 0 0 0 55 0 0 0 55 0 0 0 55 0 0 0 55 0 0 0 55 0 0 0 55 0 0 0 55 0 0 0 55 0 0 0 55 0 0 0 55 0 0 0 55 0 0 0 55 0 0 0 55 0 0 0 55 0 0 0 55 0 0 0 55 0 0 0 55 0 0 0 55 0 0 0 55 0 0 0 55 0 0 0 55 0 0 0 55 0 0 0 55 0 0 0 55 0 0 0 55 0 0 0 55 0 0 0 55 0 0 0 55 0 0 0 55 0 0 0 55 0 0 0 55 0 0 0 55 0 0 0 55 0 0 0 55 0 0 0 55 0 0 0 55 0 0 0 55 0 0 0 55 0 0 0 55 0 0 0 55 0 0 0 55 0 0 0 55 0 0 0 55 0 0 0 55 0 0 0 55 0 0 0 55 0 0 0 55 0 0 0 55 0 0 0 55 0 0 0 55 0 0 0 55 0 0 0 55 0 0 0 55 0 0 0 55 0 0 0 55 0 0 0 55 0 0 0 55 0 0 0 55 0 0 0 55 0 0 0 55 0 0 0 55 0 0 0 55 0 0 0 55 0 0 0 55 0 0 0 55 0 0 0 55 0 0 0 55 0 0 0 55 0 0 0 55 0 0 0 55 0 0 0 55 0 0 0 55 0 0 0 55 0 0 0 55 0 0 0 55 0 0 0 55 0 0 0 55 0 0 0 55 0 0 0 55 0 0 0 55 0 0 0 55 0 0 0 55 0 0 0 55 0 0 0 55 0 0 0 55 0 0 0 55 0 0 0 55 0 0 0 55 0 0 0 55 0 0 0 55 0 0 0 55 0 0 0 55 0 0 0 55 0 0 0 55 0 0 0 55 0 0 0 55 0 0 0 55 0 0 0 55 0 0 0 55 0 0 0 55 0 0 0 55 0 0 0 55 0 0 0 55 0 0 0 55 0 0 0 55 0 0 0 55 0 0 0 55 0 0 0 55 0 0 0 55 0 0 0 55 0 0 0 55 0 0 0 55 0 0 0 55 0 0 0 55 0 0 0 55 0 0 0 55 0 0 0 55 0 0 0 55 0 0 0 55 0 0 0 55 0 0 0 55 0 0 0 55 0 0 0 55 0 0 0 55 0 0 0 55 0 0 0 55 0 0 0 55 0 0 0 55 0 0 0 55 0 0 0 55 0 0 0 55 0 0 0 55 0 0 0 55 0 0 0 55 0 0 0 55 0 0 0 55 0 0 0 55 0 0 0 55 0 0 0 55 0 0 0 55 0 0 0 55 0 0 0 55 0 0 0 55 0 0 0 55 0 0 0 55 0 0 0 55 0 0 0 55 0 0 0 55 0 0 0 55 0 0 0 55 0 0 0 55 0 0 0 55 0 0 0 55 0 0 0 55 0 0 0 55 0 0 0 55 0 0 0 55 0 0 0 55 0 0 0 55 0 0 0 55 0 0 0 55 0 0 0 55 0 0 0 55 0 0 0 55 0 0 0 55 0 0 0 55 0 0 0 55 0 0 0 55 0 0 0 55 0 0 0 55 0 0 0 55 0 0 0 55 0 0 0 55 0 0 0 55 0 0 0 55 0 0 0 55 0 0 0 55 0 0 0 55 0 0 0 55 0 0 0 55 0 0 0 55 0 0 0 55 0 0 0 55 0 0 0 55 0 0 0 55 0 0 0 55 0 0 0 55 0 0 0 55 0 0 0 55 0 0 0 55 0 0 0 55 0 0 0 55 0 0 0 55 0 0 0 55 0 0 0 55 0 0 0 55 0 0 0 55 0 0 0 55 0 0 0 55 0 0 0 55 0 0 0 55 0 0 0 55 0 0 0 55 0 0 0 55 0 0 0 55 0 0 0 55 0 0 0 55 0 0 0 55 0 0 0 55 0 0 0 55 0 0 0 55 0 0 0 55 0 0 0 55 0 0 0 55 0 0 0 55 0 0 0 55 0 0 0 55 0 0 0 55 0 0 0 55 0 0 0 55 0 0 0 55 0 0 0 55 0 0 0 55 0 0 0 55 0 0 0 55 0 0 0 55 0 0 0 55 0 0 0 55 0 0 0 55 0 0 0 55 0 0 0 55 0 0 0 55 0 0 0 55 0 0 0 55 0 0 0 55 0 0 0 55 0 0 0 55 0 0 0 55 0 0 0 55 0 0 0 55 0 0 0 55 0 0 0 55 0 0 0 55 0 0 0 55 0 0 0 55 0 0 0 55 0 0 0 55 0 0 0 55 0 0 0 55 0 0 0 55 0 0 0 55 0 0 0 55 0 0 0 55 0 0 0 55 0 0 0 55 0 0 0 55 0 0 0 55 0 0 0 55 0 0 0 55 0 0 0 55 0 0 0 55 0 0 0 55 0 0 0 55 0 0 0 55 0 0 0 55 0 0 0 55 0 0 0 55 0 0 0 55 0 0 0 55 0 0 0 55 0 0 0 55 0 0 0 55 0 0 0 55 0 0 0 55 0 0 0 55 0 0 0 55 0 0 0 55 0 0 0 55 0 0 0 55 0 0 0 55 0 0 0 55 0 0 0 55 0 0 0 55 0 0 0 55 0 0 0 55 0 0 0 55 0 0 0 55 0 0 0 55 0 0 0 55 0 0 0 55 0 0 0 55 0 0 0 55 0 0 0 55 0 0 0 55 0 0 0 55 0 0 0 55 0 0 0 55 0 0 0 55 0 0 0 55 0 0 0 55 0 0 0 55 0 0 0 55 0 0 0 55 0 0 0 55 0 0 0 55 0 0 0 55 0 0 0 55 0 0 0 55 0 0 0 55 0 0 0 55 0 0 0 55 0 0 0 55 0 0 0 55 0 0 0 55 0 0 0 55 0 0 0 55 0 0 0 55 0 0 0 55 0 0 0 55 0 0 0 55 0 0 0 55 0 0 0 55 0 0 0 55 0 0 0 55 0 0 0 55 0 0 0 55 0 0 0 55 0 0 0 55 0 0 0 55 0 0 0 55 0 0 0 55 0 0 0 55 0 0 0 55 0 0 0 55 0 0 0 55 0 0 0 55 0 0 0 55 0 0 0 55 0 0 0 55 0 0 0 55 0 0 0 55 0 0 0 55 0 0 0 55 0 0 0 55 0 0 0 55 0 0 0 55 0 0 0 55 0 0 0 55 0 0 0 55 0 0 0 55 0 0 0 55 0 0 0 55 0 0 0 55 0 0 0 55 0 0 0 55 0 0 0 55 0 0 0 55 0 0 0 55 0 0 0 55 0 0 0 55 0 0 0 55 0 0 0 55 0 0 0 55 0 0 0 55 0 0 0 55 0 0 0 55 0 0 0 55 0 0 0 55 0 0 0 55 0 0 0 55 0 0 0 55 0 0 0 55 0 0 0 55 0 0 0 55 0 0 0 55 0 0 0 55 0 0 0 55 0 0 0 55 0 0 0 55 0 0 0 55 0 0 0 55 0 0 0 55 0 0 0 55 0 0 0 55 0 0 0 55 0 0 0 55 0 0 0 55 0 0 0 55 0 0 0 55 0 0 0 55 0 0 0 55 0 0 0 55 0 0 0 55 0 0 0 55 0 0 0 55 0 0 0 55 0 0 0 55 0 0 0 55 0 0 0 55 0 0 0 55 0 0 0 55 0 0 0 55 0 0 0 55 0 0 0 55 0 0 0 55 0 0 0 55 0 0 0 55 0 0 0 55 0 0 0 55 0 0 0 55 0 0 0 55 0 0 0 55 0 0 0 55 0 0 0 55 0 0 0 55 0 0 0 55 0 0 0 55 0 0 0 55 0 0 0 55 0 0 0 55 0 0 0 55 0 0 0 55 0 0 0 55 0 0 0 55 0 0 0 55 0 0 0 55 0 0 0 55 0 0 0 55 0 0 0 55 0 0 0 55 0 0 0 55 0 0 0 55 0 0 0 55 0 0 0 55 0 0 0 55 0 0 0 55 0 0 0 55 0 0 0 55 0 0 0 55 0 0 0 55 0 0 0 55 0 0 0 55 0 0 0 55 0 0 0 55 0 0 0 55 0 0 0 55 0 0 0 55 0 0 0 55 0 0 0 55 0 0 0 55 0 0 0 55 0 0 0 55 0 0 0 55 0 0 0 55 0 0 0 55 0 0 0 55 0 0 0 55 0 0 0 55 0 0 0 55 0 0 0 55 0 0 0 55 0 0 0 55 0 0 0 55 0 0 0 55 0 0 0 55 0 0 0 55 0 0 0 55 0 0 0 55 0 0 0 55 0 0 0 55 0 0 0 55 0 0 0 55 0 0 0 55 0 0 0 55 0 0 0 55 0 0 0 55 0 0 0 55 0 0 0 55 0 0 0 55 0 0 0 55 0 0 0 55 0 0 0 55 0 0 0 55 0 0 0 55 0 0 0 55 0 0 0 55 0 0 0 55 0 0 0 55 0 0 0 55 0 0 0 55 0 0 0 55 0 0 0 55 0 0 0 55 0 0 0 55 0 0 0 55 0 0 0 55 0 0 0 55 0 0 0 55 0 0 0 55 0 0 0 55 0 0 0 55 0 0 0 55 0 0 0 55 0 0 0 55 0 0 0 55 0 0 0 55 0 0 0 55 0 0 0 55 0 0 0 55 0 0 0 55 0 0 0 55 0 0 0 55 0 0 0 55 0 0 0 55 0 0 0 55 0 0 0 55 0 0 0 55 0 0 0 55 0 0 0 55 0 0 0 55 0 0 0 55 0 0 0 55 0 0 0 55 0 0 0 55 0 0 0 55 0 0 0 55 0 0 0 55 0 0 0 55 0 0 0 55 0 0 0 55 0 0 0 55 0 0 0 55 0 0 0 55 0 0 0 55 0 0 0 55 0 0 0 55 0 0 0 55 0 0 0 55 0 0 0 55 0 0 0 55 0 0 0 55 0 0 0 55 0 0 0 55 0 0 0 55 0 0 0 55 0 0 0 55 0 0 0 55 0 0 0 55 0 0 0 55 0 0 0 55 0 0 0 55 0 0 0 55 0 0 0 55 0 0 0 55 0 0 0 55 0 0 0 55 0 0 0 55 0 0 0 55 0 0 0 55 0 0 0 55 0 0 0 55 0 0 0 55 0 0 0 55 0 0 0 55 0 0 0 55 0 0 0 55 0 0 0 55 0 0 0 55 0 0 0 55 0 0 0 60 0 0 0 60 0 0 0 60 0 0 0 60 0 0 0 60 0 0 0 60 0 0 0 60 0 0 0 60 0 0 0 60 0 0 0 60 0 0 0 60 0 0 0 60 0 0 0 60 0 0 0 60 0 0 0 60 0 0 0 60 0 0 0 60 0 0 0 60 0 0 0 60 0 0 0 60 0 0 0 60 0 0 0 60 0 0 0 60 0 0 0 60 0 0 0 60 0 0 0 60 0 0 0 60 0 0 0 60 0 0 0 60 0 0 0 60 0 0 0 60 0 0 0 60 0 0 0 60 0 0 0 60 0 0 0 60 0 0 0 60 0 0 0 60 0 0 0 60 0 0 0 60 0 0 0 60 0 0 0 60 0 0 0 60 0 0 0 60 0 0 0 60 0 0 0 60 0 0 0 60 0 0 0 60 0 0 0 60 0 0 0 60 0 0 0 60 0 0 0 60 0 0 0 60 0 0 0 60 0 0 0 60 0 0 0 60 0 0 0 60 0 0 0 60 0 0 0 60 0 0 0 60 0 0 0 60 0 0 0 60 0 0 0 60 0 0 0 60 0 0 0 60 0 0 0 60 0 0 0 60 0 0 0 60 0 0 0 60 0 0 0 60 0 0 0 60 0 0 0 60 0 0 0 60 0 0 0 60 0 0 0 60 0 0 0 60 0 0 0 60 0 0 0 60 0 0 0 60 0 0 0 60 0 0 0 60 0 0 0 60 0 0 0 60 0 0 0 60 0 0 0 60 0 0 0 60 0 0 0 60 0 0 0 60 0 0 0 60 0 0 0 60 0 0 0 60 0 0 0 60 0 0 0 60 0 0 0 60 0 0 0 60 0 0 0 60 0 0 0 60 0 0 0 60 0 0 0 60 0 0 0 60 0 0 0 60 0 0 0 60 0 0 0 60 0 0 0 60 0 0 0 60 0 0 0 60 0 0 0 60 0 0 0 60 0 0 0 60 0 0 0 60 0 0 0 60 0 0 0 60 0 0 0 60 0 0 0 60 0 0 0 60 0 0 0 60 0 0 0 60 0 0 0 60 0 0 0 60 0 0 0 60 0 0 0 60 0 0 0 60 0 0 0 60 0 0 0 60 0 0 0 60 0 0 0 60 0 0 0 60 0 0 0 60 0 0 0 60 0 0 0 60 0 0 0 60 0 0 0 60 0 0 0 60 0 0 0 60 0 0 0 60 0 0 0 60 0 0 0 60 0 0 0 60 0 0 0 60 0 0 0 60 0 0 0 60 0 0 0 60 0 0 0 60 0 0 0 60 0 0 0 60 0 0 0 60 0 0 0 60 0 0 0 60 0 0 0 60 0 0 0 60 0 0 0 60 0 0 0 60 0 0 0 60 0 0 0 60 0 0 0 60 0 0 0 60 0 0 0 60 0 0 0 60 0 0 0 60 0 0 0 60 0 0 0 60 0 0 0 60 0 0 0 60 0 0 0 60 0 0 0 60 0 0 0 60 0 0 0 60 0 0 0 60 0 0 0 60 0 0 0 60 0 0 0 60 0 0 0 60 0 0 0 60 0 0 0 60 0 0 0 60 0 0 0 60 0 0 0 60 0 0 0 60 0 0 0 60 0 0 0 60 0 0 0 60 0 0 0 60 0 0 0 60 0 0 0 60 0 0 0 60 0 0 0 60 0 0 0 60 0 0 0 60 0 0 0 60 0 0 0 60 0 0 0 60 0 0 0 60 0 0 0 60 0 0 0 60 0 0 0 60 0 0 0 60 0 0 0 60 0 0 0 60 0 0 0 60 0 0 0 60 0 0 0 60 0 0 0 60 0 0 0 60 0 0 0 60 0 0 0 60 0 0 0 60 0 0 0 60 0 0 0 60 0 0 0 60 0 0 0 60 0 0 0 60 0 0 0 60 0 0 0 60 0 0 0 60 0 0 0 60 0 0 0 60 0 0 0 60 0 0 0 60 0 0 0 60 0 0 0 60 0 0 0 60 0 0 0 60 0 0 0 60 0 0 0 60 0 0 0 60 0 0 0 60 0 0 0 60 0 0 0 60 0 0 0 60 0 0 0 60 0 0 0 60 0 0 0 60 0 0 0 60 0 0 0 60 0 0 0 60 0 0 0 60 0 0 0 60 0 0 0 60 0 0 0 60 0 0 0 60 0 0 0 60 0 0 0 60 0 0 0 60 0 0 0 60 0 0 0 60 0 0 0 60 0 0 0 60 0 0 0 60 0 0 0 60 0 0 0 60 0 0 0 60 0 0 0 60 0 0 0 60 0 0 0 60 0 0 0 60 0 0 0 60 0 0 0 60 0 0 0 60 0 0 0 60 0 0 0 60 0 0 0 60 0 0 0 60 0 0 0 60 0 0 0 60 0 0 0 60 0 0 0 60 0 0 0 60 0 0 0 60 0 0 0 60 0 0 0 60 0 0 0 60 0 0 0 60 0 0 0 60 0 0 0 60 0 0 0 60 0 0 0 60 0 0 0 60 0 0 0 60 0 0 0 60 0 0 0 60 0 0 0 60 0 0 0 60 0 0 0 60 0 0 0 60 0 0 0 60 0 0 0 60 0 0 0 61 0 0 0 61 0 0 0 61 0 0 0 61 0 0 0 61 0 0 0 61 62 63 60 61 62 63 0 61 0 0 0 61 0 0 0 61 0 0 0 61 0 0 0 61 0 0 0 61 0 0 0 61 0 0 0 61 0 0 0 61 0 0 0 61 0 0 0 61 0 0 0 61 0 0 0 61 0 0 0 61 0 0 0 61 0 0 0 61 0 0 0 61 0 0 0 61 0 0 0 61 0 0 0 61 0 0 0 61 0 0 0 61 0 0 0 61 0 0 0 61 0 0 0 61 0 0 0 61 0 0 0 61 0 0 0 61 0 0 0 61 0 0 0 61 0 0 0 61 0 0 0 61 0 0 0 61 0 0 0 61 0 0 0 61 0 0 0 61 0 0 0 61 0 0 0 61 0 0 0 61 0 0 0 61 0 0 0 61 0 0 0 61 0 0 0 61 0 0 0 61 0 0 0 61 0 0 0 61 0 0 0 61 0 0 0 61 0 0 0 61 0 0 0 61 0 0 0 61 0 0 0 61 0 0 0 61 0 0 0 61 0 0 0 61 0 0 0 61 0 0 0 61 0 0 0 61 0 0 0 61 0 0 0 61 0 0 0 61 0 0 0 61 0 0 0 61 0 0 0 61 0 0 0 61 0 0 0 61 0 0 0 61 0 0 0 61 0 0 0 61 0 0 0 61 0 0 0 61 0 0 0 61 0 0 0 61 0 0 0 61 0 0 0 61 0 0 0 61 0 0 0 61 0 0 0 61 0 0 0 61 0 0 0 61 0 0 0 61 0 0 0 61 0 0 0 61 0 0 0 61 0 0 0 61 0 0 0 61 0 0 0 61 0 0 0 61 0 0 0 61 0 0 0 61 0 0 0 61 0 0 0 61 0 0 0 61 0 0 0 61 0 0 0 61 0 0 0 61 0 0 0 61 0 0 0 61 0 0 0 61 0 0 0 61 0 0 0 61 0 0 0 61 0 0 0 61 0 0 0 61 0 0 0 61 0 0 0 61 0 0 0 61 0 0 0 61 0 0 0 61 0 0 0 61 0 0 0 61 0 0 0 61 0 0 0 61 0 0 0 61 0 0 0 61 0 0 0 61 0 0 0 61 0 0 0 61 0 0 0 61 0 0 0 61 0 0 0 61 0 0 0 32 0 0 0 32 0 0 0 32 0 0 0 32 0 0 0 32 0 0 0 32 0 0 0 32 0 0 0 32 0 0 0 32 0 0 0 32 0 0 0 32 0 0 0 32 0 0 0 32 0 0 0 32 0 0 0 32 0 0 0 32 0 0 0 32 0 0 0 32 0 0 0 32 0 0 0 32 0 0 0 32 0 0 0 9 0 0 0 9 0 0 0 9 0 0 0 9 0 0 0 9 0 0 0 9 0 0 0 9 0 0 0 9 0 0 0 9 0 0 0 9 0 0 0 9 0 0 0 9 0 0 0 9 0 0 0 9 0 0 0 9 0 0 0 9 0 0 0 9 0 0 0 9 0 0 0 9 0 0 0 9 0 0 0 9 0 0 0 9 0 0 0 9 0 0 0 9 0 0 0 9 0 0 0 9 0 0 0 9 0 0 0 9 0 0 0 9 0 0 0 9 0 0 0 9 0 0 0 9 0 0 0 9 0 0 0 9 0 0 0 9 0 0 0 9 0 0 0 9 0 0 0 9 0 0 0 9 0 0 0 9 0 0 0 9 0 0 0 9 0 0 0 9 0 0 0 9 0 0 0 9 0 0 0 9 0 0 0 9 0 0 0 9 0 0 0 9 0 0 0 9 0 0 0 9 0 0 0 9 0 0 0 9 0 0 0 9 0 0 0 9 0 0 0 9 0 0 0 9 0 0 0 9 0 0 0 9 0 0 0 9 0 0 0 9 0 0 0 9 0 0 0 9 0 0 0 9 0 0 0 9 0 0 0 9 0 0 0 9 0 0 0 9 0 0 0 9 0 0 0 9 0 0 0 9 0 0 0 9 0 0 0 9 0 0 0 9 0 0 0 9 0 0 0 9 0 0 0 9 0 0 0 9 0 0 0 9 0 0 0 9 0 0 0 9 0 0 0 9 0 0 0 9 0 0 0 9 0 0 0 9 0 0 0 9 0 0 0 9 0 0 0 9 0 0 0 9 0 0 0 9 0 0 0 9 0 0 0 9 0 0 0 9 0 0 0 9 0 0 0 9 0 0 0 9 0 0 0 9 0 0 0 9 0 0 0 9 0 0 0 9 0 0 0 9 0 0 0 9 0 0 0 9 0 0 0 9 0 0 0 9 0 0 0 9 0 0 0 9 0 0 0 9 0 0 0 9 0 0 0 9 0 0 0 9 0 0 0 9 0 0 0 9 0 0 0 9 0 0 0 9 0 0 0 9 0 0 0 9 0 0 0 9 0 0 0 9 0 0 0 9 0 0 0 9 0 0 0 9 0 0 0 9 0 0 0 9 0 0 0 9 0 0 0 9 0 0 0 9 0 0 0 9 0 0 0 9 0 0 0 9 0 0 0 9 0 0 0 9 0 0 0 9 0 0 0 9 0 0 0 9 0 0 0 9 0 0 0 9 0 0 0 9 0 0 0 9 0 0 0 9 0 0 0 9 0 0 0 9 0 0 0 9 0 0 0 9 0 0 0 9 0 0 0 9 0 0 0 9 0 0 0 9 0 0 0 9 0 0 0 9 0 0 0 9 0 0 0 9 0 0 0 9 0 0 0 9 0 0 0 9 0 0 0 9 0 0 0 9 0 0 0 9 0 0 0 9 0 0 0 9 0 0 0 9 0 0 0 9 0 0 0 9 0 0 0 9 0 0 0 9 0 0 0 9 0 0 0 9 0 0 0 9 0 0 0 9 0 0 0 9 0 0 0 9 0 0 0 9 0 0 0 9 0 0 0 9 0 0 0 9 0 0 0 9 0 0 0 9 0 0 0 9 0 0 0 9 0 0 0 9 0 0 0 9 0 0 0 9 0 0 0 9 0 0 0 9 0 0 0 9 0 0 0 9 0 0 0 9 0 0 0 9 0 0 0 9 0 0 0 9 0 0 0 9 0 0 0 9 0 0 0 9 0 0 0 9 0 0 0 9 0 0 0 9 0 0 0 9 0 0 0 9 0 0 0 9 0 0 0 9 0 0 0 9 0 0 0 9 0 0 0 9 0 0 0 9 0 0 0 9 0 0 0 9 0 0 0 9 0 0 0 9 0 0 0 9 0 0 0 9 0 0 0 9 0 0 0 9 0 0 0 9 0 0 0 9 0 0 0 9 0 0 0 9 0 0 0 9 0 0 0 9 0 0 0 9 0 0 0 9 0 0 0 9 0 0 0 9 0 0 0 9 0 0 0 9 0 0 0 9 0 0 0 9 0 0 0 9 0 0 0 9 0 0 0 9 0 0 0 9 0 0 0 9 0 0 0 9 0 0 0 9 0 0 0 9 0 0 0 9 0 0 0 9 0 0 0 9 0 0 0 9 0 0 0 9 0 0 0 9 0 0 0 9 0 0 0 9 0 0 0 9 0 0 0 9 0 0 0 9 0 0 0 9 0 0 0 9 0 0 0 9 0 0 0 9 0 0 0 9 0 0 0 9 0 0 0 9 0 0 0 9 0 0 0 9 0 0 0 9 0 0 0 9 0 0 0 9 0 0 0 9 0 0 0 9 0 0 0 9 0 0 0 9 0 0 0 9 0 0 0 9 0 0 0 8 0 0 0 8 0 0 0 8 0 0 0 8 0 0 0 8 0 0 0 8 0 0 0 8 0 0 0 8 0 0 0 8 0 0 0 8 0 0 0 8 0 0 0 8 0 0 0 8 0 0 0 8 0 0 0 8 0 0 0 8 0 0 0 8 0 0 0 8 0 0 0 8 0 0 0 8 0 0 0 8 0 0 0 8 0 0 0 8 0 0 0 8 0 0 0 8 0 0 0 8 0 0 0 8 0 0 0 8 0 0 0 8 0 0 0 8 0 0 0 8 0 0 0 8 0 0 0 8 0 0 0 8 0 0 0 8 0 0 0 8 0 0 0 8 0 0 0 8 0 0 0 8 0 0 0 8 0 0 0 8 0 0 0 8 0 0 0 8 0 0 0 8 0 0 0 8 0 0 0 8 0 0 0 8 0 0 0 8 0 0 0 8 0 0 0 8 0 0 0 8 0 0 0 8 0 0 0 8 0 0 0 8 0 0 0 8 0 0 0 8 0 0 0 8 0 0 0 8 0 0 0 8 0 0 0 8 0 0 0 8 0 0 0 8 0 0 0 8 0 0 0 8 0 0 0 8 0 0 0 8 0 0 0 8 0 0 0 8 0 0 0 8 0 0 0 8 0 0 0 8 0 0 0 8 0 0 0 8 0 0 0 8 0 0 0 8 0 0 0 8 0 0 0 8 0 0 0 8 0 0 0 8 0 0 0 8 0 0 0 8 0 0 0 8 0 0 0 8 0 0 0 8 0 0 0 8 0 0 0 8 0 0 0 8 0 0 0 8 0 0 0 8 0 0 0 8 0 0 0 8 0 0 0 8 0 0 0 8 0 0 0 8 0 0 0 8 0 0 0 8 0 0 0 8 0 0 0 8 0 0 0 8 0 0 0 8 0 0 0 8 0 0 0 8 0 0 0 8 0 0 0 8 0 0 0 8 0 0 0 8 0 0 0 8 0 0 0 8 0 0 0 8 0 0 0 8 0 0 0 8 0 0 0 8 0 0 0 8 0 0 0 8 0 0 0 8 0 0 0 8 0 0 0 8 0 0 0 8 0 0 0 8 0 0 0 8 0 0 0 8 0 0 0 8 0 0 0 8 0 0 0 8 0 0 0 8 0 0 0 8 0 0 0 8 0 0 0 8 0 0 0 8 0 0 0 8 0 0 0 8 0 0 0 8 0 0 0 8 0 0 0 8 0 0 0 8 0 0 0 8 0 0 0 8 0 0 0 8 0 0 0 8 0 0 0 8 0 0 0 8 0 0 0 8 0 0 0 8 0 0 0 8 0 0 0 8 0 0 0 8 0 0 0 8 0 0 0 8 0 0 0 8 0 0 0 8 0 0 0 8 0 0 0 8 0 0 0 8 0 0 0 8 0 0 0 8 0 0 0 8 0 0 0 8 0 0 0 8 0 0 0 8 0 0 0 8 0 0 0 8 0 0 0 8 0 0 0 8 0 0 0 8 0 0 0 8 0 0 0 8 0 0 0 8 0 0 0 8 0 0 0 8 0 0 0 8 0 0 0 8 0 0 0 8 0 0 0 8 0 0 0 8 0 0 0 8 0 0 0 8 0 0 0 8 0 0 0 8 0 0 0 8 0 0 0 8 0 0 0 8 0 0 0 8 0 0 0 8 0 0 0 8 0 0 0 8 0 0 0 8 0 0 0 8 0 0 0 8 0 0 0 8 0 0 0 8 0 0 0 8 0 0 0 8 0 0 0 8 0 0 0 8 0 0 0 8 0 0 0 8 0 0 0 8 0 0 0 8 0 0 0 8 0 0 0 8 0 0 0 8 0 0 0 8 0 0 0 8 0 0 0 8 0 0 0 8 0 0 0 8 0 0 0 8 0 0 0 8 0 0 0 8 0 0 0 8 0 0 0 8 0 0 0 8 0 0 0 8 0 0 0 8 0 0 0 8 0 0 0 8 0 0 0 8 0 0 0 8 0 0 0 8 0 0 0 8 0 0 0 8 0 0 0 8 0 0 0 8 0 0 0 8 0 0 0 8 0 0 0 8 0 0 0 8 0 0 0 8 0 0 0 8 0 0 0 8 0 0 0 8 0 0 0 8 0 0 0 8 0 0 0 8 0 0 0 8 0 0 0 8 0 0 0 8 0 0 0 8 0 0 0 8 0 0 0 8 0 0 0 8 0 0 0 8 0 0 0 8 0 0 0 8 0 0 0 8 0 0 0 8 0 0 0 8 0 0 0 8 0 0 0 8 0 0 0 8 0 0 0 8 0 0 0 8 0 0 0 8 0 0 0 8 0 0 0 8 0 0 0 8 0 0 0 8 0 0 0 8 0 0 0 8 0 0 0 8 0 0 0 8 0 0 0 8 0 0 0 8 0 0 0 8 0 0 0 8 0 0 0 8 0 0 0 8 0 0 0 8 0 0 0 8 0 0 0 8 0 0 0 8 0 0 0 8 0 0 0 8 0 0 0 8 0 0 0 8 0 0 0 8 0 0 0 8 0 0 0 8 0 0 0 8 0 0 0 8 0 0 0 8 0 0 0 8 0 0 0 8 0 0 0 8 0 0 0 8 0 0 0 8 0 0 0 8 0 0 0 8 0 0 0 8 0 0 0 8 0 0 0 8 0 0 0 8 0 0 0 8 0 0 0 8 0 0 0 8 0 0 0 8 0 0 0 8 0 0 0 8 0 0 0 8 0 0 0 8 0 0 0 8 0 0 0 8 0 0 0 8 0 0 0 8 0 0 0 8 0 0 0 8 0 0 0 8 0 0 0 8 0 0 0 8 0 0 0 8 0 0 0 8 0 0 0 8 0 0 0 8 0 0 0 8 0 0 0 8 0 0 0 8 0 0 0 8 0 0 0 8 0 0 0 8 0 0 0 8 0 0 0 8 0 0 0 8 0 0 0 8 0 0 0 8 0 0 0 8 0 0 0 8 0 0 0 8 0 0 0 8 0 0 0 8 0 0 0 8 0 0 0 8 0 0 0 8 0 0 0 8 0 0 0 8 0 0 0 8 0 0 0 8 0 0 0 8 0 0 0 8 0 0 0 8 0 0 0 8 0 0 0 8 0 0 0 8 0 0 0 8 0 0 0 8 0 0 0 8 0 0 0 8 0 0 0 8 0 0 0 8 0 0 0 8 0 0 0 8 0 0 0 8 0 0 0 8 0 0 0 8 0 0 0 8 0 0 0 8 0 0 0 8 0 0 0 8 0 0 0 8 0 0 0 8 0 0 0 8 0 0 0 8 0 0 0 8 0 0 0 8 0 0 0 8 0 0 0 8 0 0 0 8 0 0 0 8 0 0 0 8 0 0 0 8 0 0 0 8 0 0 0 8 0 0 0 8 0 0 0 8 0 0 0 8 0 0 0 8 0 0 0 8 0 0 0 8 0 0 0 8 0 0 0 8 0 0 0 8 0 0 0 8 0 0 0 8 0 0 0 8 0 0 0 8 0 0 0 8 0 0 0 8 0 0 0 8 0 0 0 8 0 0 0 8 0 0 0 8 0 0 0 8 0 0 0 8 0 0 0 8 0 0 0 8 0 0 0 8 0 0 0 8 0 0 0 8 0 0 0 8 0 0 0 8 0 0 0 8 0 0 0 8 0 0 0 8 0 0 0 8 0 0 0 8 0 0 0 8 0 0 0 8 0 0 0 8 0 0 0 8 0 0 0 8 0 0 0 8 0 0 0 8 0 0 0 8 0 0 0 8 0 0 0 8 0 0 0 8 0 0 0 8 0 0 0 8 0 0 0 8 0 0 0 8 0 0 0 8 0 0 0 8 0 0 0 8 0 0 0 8 0 0 0 8 0 0 0 8 0 0 0 8 0 0 0 8 0 0 0 8 0 0 0 8 0 0 0 8 0 0 0 8 0 0 0 8 0 0 0 8 0 0 0 8 0 0 0 8 0 0 0 8 0 0 0 8 0 0 0 8 0 0 0 8 0 0 0 8 0 0 0 8 0 0 0 8 0 0 0 8 0 0 0 8 0 0 0 8 0 0 0 8 0 0 0 8 0 0 0 8 0 0 0 8 0 0 0 8 0 0 0 8 0 0 0 8 0 0 0 8 0 0 0 8 0 0 0 8 0 0 0 8 0 0 0 8 0 0 0 8 0 0 0 8 0 0 0 8 0 0 0 8 0 0 0 8 0 0 0 8 0 0 0 8 0 0 0 8 0 0 0 8 0 0 0 8 0 0 0 8 0 0 0 8 0 0 0 8 0 0 0 8 0 0 0 8 0 0 0 8 0 0 0 8 0 0 0 8 0 0 0 8 0 0 0 8 0 0 0 8 0 0 0 8 0 0 0 8 0 0 0 8 0 0 0 8 0 0 0 8 0 0 0 8 0 0 0 8 0 0 0 8 0 0 0 8 0 0 0 8 0 0 0 8 0 0 0 8 0 0 0 8 0 0 0 8 0 0 0 8 0 0 0 8 0 0 0 8 0 0 0 8 0 0 0 8 0 0 0 8 0 0 0 8 0 0 0 32 0 0 0 32 0 0 0 32 0 0 0 32 0 0 0 32 0 0 0 32 0 0 0 32 0 0 0 32 0 0 0 32 0 0 0 32 0 0 0 32 0 0 0 32 0 0 0 32 0 0 0 32 0 0 0 32 0 0 0 32 0 0 0 32 0 0 0 32 0 0 0 32 0 0 0 32 0 0 0 32 0 0 0 32 0 0 0 32 0 0 0 32 0 0 0 32 0 0 0 32 0 0 0 32 0 0 0 32 0 0 0 32 0 0 0 32 0 0 0 32 0 0 0 32 0 0 0 32 0 0 0 32 0 0 0 32 0 0 0 32 0 0 0 32 0 0 0 32 0 0 0 32 0 0 0 32 0 0 0 32 0 0 0 32 0 0 0 32 0 0 0 32 0 0 0 32 0 0 0 32 0 0 0 32 0 0 0 32 0 0 0 32 0 0 0 32 0 0 0 32 0 0 0 32 0 0 0 32 0 0 0 32 0 0 0 32 0 0 0 32 0 0 0 32 0 0 0 32 0 0 0 32 0 0 0 32 0 0 0 32 0 0 0 32 0 0 0 32 0 0 0 32 0 0 0 32 0 0 0 32 0 0 0 32 0 0 0 32 0 0 0 32 0 0 0 32 0 0 0 32 0 0 0 32 0 0 0 32 0 0 0 32 0 0 0 32 0 0 0 32 0 0 0 32 0 0 0 32 0 0 0 32 0 0 0 32 0 0 0 32 0 0 0 32 0 0 0 32 0 0 0 32 0 0 0 32 0 0 0 32 0 0 0 32 0 0 0 32 0 0 0 32 0 0 0 32 0 0 0 32 0 0 0 32 0 0 0 32 0 0 0 32 0 0 0 32 0 0 0 32 0 0 0 32 0 0 0 32 0 0 0 32 0 0 0 32 0 0 0 32 0 0 0 32 0 0 0 32 0 0 0 32 0 0 0 32 0 0 0 32 0 0 0 32 0 0 0 32 0 0 0 32 0 0 0 32 0 0 0 32 0 0 0 32 0 0 0 32 0 0 0 32 0 0 0 32 0 0 0 32 0 0 0 32 0 0 0 32 0 0 0 32 0 0 0 32 0 0 0 32 0 0 0 32 0 0 0 32 0 0 0 32 0 0 0 32 0 0 0 32 0 0 0 32 0 0 0 32 0 0 0 32 0 0 0 33 0 0 0 33 0 0 0 33 0 0 0 33 0 0 0 33 0 0 0 33 0 0 0 33 0 0 0 33 0 0 0 33 0 0 0 33 0 0 0 33 0 0 0 33 0 0 0 33 0 0 0 33 0 0 0 33 0 0 0 33 0 0 0 33 0 0 0 33 0 0 0 33 0 0 0 33 0 0 0 33 0 0 0 33 0 0 0 33 0 0 0 33 0 0 0 33 0 0 0 33 0 0 0 33 0 0 0 33 0 0 0 33 0 0 0 33 0 0 0 33 0 0 0 33 0 0 0 33 0 0 0 33 0 0 0 33 0 0 0 33 0 0 0 33 0 0 0 33 0 0 0 33 0 0 0 33 0 0 0 33 0 0 0 33 0 0 0 33 0 0 0 33 0 0 0 33 0 0 0 33 0 0 0 33 0 0 0 33 0 0 0 33 0 0 0 33 0 0 0 33 0 0 0 33 0 0 0 33 0 0 0 33 0 0 0 33 0 0 0 33 0 0 0 33 0 0 0 33 0 0 0 33 0 0 0 33 0 0 0 33 0 0 0 33 0 0 0 33 0 0 0 33 0 0 0 33 0 0 0 33 0 0 0 33 0 0 0 33 0 0 0 33 0 0 0 33 0 0 0 33 0 0 0 33 0 0 0 33 0 0 0 33 0 0 0 33 0 0 0 33 0 0 0 33 0 0 0 33 0 0 0 33 0 0 0 33 0 0 0 33 0 0 0 33 0 0 0 33 0 0 0 33 0 0 0 33 0 0 0 33 0 0 0 33 0 0 0 33 0 0 0 33 0 0 0 33 0 0 0 33 0 0 0 33 0 0 0 33 0 0 0 33 0 0 0 33 0 0 0 33 0 0 0 33 0 0 0 33 0 0 0 33 0 0 0 33 0 0 0 33 0 0 0 33 0 0 0 33 0 0 0 33 0 0 0 33 0 0 0 33 0 0 0 33 0 0 0 33 0 0 0 33 0 0 0 33 0 0 0 33 0 0 0 33 0 0 0 33 0 0 0 33 0 0 0 33 0 0 0 33 0 0 0 33 0 0 0 33 0 0 0 33 0 0 0 33 0 0 0 33 0 0 0 33 0 0 0 33 0 0 0 33 0 0 0 33 0 0 0 33 0 0 0 33 0 0 0 33 0 0 0 33 0 0 0 33 0 0 0 33 0 0 0 33 0 0 0 33 0 0 0 33 0 0 0 33 0 0 0 33 0 0 0 33 0 0 0 33 0 0 0 33 0 0 0 33 0 0 0 33 0 0 0 33 0 0 0 33 0 0 0 33 0 0 0 33 0 0 0 33 0 0 0 33 0 0 0 33 0 0 0 33 0 0 0 33 0 0 0 33 0 0 0 33 0 0 0 33 0 0 0 33 0 0 0 33 0 0 0 33 0 0 0 33 0 0 0 33 0 0 0 33 0 0 0 33 0 0 0 33 0 0 0 33 0 0 0 33 0 0 0 33 0 0 0 33 0 0 0 33 0 0 0 33 0 0 0 33 0 0 0 33 0 0 0 33 0 0 0 33 0 0 0 33 0 0 0 33 0 0 0 33 0 0 0 33 0 0 0 33 0 0 0 33 0 0 0 33 0 0 0 33 0 0 0 33 0 0 0 33 0 0 0 33 0 0 0 33 0 0 0 33 0 0 0 33 0 0 0 33 0 0 0 33 0 0 0 33 0 0 0 33 0 0 0 33 0 0 0 33 0 0 0 33 0 0 0 33 0 0 0 33 0 0 0 33 0 0 0 33 0 0 0 33 0 0 0 33 0 0 0 33 0 0 0 33 0 0 0 33 0 0 0 33 0 0 0 33 0 0 0 33 0 0 0 33 0 0 0 33 0 0 0 33 0 0 0 33 0 0 0 33 0 0 0 33 0 0 0 33 0 0 0 33 0 0 0 33 0 0 0 33 0 0 0 33 0 0 0 33 0 0 0 33 0 0 0 33 0 0 0 33 0 0 0 33 0 0 0 33 0 0 0 33 0 0 0 33 0 0 0 33 0 0 0 33 0 0 0 33 0 0 0 33 0 0 0 33 0 0 0 33 0 0 0 33 0 0 0 33 0 0 0 33 0 0 0 33 0 0 0 33 0 0 0 33 0 0 0 33 0 0 0 33 0 0 0 33 0 0 0 33 0 0 0 33 0 0 0 33 0 0 0 33 0 0 0 33 0 0 0 33 0 0 0 33 0 0 0 33 0 0 0 33 0 0 0 33 0 0 0 33 0 0 0 33 0 0 0 33 0 0 0 33 0 0 0 33 0 0 0 33 0 0 0 33 0 0 0 33 0 0 0 33 0 0 0 33 0 0 0 33 0 0 0 33 0 0 0 33 0 0 0 33 0 0 0 33 0 0 0 32 0 0 0 32 0 0 0 32 0 0 0 32 0 0 0 32 0 0 0 32 0 0 0 32 0 0 0 32 0 0 0 32 0 0 0 32 0 0 0 32 0 0 0 32 0 0 0 32 0 0 0 32 0 0 0 32 0 0 0 32 0 0 0 32 0 0 0 32 0 0 0 32 0 0 0 32 0 0 0 32 0 0 0 32 0 0 0 32 0 0 0 32 0 0 0 32 0 0 0 32 0 0 0 32 0 0 0 32 0 0 0 32 0 0 0 32 0 0 0 32 0 0 0 32 0 0 0 32 0 0 0 32 0 0 0 32 0 0 0 32 0 0 0 32 0 0 0 32 0 0 0 32 0 0 0 32 0 0 0 32 0 0 0 32 0 0 0 32 0 0 0 32 0 0 0 32 0 0 0 32 0 0 0 32 0 0 0 32 0 0 0 32 0 0 0 32 0 0 0 32 0 0 0 32 0 0 0 32 0 0 0 32 0 0 0 32 0 0 0 32 0 0 0 32 0 0 0 32 0 0 0 32 0 0 0 32 0 0 0 32 0 0 0 32 0 0 0 32 0 0 0 32 0 0 0 32 0 0 0 32 0 0 0 32 0 0 0 32 0 0 0 32 0 0 0 32 0 0 0 32 0 0 0 32 0 0 0 32 0 0 0 32 0 0 0 32 0 0 0 32 0 0 0 32 0 0 0 32 0 0 0 32 0 0 0 32 0 0 0 32 0 0 0 32 0 0 0 32 0 0 0 32 0 0 0 32 0 0 0 32 0 0 0 32 0 0 0 32 0 0 0 32 0 0 0 32 0 0 0 32 0 0 0 32 0 0 0 32 0 0 0 32 0 0 0 32 0 0 0 32 0 0 0 32 0 0 0 32 0 0 0 32 0 0 0 32 0 0 0 32 0 0 0 32 0 0 0 32 0 0 0 32 0 0 0 32 0 0 0 32 0 0 0 32 0 0 0 32 0 0 0 32 0 0 0 32 0 0 0 32 0 0 0 32 0 0 0 32 0 0 0 32 0 0 0 32 0 0 0 32 0 0 0 32 0 0 0 32 0 0 0 32 0 0 0 32 0 0 0 32 0 0 0 32 0 0 0 32 0 0 0 32 0 0 0 32 0 0 0 32 0 0 0 32 0 0 0 32 0 0 0 32 0 0 0 32 0 0 0 32 0 0 0 32 0 0 0 32 0 0 0 32 0 0 0 32 0 0 0 32 0 0 0 32 0 0 0 32 0 0 0 32 0 0 0 32 0 0 0 32 0 0 0 32 0 0 0 32 0 0 0 32 0 0 0 32 0 0 0 32 0 0 0 32 0 0 0 32 0 0 0 32 0 0 0 32 0 0 0 32 0 0 0 32 0 0 0 32 0 0 0 32 0 0 0 32 0 0 0 32 0 0 0 32 0 0 0 32 0 0 0 32 0 0 0 32 0 0 0 32 0 0 0 32 0 0 0 32 0 0 0 32 0 0 0 32 0 0 0 32 0 0 0 32 0 0 0 32 0 0 0 32 0 0 0 32 0 0 0 32 0 0 0 32 0 0 0 32 0 0 0 32 0 0 0 32 0 0 0 32 0 0 0 32 0 0 0 32 0 0 0 32 0 0 0 32 0 0 0 32 0 0 0 32 0 0 0 32 0 0 0 32 0 0 0 32 0 0 0 32 0 0 0 32 0 0 0 32 0 0 0 32 0 0 0 32 0 0 0 32 0 0 0 32 0 0 0 32 0 0 0 32 0 0 0 32 0 0 0 32 0 0 0 32 0 0 0 32 0 0 0 32 0 0 0 32 0 0 0 32 0 0 0 32 0 0 0 32 0 0 0 32 0 0 0 32 0 0 0 32 0 0 0 32 0 0 0 32 0 0 0 32 0 0 0 32 0 0 0 32 0 0 0 32 0 0 0 32 0 0 0 32 0 0 0 32 0 0 0 32 0 0 0 32 0 0 0 32 0 0 0 32 0 0 0 32 0 0 0 32 0 0 0 32 0 0 0 32 0 0 0 32 0 0 0 32 0 0 0 32 0 0 0 32 0 0 0 32 0 0 0 32 0 0 0 32 0 0 0 32 0 0 0 32 0 0 0 32 0 0 0 32 0 0 0 32 0 0 0 32 0 0 0 32 0 0 0 32 0 0 0 32 0 0 0 32 0 0 0 32 0 0 0 32 0 0 0 32 0 0 0 32 0 0 0 32 0 0 0 32 0 0 0 32 0 0 0 32 0 0 0 32 0 0 0 32 0 0 0 32 0 0 0 32 0 0 0 32 0 0 0 32 0 0 0 32 0 0 0 32 0 0 0 32 0 0 0 32 0 0 0 32 0 0 0 32 0 0 0 32 0 0 0 32 0 0 0 32 0 0 0 32 0 0 0 32 0 0 0 32 0 0 0 32 0 0 0 32 0 0 0 32 0 0 0 32 0 0 0 32 0 0 0 32 0 0 0 32 0 0 0 32 0 0 0 32 0 0 0 32 0 0 0 32 0 0 0 32 0 0 0 32 0 0 0 32 0 0 0 32 0 0 0 32 0 0 0 32 0 0 0 32 0 0 0 32 0 0 0 32 0 0 0 32 0 0 0 32 0 0 0 32 0 0 0 32 0 0 0 32 0 0 0 32 0 0 0 32 0 0 0 32 0 0 0 32 0 0 0 32 0 0 0 32 0 0 0 32 0 0 0 32 0 0 0 32 0 0 0 32 0 0 0 32 0 0 0 32 0 0 0 32 0 0 0 32 0 0 0 32 0 0 0 32 0 0 0 32 0 0 0 32 0 0 0 32 0 0 0 32 0 0 0 32 0 0 0 32 0 0 0 32 0 0 0 32 0 0 0 32 0 0 0 32 0 0 0 32 0 0 0 32 0 0 0 32 0 0 0 32 0 0 0 32 0 0 0 32 0 0 0 32 0 0 0 32 0 0 0 32 0 0 0 32 0 0 0 32 0 0 0 32 0 0 0 32 0 0 0 32 0 0 0 32 0 0 0 32 0 0 0 32 0 0 0 32 0 0 0 32 0 0 0 32 0 0 0 32 0 0 0 32 0 0 0 32 0 0 0 32 0 0 0 32 0 0 0 32 0 0 0 32 0 0 0 32 0 0 0 32 0 0 0 32 0 0 0 32 0 0 0 32 0 0 0 3 0 0 0 3 0 0 0 3 0 0 0 3 0 0 0 3 0 0 0 3 0 0 0 3 0 0 0 3 0 0 0 3 0 0 0 3 0 0 0 3 0 0 0 3 0 0 0 3 0 0 0 3 0 0 0 3 0 0 0 3 0 0 0 3 0 0 0 3 0 0 0 3 0 0 0 3 0 0 0 3 0 0 0 1 2 3 0 1 2 3 0 1 2 3 0 1 2 3 0 2 1 3 0 2 1 3 0 2 1 3 0 2 1 3 0 2 1 3 0 2 1 3 0 2 1 3 0 2 1 3 0 2 1 3 0 2 1 3 0 2 3 1 0 2 3 1 0 2 3 1 0 2 3 1 0 2 3 1 0 2 3 1 0 2 1 3 0 2 1 3 0 3 2 1 0 3 2 1 0 3 2 1 0 3 2 1 0 3 2 1 0 3 2 1 0 3 2 1 0 3 2 1 0 3 2 1 0 3 2 1 0 2 3 1 0 2 3 1 0 3 2 0 0 3 2 1 0 3 2 1 0 3 2 0 0 3 2 0 0 3 2 0 0 3 2 0 0 3 2 0 0 3 2 1 0 3 2 1 0 3 2 1 0 3 2 1 0 3 2 1 0 3 2 1 0 3 2 1 0 3 2 1 0 2 3 1 0 2 3 1 0 2 3 1 0 3 2 1 0 3 2 1 0 3 2 1 0 3 2 1 0 3 2 1 0 3 2 1 0 2 3 1 0 2 3 1 0 2 3 1 0 2 3 1 0 2 3 1 0 2 3 1 0 3 2 1 0 3 2 1 0 2 3 1 0 3 2 1 0 3 2 1 0 2 3 1 0 2 3 1 0 2 3 1 0 3 2 1 0 3 2 1 0 2 3 1 0 2 3 1 0 2 3 1 0 2 3 1 0 2 3 1 0 2 3 1 0 2 3 1 0 2 3 1 0 2 3 1 0 2 3 1 0 2 3 1 0 2 3 1 0 2 3 1 0 2 3 1 0 2 3 1 0 2 3 1 0 2 3 1 0 2 3 1 0 2 3 1 0 2 3 1 0 2 3 1 0 2 3 1 0 2 3 1 0 2 3 1 0 2 3 1 0 2 3 1 0 2 3 1 0 2 3 1 0 2 3 1 0 2 3 1 0 2 3 1 0 2 3 1 0 2 3 1 0 2 3 1 0 2 3 1 0 2 3 1 0 2 3 1 0 2 3 1 0 2 1 3 0 2 3 1 0 2 1 3 0 2 3 1 0 2 3 1 0 2 3 1 0 2 3 1 0 2 3 1 0 2 3 1 0 2 3 1 0 2 3 1 0 2 3 1 0 2 3 1 0 2 3 1 0 2 3 1 0 2 3 1 0 2 3 1 0 2 3 1 0 2 1 3 0 2 3 1 0 2 1 3 0 2 1 3 0 2 1 3 0 2 1 3 0 2 1 3 0 2 1 3 0 2 1 3 0 2 1 3 0 2 1 3 0 2 1 3 0 2 1 3 0 2 1 3 0 2 1 3 0 2 1 3 0 2 1 3 0 2 1 3 0 2 1 3 0 2 1 3 0 2 1 3 0 2 1 3 0 2 1 3 0 2 1 3 0 2 1 3 0 2 1 3 0 2 1 3 0 2 1 3 0 2 1 3 0 2 1 3 0 2 1 3 0 2 1 3 0 2 1 3 0 2 1 3 0 2 1 3 0 2 1 3 0 2 1 3 0 2 1 3 0 2 1 3 0 2 1 3 0 2 1 3 0 2 1 3 0 2 1 3 0 2 1 3 0 2 1 3 0 2 1 3 0 1 2 3 0 2 1 3 0 1 2 3 0 1 2 3 0 1 2 3 0 1 2 3 0 1 2 3 0 1 2 3 0 1 2 3 0 1 2 3 0 1 2 3 0 1 2 3 0 1 2 0 3 1 2 0 3 1 2 0 3 1 2 0 3 1 2 0 3 1 2 0 3 1 2 3 0 1 2 3 0 1 2 3 0 1 2 0 3 1 2 3 0 1 2 3 0 1 2 3 0 1 2 0 3 1 2 0 3 1 2 0 3 1 2 0 0 1 2 0 3 1 2 0 3 1 2 3 0 2 1 3 0 2 1 3 0 2 1 3 0 1 2 3 0 1 2 0 3 1 2 0 3 2 1 3 0 2 1 3 0 2 1 3 0 1 2 3 0 1 2 0 3 1 2 0 3 1 2 3 0 1 2 3 0 1 2 3 0 2 1 3 0 2 1 3 0 2 1 3 0 2 1 3 0 2 1 3 0 2 1 3 0 1 2 3 0 1 2 3 0 1 2 3 0 1 2 0 3 1 2 0 3 1 2 3 0 1 2 3 0 1 2 0 3 1 2 0 3 1 2 0 3 1 2 0 3 1 2 0 3 1 2 3 0 1 2 3 0 1 2 0 3 1 2 0 3 1 2 3 0 1 2 0 3 1 2 0 3 1 2 3 0 1 2 3 0 1 2 3 0 1 2 3 0 2 1 3 0 1 2 3 0 1 2 3 0 1 2 0 3 1 2 0 3 1 2 3 0 1 2 3 0 1 2 3 0 1 2 3 0 1 2 3 0 1 2 3 0 1 2 3 0 1 2 3 0 1 2 3 0 1 2 3 0 1 2 0 3 1 2 3 0 1 2 0 3 1 2 0 3 1 2 0 3 1 2 0 3 1 2 0 3 1 2 3 0 1 2 0 3 1 2 0 0 3 2 1 0 3 2 1 0 3 2 1 0 3 2 1 0 3 2 1 0 3 2 1 0 3 2 1 0 3 2 1 0 2 3 1 0 2 3 1 0 2 3 1 0 3 2 1 0 2 3 1 0 2 3 1 0 2 3 1 0 2 3 1 0 2 3 1 0 2 3 1 0 2 3 1 0 2 3 1 0 2 3 1 0 2 3 1 0 2 3 1 0 2 3 1 0 2 3 1 0 2 3 1 0 2 3 1 0 2 3 1 0 2 3 1 0 2 3 1 0 2 3 1 0 2 3 1 0 2 3 1 0 2 3 1 0 2 3 1 0 2 3 1 0 2 3 1 0 2 3 1 0 2 3 1 0 2 3 1 0 2 3 1 0 2 3 1 0 2 3 1 0 2 3 1 0 2 3 1 0 2 3 1 0 2 3 1 0 2 3 1 0 2 3 1 0 2 3 1 0 2 3 1 0 2 3 1 0 2 3 1 0 2 3 1 0 2 3 1 0 2 1 3 0 2 3 1 0 2 1 3 0 2 1 3 0 2 1 3 0 2 1 3 0 2 1 3 0 2 1 3 0 2 1 3 0 2 1 3 0 2 1 3 0 2 1 3 0 2 1 3 0 2 1 3 0 2 1 3 0 2 1 3 0 2 1 3 0 2 1 3 0 2 1 3 0 2 1 3 0 2 1 3 0 2 1 3 0 2 1 3 0 2 1 3 0 2 1 3 0 2 1 3 0 2 1 3 0 2 1 3 0 2 1 3 0 2 1 3 0 2 1 3 0 2 1 3 0 2 1 3 0 2 1 3 0 0 0 0 0 0 0 0 0 0 0 0 0 0 0 0 0 0 0 0 0 0 0 0 0 0 0 0 0 0 0 0 0 0 0 0 0 0 0 0 0 0 0 0 0 0 0 0 0 0 0 0 0 0 0 0 0 0 0 0 0 0 0 0 0 0 0 0 0 0 0 0 0 0 0 0 0 0 0 0 0 0 0 0 0 0 0 0 0 0 0 0 0 0 0 0 0 0 0 0 0 0 0 0 0 0 0 0 0 0 0 0 0 0 0 0 0 0 0 0 0 0 0 0 0 0 0 0 0 0 0 0 0 0 0 0 0 0 0 0 0 0 0 0 0 0 0 0 0 0 0 0 0 0 0 0 0 0 0 0 0 0 0 0 0 0 0 0 0 0 0 0 0 0 0 0 0 0 0 0 0 0 0 0 0 0 0 0 0 0 0 0 0 0 0 0 0 0 0 0 0 0 0 0 0 0 0 0 0 0 0 0 0 0 0 0 0 0 0 0 0 0 0 0 0 0 0 0 0 0 0 0 0 0 0 0 0 0 0 0 0 0 0 0 0 0 0 0 0 0 0 0 0 0 0 0 0 0 0 0 0 0 0 0 0 0 0 0 0 0 0 0 0 0 0 0 0 0 0 0 0 0 0 0 0 0 0 0 0 0 0 0 0 0 0 0 0 0 0 0 0 0 0 0 0 0 0 0 0 0 0 0 0 0 0 0 0 0 0 0 0 0 0 0 0 0 0 0 0 0 0 0 0 0 0 0 0 0 0 0 0 0 0 0 0 0 0 0 0 0 0 0 0 0 0 0 0 0 0 0 0 0 0 0 0 0 0 0 0 0 0 0 0 0 0 0 0 0 0 0 0 0 0 0 0 0 0 0 0 0 0 0 0 0 0 0 0 0 0 0 0 0 0 0 0 0 0 0 0 0 0 0 0 0 0 0 0 0 0 0 0 0 0 0 0 0 0 0 0 0 0 0 0 0 0 0 0 0 0 0 0 0 0 0 0 0 0 0 0 0 0 0 0 0 0 0 0 0 0 0 0 0 0 0 0 0 0 0 0 0 0 0 0 0 0 0 0 0 0 0 0 0 0 0 0 0 0 0 0 0 0 0 0 0 0 0 0 0 0 0 0 0 0 0 0 0 0 0 0 0 0 0 0 0 0 0 0 0 0 0 0 0 0 0 0 0 0 0 0 0 0 0 0 0 0 0 0 0 0 0 0 0 0 0 0 0 0 0 0 0 0 0 0 0 0 0 0 0 0 0 0 0 0 0 0 0 0 0 0 0 0 0 0 0 0 0 0 0 0 0 0 0 0 0 0 0 0 0 0 0 0 0 0 0 0 0 0 0 0 0 0 0 0 0 0 0 0 0 0 0 0 0 0 0 0 0 0 0 0 0 0 0 0 0 0 0 0 0 0 0 0 0 0 0 0 0 0 0 0 0 0 0 0 0 0 0 0 0 0 0 0 0 0 0 0 0 0 0 0 0 0 0 0 0 0 0 0 0 0 0 0 0 0 0 0 0 0 0 0 0 0 0 0 0 0 0 0 0 0 0 0 0 0 0 0 0 0 0 0 0 0 0 0 0 0 0 0 0 0 0 0 0 0 0 0 0 0 0 0 0 0 0 0 0 0 0 0 0 0 0 0 0 0 0 0 0 0 0 0 0 0 0 0 0 0 0 0 0 0 0 0 0 0 0 0 0 0 0 0 0 0 0 0 0 0 0 0 0 0 0 0 0 0 0 0 0 0 0 0 0 0 0 0 0 0 0 0 0 0 0 0 0 0 0 0 0 0 0 0 0 0 0 0 0 0 0 0 0 0 0 0 0 0 0 0 0 0 0 0 0 0 0 0 0 0 0 0 0 0 0 0 0 0 0 0 0 0 0 0 0 0 0 0 0 0 0 0 0 0 0 0 0 0 0 0 0 0 0 0 0 0 0 0 0 0 0 0 0 0 0 0 0 0 0 0 0 0 0 0 0 0 0 0 0 0 0 0 0 0 0 0 0 0 0 0 0 0 0 0 0 0 0 0 0 0 0 0 0 0 0 0 0 0 0 0 0 0 0 0 0 0 0 0 0 0 0 0 0 0 0 0 0 0 0 0 0 0 0 0 0 0 0 0 0 0 0 0 0 0 0 0 0 0 0 0 0 0 0 0 0 0 0 0 0 0 0 0 0 0 0 0 0 0 0 0 0 0 0 0 0 0 0 0 0 0 0 0 0 0 0 0 0 0 0 0 0 0 0 0 0 0 0 0 0 0 0 0 0 0 0 0 0 0 0 0 0 0 0 0 0 0 0 0 0 0 0 0 0 0 0 0 0 0 0 0 0 0 0 0 0 0 0 0 0 0 0 0 0 0 0 0 0 0 0 0 0 0 0 0 0 0 0 0 0 0 0 0 0 0 0 0 0 0 0 0 0 0 0 0 0 0 0 0 0 0 0 0 0 0 0 0 0 0 3 0 0 0 3 0 0 0 3 0 0 0 3 0 0 0 3 0 0 0 3 0 0 0 3 0 0 0 3 0 0 0 3 0 0 0 3 0 0 0 3 0 0 0 3 0 0 0 3 0 0 0 3 0 0 0 3 0 0 0 3 0 0 0 3 0 0 0 3 0 0 0 3 0 0 0 3 0 0 0 3 0 0 0 3 0 0 0 3 0 0 0 3 0 0 0 3 0 0 0 3 0 0 0 3 0 0 0 3 0 0 0 3 0 0 0 3 0 0 0 3 0 0 0 3 0 0 0 3 0 0 0 3 0 0 0 3 0 0 0 3 0 0 0 3 0 0 0 3 0 0 0 3 0 0 0 3 0 0 0 3 0 0 0 3 0 0 0 3 0 0 0 3 0 0 0 3 0 0 0 3 0 0 0 3 0 0 0 3 0 0 0 3 0 0 0 3 0 0 0 3 0 0 0 3 0 0 0 3 0 0 0 3 0 0 0 3 0 0 0 3 0 0 0 3 0 0 0 3 0 0 0 3 0 0 0 3 0 0 0 3 0 0 0 3 0 0 0 3 0 0 0 3 0 0 0 3 0 0 0 3 0 0 0 3 0 0 0 3 0 0 0 3 0 0 0 3 0 0 0 3 0 0 0 3 0 0 0 3 0 0 0 3 0 0 0 3 0 0 0 3 0 0 0 3 0 0 0 3 0 0 0 3 0 0 0 3 0 0 0 3 0 0 0 3 0 0 0 3 0 0 0 3 0 0 0 3 0 0 0 3 0 0 0 3 7 0 0 3 0 0 0 3 7 0 0 3 7 0 0 3 0 0 0 3 7 0 0 3 7 0 0 3 0 0 0 3 0 0 0 3 0 0 0 3 0 0 0 3 0 0 0 3 0 0 0 3 0 0 0 3 0 0 0 3 0 0 0 3 0 0 0 3 0 0 0 3 0 0 0 3 0 0 0 3 0 0 0 3 0 0 0 3 0 0 0 3 0 0 0 3 0 0 0 3 0 0 0 3 0 0 0 3 0 0 0 3 0 0 0 3 0 0 0 3 0 0 0 3 0 0 0 3 0 0 0 3 0 0 0 3 0 0 0 3 0 0 0 3 0 0 0 3 0 0 0 3 0 0 0 3 0 0 0 3 0 0 0 3 0 0 0 3 0 0 0 3 0 0 0 3 0 0 0 3 0 0 0 3 0 0 0 3 0 0 0 3 0 0 0 3 7 0 0 3 0 0 0 3 0 0 0 3 0 0 0 3 0 0 0 3 0 0 0 3 0 0 0 3 0 0 0 3 0 0 0 3 0 0 0 3 0 0 0 3 0 0 0 3 0 0 0 3 0 0 0 3 0 0 0 3 0 0 0 3 0 0 0 3 0 0 0 3 0 0 0 3 0 0 0 3 0 0 0 3 0 0 0 3 0 0 0 3 0 0 0 3 31 0 0 3 0 0 0 3 0 0 0 3 0 0 0 3 0 0 0 3 0 0 0 3 0 0 0 3 0 0 0 3 0 0 0 3 0 0 0 3 0 0 0 3 0 0 0 3 0 0 0 3 0 0 0 3 0 0 0 3 0 0 0 3 0 0 0 3 0 0 0 3 0 0 0 3 31 0 0 3 0 0 0 3 31 0 0 3 31 0 0 3 31 0 0 3 0 0 0 3 31 0 0 5 4 0 0 5 4 0 0 5 4 0 0 5 4 0 0 5 4 0 0 5 4 0 0 5 0 0 0 5 0 0 0 5 0 0 0 5 0 0 0 5 0 0 0 5 0 0 0 5 0 0 0 5 0 0 0 5 0 0 0 5 0 0 0 5 0 0 0 5 0 0 0 5 0 0 0 5 0 0 0 5 0 0 0 5 0 0 0 5 0 0 0 5 0 0 0 5 0 0 0 5 0 0 0 5 0 0 0 5 0 0 0 5 0 0 0 5 0 0 0 5 4 0 0 5 4 0 0 5 4 0 0 5 4 0 0 5 4 0 0 5 4 0 0 5 0 0 0 5 0 0 0 5 0 0 0 5 0 0 0 5 0 0 0 5 0 0 0 5 0 0 0 5 0 0 0 5 0 0 0 5 0 0 0 5 0 0 0 5 0 0 0 5 0 0 0 5 0 0 0 5 0 0 0 5 0 0 0 5 0 0 0 5 0 0 0 5 0 0 0 5 0 0 0 5 0 0 0 5 0 0 0 5 0 0 0 5 0 0 0 5 0 0 0 5 0 0 0 5 0 0 0 5 0 0 0 5 0 0 0 5 0 0 0 5 0 0 0 5 0 0 0 5 0 0 0 5 0 0 0 5 0 0 0 5 0 0 0 5 0 0 0 5 0 0 0 5 0 0 0 5 0 0 0 5 0 0 0 5 0 0 0 5 0 0 0 5 0 0 0 5 0 0 0 5 0 0 0 5 0 0 0 5 0 0 0 5 0 0 0 5 0 0 0 5 0 0 0 5 0 0 0 5 0 0 0 5 0 0 0 5 0 0 0 5 0 0 0 5 0 0 0 5 0 0 0 5 0 0 0 5 0 0 0 5 0 0 0 5 0 0 0 5 0 0 0 5 0 0 0 5 0 0 0 5 0 0 0 5 0 0 0 5 0 0 0 5 0 0 0 5 0 0 0 5 0 0 0 5 0 0 0 5 0 0 0 5 0 0 0 5 0 0 0 5 0 0 0 5 0 0 0 5 0 0 0 5 0 0 0 5 0 0 0 5 0 0 0 5 0 0 0 5 0 0 0 5 0 0 0 5 0 0 0 5 0 0 0 5 0 0 0 5 0 0 0 5 0 0 0 5 0 0 0 5 0 0 0 5 0 0 0 5 0 0 0 5 0 0 0 5 0 0 0 5 0 0 0 5 0 0 0 5 0 0 0 5 0 0 0 5 0 0 0 5 0 0 0 5 0 0 0 5 0 0 0 5 0 0 0 5 0 0 0 5 0 0 0 5 0 0 0 5 0 0 0 5 0 0 0 5 0 0 0 5 0 0 0 5 0 0 0 5 0 0 0 5 0 0 0 5 0 0 0 5 0 0 0 5 0 0 0 5 0 0 0 5 0 0 0 5 0 0 0 5 0 0 0 5 0 0 0 5 0 0 0 5 0 0 0 5 0 0 0 5 0 0 0 5 0 0 0 5 0 0 0 5 0 0 0 5 0 0 0 5 0 0 0 5 0 0 0 5 0 0 0 5 0 0 0 5 0 0 0 5 0 0 0 5 0 0 0 5 0 0 0 5 0 0 0 5 0 0 0 5 0 0 0 5 0 0 0 5 0 0 0 5 0 0 0 5 0 0 0 5 0 0 0 5 0 0 0 5 0 0 0 5 0 0 0 5 0 0 0 5 0 0 0 5 0 0 0 5 0 0 0 5 0 0 0 5 0 0 0 5 0 0 0 5 0 0 0 5 0 0 0 5 0 0 0 5 0 0 0 5 0 0 0 5 0 0 0 5 0 0 0 5 0 0 0 5 0 0 0 5 0 0 0 5 0 0 0 5 0 0 0 5 0 0 0 5 0 0 0 5 0 0 0 5 0 0 0 5 0 0 0 5 0 0 0 5 0 0 0 5 0 0 0 5 0 0 0 5 0 0 0 5 0 0 0 5 0 0 0 5 0 0 0 5 0 0 0 5 0 0 0 5 0 0 0 5 0 0 0 5 0 0 0 5 0 0 0 5 0 0 0 5 0 0 0 5 0 0 0 5 0 0 0 5 0 0 0 5 0 0 0 5 0 0 0 5 0 0 0 5 0 0 0 5 0 0 0 5 0 0 0 5 0 0 0 5 0 0 0 5 0 0 0 5 0 0 0 5 0 0 0 5 0 0 0 5 0 0 0 5 0 0 0 5 0 0 0 5 0 0 0 5 0 0 0 5 0 0 0 5 0 0 0 5 0 0 0 5 0 0 0 5 0 0 0 5 0 0 0 5 0 0 0 5 0 0 0 5 0 0 0 5 0 0 0 5 0 0 0 5 0 0 0 5 0 0 0 5 0 0 0 5 0 0 0 5 0 0 0 5 0 0 0 5 0 0 0 5 0 0 0 5 0 0 0 5 0 0 0 5 0 0 0 5 0 0 0 5 0 0 0 5 0 0 0 5 0 0 0 5 0 0 0 5 0 0 0 5 0 0 0 5 0 0 0 5 0 0 0 5 0 0 0 5 0 0 0 5 0 0 0 5 0 0 0 5 0 0 0 5 0 0 0 5 0 0 0 5 0 0 0 5 0 0 0 5 0 0 0 5 0 0 0 5 0 0 0 5 0 0 0 5 0 0 0 5 0 0 0 5 0 0 0 5 0 0 0 5 0 0 0 5 0 0 0 5 0 0 0 5 0 0 0 5 0 0 0 5 0 0 0 5 0 0 0 5 0 0 0 5 0 0 0 5 0 0 0 5 0 0 0 5 0 0 0 5 0 0 0 5 0 0 0 5 0 0 0 5 0 0 0 5 0 0 0 5 0 0 0 5 0 0 0 5 0 0 0 5 0 0 0 5 0 0 0 5 0 0 0 5 0 0 0 5 0 0 0 5 0 0 0 5 0 0 0 5 0 0 0 5 0 0 0 5 0 0 0 5 0 0 0 5 0 0 0 5 0 0 0 5 0 0 0 5 0 0 0 5 0 0 0 5 0 0 0 5 0 0 0 5 0 0 0 5 0 0 0 5 0 0 0 5 0 0 0 5 0 0 0 5 0 0 0 5 0 0 0 5 0 0 0 5 0 0 0 5 0 0 0 5 0 0 0 5 0 0 0 5 0 0 0 5 0 0 0 5 0 0 0 5 0 0 0 5 0 0 0 5 0 0 0 5 0 0 0 5 0 0 0 5 0 0 0 5 0 0 0 5 0 0 0 5 0 0 0 5 0 0 0 5 0 0 0 5 0 0 0 5 0 0 0 5 0 0 0 5 0 0 0 5 0 0 0 5 0 0 0 5 0 0 0 5 0 0 0 5 0 0 0 5 0 0 0 5 0 0 0 5 0 0 0 5 0 0 0 5 0 0 0 5 4 0 0 5 4 0 0 5 4 0 0 5 4 0 0 5 4 0 0 5 4 0 0 5 4 0 0 5 4 0 0 5 4 0 0 5 4 0 0 5 4 0 0 5 4 0 0 5 4 0 0 5 4 0 0 5 4 0 0 5 4 0 0 5 4 0 0 5 4 0 0 5 4 0 0 5 4 0 0 5 4 0 0 5 4 0 0 5 4 0 0 5 4 0 0 5 4 0 0 5 4 0 0 5 4 0 0 5 4 0 0 5 4 0 0 5 4 0 0 5 4 0 0 5 4 0 0 5 4 0 0 5 4 0 0 5 4 0 0 5 4 0 0 5 4 0 0 5 4 0 0 5 4 0 0 5 4 0 0 5 4 0 0 5 4 0 0 5 4 0 0 5 4 0 0 5 4 0 0 5 4 0 0 5 4 0 0 5 4 0 0 5 4 0 0 5 4 0 0 5 4 0 0 5 4 0 0 5 4 0 0 5 4 0 0 5 4 0 0 5 4 0 0 5 4 0 0 5 4 0 0 5 4 0 0 5 4 0 0 5 4 0 0 5 4 0 0 5 4 0 0 5 4 0 0 5 4 0 0 5 4 0 0 5 4 0 0 5 4 0 0 5 4 0 0 5 4 0 0 5 4 0 0 5 4 0 0 5 4 0 0 5 4 0 0 5 4 0 0 5 4 0 0 5 0 0 0 5 0 0 0 5 0 0 0 5 0 0 0 5 0 0 0 5 0 0 0 5 0 0 0 5 0 0 0 5 0 0 0 5 0 0 0 5 0 0 0 5 0 0 0 5 4 0 0 5 4 0 0 5 4 0 0 5 4 0 0 5 4 0 0 5 4 0 0 5 4 0 0 5 4 0 0 5 4 0 0 5 4 0 0 5 4 0 0 5 4 0 0 5 4 0 0 5 4 0 0 5 4 0 0 5 4 0 0 5 4 0 0 5 4 0 0 5 4 0 0 5 4 0 0 5 4 0 0 5 4 0 0 5 4 0 0 5 4 0 0 5 4 0 0 5 4 0 0 5 4 0 0 5 4 0 0 5 4 0 0 5 4 0 0 5 4 0 0 5 4 0 0 5 4 0 0 5 4 0 0 5 4 0 0 5 4 0 0 5 0 0 0 5 0 0 0 5 0 0 0 5 0 0 0 5 0 0 0 5 0 0 0 5 4 0 0 5 4 0 0 5 4 0 0 5 4 0 0 5 4 0 0 5 4 0 0 5 4 0 0 5 4 0 0 5 4 0 0 5 4 0 0 5 4 0 0 5 4 0 0 5 4 0 0 5 0 0 0 5 0 0 0 5 0 0 0 5 0 0 0 5 0 0 0 5 0 0 0 5 0 0 0 5 0 0 0 5 0 0 0 5 0 0 0 5 0 0 0 5 0 0 0 5 4 0 0 5 4 0 0 5 4 0 0 5 4 0 0 5 4 0 0 5 4 0 0 5 4 0 0 5 4 0 0 5 4 0 0 5 4 0 0 5 4 0 0 5 4 0 0 5 4 0 0 5 4 0 0 5 4 0 0 5 4 0 0 5 4 0 0 5 4 0 0 5 4 0 0 5 4 0 0 5 4 0 0 5 4 0 0 5 4 0 0 5 4 0 0 5 4 0 0 5 4 0 0 5 4 0 0 5 4 0 0 5 4 0 0 5 4 0 0 5 4 0 0 5 4 0 0 5 4 0 0 5 4 0 0 5 4 0 0 5 4 0 0 5 0 0 0 5 0 0 0 5 0 0 0 5 0 0 0 5 0 0 0 5 0 0 0 5 4 0 0 5 4 0 0 5 4 0 0 5 4 0 0 5 4 0 0 5 4 0 0 5 4 0 0 5 4 0 0 5 4 0 0 5 4 0 0 5 4 0 0 5 4 0 0 5 4 0 0 5 0 0 0 5 0 0 0 5 0 0 0 5 0 0 0 5 0 0 0 5 0 0 0 5 0 0 0 5 0 0 0 5 0 0 0 5 0 0 0 5 0 0 0 5 0 0 0 5 0 0 0 5 0 0 0 5 0 0 0 5 0 0 0 5 0 0 0 5 0 0 0 5 0 0 0 5 0 0 0 5 0 0 0 5 0 0 0 5 0 0 0 5 0 0 0 5 0 0 0 5 0 0 0 5 0 0 0 5 0 0 0 5 0 0 0 5 0 0 0 5 0 0 0 5 0 0 0 5 0 0 0 5 0 0 0 5 0 0 0 5 0 0 0 5 0 0 0 5 0 0 0 5 0 0 0 5 0 0 0 5 0 0 0 5 0 0 0 5 0 0 0 5 0 0 0 5 0 0 0 5 0 0 0 5 0 0 0 5 0 0 0 5 0 0 0 5 0 0 0 5 0 0 0 5 0 0 0 5 0 0 0 5 0 0 0 5 0 0 0 5 0 0 0 5 0 0 0 5 0 0 0 5 0 0 0 5 0 0 0 5 0 0 0 5 0 0 0 5 0 0 0 5 0 0 0 5 0 0 0 5 0 0 0 5 0 0 0 5 0 0 0 5 0 0 0 5 0 0 0 5 0 0 0 5 0 0 0 5 0 0 0 5 0 0 0 5 0 0 0 5 0 0 0 5 0 0 0 5 0 0 0 5 0 0 0 5 0 0 0 5 0 0 0 5 0 0 0 5 0 0 0 5 0 0 0 5 0 0 0 5 0 0 0 5 0 0 0 5 0 0 0 5 0 0 0 5 0 0 0 5 0 0 0 5 0 0 0 5 0 0 0 5 0 0 0 5 0 0 0 5 0 0 0 5 0 0 0 5 0 0 0 5 0 0 0 5 0 0 0 5 0 0 0 5 0 0 0 5 0 0 0 5 0 0 0 5 0 0 0 5 0 0 0 5 0 0 0 5 0 0 0 5 0 0 0 5 0 0 0 5 0 0 0 5 0 0 0 5 0 0 0 5 0 0 0 5 0 0 0 5 0 0 0 5 0 0 0 5 0 0 0 5 0 0 0 5 0 0 0 5 0 0 0 5 0 0 0 5 0 0 0 5 0 0 0 5 0 0 0 5 0 0 0 5 0 0 0 5 0 0 0 5 0 0 0 5 0 0 0 5 0 0 0 5 0 0 0 5 0 0 0 5 0 0 0 5 0 0 0 5 0 0 0 5 0 0 0 5 0 0 0 5 0 0 0 5 0 0 0 5 0 0 0 5 0 0 0 5 0 0 0 5 0 0 0 5 0 0 0 5 0 0 0 5 0 0 0 5 0 0 0 5 0 0 0 5 0 0 0 5 0 0 0 5 0 0 0 5 0 0 0 5 0 0 0 5 0 0 0 5 0 0 0 5 0 0 0 5 0 0 0 5 0 0 0 5 0 0 0 5 0 0 0 5 0 0 0 5 0 0 0 5 0 0 0 5 0 0 0 5 0 0 0 5 0 0 0 5 0 0 0 5 0 0 0 5 0 0 0 5 0 0 0 5 0 0 0 5 0 0 0 5 0 0 0 5 0 0 0 5 0 0 0 5 0 0 0 5 0 0 0 5 0 0 0 5 0 0 0 5 0 0 0 5 0 0 0 5 0 0 0 5 0 0 0 5 0 0 0 5 0 0 0 5 0 0 0 5 0 0 0 5 0 0 0 5 0 0 0 5 0 0 0 5 0 0 0 5 0 0 0 5 0 0 0 5 0 0 0 5 0 0 0 5 0 0 0 5 0 0 0 5 0 0 0 5 0 0 0 5 0 0 0 5 0 0 0 5 0 0 0 5 0 0 0 5 0 0 0 5 0 0 0 5 0 0 0 5 0 0 0 5 0 0 0 5 0 0 0 5 0 0 0 5 0 0 0 5 0 0 0 5 0 0 0 5 0 0 0 5 0 0 0 5 0 0 0 5 0 0 0 5 0 0 0 5 0 0 0 5 0 0 0 5 0 0 0 5 0 0 0 5 0 0 0 5 0 0 0 5 0 0 0 5 0 0 0 5 0 0 0 5 0 0 0 5 0 0 0 5 0 0 0 5 0 0 0 5 0 0 0 5 0 0 0 5 0 0 0 5 0 0 0 5 0 0 0 5 0 0 0 5 0 0 0 5 0 0 0 5 0 0 0 5 0 0 0 5 0 0 0 5 0 0 0 5 0 0 0 5 0 0 0 5 0 0 0 5 0 0 0 5 0 0 0 5 0 0 0 5 0 0 0 5 0 0 0 5 0 0 0 5 0 0 0 5 0 0 0 5 0 0 0 5 0 0 0 5 0 0 0 5 0 0 0 5 0 0 0 5 0 0 0 5 0 0 0 5 0 0 0 5 0 0 0 5 0 0 0 5 0 0 0 5 0 0 0 5 0 0 0 5 0 0 0 5 0 0 0 5 0 0 0 5 0 0 0 5 0 0 0 5 0 0 0 5 0 0 0 5 0 0 0 5 0 0 0 5 0 0 0 5 0 0 0 5 0 0 0 5 0 0 0 5 0 0 0 5 0 0 0 5 0 0 0 5 0 0 0 5 0 0 0 5 0 0 0 5 0 0 0 5 0 0 0 5 0 0 0 5 0 0 0 5 0 0 0 5 0 0 0 5 0 0 0 5 0 0 0 5 0 0 0 5 0 0 0 5 0 0 0 5 0 0 0 5 0 0 0 5 0 0 0 5 0 0 0 5 0 0 0 5 0 0 0 5 0 0 0 5 0 0 0 5 0 0 0 5 0 0 0 5 0 0 0 5 0 0 0 5 0 0 0 5 0 0 0 5 0 0 0 5 0 0 0 5 0 0 0 5 0 0 0 5 0 0 0 5 0 0 0 5 0 0 0 5 0 0 0 5 0 0 0 5 0 0 0 5 0 0 0 5 0 0 0 5 0 0 0 5 0 0 0 5 0 0 0 5 0 0 0 5 0 0 0 5 0 0 0 5 0 0 0 5 0 0 0 5 0 0 0 5 0 0 0 5 0 0 0 5 0 0 0 5 0 0 0 5 0 0 0 5 0 0 0 5 0 0 0 5 0 0 0 5 0 0 0 5 0 0 0 5 0 0 0 5 0 0 0 5 0 0 0 5 0 0 0 5 0 0 0 5 0 0 0 5 0 0 0 5 0 0 0 5 0 0 0 5 0 0 0 5 0 0 0 5 0 0 0 5 0 0 0 5 0 0 0 5 0 0 0 5 0 0 0 5 0 0 0 5 0 0 0 5 0 0 0 5 0 0 0 5 0 0 0 5 0 0 0 5 0 0 0 5 0 0 0 5 0 0 0 5 0 0 0 5 0 0 0 5 0 0 0 5 0 0 0 5 0 0 0 5 0 0 0 5 0 0 0 5 0 0 0 5 0 0 0 5 0 0 0 5 0 0 0 5 0 0 0 5 0 0 0 5 0 0 0 5 0 0 0 5 0 0 0 5 0 0 0 5 0 0 0 5 0 0 0 5 0 0 0 5 0 0 0 5 0 0 0 5 0 0 0 5 0 0 0 5 0 0 0 5 0 0 0 5 0 0 0 5 0 0 0 5 0 0 0 5 0 0 0 5 0 0 0 5 0 0 0 5 0 0 0 5 0 0 0 5 0 0 0 5 0 0 0 5 0 0 0 5 0 0 0 5 0 0 0 5 0 0 0 5 0 0 0 5 0 0 0 5 0 0 0 5 0 0 0 5 0 0 0 5 0 0 0 5 0 0 0 5 0 0 0 5 0 0 0 5 0 0 0 5 0 0 0 5 0 0 0 5 0 0 0 5 0 0 0 5 0 0 0 5 0 0 0 5 0 0 0 5 0 0 0 5 0 0 0 5 0 0 0 5 0 0 0 5 0 0 0 5 0 0 0 5 0 0 0 5 0 0 0 5 0 0 0 5 0 0 0 5 0 0 0 5 0 0 0 5 0 0 0 5 0 0 0 5 0 0 0 5 0 0 0 5 0 0 0 5 0 0 0 5 0 0 0 5 0 0 0 5 0 0 0 5 0 0 0 5 0 0 0 5 0 0 0 5 0 0 0 5 0 0 0 5 0 0 0 5 0 0 0 5 0 0 0 5 0 0 0 5 0 0 0 5 0 0 0 5 0 0 0 5 0 0 0 5 0 0 0 5 0 0 0 5 0 0 0 5 0 0 0 5 0 0 0 5 0 0 0 5 0 0 0 5 0 0 0 5 0 0 0 5 0 0 0 5 0 0 0 5 0 0 0 5 0 0 0 5 0 0 0 5 0 0 0 5 0 0 0 5 0 0 0 5 0 0 0 5 0 0 0 5 0 0 0 5 0 0 0 5 0 0 0 5 0 0 0 5 0 0 0 5 0 0 0 5 0 0 0 5 0 0 0 5 0 0 0 5 0 0 0 5 0 0 0 5 0 0 0 5 0 0 0 5 0 0 0 5 0 0 0 5 0 0 0 5 0 0 0 5 0 0 0 5 0 0 0 5 0 0 0 5 0 0 0 5 0 0 0 5 0 0 0 5 0 0 0 5 0 0 0 5 0 0 0 5 0 0 0 5 0 0 0 5 0 0 0 5 0 0 0 5 0 0 0 5 0 0 0 5 0 0 0 5 0 0 0 5 0 0 0 5 0 0 0 5 0 0 0 5 0 0 0 5 0 0 0 5 0 0 0 5 0 0 0 5 0 0 0 5 0 0 0 5 0 0 0 5 0 0 0 5 0 0 0 5 0 0 0 5 0 0 0 5 0 0 0 5 0 0 0 5 0 0 0 5 0 0 0 5 0 0 0 5 0 0 0 5 0 0 0 5 0 0 0 5 0 0 0 5 0 0 0 5 0 0 0 5 0 0 0 5 0 0 0 5 0 0 0 5 0 0 0 5 0 0 0 5 0 0 0 5 0 0 0 5 0 0 0 5 0 0 0 5 0 0 0 5 0 0 0 5 0 0 0 5 0 0 0 5 0 0 0 5 0 0 0 5 0 0 0 5 0 0 0 5 0 0 0 5 0 0 0 5 0 0 0 5 0 0 0 5 0 0 0 5 0 0 0 5 0 0 0 5 0 0 0 5 0 0 0 5 0 0 0 5 0 0 0 5 0 0 0 5 0 0 0 5 0 0 0 5 0 0 0 5 0 0 0 5 0 0 0 5 0 0 0 5 0 0 0 5 0 0 0 5 0 0 0 5 0 0 0 5 0 0 0 5 0 0 0 5 0 0 0 5 0 0 0 5 0 0 0 5 0 0 0 5 0 0 0 5 0 0 0 5 0 0 0 5 0 0 0 5 0 0 0 5 0 0 0 5 0 0 0 5 0 0 0 5 0 0 0 5 0 0 0 5 0 0 0 5 0 0 0 5 0 0 0 5 0 0 0 5 0 0 0 5 0 0 0 5 0 0 0 5 0 0 0 5 0 0 0 5 0 0 0 5 0 0 0 5 0 0 0 5 0 0 0 5 0 0 0 5 0 0 0 5 0 0 0 5 0 0 0 5 0 0 0 5 0 0 0 5 0 0 0 5 0 0 0 5 0 0 0 5 0 0 0 5 0 0 0 5 0 0 0 5 0 0 0 5 0 0 0 5 0 0 0 5 0 0 0 5 0 0 0 5 0 0 0 5 0 0 0 5 0 0 0 5 0 0 0 5 0 0 0 5 0 0 0 5 0 0 0 5 0 0 0 5 0 0 0 5 0 0 0 5 0 0 0 5 0 0 0 5 0 0 0 5 0 0 0 5 0 0 0 5 0 0 0 5 0 0 0 5 0 0 0 5 0 0 0 5 0 0 0 5 0 0 0 5 0 0 0 5 0 0 0 5 0 0 0 5 0 0 0 5 0 0 0 5 0 0 0 5 0 0 0 5 0 0 0 5 0 0 0 5 0 0 0 5 0 0 0 5 0 0 0 5 0 0 0 5 0 0 0 5 0 0 0 5 0 0 0 5 0 0 0 5 0 0 0 5 0 0 0 5 0 0 0 5 0 0 0 5 0 0 0 5 0 0 0 5 0 0 0 5 0 0 0 5 0 0 0 5 0 0 0 5 0 0 0 5 0 0 0 5 0 0 0 5 0 0 0 5 0 0 0 5 0 0 0 5 0 0 0 5 0 0 0 5 0 0 0 5 0 0 0 5 0 0 0 5 0 0 0 5 0 0 0 5 0 0 0 5 0 0 0 5 0 0 0 5 0 0 0 5 0 0 0 5 0 0 0 5 0 0 0 5 0 0 0 5 0 0 0 5 0 0 0 5 0 0 0 5 0 0 0 5 0 0 0 5 0 0 0 5 0 0 0 5 0 0 0 5 0 0 0 5 0 0 0 5 0 0 0 5 0 0 0 5 0 0 0 5 0 0 0 5 0 0 0 5 0 0 0 5 0 0 0 5 0 0 0 5 0 0 0 5 0 0 0 5 0 0 0 5 0 0 0 5 0 0 0 5 0 0 0 5 0 0 0 5 0 0 0 5 0 0 0 5 0 0 0 5 0 0 0 5 0 0 0 5 0 0 0 5 0 0 0 5 0 0 0 5 0 0 0 5 0 0 0 5 0 0 0 5 0 0 0 5 0 0 0 5 0 0 0 5 0 0 0 5 0 0 0 5 0 0 0 5 0 0 0 5 0 0 0 5 0 0 0 5 0 0 0 5 0 0 0 5 0 0 0 5 0 0 0 5 0 0 0 5 0 0 0 5 0 0 0 5 0 0 0 5 0 0 0 5 0 0 0 5 0 0 0 5 0 0 0 5 0 0 0 5 0 0 0 5 0 0 0 5 0 0 0 5 0 0 0 5 0 0 0 5 0 0 0 5 0 0 0 5 0 0 0 5 0 0 0 5 0 0 0 5 0 0 0 5 0 0 0 5 0 0 0 5 0 0 0 5 0 0 0 5 0 0 0 5 0 0 0 5 0 0 0 5 0 0 0 5 0 0 0 5 0 0 0 5 0 0 0 5 0 0 0 5 0 0 0 5 0 0 0 5 0 0 0 5 0 0 0 5 0 0 0 5 0 0 0 5 0 0 0 5 0 0 0 5 0 0 0 5 0 0 0 5 0 0 0 5 0 0 0 5 0 0 0 5 0 0 0 5 0 0 0 5 0 0 0 5 0 0 0 5 0 0 0 5 0 0 0 5 0 0 0 5 0 0 0 5 0 0 0 5 0 0 0 5 0 0 0 5 0 0 0 5 0 0 0 5 0 0 0 5 0 0 0 5 0 0 0 5 0 0 0 5 0 0 0 5 0 0 0 5 0 0 0 5 0 0 0 5 0 0 0 5 0 0 0 5 0 0 0 5 0 0 0 5 0 0 0 5 0 0 0 5 0 0 0 5 0 0 0 5 0 0 0 5 0 0 0 5 0 0 0 5 0 0 0 5 0 0 0 5 0 0 0 5 0 0 0 5 0 0 0 5 0 0 0 5 0 0 0 5 0 0 0 5 0 0 0 5 0 0 0 5 0 0 0 5 0 0 0 5 0 0 0 5 0 0 0 5 0 0 0 5 0 0 0 5 0 0 0 5 0 0 0 5 0 0 0 5 0 0 0 5 0 0 0 5 0 0 0 5 0 0 0 5 0 0 0 5 0 0 0 5 0 0 0 5 0 0 0 5 0 0 0 5 0 0 0 5 0 0 0 5 0 0 0 5 0 0 0 5 0 0 0 5 0 0 0 5 0 0 0 5 0 0 0 5 0 0 0 5 0 0 0 5 0 0 0 5 0 0 0 5 0 0 0 5 0 0 0 5 0 0 0 5 0 0 0 5 0 0 0 5 0 0 0 5 0 0 0 5 0 0 0 5 0 0 0 5 0 0 0 5 0 0 0 5 0 0 0 5 0 0 0 5 0 0 0 5 0 0 0 5 0 0 0 5 0 0 0 5 0 0 0 5 0 0 0 5 0 0 0 5 0 0 0 5 0 0 0 5 0 0 0 5 0 0 0 5 0 0 0 5 0 0 0 5 0 0 0 5 0 0 0 5 0 0 0 5 0 0 0 5 0 0 0 5 0 0 0 5 0 0 0 5 0 0 0 5 0 0 0 5 0 0 0 5 0 0 0 5 0 0 0 5 0 0 0 5 0 0 0 5 0 0 0 5 0 0 0 5 0 0 0 5 0 0 0 5 0 0 0 5 0 0 0 5 0 0 0 5 0 0 0 5 0 0 0 5 0 0 0 5 0 0 0 5 0 0 0 5 0 0 0 5 0 0 0 5 0 0 0 5 0 0 0 5 0 0 0 5 0 0 0 5 0 0 0 5 0 0 0 5 0 0 0 5 0 0 0 5 0 0 0 5 0 0 0 5 0 0 0 5 0 0 0 5 0 0 0 5 0 0 0 5 0 0 0 5 0 0 0 5 0 0 0 5 0 0 0 5 0 0 0 5 0 0 0 5 0 0 0 5 0 0 0 5 0 0 0 5 0 0 0 5 0 0 0 5 0 0 0 5 0 0 0 5 0 0 0 5 0 0 0 5 0 0 0 5 0 0 0 5 0 0 0 5 0 0 0 5 0 0 0 5 0 0 0 5 0 0 0 5 0 0 0 5 0 0 0 5 0 0 0 5 0 0 0 5 0 0 0 5 0 0 0 5 0 0 0 5 0 0 0 5 0 0 0 5 0 0 0 5 0 0 0 5 0 0 0 5 0 0 0 5 0 0 0 5 0 0 0 5 0 0 0 5 0 0 0 5 0 0 0 5 0 0 0 5 0 0 0 5 0 0 0 5 0 0 0 5 0 0 0 5 0 0 0 5 0 0 0 5 0 0 0 5 0 0 0 5 0 0 0 5 0 0 0 5 0 0 0 5 0 0 0 5 0 0 0 5 0 0 0 5 0 0 0 5 0 0 0 5 0 0 0 5 0 0 0 5 0 0 0 5 0 0 0 5 0 0 0 5 0 0 0 5 0 0 0 5 0 0 0 5 0 0 0 5 0 0 0 5 0 0 0 5 0 0 0 5 0 0 0 5 0 0 0 5 0 0 0 5 0 0 0 5 0 0 0 5 0 0 0 5 0 0 0 5 0 0 0 5 0 0 0 5 0 0 0 5 0 0 0 5 0 0 0 5 0 0 0 5 0 0 0 5 0 0 0 5 0 0 0 5 0 0 0 5 0 0 0 5 0 0 0 5 0 0 0 5 0 0 0 5 0 0 0 5 4 0 0 5 4 0 0 5 4 0 0 5 4 0 0 5 4 0 0 5 4 0 0 5 4 0 0 5 4 0 0 5 4 0 0 5 4 0 0 5 4 0 0 5 4 0 0 5 4 0 0 5 4 0 0 5 4 0 0 5 4 0 0 5 4 0 0 5 4 0 0 5 4 0 0 5 4 0 0 5 4 0 0 5 4 0 0 5 4 0 0 5 4 0 0 5 4 0 0 5 4 0 0 5 4 0 0 5 4 0 0 5 4 0 0 5 4 0 0 5 4 0 0 5 4 0 0 5 4 0 0 5 4 0 0 5 4 0 0 5 4 0 0 5 4 0 0 5 4 0 0 5 4 0 0 5 4 0 0 5 4 0 0 5 4 0 0 5 4 0 0 5 4 0 0 5 4 0 0 5 4 0 0 5 4 0 0 5 4 0 0 5 4 0 0 5 4 0 0 5 4 0 0 5 4 0 0 5 4 0 0 5 4 0 0 5 4 0 0 5 4 0 0 5 4 0 0 5 4 0 0 5 4 0 0 5 4 0 0 5 4 0 0 5 4 0 0 5 4 0 0 5 4 0 0 5 4 0 0 5 4 0 0 5 4 0 0 5 4 3 0 5 4 0 0 5 4 3 0 5 4 0 0 5 4 3 0 5 4 0 0 5 4 3 0 5 4 0 0 5 4 0 0 5 4 3 0 5 4 0 0 5 4 0 0 5 4 0 0 5 4 0 0 5 4 0 0 5 4 0 0 5 4 0 0 5 4 3 0 5 4 0 0 5 4 0 0 5 4 0 0 5 4 0 0 5 4 0 0 5 4 0 0 5 4 0 0 5 4 0 0 5 4 0 0 5 4 0 0 5 4 0 0 5 4 0 0 5 4 0 0 5 4 0 0 5 4 0 0 5 4 0 0 5 4 0 0 5 4 0 0 5 4 0 0 5 4 0 0 5 4 0 0 5 4 0 0 5 4 0 0 5 4 0 0 5 4 0 0 5 4 0 0 5 4 0 0 5 4 0 0 5 4 0 0 5 4 0 0 5 4 3 0 5 4 0 0 5 4 0 0 5 4 0 0 5 4 0 0 5 4 3 0 5 4 0 0 5 4 0 0 5 4 0 0 5 4 0 0 5 4 0 0 5 4 3 0 5 4 0 0 5 4 0 0 5 4 0 0 5 4 0 0 5 4 0 0 5 4 3 0 5 4 0 0 5 4 0 0 5 4 0 0 5 4 0 0 5 4 0 0 5 4 0 0 5 4 0 0 5 4 0 0 5 4 0 0 5 4 0 0 5 4 0 0 5 4 0 0 5 4 0 0 5 4 0 0 5 4 0 0 5 4 0 0 5 4 0 0 5 4 0 0 5 4 0 0 5 4 0 0 5 4 0 0 5 4 0 0 5 4 0 0 5 4 0 0 5 4 0 0 5 4 0 0 5 4 0 0 5 4 0 0 5 4 0 0 5 4 0 0 5 4 0 0 5 4 0 0 5 4 0 0 5 4 0 0 5 4 0 0 5 4 0 0 5 4 0 0 5 4 0 0 5 4 0 0 5 4 0 0 5 4 0 0 5 4 0 0 5 4 0 0 5 4 0 0 5 4 0 0 5 4 0 0 5 4 0 0 5 4 0 0 5 4 0 0 5 4 0 0 5 4 0 0 5 4 0 0 5 4 0 0 5 4 0 0 5 4 0 0 5 4 0 0 5 4 0 0 5 4 0 0 5 4 0 0 5 4 0 0 5 4 0 0 5 4 0 0 5 4 0 0 5 4 0 0 5 4 0 0 5 4 0 0 5 4 0 0 5 4 0 0 5 4 0 0 5 4 0 0 5 4 0 0 5 4 0 0 5 4 0 0 5 4 0 0 5 4 0 0 5 4 0 0 5 4 0 0 5 4 0 0 5 4 0 0 5 4 0 0 5 4 0 0 5 4 0 0 5 4 0 0 5 4 0 0 5 4 0 0 5 4 0 0 5 4 0 0 5 4 0 0 5 4 0 0 5 4 3 0 5 4 0 0 5 4 0 0 5 4 3 0 5 4 0 0 5 4 0 0 5 4 0 0 5 4 0 0 5 4 0 0 5 4 0 0 5 4 0 0 5 4 0 0 5 4 0 0 5 4 0 0 5 4 3 0 5 4 3 0 5 4 3 0 5 4 3 0 5 4 3 0 5 4 0 0 5 4 3 0 5 4 0 0 5 4 0 0 5 4 0 0 5 4 3 0 5 4 0 0 5 4 0 0 5 4 3 0 5 4 0 0 5 4 3 0 5 4 0 0 5 4 3 0 5 4 3 0 5 4 0 0 5 4 3 0 5 4 0 0 5 4 3 0 5 4 0 0 5 4 3 0 5 4 0 0 5 4 0 0 5 4 0 0 5 4 0 0 5 4 0 0 5 4 0 0 5 4 0 0 5 4 0 0 5 4 0 0 5 4 0 0 5 4 0 0 5 4 0 0 5 4 0 0 5 4 0 0 5 4 0 0 5 4 0 0 5 4 0 0 5 0 0 0 5 0 0 0 5 0 0 0 5 0 0 0 5 0 0 0 5 0 0 0 5 0 0 0 5 0 0 0 5 0 0 0 5 0 0 0 5 0 0 0 5 0 0 0 5 0 0 0 5 0 0 0 5 0 0 0 5 0 0 0 5 0 0 0 5 0 0 0 5 0 0 0 5 0 0 0 5 0 0 0 5 0 0 0 5 0 0 0 5 0 0 0 5 0 0 0 5 0 0 0 5 0 0 0 5 0 0 0 5 0 0 0 5 0 0 0 5 0 0 0 5 0 0 0 5 0 0 0 5 0 0 0 5 0 0 0 5 0 0 0 5 0 0 0 5 0 0 0 5 0 0 0 5 0 0 0 5 0 0 0 5 0 0 0 5 0 0 0 5 0 0 0 5 0 0 0 5 0 0 0 5 0 0 0 5 0 0 0 5 0 0 0 5 0 0 0 5 0 0 0 5 0 0 0 5 0 0 0 5 0 0 0 5 0 0 0 5 0 0 0 5 0 0 0 5 0 0 0 5 0 0 0 5 0 0 0 5 0 0 0 5 0 0 0 5 0 0 0 5 0 0 0 5 0 0 0 5 0 0 0 5 0 0 0 5 0 0 0 5 0 0 0 5 0 0 0 5 0 0 0 5 0 0 0 5 0 0 0 5 0 0 0 5 0 0 0 5 0 0 0 5 0 0 0 5 0 0 0 5 0 0 0 5 0 0 0 5 0 0 0 5 0 0 0 5 0 0 0 5 0 0 0 5 0 0 0 5 0 0 0 5 0 0 0 5 0 0 0 5 0 0 0 5 0 0 0 5 0 0 0 5 0 0 0 5 0 0 0 5 0 0 0 5 0 0 0 5 0 0 0 5 0 0 0 5 0 0 0 5 0 0 0 5 0 0 0 5 0 0 0 5 0 0 0 5 0 0 0 5 0 0 0 5 0 0 0 5 0 0 0 5 0 0 0 5 0 0 0 5 0 0 0 5 0 0 0 5 0 0 0 5 0 0 0 5 0 0 0 5 0 0 0 5 0 0 0 5 0 0 0 5 0 0 0 5 0 0 0 5 0 0 0 5 0 0 0 5 0 0 0 5 0 0 0 5 0 0 0 5 0 0 0 5 0 0 0 5 0 0 0 5 0 0 0 5 0 0 0 5 0 0 0 5 0 0 0 5 0 0 0 5 0 0 0 5 0 0 0 5 0 0 0 5 0 0 0 5 0 0 0 5 0 0 0 5 0 0 0 5 0 0 0 5 0 0 0 5 0 0 0 5 0 0 0 5 0 0 0 5 0 0 0 5 0 0 0 5 0 0 0 5 0 0 0 5 0 0 0 5 0 0 0 5 0 0 0 5 0 0 0 5 0 0 0 5 0 0 0 5 0 0 0 5 0 0 0 5 0 0 0 5 0 0 0 5 0 0 0 5 0 0 0 5 0 0 0 5 0 0 0 5 0 0 0 5 0 0 0 5 0 0 0 5 0 0 0 5 4 0 0 5 4 0 0 5 4 0 0 5 4 0 0 5 4 0 0 5 4 0 0 5 4 0 0 5 4 0 0 5 4 0 0 5 4 0 0 5 4 0 0 5 4 0 0 5 4 0 0 5 4 0 0 5 4 0 0 5 4 0 0 5 0 0 0 5 0 0 0 5 0 0 0 5 0 0 0 5 0 0 0 5 0 0 0 5 0 0 0 5 0 0 0 5 0 0 0 5 0 0 0 5 0 0 0 5 0 0 0 5 0 0 0 5 0 0 0 5 0 0 0 5 0 0 0 5 0 0 0 5 0 0 0 5 0 0 0 5 0 0 0 5 0 0 0 5 0 0 0 5 0 0 0 5 0 0 0 5 0 0 0 5 0 0 0 5 0 0 0 5 0 0 0 5 0 0 0 5 0 0 0 5 0 0 0 5 0 0 0 5 0 0 0 5 0 0 0 5 0 0 0 5 0 0 0 5 0 0 0 5 0 0 0 5 0 0 0 5 0 0 0 5 0 0 0 5 0 0 0 5 0 0 0 5 0 0 0 5 0 0 0 5 0 0 0 5 0 0 0 5 0 0 0 5 0 0 0 5 0 0 0 5 0 0 0 5 0 0 0 5 0 0 0 5 0 0 0 5 0 0 0 5 0 0 0 5 0 0 0 5 0 0 0 5 0 0 0 5 0 0 0 5 0 0 0 5 0 0 0 5 0 0 0 5 0 0 0 5 0 0 0 5 0 0 0 5 0 0 0 5 0 0 0 5 0 0 0 5 0 0 0 5 0 0 0 5 0 0 0 5 0 0 0 5 0 0 0 5 0 0 0 5 0 0 0 5 0 0 0 5 0 0 0 5 0 0 0 5 0 0 0 5 0 0 0 5 0 0 0 5 0 0 0 5 0 0 0 5 0 0 0 5 0 0 0 5 0 0 0 5 0 0 0 5 0 0 0 5 0 0 0 5 0 0 0 5 0 0 0 5 0 0 0 5 0 0 0 5 0 0 0 5 0 0 0 5 0 0 0 5 0 0 0 5 0 0 0 5 0 0 0 5 0 0 0 5 0 0 0 5 0 0 0 5 0 0 0 5 0 0 0 5 0 0 0 5 0 0 0 5 0 0 0 5 0 0 0 5 0 0 0 5 0 0 0 5 0 0 0 5 0 0 0 5 0 0 0 5 0 0 0 5 0 0 0 5 0 0 0 5 0 0 0 5 0 0 0 5 0 0 0 5 0 0 0 5 0 0 0 5 0 0 0 5 0 0 0 5 0 0 0 5 0 0 0 5 0 0 0 5 0 0 0 5 0 0 0 5 0 0 0 5 0 0 0 5 0 0 0 5 0 0 0 5 0 0 0 5 0 0 0 5 0 0 0 5 0 0 0 5 0 0 0 5 0 0 0 5 0 0 0 5 0 0 0 5 0 0 0 5 0 0 0 5 0 0 0 5 0 0 0 5 0 0 0 5 0 0 0 5 0 0 0 5 0 0 0 5 0 0 0 5 0 0 0 5 0 0 0 5 0 0 0 5 0 0 0 5 0 0 0 5 0 0 0 5 0 0 0 5 0 0 0 5 0 0 0 5 0 0 0 5 0 0 0 5 0 0 0 5 0 0 0 5 0 0 0 5 0 0 0 5 0 0 0 5 0 0 0 5 0 0 0 5 0 0 0 5 0 0 0 5 0 0 0 5 0 0 0 5 0 0 0 5 0 0 0 5 0 0 0 5 0 0 0 5 0 0 0 5 0 0 0 5 0 0 0 5 0 0 0 5 0 0 0 5 0 0 0 5 0 0 0 5 0 0 0 5 0 0 0 5 0 0 0 5 0 0 0 5 0 0 0 5 0 0 0 5 0 0 0 5 0 0 0 5 0 0 0 5 0 0 0 5 0 0 0 5 0 0 0 5 0 0 0 5 0 0 0 5 0 0 0 5 0 0 0 5 0 0 0 5 0 0 0 5 0 0 0 5 0 0 0 5 0 0 0 5 0 0 0 5 0 0 0 5 0 0 0 5 0 0 0 5 0 0 0 5 0 0 0 5 0 0 0 5 0 0 0 5 0 0 0 5 0 0 0 5 0 0 0 5 0 0 0 5 0 0 0 5 0 0 0 5 0 0 0 5 0 0 0 5 0 0 0 5 0 0 0 5 0 0 0 5 0 0 0 5 0 0 0 5 0 0 0 5 0 0 0 5 0 0 0 5 0 0 0 5 0 0 0 5 0 0 0 5 0 0 0 5 0 0 0 5 0 0 0 5 0 0 0 5 0 0 0 5 0 0 0 5 0 0 0 5 0 0 0 5 0 0 0 5 0 0 0 5 0 0 0 5 0 0 0 5 0 0 0 5 0 0 0 5 0 0 0 5 0 0 0 5 0 0 0 5 0 0 0 5 0 0 0 5 0 0 0 5 0 0 0 5 0 0 0 5 0 0 0 5 0 0 0 5 0 0 0 5 0 0 0 5 0 0 0 5 0 0 0 5 0 0 0 5 0 0 0 5 0 0 0 5 0 0 0 5 0 0 0 5 0 0 0 5 0 0 0 5 0 0 0 5 0 0 0 5 0 0 0 5 0 0 0 5 0 0 0 5 0 0 0 5 0 0 0 5 0 0 0 5 0 0 0 5 0 0 0 5 0 0 0 5 0 0 0 5 0 0 0 5 0 0 0 5 0 0 0 5 0 0 0 5 0 0 0 5 0 0 0 5 0 0 0 5 0 0 0 5 0 0 0 5 0 0 0 5 0 0 0 5 0 0 0 5 0 0 0 5 0 0 0 5 0 0 0 5 0 0 0 5 0 0 0 5 0 0 0 5 0 0 0 5 0 0 0 5 0 0 0 5 0 0 0 5 0 0 0 5 0 0 0 5 0 0 0 5 0 0 0 5 0 0 0 5 0 0 0 5 0 0 0 5 0 0 0 5 0 0 0 5 0 0 0 5 0 0 0 5 0 0 0 5 0 0 0 5 0 0 0 5 0 0 0 5 0 0 0 5 0 0 0 5 0 0 0 5 0 0 0 5 0 0 0 5 0 0 0 5 0 0 0 5 0 0 0 5 0 0 0 5 0 0 0 5 0 0 0 5 0 0 0 5 0 0 0 5 0 0 0 5 0 0 0 5 0 0 0 5 0 0 0 5 0 0 0 5 0 0 0 5 0 0 0 5 0 0 0 5 0 0 0 5 0 0 0 5 0 0 0 5 0 0 0 5 0 0 0 5 0 0 0 5 0 0 0 5 0 0 0 5 0 0 0 5 0 0 0 5 0 0 0 5 0 0 0 5 0 0 0 5 0 0 0 5 0 0 0 5 0 0 0 5 0 0 0 5 0 0 0 5 0 0 0 5 0 0 0 5 0 0 0 5 0 0 0 5 0 0 0 5 0 0 0 5 0 0 0 5 0 0 0 5 0 0 0 5 0 0 0 5 0 0 0 5 0 0 0 5 0 0 0 5 0 0 0 5 0 0 0 5 0 0 0 5 0 0 0 5 0 0 0 5 0 0 0 5 0 0 0 5 0 0 0 5 0 0 0 5 0 0 0 5 0 0 0 5 0 0 0 5 0 0 0 5 0 0 0 5 0 0 0 5 0 0 0 5 0 0 0 5 0 0 0 5 0 0 0 5 0 0 0 5 0 0 0 5 0 0 0 5 0 0 0 5 0 0 0 5 0 0 0 5 0 0 0 5 0 0 0 5 0 0 0 5 0 0 0 5 0 0 0 5 0 0 0 5 0 0 0 5 0 0 0 5 0 0 0 5 0 0 0 5 0 0 0 5 0 0 0 5 0 0 0 5 0 0 0 5 0 0 0 5 0 0 0 5 0 0 0 5 0 0 0 5 0 0 0 5 0 0 0 5 0 0 0 5 0 0 0 5 0 0 0 5 0 0 0 5 0 0 0 5 0 0 0 5 0 0 0 5 0 0 0 5 0 0 0 5 0 0 0 5 0 0 0 5 0 0 0 5 0 0 0 5 0 0 0 5 0 0 0 5 0 0 0 5 0 0 0 5 0 0 0 5 0 0 0 5 0 0 0 5 0 0 0 5 0 0 0 5 0 0 0 5 0 0 0 5 0 0 0 5 0 0 0 5 0 0 0 5 0 0 0 5 0 0 0 5 0 0 0 5 0 0 0 5 0 0 0 5 0 0 0 5 0 0 0 5 0 0 0 5 0 0 0 5 0 0 0 5 0 0 0 5 0 0 0 5 0 0 0 5 0 0 0 5 0 0 0 5 0 0 0 5 0 0 0 5 0 0 0 5 0 0 0 5 0 0 0 5 0 0 0 5 0 0 0 5 0 0 0 5 0 0 0 5 0 0 0 5 0 0 0 5 0 0 0 5 0 0 0 5 0 0 0 5 0 0 0 5 0 0 0 5 0 0 0 5 0 0 0 5 0 0 0 5 0 0 0 5 0 0 0 5 0 0 0 5 0 0 0 5 0 0 0 5 0 0 0 5 0 0 0 5 0 0 0 5 0 0 0 5 0 0 0 5 0 0 0 5 0 0 0 5 0 0 0 5 0 0 0 5 0 0 0 5 0 0 0 5 0 0 0 5 0 0 0 5 0 0 0 5 0 0 0 5 0 0 0 5 0 0 0 5 0 0 0 5 0 0 0 5 0 0 0 5 0 0 0 5 0 0 0 5 0 0 0 5 0 0 0 5 0 0 0 5 0 0 0 5 0 0 0 5 0 0 0 5 0 0 0 5 0 0 0 5 0 0 0 5 0 0 0 5 0 0 0 5 0 0 0 5 0 0 0 5 0 0 0 5 0 0 0 5 0 0 0 5 0 0 0 5 0 0 0 5 0 0 0 5 0 0 0 5 0 0 0 5 0 0 0 5 0 0 0 5 0 0 0 5 0 0 0 5 0 0 0 5 0 0 0 5 0 0 0 5 0 0 0 5 0 0 0 5 0 0 0 5 0 0 0 5 0 0 0 5 0 0 0 5 0 0 0 5 0 0 0 5 0 0 0 5 0 0 0 5 0 0 0 5 0 0 0 5 0 0 0 5 0 0 0 5 0 0 0 5 0 0 0 5 0 0 0 5 0 0 0 5 0 0 0 5 0 0 0 5 0 0 0 5 0 0 0 5 0 0 0 5 0 0 0 5 0 0 0 5 0 0 0 5 0 0 0 5 0 0 0 5 0 0 0 5 0 0 0 5 0 0 0 5 0 0 0 5 0 0 0 5 0 0 0 5 0 0 0 5 0 0 0 5 0 0 0 5 0 0 0 5 0 0 0 5 0 0 0 5 0 0 0 5 0 0 0 5 0 0 0 5 0 0 0 5 0 0 0 5 0 0 0 5 0 0 0 5 0 0 0 5 0 0 0 5 0 0 0 5 0 0 0 5 0 0 0 5 0 0 0 5 0 0 0 5 0 0 0 5 0 0 0 5 0 0 0 5 0 0 0 5 0 0 0 5 0 0 0 5 0 0 0 5 0 0 0 5 0 0 0 5 0 0 0 5 0 0 0 5 0 0 0 5 0 0 0 5 0 0 0 5 0 0 0 5 0 0 0 5 0 0 0 5 0 0 0 5 0 0 0 5 0 0 0 5 0 0 0 5 0 0 0 5 0 0 0 5 0 0 0 5 0 0 0 5 0 0 0 5 0 0 0 5 0 0 0 5 0 0 0 5 0 0 0 5 0 0 0 5 0 0 0 5 0 0 0 5 0 0 0 5 0 0 0 5 0 0 0 5 0 0 0 5 0 0 0 5 0 0 0 5 0 0 0 5 0 0 0 5 0 0 0 5 0 0 0 5 0 0 0 5 0 0 0 5 0 0 0 5 0 0 0 5 4 0 0 5 4 0 0 5 4 0 0 5 4 0 0 5 4 0 0 5 4 0 0 5 4 0 0 5 4 0 0 5 4 0 0 5 4 0 0 5 4 0 0 5 4 0 0 5 4 0 0 5 4 0 0 5 4 0 0 5 4 0 0 5 4 0 0 5 4 0 0 5 4 0 0 5 4 0 0 5 4 0 0 5 4 0 0 5 4 0 0 5 4 0 0 5 4 0 0 5 4 0 0 5 4 0 0 5 4 0 0 5 4 0 0 5 4 0 0 5 4 0 0 5 4 0 0 5 4 0 0 5 4 0 0 5 4 0 0 5 4 0 0 5 4 0 0 5 4 0 0 5 4 0 0 5 4 0 0 5 4 0 0 5 4 0 0 5 4 0 0 5 4 0 0 5 4 0 0 5 4 0 0 5 4 3 0 5 4 0 0 5 4 0 0 5 4 0 0 5 4 0 0 5 4 0 0 5 4 0 0 5 4 0 0 5 4 0 0 5 4 0 0 5 4 0 0 5 4 0 0 5 4 0 0 5 4 0 0 5 4 0 0 5 4 0 0 5 4 0 0 5 4 0 0 5 4 0 0 5 4 3 0 5 4 3 0 5 4 3 0 5 4 0 0 5 4 0 0 5 4 0 0 5 4 0 0 5 4 0 0 5 4 0 0 5 4 0 0 5 4 0 0 5 4 0 0 5 4 0 0 5 4 0 0 5 4 0 0 5 4 0 0 5 4 0 0 5 4 0 0 5 4 0 0 5 4 0 0 5 4 0 0 5 4 0 0 5 4 0 0 5 4 0 0 5 4 0 0 5 4 0 0 5 4 0 0 5 4 0 0 5 4 0 0 5 4 0 0 5 4 0 0 5 4 0 0 5 4 0 0 5 4 0 0 5 4 0 0 5 4 0 0 5 4 0 0 5 4 0 0 5 4 0 0 5 4 0 0 5 4 0 0 5 4 0 0 5 4 0 0 5 4 0 0 5 4 0 0 5 4 0 0 5 4 0 0 5 4 0 0 5 4 0 0 5 4 0 0 5 4 0 0 5 4 0 0 5 4 0 0 5 4 0 0 5 4 0 0 5 4 0 0 5 4 0 0 5 4 0 0 5 4 0 0 5 4 0 0 5 4 0 0 5 4 0 0 5 4 0 0 5 4 0 0 5 4 0 0 5 4 0 0 5 4 0 0 5 4 0 0 5 4 0 0 5 4 0 0 5 4 0 0 5 4 0 0 5 4 0 0 5 4 0 0 5 4 0 0 5 4 0 0 5 4 0 0 5 4 0 0 5 4 0 0 5 4 0 0 5 4 0 0 5 4 0 0 5 4 0 0 5 4 0 0 5 4 0 0 5 4 0 0 5 4 0 0 5 4 0 0 5 4 0 0 5 4 0 0 5 4 0 0 5 4 0 0 5 4 0 0 5 4 0 0 5 4 0 0 5 4 0 0 5 4 0 0 5 4 0 0 5 4 0 0 5 4 0 0 5 4 0 0 5 4 0 0 5 4 0 0 5 4 0 0 5 4 0 0 5 4 0 0 5 4 0 0 5 4 0 0 5 4 0 0 5 4 0 0 5 4 0 0 5 4 0 0 5 4 0 0 5 4 0 0 5 4 0 0 5 4 0 0 5 4 0 0 5 4 0 0 5 4 0 0 5 4 0 0 5 4 0 0 5 4 0 0 5 4 0 0 5 4 0 0 5 4 0 0 5 4 0 0 5 4 0 0 5 4 0 0 5 4 0 0 5 4 0 0 5 4 0 0 5 4 0 0 5 4 0 0 5 4 0 0 5 4 0 0 5 4 0 0 5 4 0 0 5 4 0 0 5 4 0 0 5 4 0 0 5 4 0 0 5 4 0 0 5 4 0 0 5 4 0 0 5 4 0 0 5 4 0 0 5 4 0 0 5 4 0 0 5 4 0 0 5 4 0 0 5 4 0 0 5 4 0 0 5 4 0 0 5 4 0 0 5 4 0 0 5 4 0 0 5 4 0 0 5 4 0 0 5 4 0 0 5 4 0 0 5 4 0 0 5 4 0 0 5 4 0 0 5 4 0 0 5 4 0 0 5 4 0 0 5 4 0 0 5 4 0 0 5 4 0 0 5 4 0 0 5 4 0 0 5 4 0 0 5 4 0 0 5 4 0 0 5 4 0 0 5 4 0 0 5 4 0 0 5 4 0 0 5 4 0 0 5 4 0 0 5 4 0 0 5 4 0 0 5 4 0 0 5 4 0 0 5 4 0 0 5 4 0 0 5 4 0 0 5 4 0 0 5 4 0 0 5 4 0 0 5 4 0 0 5 4 0 0 5 4 0 0 5 4 0 0 5 4 0 0 5 4 0 0 5 4 0 0 5 4 3 0 5 4 0 0 5 4 0 0 5 4 0 0 5 4 0 0 5 4 0 0 5 4 0 0 5 4 0 0 5 4 0 0 5 4 0 0 5 4 0 0 5 4 0 0 5 4 0 0 5 4 0 0 5 4 0 0 5 4 0 0 5 4 0 0 5 4 0 0 5 4 0 0 5 4 0 0 5 4 0 0 5 4 0 0 5 4 0 0 5 4 0 0 5 4 0 0 5 0 0 0 5 0 0 0 5 0 0 0 5 0 0 0 5 0 0 0 5 0 0 0 5 0 0 0 5 0 0 0 5 0 0 0 5 0 0 0 5 0 0 0 5 0 0 0 5 0 0 0 5 0 0 0 5 0 0 0 5 0 0 0 5 0 0 0 5 0 0 0 5 0 0 0 5 0 0 0 5 0 0 0 5 0 0 0 5 0 0 0 5 0 0 0 5 0 0 0 5 0 0 0 5 0 0 0 5 0 0 0 5 0 0 0 5 0 0 0 5 0 0 0 5 0 0 0 5 0 0 0 5 0 0 0 5 0 0 0 5 0 0 0 5 0 0 0 5 0 0 0 5 0 0 0 5 0 0 0 5 0 0 0 5 0 0 0 5 0 0 0 5 0 0 0 5 0 0 0 5 0 0 0 5 0 0 0 5 0 0 0 5 0 0 0 5 0 0 0 5 0 0 0 5 0 0 0 5 0 0 0 5 0 0 0 5 0 0 0 5 0 0 0 5 0 0 0 5 0 0 0 5 0 0 0 5 0 0 0 5 0 0 0 34 51 39 33 34 39 51 33 34 51 33 47 34 39 36 51 34 33 51 0 34 39 36 51 34 33 51 0 36 34 39 40 34 39 36 51 34 39 36 33 34 39 51 47 39 34 0 0 34 39 36 0 34 39 51 47 34 39 51 47 34 39 51 47 39 34 40 0 39 34 0 0 39 34 40 0 34 39 47 51 34 39 47 0 34 39 51 47 34 39 51 47 34 51 39 33 39 34 40 0 39 34 40 0 39 34 0 0 39 34 40 0 39 34 40 0 39 40 34 41 39 34 40 0 39 34 40 41 34 39 43 47 43 34 39 44 34 39 51 47 40 41 34 39 40 39 41 34 40 41 0 0 34 39 43 47 34 39 51 47 40 41 0 0 40 41 0 0 40 41 39 0 41 40 0 0 40 41 0 0 34 39 51 47 34 51 39 47 34 39 51 47 34 39 47 43 41 40 0 0 41 40 0 0 40 41 34 39 34 51 39 47 34 51 33 47 39 34 40 41 34 51 33 47 34 51 33 47 34 33 51 0 34 51 33 52 34 33 51 0 34 33 51 0 40 41 39 0 40 41 0 0 39 40 34 41 40 41 39 0 41 40 0 0 40 39 34 41 40 41 39 0 40 39 34 41 39 34 40 0 39 40 34 0 39 34 40 0 39 34 40 0 39 34 43 44 43 34 44 39 43 44 39 34 40 41 0 0 40 41 39 0 41 40 39 0 41 40 0 0 41 40 0 0 41 40 0 0 41 40 0 0 41 40 0 0 41 40 0 0 41 40 0 0 41 40 0 0 41 40 0 0 41 40 0 0 41 40 0 0 43 44 39 34 43 44 45 0 43 44 45 34 43 44 45 0 43 44 45 0 44 43 45 0 44 43 45 0 44 43 45 0 43 44 45 0 43 44 45 47 44 43 45 0 44 45 43 0 43 44 34 0 44 43 45 0 43 44 47 45 44 45 43 0 45 44 43 0 43 44 45 47 44 43 45 0 44 43 45 0 44 45 43 0 44 43 45 47 43 44 47 48 44 43 45 0 44 43 45 0 44 43 45 0 44 45 43 0 43 44 47 0 43 44 34 47 43 34 47 0 34 47 44 43 34 47 44 43 44 45 43 0 45 44 43 0 43 34 39 44 45 44 43 0 45 44 43 0 45 44 0 0 45 44 0 0 45 44 0 0 45 44 43 0 45 44 0 0 45 44 0 0 45 44 0 0 45 44 0 0 45 44 0 0 45 44 0 0 45 44 0 0 45 44 0 0 34 47 43 44 34 43 47 51 34 47 44 43 34 47 43 0 43 34 47 39 47 34 43 0 47 34 43 44 34 43 39 47 34 39 43 47 34 39 43 47 34 39 43 47 34 43 51 39 34 51 47 39 34 47 43 51 34 51 47 43 34 51 47 52 34 47 51 43 34 51 47 52 34 51 47 33 34 51 52 33 34 51 47 52 47 51 34 52 34 51 52 33 51 34 52 47 51 34 52 47 34 51 52 33 34 51 33 52 34 51 33 52 51 34 52 47 34 51 52 33 34 51 33 52 34 51 33 52 34 51 52 33 34 51 33 0 51 34 52 33 34 33 51 0 51 34 52 33 34 33 51 0 51 34 52 33 51 52 34 0 51 34 52 33 34 33 51 0 34 33 51 0 34 33 51 0 34 33 51 0 34 33 51 0 34 33 51 0 51 52 34 0 34 33 51 0 34 33 51 0 34 33 51 0 34 33 51 0 34 33 51 0 51 52 34 33 51 52 34 0 51 52 34 0 51 52 34 0 51 52 34 33 51 52 34 0 51 52 34 0 51 52 34 0 51 52 34 0 51 52 34 0 52 51 0 0 52 51 0 0 52 51 0 0 52 51 0 0 52 51 53 0 51 34 52 47 52 51 0 0 52 53 51 0 52 53 51 0 53 52 0 0 51 52 34 0 51 52 47 34 47 34 51 43 51 52 34 0 51 52 34 47 51 52 34 0 47 52 51 34 52 51 34 0 52 51 34 0 47 51 52 34 52 47 51 48 52 51 53 0 52 51 53 0 52 53 51 0 52 53 51 0 52 47 51 48 52 53 51 0 53 52 0 0 53 52 51 0 47 48 34 0 48 47 34 0 48 47 52 51 53 52 51 0 53 52 0 0 53 52 0 0 53 52 0 0 47 48 34 0 47 48 34 0 53 52 0 0 53 52 0 0 53 52 0 0 53 52 0 0 53 52 0 0 48 47 34 0 48 47 0 0 48 47 49 0 48 47 49 0 53 52 0 0 53 52 0 0 53 52 0 0 53 52 0 0 48 47 49 0 48 47 49 0 49 48 47 0 49 48 47 0 49 48 47 0 47 48 49 34 47 48 49 0 49 48 47 0 48 49 47 0 49 48 47 0 49 48 47 0 49 47 0 0 49 47 0 0 49 48 47 0 49 47 0 0 49 47 0 0 49 0 0 0 49 47 0 0 49 0 0 0 49 0 0 0 49 0 0 0 49 47 0 0 49 0 0 0 49 48 0 0 49 0 0 0 10 27 15 9 10 15 27 9 10 27 9 23 10 15 12 27 10 9 27 0 10 15 12 27 10 9 27 0 12 10 15 16 10 15 12 27 10 15 12 9 10 15 27 23 15 10 0 0 10 15 12 0 10 15 27 23 10 15 27 23 10 15 27 23 15 10 16 0 15 10 0 0 15 10 16 0 10 15 23 27 10 15 23 0 10 15 27 23 10 15 27 23 10 27 15 9 15 10 16 0 15 10 16 0 15 10 0 0 15 10 16 0 15 10 16 0 15 16 10 17 15 10 16 0 15 10 16 17 10 15 19 23 19 10 15 20 10 15 27 23 16 17 10 15 16 15 17 10 16 17 0 0 10 15 19 23 10 15 27 23 16 17 0 0 16 17 0 0 16 17 15 0 17 16 0 0 16 17 0 0 10 15 27 23 10 27 15 23 10 15 27 23 10 15 23 19 17 16 0 0 17 16 0 0 16 17 10 15 10 27 15 23 10 27 9 23 15 10 16 17 10 27 9 23 10 27 9 23 10 9 27 0 10 27 9 28 10 9 27 0 10 9 27 0 16 17 15 0 15 16 10 17 16 17 0 0 15 10 16 0 16 15 10 17 16 15 10 17 15 16 10 0 15 10 16 0 15 10 16 0 16 17 15 0 15 10 19 20 19 10 20 15 19 20 15 10 16 17 0 0 16 17 15 0 17 16 15 0 10 15 19 23 19 20 15 10 19 20 21 0 16 17 15 0 17 16 0 0 17 16 0 0 17 16 0 0 17 16 0 0 17 16 0 0 17 16 0 0 17 16 0 0 17 16 0 0 17 16 0 0 17 16 0 0 17 16 0 0 17 16 0 0 10 15 19 23 10 15 19 23 10 19 15 23 10 19 27 15 19 10 23 15 10 19 23 27 19 10 23 0 19 10 15 20 10 27 23 15 19 20 10 0 10 23 19 27 10 27 23 19 10 27 23 28 19 20 23 0 10 27 23 9 10 27 28 9 10 27 28 9 10 27 9 28 10 27 9 28 10 27 9 28 27 10 28 23 10 27 28 9 10 27 28 9 10 27 9 28 10 27 9 0 10 27 28 9 10 9 27 0 27 10 28 9 10 9 27 0 27 10 28 9 10 9 27 0 10 9 27 0 10 9 27 0 10 9 27 0 10 9 27 0 10 9 27 0 27 10 28 9 27 28 10 0 27 10 28 9 10 9 27 0 10 9 27 0 10 9 27 0 10 9 27 0 10 9 27 0 27 28 10 0 27 28 10 9 27 28 10 0 27 28 10 0 28 27 0 0 28 27 0 0 28 27 29 0 27 28 10 0 27 28 10 0 27 28 10 9 27 28 10 0 27 28 10 0 28 27 0 0 28 27 0 0 27 28 10 0 28 27 0 0 28 29 27 0 28 29 27 0 29 28 0 0 28 27 10 0 27 28 10 0 27 10 28 23 27 10 28 23 10 27 23 28 27 10 28 23 10 27 23 28 27 28 10 0 10 23 27 19 10 23 19 0 23 27 10 28 27 28 23 10 10 23 19 20 27 28 10 0 27 28 10 0 27 28 10 23 28 27 10 0 23 28 27 10 28 27 29 0 28 27 29 0 28 29 27 0 28 29 27 0 23 27 28 10 28 23 27 24 28 29 27 0 29 28 0 0 29 28 27 0 23 10 27 19 28 23 27 24 29 28 27 0 29 28 0 0 29 28 0 0 29 28 0 0 23 10 19 0 24 23 10 0 24 23 28 27 23 24 10 0 29 28 0 0 29 28 0 0 29 28 0 0 29 28 0 0 29 28 0 0 29 28 0 0 29 28 0 0 29 28 0 0 29 28 0 0 23 24 10 0 24 23 10 0 23 10 19 20 10 23 20 19 10 23 20 19 10 23 20 19 19 20 10 23 23 24 10 0 19 20 23 24 24 23 0 0 24 23 25 0 24 23 25 0 19 20 23 21 20 19 21 23 24 23 25 0 24 23 25 0 25 24 23 0 25 24 23 0 25 24 23 0 23 24 25 10 23 24 25 0 25 24 23 0 24 25 23 0 25 24 23 0 25 24 23 0 25 23 0 0 25 23 0 0 25 24 23 0 25 23 0 0 25 23 0 0 25 0 0 0 25 23 0 0 25 0 0 0 25 0 0 0 25 0 0 0 25 23 0 0 25 0 0 0 25 24 0 0 25 0 0 0 19 20 21 23 19 20 21 10 19 20 21 0 19 20 21 0 19 20 21 0 20 19 21 0 20 19 21 0 20 19 21 0 19 20 21 23 20 19 21 0 20 21 19 0 20 19 21 0 20 19 21 0 20 19 21 0 20 19 21 0 20 19 21 0 20 19 21 0 20 21 19 0 20 21 19 0 21 20 19 0 20 21 19 0 20 21 19 0 21 20 19 0 21 20 19 0 21 20 19 0 21 20 0 0 21 20 0 0 21 20 0 0 21 20 19 0 21 20 0 0 21 20 0 0 21 20 0 0 21 20 0 0 21 20 0 0 21 20 0 0 21 20 0 0 21 20 0 0 5 4 0 0 5 4 0 0 5 4 0 0 5 4 0 0 5 4 0 0 5 4 0 0 5 4 0 0 5 4 0 0 5 4 0 0 5 4 0 0 5 4 0 0 5 4 0 0 5 4 0 0 5 4 0 0 5 4 0 0 5 4 0 0 5 4 0 0 5 4 0 0 5 4 0 0 5 4 0 0 5 4 0 0 5 4 0 0 5 4 0 0 5 4 0 0 5 4 0 0 5 4 0 0 5 4 0 0 5 4 0 0 5 4 0 0 5 4 0 0 5 4 0 0 5 4 0 0 5 4 0 0 5 4 0 0 5 4 0 0 5 4 0 0 5 4 0 0 5 4 0 0 5 4 0 0 5 4 0 0 5 4 0 0 5 4 0 0 5 4 0 0 5 4 0 0 5 4 0 0 5 4 0 0 5 4 0 0 5 4 0 0 5 4 0 0 1 2 0 0 1 2 0 3 1 2 0 0 1 2 0 0 1 2 0 3 1 2 0 0 1 2 0 0 1 2 0 0 1 2 0 0 1 2 0 3 1 2 0 3 1 2 0 3 1 2 0 0 1 2 0 0 1 2 0 0 1 2 0 0 1 2 0 3 1 2 0 0 1 2 0 0 1 2 0 0 1 2 0 0 1 2 0 0 1 2 0 0 1 2 0 0 1 2 0 0 1 0 2 0 1 2 0 0 1 0 2 0 1 0 2 0 1 0 2 0 1 0 2 0 1 0 2 0 1 2 0 0 1 0 2 0 1 0 2 0 1 0 2 0 1 0 2 0 1 0 2 0 1 0 2 0 1 0 2 0 1 0 2 0 1 0 2 0 1 0 2 0 1 0 2 0 1 0 2 0 1 0 2 0 1 0 2 0 1 0 2 0 1 0 2 0 1 0 2 0 1 2 0 0 1 2 0 0 1 0 2 0 1 0 2 0 1 0 2 0 1 0 2 0 1 0 2 0 1 0 2 0 1 0 2 0 1 0 2 0 1 0 2 0 1 0 2 0 1 0 2 0 1 0 2 0 1 0 2 0 1 0 2 0 1 0 2 0 1 0 2 0 1 0 2 0 1 0 2 0 1 2 0 0 1 0 2 0 1 0 2 0 1 2 0 0 1 0 2 0 1 0 2 0 1 0 2 0 1 2 0 0 1 2 0 0 1 2 0 0 1 2 0 0 1 2 0 0 1 2 0 0 1 2 0 0 1 2 0 0 1 2 0 0 1 2 0 0 1 2 0 0 1 2 0 0 1 2 0 0 1 2 0 0 1 2 0 0 1 2 0 0 1 2 0 3 1 2 0 3 1 2 0 0 1 2 0 3 1 2 0 3 1 2 0 3 1 2 0 0 1 2 0 0 1 2 0 0 1 2 0 0 1 2 0 0 1 2 0 0 1 2 0 0 1 2 0 0 1 2 0 0 3 2 1 0 3 2 1 0 3 2 1 0 3 2 1 0 3 2 1 0 3 2 1 0 3 2 1 0 3 2 1 0 3 2 1 0 3 2 1 0 3 2 1 0 3 2 1 0 3 2 1 0 3 2 1 0 3 2 1 0 3 2 1 0 3 2 1 0 3 2 1 0 3 2 1 0 3 2 1 0 3 2 1 0 3 2 1 0 3 2 1 0 3 2 1 0 3 2 1 0 3 2 1 0 3 2 1 0 3 2 1 0 3 2 1 0 3 2 1 0 3 2 0 0 3 2 0 0 3 2 1 0 3 2 1 0 3 2 0 0 3 2 0 0 3 2 0 0 3 2 0 0 3 2 0 0 3 2 0 0 3 2 0 0 3 2 0 0 3 2 0 0 3 2 0 0 3 2 0 0 3 2 0 0 3 2 0 0 3 2 1 0 3 2 0 0 3 2 1 0 3 2 0 0 3 2 0 0 3 2 0 0 3 2 1 0 3 2 1 0 3 2 1 0 3 2 1 0 3 2 1 0 3 2 1 0 3 2 1 0 3 2 0 0 3 2 0 0 3 2 0 0 3 2 0 0 3 2 0 0 3 2 0 0 3 2 1 0 3 2 0 0 3 2 0 0 3 2 0 0 3 2 0 0 3 2 1 0 3 2 0 0 3 2 1 0 3 2 1 0 3 2 1 0 3 2 1 0 3 2 1 0 3 2 0 0 3 2 1 0 3 2 1 0 3 2 1 0 3 2 1 0 3 2 1 0 3 2 1 0 3 2 1 0 3 2 1 0 3 2 1 0 3 2 1 0 3 2 1 0 3 2 1 0 3 2 1 0 3 2 1 0 3 2 1 0 3 2 1 0 3 2 1 0 3 2 1 0 3 2 1 0 3 2 1 0 3 2 1 0 3 2 1 0 3 2 1 0 3 2 1 0 3 2 1 0 3 2 1 0 3 2 1 0 3 2 1 0 3 2 1 0 3 2 1 0 3 2 1 0 3 2 1 0 3 2 1 0 3 2 1 0 3 2 1 0 3 2 1 0 3 2 1 0 3 2 1 0 3 2 0 0 3 2 0 0 3 2 0 0 3 2 0 0 3 2 0 0 3 2 0 0 3 2 0 0 3 2 0 0 3 2 0 0 3 2 0 0 3 2 0 0 3 2 0 0 3 2 0 0 3 2 0 0 3 2 0 0 3 2 0 0 3 0 0 0 3 0 0 0 3 0 0 0 3 2 0 0 3 0 0 0 3 2 0 0 3 2 0 0 3 0 0 0 3 2 0 0 3 2 0 0 3 2 0 0 3 0 0 0 3 0 0 0 3 0 0 0 3 0 0 0 3 0 0 0 3 0 0 0 3 0 0 0 3 2 0 0 3 0 0 0 3 0 0 0 3 0 0 0 3 0 0 0 3 0 0 0 3 0 0 0 3 0 0 0 3 0 0 0 3 0 0 0 3 0 0 0 3 0 0 0 3 0 0 0 3 0 0 0 3 0 0 0 3 0 0 0 3 0 0 0 3 0 0 0 3 0 0 0 3 0 0 0 3 0 0 0 3 0 0 0 3 0 0 0 3 0 0 0 3 0 0 0 3 0 0 0 3 0 0 0 3 0 0 0 3 0 0 0 3 0 0 0 3 0 0 0 3 0 0 0 3 0 0 0 3 0 0 0 3 2 0 0 3 0 0 0 3 2 0 0 3 0 0 0 3 0 0 0 3 2 0 0 3 0 0 0 3 0 0 0 3 2 0 0 3 2 0 0 3 0 0 0 3 0 0 0 3 2 0 0 3 2 0 0 3 0 0 0 3 0 0 0 3 2 0 0 3 2 0 0 3 2 0 0 3 2 0 0 3 2 0 0 3 2 0 0 3 2 0 0 3 2 0 0 3 2 0 0 3 2 0 0 3 2 0 0 3 0 0 0 3 0 0 0 3 2 0 0 3 0 0 0 3 2 0 0 3 2 0 0 3 0 0 0 3 0 0 0 3 2 0 0 3 2 0 0 3 0 0 0 3 0 0 0 3 0 0 0 3 0 0 0 3 0 0 0 3 0 0 0 3 0 0 0 3 0 0 0 3 0 0 0 3 0 0 0 3 0 0 0 3 0 0 0 8 0 0 0 8 0 0 0 8 0 0 0 8 0 0 0 8 0 0 0 8 0 0 0 8 0 0 0 8 0 0 0 8 0 0 0 8 0 0 0 8 0 0 0 8 0 0 0 32 0 0 0 32 0 0 0 32 0 0 0 32 0 0 0 32 0 0 0 32 0 0 0 32 0 0 0 32 0 0 0 32 0 0 0 32 0 0 0 32 0 0 0 32 0 0 0 56 57 58 55 56 57 58 55 56 57 58 55 56 57 58 55 56 57 58 55 56 57 58 55 56 57 58 55 56 57 58 55 56 57 58 55 56 57 58 55 56 57 58 55 56 57 58 55 56 57 58 55 56 57 58 55 56 57 58 55 56 57 58 55 56 57 58 55 56 57 58 55 56 57 58 55 56 57 58 55 56 57 58 55 56 57 58 55 56 57 58 55 56 57 58 55 56 57 58 55 56 57 58 0 56 57 58 55 56 57 58 55 56 57 58 55 56 57 58 55 56 57 58 55 56 57 58 55 56 57 58 55 56 57 58 55 56 57 58 55 56 57 58 55 56 57 58 55 56 57 58 55 45 44 0 0 45 44 0 0 45 44 0 0 45 44 0 0 45 44 0 0 45 44 43 0 45 44 0 0 45 44 0 0 44 45 43 0 45 44 0 0 45 44 0 0 44 45 43 0 45 44 0 0 45 44 0 0 45 44 0 0 45 44 0 0 45 44 43 0 45 44 0 0 44 45 43 0 44 45 43 0 44 43 45 0 44 43 45 0 44 43 45 0 44 45 43 0 44 43 45 0 44 43 45 0 44 43 45 0 44 43 45 0 44 43 45 0 43 44 45 0 44 43 45 0 43 44 45 0 44 43 45 0 43 44 45 0 44 43 45 47 43 44 47 48 43 44 45 0 43 44 34 45 43 44 45 0 43 44 39 34 43 44 34 45 43 44 34 39 39 34 43 44 43 44 34 45 43 44 34 51 43 44 34 47 43 44 34 39 34 43 44 39 34 44 51 47 34 51 39 44 34 47 44 43 43 34 39 44 34 51 47 44 34 47 44 43 34 51 47 44 34 47 44 43 34 39 43 44 34 39 47 51 34 39 43 44 34 39 51 47 39 34 40 0 39 34 40 0 34 39 40 47 34 39 40 0 34 39 51 47 39 34 0 0 39 40 34 0 39 34 40 0 40 39 34 41 40 39 34 0 40 39 34 41 40 39 34 41 40 39 34 0 40 39 41 0 40 41 39 0 40 41 39 0 40 41 0 0 41 40 39 0 40 39 41 0 40 39 41 0 40 39 34 41 39 34 40 0 41 40 0 0 41 40 39 0 41 40 0 0 41 40 0 0 41 40 0 0 40 39 41 0 40 41 0 0 40 41 39 0 40 41 0 0 40 41 0 0 40 39 41 34 40 41 0 0 39 40 34 41 39 34 40 0 41 40 0 0 39 34 40 0 39 34 40 0 41 40 39 0 41 40 0 0 41 40 0 0 39 34 0 0 39 34 40 0 39 34 0 0 34 39 36 0 39 34 0 0 39 34 0 0 39 34 0 0 41 40 0 0 41 40 0 0 41 40 0 0 41 40 0 0 41 40 0 0 41 40 0 0 39 34 0 0 39 34 0 0 39 34 0 0 34 39 51 47 34 39 51 0 34 39 51 0 34 39 33 51 34 39 51 33 34 39 33 51 34 39 33 51 34 39 33 51 34 39 33 40 34 39 33 51 34 39 33 0 34 39 40 33 39 34 0 0 34 39 33 51 34 39 40 33 34 39 36 0 34 39 36 33 34 39 33 0 34 39 36 35 34 39 33 51 34 39 33 40 36 34 39 35 36 35 34 39 34 39 36 35 36 35 0 0 34 39 33 40 34 39 33 36 34 39 33 51 34 39 33 51 34 35 36 33 34 39 33 51 34 39 51 33 34 39 51 33 34 39 51 33 34 39 33 51 34 39 51 33 34 39 51 47 34 39 51 47 34 33 39 51 34 33 39 51 34 33 39 51 34 39 33 51 34 33 39 51 34 35 33 39 34 35 33 39 34 35 36 33 34 35 36 39 35 34 36 0 36 35 0 0 36 35 37 0 34 35 36 0 34 33 39 51 34 33 39 51 34 33 39 51 34 33 51 39 34 33 51 39 34 33 51 39 34 33 51 0 34 33 35 0 34 33 51 0 34 33 51 39 34 33 51 0 34 33 51 0 34 33 0 0 34 33 0 0 34 33 51 0 34 33 51 0 34 33 35 0 34 33 35 0 34 35 33 0 34 33 35 0 34 33 0 0 34 35 36 0 34 33 35 0 34 33 0 0 34 35 33 36 34 33 0 0 34 33 0 0 34 33 35 0 34 33 0 0 34 33 51 0 34 33 0 0 34 33 51 0 34 33 35 0 34 33 35 0 34 33 35 0 34 33 35 0 34 33 0 0 34 33 35 0 34 33 35 0 34 33 35 0 34 33 35 36 34 33 35 0 34 35 33 36 34 35 33 36 35 34 36 0 35 34 36 0 35 34 36 0 35 36 34 0 35 36 34 37 35 34 36 0 35 36 34 0 36 35 34 37 35 36 34 0 36 35 34 37 35 36 34 0 35 36 34 0 35 36 34 37 35 36 34 0 36 35 34 0 36 35 34 37 36 35 37 0 36 37 35 0 35 36 34 37 36 35 34 37 36 35 34 37 36 37 35 0 36 37 35 0 36 35 34 37 36 35 34 37 36 35 37 0 36 35 37 0 36 35 37 0 36 37 35 0 36 37 35 0 36 37 35 0 36 37 35 0 36 37 35 0 37 36 35 0 36 37 35 0 37 36 35 0 37 36 35 0 37 36 35 0 37 36 35 0 37 36 0 0 37 36 0 0 37 36 35 0 37 36 0 0 37 36 0 0 37 36 0 0 37 36 0 0 37 36 0 0 37 36 0 0 37 36 0 0 37 36 0 0 37 36 0 0 37 36 0 0 37 36 0 0 37 36 0 0 37 36 0 0 37 36 0 0 37 36 0 0 37 36 0 0 34 33 51 0 34 33 51 0 34 33 51 0 34 33 51 0 34 33 51 0 34 33 51 0 34 33 51 0 34 33 51 0 34 33 51 0 34 33 51 0 34 33 51 0 34 33 51 0 34 33 51 0 34 33 51 0 34 33 51 0 34 33 51 0 34 33 51 0 34 33 51 0 34 33 51 0 34 33 51 0 34 33 51 0 34 33 51 0 34 33 51 0 34 33 51 0 34 33 51 0 34 51 33 0 34 51 33 0 34 51 33 52 34 51 33 52 34 51 52 33 34 51 52 33 34 51 33 52 51 34 52 33 51 34 52 33 34 33 51 0 34 33 51 0 34 33 51 0 51 34 52 33 51 34 52 33 51 52 34 33 51 52 34 0 34 51 33 0 34 33 51 0 34 33 51 0 34 51 52 33 51 52 34 0 51 52 34 0 34 33 51 39 34 33 51 39 34 51 33 0 34 51 33 39 34 51 33 0 34 51 33 0 34 51 33 39 34 51 33 0 34 51 33 0 34 51 33 0 34 51 33 52 34 51 33 47 34 51 33 47 34 51 33 47 34 51 33 47 34 51 33 39 34 51 33 39 34 51 33 39 34 51 33 39 34 51 39 33 51 34 52 33 34 51 33 52 51 34 52 33 34 51 52 33 51 34 52 33 34 51 52 33 51 52 34 0 51 34 52 33 51 52 34 0 51 34 52 33 51 52 34 0 51 34 52 0 51 52 34 0 51 52 34 0 51 52 34 0 51 52 34 0 51 52 34 0 51 52 34 0 52 51 0 0 52 51 34 0 51 52 34 0 52 51 34 0 51 52 34 0 51 52 34 47 51 52 34 0 47 52 51 34 52 51 53 0 52 51 53 0 52 51 0 0 52 51 0 0 52 51 53 0 51 34 52 33 52 51 53 0 52 51 53 0 52 53 51 0 52 53 51 0 53 52 0 0 51 34 52 47 52 53 51 0 53 52 0 0 53 52 0 0 52 53 51 0 52 53 51 0 53 52 0 0 53 52 0 0 53 52 0 0 53 52 0 0 53 52 51 0 53 52 0 0 53 52 0 0 53 52 0 0 53 52 0 0 53 52 0 0 53 52 0 0 53 52 0 0 53 52 0 0 51 34 52 33 34 51 33 39 34 51 33 39 34 51 39 33 34 51 52 47 34 51 52 47 34 51 33 47 34 51 47 52 34 51 47 52 34 51 33 39 34 51 39 33 34 51 39 33 34 51 47 39 34 51 47 52 34 51 47 39 34 51 47 39 34 51 47 39 34 51 47 39 34 51 47 52 34 51 39 33 34 51 39 33 34 51 47 44 34 51 47 39 34 51 47 39 34 51 39 47 34 47 51 44 47 34 43 44 47 34 43 44 34 51 39 33 47 34 0 0 47 48 34 0 47 48 34 0 47 48 34 0 47 51 34 52 52 47 51 48 47 48 0 0 48 47 52 51 47 48 49 0 48 47 49 0 48 47 0 0 48 47 0 0 48 47 49 0 48 47 49 0 48 47 49 0 47 48 49 0 48 47 49 0 49 48 47 0 49 48 47 0 49 48 47 0 49 48 47 0 49 48 47 0 49 47 0 0 49 47 0 0 49 48 0 0 49 48 47 0 49 48 0 0 49 0 0 0 49 47 0 0 49 0 0 0 49 47 0 0 49 0 0 0 49 0 0 0 49 0 0 0 49 48 0 0 49 0 0 0 49 0 0 0 49 0 0 0 21 20 0 0 21 20 0 0 21 20 0 0 21 20 0 0 21 20 0 0 21 20 19 0 21 20 0 0 21 20 0 0 20 21 19 0 21 20 0 0 21 20 0 0 20 21 19 0 21 20 0 0 21 20 0 0 21 20 0 0 21 20 0 0 21 20 19 0 21 20 0 0 20 21 19 0 20 21 19 0 20 19 21 0 20 19 21 0 20 19 21 0 20 21 19 0 20 19 21 0 20 19 21 0 20 19 21 0 20 19 21 0 20 19 21 0 19 20 21 0 20 19 21 0 19 20 21 0 20 19 21 0 19 20 21 0 20 19 21 23 19 20 23 24 19 20 21 0 19 20 10 21 19 20 21 0 19 20 15 10 19 20 10 21 19 20 10 21 19 20 10 15 15 10 19 20 19 20 10 27 19 20 10 23 19 20 10 15 10 19 20 15 10 20 27 23 10 27 15 20 10 23 20 19 19 10 15 20 10 27 23 20 10 23 20 19 10 27 23 20 10 23 20 19 10 15 19 20 10 15 23 27 10 15 19 20 10 15 27 23 15 10 16 0 15 10 16 0 10 15 16 23 10 15 16 0 10 15 27 23 15 10 0 0 15 16 10 0 15 10 16 0 16 15 10 17 16 15 10 0 16 15 10 17 16 15 10 17 16 15 10 0 16 15 17 0 16 17 15 0 16 17 15 0 16 17 0 0 17 16 15 0 16 15 17 0 16 15 17 0 16 15 10 17 15 10 16 0 17 16 0 0 17 16 15 0 17 16 0 0 17 16 0 0 17 16 0 0 16 15 17 0 16 17 0 0 16 17 15 0 16 17 0 0 16 17 0 0 16 15 17 10 16 17 0 0 15 16 10 17 15 10 16 0 17 16 0 0 15 10 16 0 15 10 16 0 17 16 15 0 17 16 0 0 17 16 0 0 15 10 0 0 15 10 16 0 15 10 0 0 10 15 12 0 15 10 0 0 15 10 0 0 15 10 0 0 17 16 0 0 17 16 0 0 17 16 0 0 17 16 0 0 17 16 0 0 17 16 0 0 15 10 0 0 15 10 0 0 15 10 0 0 10 15 27 23 10 15 27 0 10 15 27 0 10 15 9 27 10 15 27 9 10 15 9 27 10 15 9 27 10 15 9 27 10 15 9 16 10 15 9 27 10 15 9 0 10 15 16 9 15 10 0 0 10 15 9 27 10 15 12 0 10 15 12 9 10 15 9 0 10 15 12 11 10 15 16 9 10 15 9 27 10 15 9 16 12 10 15 11 12 11 10 15 10 15 12 11 12 11 0 0 10 15 9 16 10 15 9 12 10 15 9 27 10 15 9 27 10 11 12 9 10 15 9 27 10 15 27 9 10 15 27 9 10 15 27 9 10 15 9 27 10 15 27 9 10 15 27 23 10 15 27 23 10 9 15 27 10 9 15 27 10 9 15 27 10 15 9 27 10 9 15 27 10 11 9 15 10 11 9 15 10 11 12 9 10 11 12 15 11 10 12 0 12 11 0 0 12 11 13 0 10 11 12 0 10 9 15 27 12 11 10 0 12 11 10 13 12 11 13 0 12 13 11 0 12 13 11 0 12 13 11 0 10 11 9 0 10 11 12 0 10 9 15 27 10 9 15 27 10 9 11 0 10 9 11 0 10 9 27 0 10 9 27 15 10 9 27 15 10 9 27 0 10 9 27 15 10 9 11 0 10 9 0 0 10 9 0 0 10 9 27 0 10 9 27 0 10 9 11 0 10 9 27 0 10 9 0 0 10 9 27 0 10 9 27 15 10 9 11 0 10 9 0 0 10 11 9 12 10 9 0 0 10 9 0 0 10 9 11 0 10 9 0 0 10 9 27 0 10 9 0 0 10 9 27 0 10 9 11 0 10 9 11 0 10 9 11 0 10 9 11 0 10 9 0 0 10 9 11 0 10 9 11 0 10 9 11 0 10 9 11 12 10 9 11 0 10 11 9 12 10 11 9 12 11 10 12 0 11 10 12 0 11 10 12 0 11 12 10 0 11 12 10 13 11 10 12 0 11 12 10 0 11 12 10 0 12 11 10 13 11 12 10 0 11 12 10 13 11 12 10 13 11 12 10 0 11 12 10 0 12 11 10 13 12 11 10 13 12 11 10 13 12 11 10 13 12 11 10 13 12 11 13 0 12 11 13 0 12 11 13 0 12 13 11 0 12 13 11 0 12 13 11 0 12 13 11 0 13 12 11 0 12 13 11 0 12 13 11 0 13 12 11 0 13 12 11 0 13 12 11 0 13 12 11 0 13 12 0 0 13 12 0 0 13 12 11 0 13 12 0 0 13 12 0 0 13 12 0 0 13 12 0 0 13 12 0 0 13 12 0 0 13 12 0 0 13 12 0 0 13 12 0 0 13 12 0 0 13 12 0 0 13 12 0 0 13 12 0 0 13 12 0 0 13 12 0 0 13 12 0 0 10 9 27 0 10 9 27 0 10 9 27 0 10 9 27 0 10 9 27 0 10 9 27 0 10 9 27 0 10 9 27 0 10 9 27 0 10 9 27 0 10 9 27 0 10 9 27 0 10 9 27 0 10 9 27 0 10 9 27 0 10 9 27 0 10 9 27 0 10 9 27 0 10 9 27 0 10 9 27 0 10 9 27 0 10 9 27 0 10 9 27 0 10 9 27 0 10 9 27 0 10 27 9 0 10 27 9 0 10 27 9 28 10 27 9 28 10 27 28 9 10 27 28 9 10 27 9 28 27 10 28 9 27 10 28 9 10 9 27 0 10 9 27 0 10 9 27 0 27 10 28 9 27 10 28 9 27 28 10 9 27 28 10 0 10 27 9 0 10 9 27 0 10 9 27 0 10 27 28 9 27 28 10 0 27 28 10 0 10 9 27 15 10 9 27 15 10 27 9 0 10 27 9 15 10 27 9 0 10 27 9 0 10 27 9 15 10 27 9 0 10 27 9 0 10 27 9 0 10 27 9 28 10 27 9 23 10 27 9 23 10 27 9 23 10 27 9 23 10 27 9 15 10 27 9 15 10 27 9 15 10 27 9 15 10 27 15 9 27 10 28 9 10 27 9 28 27 10 28 9 10 27 28 9 27 10 28 9 10 27 28 9 27 28 10 0 27 10 28 9 27 28 10 0 27 10 28 9 27 28 10 0 27 10 28 0 27 28 10 0 27 28 10 0 27 28 10 0 27 28 10 0 27 28 10 0 27 28 10 0 28 27 0 0 28 27 10 0 27 28 10 0 28 27 10 0 27 28 10 0 27 28 10 23 27 28 10 0 23 28 27 10 28 27 29 0 28 27 29 0 28 27 0 0 28 27 0 0 28 27 29 0 27 10 28 9 28 27 29 0 28 27 29 0 28 29 27 0 28 29 27 0 29 28 0 0 27 10 28 23 28 29 27 0 29 28 0 0 29 28 0 0 28 29 27 0 28 29 27 0 29 28 0 0 29 28 0 0 29 28 0 0 29 28 0 0 29 28 27 0 29 28 0 0 29 28 0 0 29 28 0 0 29 28 0 0 29 28 0 0 29 28 0 0 29 28 0 0 29 28 0 0 27 10 28 9 10 27 9 15 10 27 9 15 10 27 15 9 10 27 28 23 10 27 28 23 10 27 9 23 10 27 23 28 10 27 23 28 10 27 9 15 10 27 15 9 10 27 15 9 10 27 23 15 10 27 23 28 10 27 23 15 10 27 23 15 10 27 23 15 10 27 23 15 10 27 23 28 10 27 15 9 10 27 15 9 10 27 23 20 10 27 23 15 10 27 23 15 10 27 15 23 10 23 27 20 23 10 19 20 23 10 19 20 10 27 15 9 23 10 0 0 23 24 10 0 23 24 10 0 23 27 10 28 28 23 27 24 23 24 0 0 24 23 28 27 23 24 10 0 23 24 25 0 24 23 25 0 24 23 0 0 24 23 0 0 24 23 25 0 24 23 25 0 24 23 25 0 23 24 25 0 24 23 25 0 25 24 23 0 25 24 23 0 25 24 23 0 25 24 23 0 25 24 23 0 25 23 0 0 25 23 0 0 25 24 0 0 25 24 23 0 25 24 0 0 25 0 0 0 25 23 0 0 25 0 0 0 25 23 0 0 25 0 0 0 25 0 0 0 25 0 0 0 25 24 0 0 25 0 0 0 25 0 0 0 25 0 0 0 61 60 0 0 61 60 0 0 61 60 0 0 61 60 0 0 61 60 0 0 61 60 0 0 61 60 0 0 61 60 0 0 61 60 0 0 61 60 0 0 61 60 0 0 61 60 0 0 61 60 0 0 61 60 0 0 61 60 0 0 61 60 0 0 61 60 0 0 61 60 0 0 61 60 0 0 61 60 0 0 61 60 0 0 61 60 0 0 61 60 0 0 61 60 0 0 61 60 0 0 61 60 0 0 61 60 0 0 61 60 0 0 61 60 0 0 61 60 0 0 60 0 0 0 60 0 0 0 60 0 0 0 60 0 0 0 60 0 0 0 60 0 0 0 60 0 0 0 60 0 0 0 60 0 0 0 60 0 0 0 60 0 0 0 60 0 0 0 60 0 0 0 60 0 0 0 60 0 0 0 60 0 0 0 60 0 0 0 60 0 0 0 60 0 0 0 60 0 0 0 60 0 0 0 60 0 0 0 60 0 0 0 60 0 0 0 60 0 0 0 60 0 0 0 60 0 0 0 60 0 0 0 60 0 0 0 60 0 0 0 60 0 0 0 60 0 0 0 60 0 0 0 60 0 0 0 60 0 0 0 60 0 0 0 60 0 0 0 60 0 0 0 60 0 0 0 60 0 0 0 60 0 0 0 60 0 0 0 60 0 0 0 60 0 0 0 60 0 0 0 60 0 0 0 60 0 0 0 60 0 0 0 60 0 0 0 60 0 0 0 60 0 0 0 60 0 0 0 60 0 0 0 60 0 0 0 60 0 0 0 60 0 0 0 60 0 0 0 60 0 0 0 60 0 0 0 60 0 0 0 61 60 0 0 61 60 0 0 61 60 0 0 61 60 0 0 61 60 0 0 61 60 0 0 61 60 0 0 61 60 0 0 61 60 0 0 61 60 0 0 61 60 0 0 61 60 0 0 61 60 0 0 61 60 0 0 61 60 0 0 61 60 0 0 61 60 0 0 61 60 0 0 61 60 0 0 61 60 0 0 61 60 0 0 61 60 0 0 61 60 0 0 61 60 0 0 61 60 0 0 61 60 0 0 61 60 0 0 61 60 0 0 61 60 0 0 61 60 0 0 61 60 0 0 61 60 0 0 61 60 0 0 61 60 0 0 61 60 0 0 61 60 0 0 61 60 0 0 61 60 0 0 61 60 0 0 61 60 0 0 61 60 0 0 61 60 0 0 61 60 0 0 61 60 0 0 61 60 0 0 61 60 0 0 61 60 0 0 61 60 0 0 61 60 0 0 61 60 0 0 61 60 0 0 61 60 0 0 61 60 0 0 61 60 0 0 61 60 0 0 61 60 0 0 61 60 0 0 61 60 0 0 61 60 0 0 61 60 0 0 60 61 0 0 60 61 0 0 60 61 0 0 60 61 0 0 60 61 0 0 60 61 0 0 60 61 0 0 60 61 0 0 60 61 0 0 60 61 0 0 60 61 0 0 60 61 0 0 60 61 0 0 60 61 0 0 60 61 0 0 60 61 0 0 60 61 0 0 60 61 0 0 60 61 0 0 60 61 0 0 60 61 0 0 60 61 0 0 60 61 0 0 60 61 0 0 60 61 0 0 60 61 0 0 60 61 0 0 60 61 0 0 60 61 0 0 60 61 0 0 60 61 0 0 60 61 0 0 60 61 0 0 60 61 0 0 60 61 0 0 60 61 0 0 60 61 0 0 60 61 0 0 60 61 0 0 60 61 0 0 60 61 0 0 60 61 0 0 60 61 0 0 60 61 0 0 60 61 0 0 60 61 0 0 60 61 0 0 60 61 0 0 60 61 0 0 60 61 0 0 60 61 0 0 60 61 0 0 60 61 0 0 60 61 0 0 60 61 0 0 60 61 0 0 60 61 0 0 60 61 0 0 60 61 0 0 60 61 0 0 56 55 0 0 56 55 0 0 56 55 0 0 56 55 0 0 56 55 0 0 56 55 0 0 56 55 0 0 56 55 0 0 56 55 0 0 56 55 0 0 56 55 0 0 56 55 0 0 56 55 0 0 56 55 0 0 56 55 0 0 56 55 0 0 56 55 0 0 56 55 0 0 56 55 0 0 56 55 0 0 56 55 0 0 56 55 0 0 56 55 0 0 56 55 0 0 56 55 0 0 56 55 0 0 56 55 0 0 56 55 0 0 56 55 0 0 56 55 0 0 55 0 0 0 55 0 0 0 55 0 0 0 55 0 0 0 55 0 0 0 55 0 0 0 55 0 0 0 55 0 0 0 55 0 0 0 55 0 0 0 55 0 0 0 55 0 0 0 55 0 0 0 55 0 0 0 55 0 0 0 55 0 0 0 55 0 0 0 55 0 0 0 55 0 0 0 55 0 0 0 55 0 0 0 55 0 0 0 55 0 0 0 55 0 0 0 55 0 0 0 55 0 0 0 55 0 0 0 55 0 0 0 55 0 0 0 55 0 0 0 55 0 0 0 55 0 0 0 55 0 0 0 55 0 0 0 55 0 0 0 55 0 0 0 55 0 0 0 55 0 0 0 55 0 0 0 55 0 0 0 55 0 0 0 55 0 0 0 55 0 0 0 55 0 0 0 55 0 0 0 55 0 0 0 55 0 0 0 55 0 0 0 55 0 0 0 55 0 0 0 55 0 0 0 55 0 0 0 55 0 0 0 55 0 0 0 55 0 0 0 55 0 0 0 55 0 0 0 55 0 0 0 55 0 0 0 55 0 0 0 56 55 0 0 56 55 0 0 56 55 0 0 56 55 0 0 56 55 0 0 56 55 0 0 56 55 0 0 56 55 0 0 56 55 0 0 56 55 0 0 56 55 0 0 56 55 0 0 56 55 0 0 56 55 0 0 56 55 0 0 56 55 0 0 56 55 0 0 56 55 0 0 56 55 0 0 56 55 0 0 56 55 0 0 56 55 0 0 56 55 0 0 56 55 0 0 56 55 0 0 56 55 0 0 56 55 0 0 56 55 0 0 56 55 0 0 56 55 0 0 56 55 0 0 56 55 0 0 56 55 0 0 56 55 0 0 56 55 0 0 56 55 0 0 56 55 0 0 56 55 0 0 56 55 0 0 56 55 0 0 56 55 0 0 56 55 0 0 56 55 0 0 56 55 0 0 56 55 0 0 56 55 0 0 56 55 0 0 56 55 0 0 56 55 0 0 56 55 0 0 56 55 0 0 56 55 0 0 56 55 0 0 56 55 0 0 56 55 0 0 56 55 0 0 56 55 0 0 56 55 0 0 56 55 0 0 56 55 0 0 55 56 0 0 55 56 0 0 55 56 0 0 55 56 0 0 55 56 0 0 55 56 0 0 55 56 0 0 55 56 0 0 55 56 0 0 55 56 0 0 55 56 0 0 55 56 0 0 55 56 0 0 55 56 0 0 55 56 0 0 55 56 0 0 55 56 0 0 55 56 0 0 55 56 0 0 55 56 0 0 55 56 0 0 55 56 0 0 55 56 0 0 55 56 0 0 55 56 0 0 55 56 0 0 55 56 0 0 55 56 0 0 55 56 0 0 55 56 0 0 55 56 0 0 55 56 0 0 55 56 0 0 55 56 0 0 55 56 0 0 55 56 0 0 55 56 0 0 55 56 0 0 55 56 0 0 55 56 0 0 55 56 0 0 55 56 0 0 55 56 0 0 55 56 0 0 55 56 0 0 55 56 0 0 55 56 0 0 55 56 0 0 55 56 0 0 55 56 0 0 55 56 0 0 55 56 0 0 55 56 0 0 55 56 0 0 55 56 0 0 55 56 0 0 55 56 0 0 55 56 0 0 55 56 0 0 55 56 0 0 57 0 0 0 57 0 0 0 57 0 0 0 57 0 0 0 57 0 0 0 57 0 0 0 57 0 0 0 57 0 0 0 57 0 0 0 57 0 0 0 57 0 0 0 57 0 0 0 57 0 0 0 57 0 0 0 57 0 0 0 57 0 0 0 57 0 0 0 57 0 0 0 57 0 0 0 57 0 0 0 57 0 0 0 57 0 0 0 57 0 0 0 57 0 0 0 57 0 0 0 57 0 0 0 57 0 0 0 57 0 0 0 57 0 0 0 57 0 0 0 57 0 0 0 57 0 0 0 57 0 0 0 57 0 0 0 57 0 0 0 57 0 0 0 57 0 0 0 57 0 0 0 57 0 0 0 57 0 0 0 57 0 0 0 57 0 0 0 57 0 0 0 57 0 0 0 57 0 0 0 57 0 0 0 57 0 0 0 58 0 0 0 58 0 0 0 58 0 0 0 58 0 0 0 58 0 0 0 58 0 0 0 58 0 0 0 58 0 0 0 58 0 0 0 58 0 0 0 58 57 0 0 58 0 0 0 58 57 0 0 58 0 0 0 58 0 0 0 58 0 0 0 58 57 0 0 58 0 0 0 58 0 0 0 58 0 0 0 58 0 0 0 58 0 0 0 57 0 0 0 57 0 0 0 57 0 0 0 57 0 0 0 57 0 0 0 57 0 0 0 57 0 0 0 57 0 0 0 57 0 0 0 57 0 0 0 57 0 0 0 57 0 0 0 57 0 0 0 57 0 0 0 57 0 0 0 57 0 0 0 57 0 0 0 57 0 0 0 57 0 0 0 57 0 0 0 57 0 0 0 57 0 0 0 57 0 0 0 57 0 0 0 57 0 0 0 57 0 0 0 57 0 0 0 57 0 0 0 57 0 0 0 57 0 0 0 57 0 0 0 57 0 0 0 57 0 0 0 57 0 0 0 57 0 0 0 57 0 0 0 57 0 0 0 57 0 0 0 57 0 0 0 57 0 0 0 57 0 0 0 57 0 0 0 57 0 0 0 57 0 0 0 57 0 0 0 57 0 0 0 57 0 0 0 57 0 0 0 57 0 0 0 57 0 0 0 57 0 0 0 57 0 0 0 57 0 0 0 57 0 0 0 57 0 0 0 57 0 0 0 57 0 0 0 57 0 0 0 57 0 0 0 57 0 0 0 57 0 0 0 57 0 0 0 57 0 0 0 57 0 0 0 57 0 0 0 57 0 0 0 57 0 0 0 57 0 0 0 57 0 0 0 57 0 0 0 57 0 0 0 57 0 0 0 57 0 0 0 57 0 0 0 57 0 0 0 57 0 0 0 57 0 0 0 57 0 0 0 57 0 0 0 57 0 0 0 57 0 0 0 57 0 0 0 57 0 0 0 57 0 0 0 57 0 0 0 57 0 0 0 57 0 0 0 57 0 0 0 57 0 0 0 57 0 0 0 57 0 0 0 57 0 0 0 57 0 0 0 57 0 0 0 57 0 0 0 57 0 0 0 57 0 0 0 57 0 0 0 57 0 0 0 57 0 0 0 57 0 0 0 57 0 0 0 57 0 0 0 58 0 0 0 58 0 0 0 58 0 0 0 58 0 0 0 58 0 0 0 58 0 0 0 58 0 0 0 58 0 0 0 58 0 0 0 58 0 0 0 58 0 0 0 58 0 0 0 58 0 0 0 58 0 0 0 58 0 0 0 58 0 0 0 58 0 0 0 58 57 0 0 58 57 0 0 58 0 0 0 58 0 0 0 58 0 0 0 58 0 0 0 58 0 0 0 58 0 0 0 58 0 0 0 58 0 0 0 58 0 0 0 58 0 0 0 58 0 0 0 58 0 0 0 58 0 0 0 58 57 0 0 58 57 0 0 58 57 0 0 58 0 0 0 58 0 0 0 58 0 0 0 58 0 0 0 58 0 0 0 58 0 0 0 58 0 0 0 58 0 0 0 58 0 0 0 58 0 0 0 58 57 0 0 58 0 0 0 58 0 0 0 57 0 0 0 57 0 0 0 57 0 0 0 57 0 0 0 57 0 0 0 57 0 0 0 57 0 0 0 57 0 0 0 57 0 0 0 57 0 0 0 57 0 0 0 57 0 0 0 57 0 0 0 57 0 0 0 57 0 0 0 57 0 0 0 57 0 0 0 57 0 0 0 57 0 0 0 57 0 0 0 57 0 0 0 57 0 0 0 57 0 0 0 57 0 0 0 57 0 0 0 57 0 0 0 57 0 0 0 57 0 0 0 57 0 0 0 57 0 0 0 57 0 0 0 57 0 0 0 57 0 0 0 57 0 0 0 57 0 0 0 57 0 0 0 57 0 0 0 57 0 0 0 57 0 0 0 57 0 0 0 57 0 0 0 57 0 0 0 62 0 0 0 62 0 0 0 62 0 0 0 62 0 0 0 62 0 0 0 62 0 0 0 62 0 0 0 62 0 0 0 62 0 0 0 62 0 0 0 62 0 0 0 62 0 0 0 62 0 0 0 62 0 0 0 62 0 0 0 62 0 0 0 62 0 0 0 62 0 0 0 62 0 0 0 62 0 0 0 62 0 0 0 62 0 0 0 62 0 0 0 62 0 0 0 62 0 0 0 62 0 0 0 62 0 0 0 62 0 0 0 62 0 0 0 62 0 0 0 62 0 0 0 62 0 0 0 62 0 0 0 62 0 0 0 62 0 0 0 62 0 0 0 62 0 0 0 62 0 0 0 62 0 0 0 62 0 0 0 62 0 0 0 62 0 0 0 62 0 0 0 62 0 0 0 62 0 0 0 62 0 0 0 62 0 0 0 63 0 0 0 63 0 0 0 63 0 0 0 63 0 0 0 63 0 0 0 63 0 0 0 63 0 0 0 63 0 0 0 63 62 0 0 63 0 0 0 63 62 0 0 63 62 0 0 63 62 0 0 63 0 0 0 63 62 0 0 63 0 0 0 63 62 0 0 63 62 0 0 63 0 0 0 63 0 0 0 63 0 0 0 63 0 0 0 62 0 0 0 62 0 0 0 62 0 0 0 62 0 0 0 62 0 0 0 62 63 0 0 62 0 0 0 62 0 0 0 62 0 0 0 62 0 0 0 62 0 0 0 62 0 0 0 62 0 0 0 62 0 0 0 62 0 0 0 62 0 0 0 62 63 0 0 62 0 0 0 62 0 0 0 62 0 0 0 62 0 0 0 62 0 0 0 62 0 0 0 62 0 0 0 62 0 0 0 62 0 0 0 62 0 0 0 62 0 0 0 62 0 0 0 62 0 0 0 62 0 0 0 62 0 0 0 62 0 0 0 62 0 0 0 62 0 0 0 62 0 0 0 62 0 0 0 62 0 0 0 62 0 0 0 62 0 0 0 62 0 0 0 62 0 0 0 62 0 0 0 62 0 0 0 62 0 0 0 62 63 0 0 62 0 0 0 62 0 0 0 62 0 0 0 62 0 0 0 62 0 0 0 62 0 0 0 62 0 0 0 62 0 0 0 62 0 0 0 62 0 0 0 62 0 0 0 62 0 0 0 62 0 0 0 62 0 0 0 62 0 0 0 62 0 0 0 62 0 0 0 62 0 0 0 62 0 0 0 62 0 0 0 62 0 0 0 62 0 0 0 62 0 0 0 62 0 0 0 62 0 0 0 62 0 0 0 62 0 0 0 62 0 0 0 62 0 0 0 62 0 0 0 62 0 0 0 62 0 0 0 62 0 0 0 62 0 0 0 62 0 0 0 62 0 0 0 62 0 0 0 62 0 0 0 62 0 0 0 62 0 0 0 62 0 0 0 62 0 0 0 62 0 0 0 62 0 0 0 62 0 0 0 62 0 0 0 62 0 0 0 62 0 0 0 62 0 0 0 62 0 0 0 62 0 0 0 62 0 0 0 62 0 0 0 62 0 0 0 62 0 0 0 62 0 0 0 62 0 0 0 63 0 0 0 63 0 0 0 63 0 0 0 63 0 0 0 63 0 0 0 63 0 0 0 63 0 0 0 63 0 0 0 63 0 0 0 63 0 0 0 63 0 0 0 63 0 0 0 63 0 0 0 63 0 0 0 63 0 0 0 63 0 0 0 63 62 0 0 63 62 0 0 63 0 0 0 63 0 0 0 63 0 0 0 63 0 0 0 63 0 0 0 63 0 0 0 63 0 0 0 63 0 0 0 63 0 0 0 63 0 0 0 63 0 0 0 63 0 0 0 63 0 0 0 63 62 0 0 63 62 0 0 63 0 0 0 63 62 0 0 63 0 0 0 63 0 0 0 63 0 0 0 63 0 0 0 63 0 0 0 63 0 0 0 63 0 0 0 63 62 0 0 63 0 0 0 63 62 0 0 63 62 0 0 63 0 0 0 63 62 0 0 62 0 0 0 62 0 0 0 62 0 0 0 62 0 0 0 62 0 0 0 62 0 0 0 62 0 0 0 62 0 0 0 62 0 0 0 62 0 0 0 62 0 0 0 62 0 0 0 62 0 0 0 62 0 0 0 62 0 0 0 62 0 0 0 62 0 0 0 62 0 0 0 62 0 0 0 62 0 0 0 62 0 0 0 62 0 0 0 62 0 0 0 62 0 0 0 62 0 0 0 62 0 0 0 62 0 0 0 62 0 0 0 62 0 0 0 62 0 0 0 62 0 0 0 62 0 0 0 62 0 0 0 62 0 0 0 62 0 0 0 62 0 0 0 62 0 0 0 62 0 0 0 62 0 0 0 62 0 0 0 62 0 0 0 62 0 0 0 5 0 0 0 5 0 0 0 5 0 0 0 5 0 0 0 5 0 0 0 5 0 0 0 5 0 0 0 5 0 0 0 5 0 0 0 5 0 0 0 5 0 0 0 5 0 0 0 5 0 0 0 5 0 0 0 5 0 0 0 5 0 0 0 5 0 0 0 5 0 0 0 5 0 0 0 5 0 0 0 5 0 0 0 5 0 0 0 5 0 0 0 5 0 0 0 5 0 0 0 5 0 0 0 5 0 0 0 5 0 0 0 5 0 0 0 5 0 0 0 5 0 0 0 5 0 0 0 5 0 0 0 5 0 0 0 5 0 0 0 5 0 0 0 5 0 0 0 5 0 0 0 5 0 0 0 5 0 0 0 5 0 0 0 5 0 0 0 5 0 0 0 5 0 0 0 5 0 0 0 5 0 0 0 5 0 0 0 5 0 0 0 5 0 0 0 5 0 0 0 5 0 0 0 5 0 0 0 5 0 0 0 5 0 0 0 5 0 0 0 5 0 0 0 5 0 0 0 5 0 0 0 5 0 0 0 5 0 0 0 5 0 0 0 5 0 0 0 5 0 0 0 5 0 0 0 5 0 0 0 5 0 0 0 5 0 0 0 5 0 0 0 5 0 0 0 5 0 0 0 5 0 0 0 5 0 0 0 5 0 0 0 5 0 0 0 5 0 0 0 5 0 0 0 5 0 0 0 5 0 0 0 5 0 0 0 5 0 0 0 5 0 0 0 5 0 0 0 5 0 0 0 5 0 0 0 5 0 0 0 5 0 0 0 5 0 0 0 5 0 0 0 5 0 0 0 5 0 0 0 5 0 0 0 5 0 0 0 5 0 0 0 5 0 0 0 5 0 0 0 5 0 0 0 5 0 0 0 5 0 0 0 5 0 0 0 5 0 0 0 5 0 0 0 5 0 0 0 5 0 0 0 5 0 0 0 5 0 0 0 5 0 0 0 5 0 0 0 5 0 0 0 5 0 0 0 5 0 0 0 5 0 0 0 5 0 0 0 5 0 0 0 5 0 0 0 5 0 0 0 5 0 0 0 5 0 0 0 5 0 0 0 5 0 0 0 5 0 0 0 5 0 0 0 5 0 0 0 5 0 0 0 5 0 0 0 5 0 0 0 5 0 0 0 5 0 0 0 5 0 0 0 5 0 0 0 5 0 0 0 5 0 0 0 5 0 0 0 5 0 0 0 5 0 0 0 5 0 0 0 5 0 0 0 5 0 0 0 5 0 0 0 5 0 0 0 5 0 0 0 5 0 0 0 5 0 0 0 3 0 0 0 3 7 8 0 3 0 0 0 3 0 0 0 3 7 0 0 3 7 0 0 3 7 0 0 3 0 0 0 3 0 0 0 3 0 0 0 3 0 0 0 3 31 0 0 3 0 0 0 3 31 0 0 3 31 0 0 3 31 0 0 3 31 0 0 61 62 63 60 61 62 63 60 61 62 63 60 61 62 63 60 61 62 63 60 61 62 63 60 61 62 63 60 61 62 63 60 61 62 63 60 61 62 63 60 61 62 63 60 61 62 63 60 61 62 63 60 61 62 63 60 61 62 63 60 61 62 63 60 61 62 63 60 61 62 63 60 61 62 63 60 61 62 63 60 61 62 63 60 61 62 63 60 61 62 63 60 61 62 63 60 61 62 63 60 61 62 63 60 61 62 63 60 61 62 63 60 61 62 63 60 61 62 63 60 61 62 63 60 61 62 63 60 61 62 63 60 61 62 63 60 61 62 63 60 61 62 63 60 61 62 63 60 61 62 63 0 61 60 0 0 61 60 0 0 61 60 0 0 61 60 0 0 61 60 0 0 61 60 0 0 61 60 0 0 61 60 0 0 61 60 0 0 61 60 0 0 61 60 0 0 61 60 0 0 61 60 0 0 61 60 0 0 61 60 0 0 61 60 0 0 61 60 0 0 61 60 0 0 61 60 0 0 61 60 0 0 61 60 0 0 61 60 0 0 61 60 0 0 61 60 0 0 61 60 0 0 61 60 0 0 61 60 0 0 61 60 0 0 61 60 0 0 61 60 0 0 56 55 0 0 56 55 0 0 56 55 0 0 56 55 0 0 56 55 0 0 56 55 0 0 56 55 0 0 56 55 0 0 56 55 0 0 56 55 0 0 56 55 0 0 56 55 0 0 56 55 0 0 56 55 0 0 56 55 0 0 56 55 0 0 56 55 0 0 56 55 0 0 56 55 0 0 56 55 0 0 56 55 0 0 56 55 0 0 56 55 0 0 56 55 0 0 56 55 0 0 56 55 0 0 56 55 0 0 56 55 0 0 56 55 0 0 56 55 0 0 58 0 0 0 58 0 0 0 58 0 0 0 58 0 0 0 58 0 0 0 58 0 0 0 58 0 0 0 58 0 0 0 58 0 0 0 58 0 0 0 58 0 0 0 58 0 0 0 58 0 0 0 58 0 0 0 58 0 0 0 58 0 0 0 58 0 0 0 58 0 0 0 58 0 0 0 58 0 0 0 58 0 0 0 58 0 0 0 58 0 0 0 58 0 0 0 58 0 0 0 58 0 0 0 58 0 0 0 58 0 0 0 58 0 0 0 58 0 0 0 58 0 0 0 58 0 0 0 58 0 0 0 58 0 0 0 58 0 0 0 58 0 0 0 58 0 0 0 58 0 0 0 58 0 0 0 58 0 0 0 58 0 0 0 63 0 0 0 63 0 0 0 63 0 0 0 63 0 0 0 63 0 0 0 63 62 0 0 63 0 0 0 63 0 0 0 63 0 0 0 63 0 0 0 63 0 0 0 63 0 0 0 63 0 0 0 63 0 0 0 63 0 0 0 63 0 0 0 63 0 0 0 63 0 0 0 63 0 0 0 63 0 0 0 63 0 0 0 63 0 0 0 63 0 0 0 63 0 0 0 63 0 0 0 63 0 0 0 63 0 0 0 63 0 0 0 63 0 0 0 63 0 0 0 63 0 0 0 63 0 0 0 63 0 0 0 63 0 0 0 63 0 0 0 63 0 0 0 63 0 0 0 63 0 0 0 63 0 0 0 63 0 0 0 63 0 0 0 10 15 27 9 10 27 15 9 10 27 15 23 10 15 27 9 10 15 27 9 10 15 27 9 10 15 27 9 10 15 27 23 10 15 27 23 10 15 27 23 10 15 27 23 10 15 20 19 10 15 20 27 10 15 19 20 10 20 15 19 10 27 15 23 34 39 51 33 34 39 51 33 34 39 51 33 34 51 39 33 34 39 51 33 34 51 39 47 34 39 51 33 34 39 51 47 34 39 51 47 34 39 51 47 34 39 51 47 34 39 44 43 34 39 44 51 34 39 43 44 34 44 39 43 34 51 39 47 60 0 0 0 60 0 0 0 60 0 0 0 60 0 0 0 60 0 0 0 60 0 0 0 60 0 0 0 60 0 0 0 60 0 0 0 60 0 0 0 60 0 0 0 60 0 0 0 60 0 0 0 60 0 0 0 60 0 0 0 60 0 0 0 60 0 0 0 60 0 0 0 60 0 0 0 60 0 0 0 60 0 0 0 60 0 0 0 60 0 0 0 60 0 0 0 60 0 0 0 60 0 0 0 60 0 0 0 60 0 0 0 60 0 0 0 60 0 0 0 60 0 0 0 60 0 0 0 60 0 0 0 60 0 0 0 60 0 0 0 60 0 0 0 60 0 0 0 60 0 0 0 60 0 0 0 60 0 0 0 60 0 0 0 60 0 0 0 60 0 0 0 60 0 0 0 60 0 0 0 60 0 0 0 60 0 0 0 60 0 0 0 60 0 0 0 60 0 0 0 60 0 0 0 60 0 0 0 60 0 0 0 60 0 0 0 60 0 0 0 60 0 0 0 60 0 0 0 60 0 0 0 60 0 0 0 60 0 0 0 60 0 0 0 60 0 0 0 60 0 0 0 60 0 0 0 60 0 0 0 60 0 0 0 60 0 0 0 60 0 0 0 60 0 0 0 60 0 0 0 60 0 0 0 60 0 0 0 60 0 0 0 60 0 0 0 60 0 0 0 60 0 0 0 60 0 0 0 60 0 0 0 60 0 0 0 60 0 0 0 60 0 0 0 60 0 0 0 60 0 0 0 60 0 0 0 60 0 0 0 60 0 0 0 60 0 0 0 60 0 0 0 60 0 0 0 60 0 0 0 60 0 0 0 60 0 0 0 60 0 0 0 60 0 0 0 60 0 0 0 60 0 0 0 60 0 0 0 60 0 0 0 60 0 0 0 60 0 0 0 60 0 0 0 60 0 0 0 60 0 0 0 60 0 0 0 60 0 0 0 60 0 0 0 60 0 0 0 60 0 0 0 60 0 0 0 60 0 0 0 60 0 0 0 60 0 0 0 60 0 0 0 60 0 0 0 60 0 0 0 60 0 0 0 60 0 0 0 60 0 0 0 60 0 0 0 60 0 0 0 60 0 0 0 55 0 0 0 55 0 0 0 55 0 0 0 55 0 0 0 55 0 0 0 55 0 0 0 55 0 0 0 55 0 0 0 55 0 0 0 55 0 0 0 55 0 0 0 55 0 0 0 55 0 0 0 55 0 0 0 55 0 0 0 55 0 0 0 55 0 0 0 55 0 0 0 55 0 0 0 55 0 0 0 55 0 0 0 55 0 0 0 55 0 0 0 55 0 0 0 55 0 0 0 55 0 0 0 55 0 0 0 55 0 0 0 55 0 0 0 55 0 0 0 55 0 0 0 55 0 0 0 55 0 0 0 55 0 0 0 55 0 0 0 55 0 0 0 55 0 0 0 55 0 0 0 55 0 0 0 55 0 0 0 55 0 0 0 55 0 0 0 55 0 0 0 55 0 0 0 55 0 0 0 55 0 0 0 55 0 0 0 55 0 0 0 55 0 0 0 55 0 0 0 55 0 0 0 55 0 0 0 55 0 0 0 55 0 0 0 55 0 0 0 55 0 0 0 55 0 0 0 55 0 0 0 55 0 0 0 55 0 0 0 55 0 0 0 55 0 0 0 55 0 0 0 55 0 0 0 55 0 0 0 55 0 0 0 55 0 0 0 55 0 0 0 55 0 0 0 55 0 0 0 55 0 0 0 55 0 0 0 55 0 0 0 55 0 0 0 55 0 0 0 55 0 0 0 55 0 0 0 55 0 0 0 55 0 0 0 55 0 0 0 55 0 0 0 55 0 0 0 55 0 0 0 55 0 0 0 55 0 0 0 55 0 0 0 55 0 0 0 55 0 0 0 55 0 0 0 55 0 0 0 55 0 0 0 55 0 0 0 55 0 0 0 55 0 0 0 55 0 0 0 55 0 0 0 55 0 0 0 55 0 0 0 55 0 0 0 55 0 0 0 55 0 0 0 55 0 0 0 55 0 0 0 55 0 0 0 55 0 0 0 55 0 0 0 55 0 0 0 55 0 0 0 55 0 0 0 55 0 0 0 55 0 0 0 55 0 0 0 55 0 0 0 55 0 0 0 55 0 0 0 55 0 0 0 55 0 0 0 55 0 0 0 55 0 0 0 55 0 0 0 55 0 0 0 56 0 0 0 56 0 0 0 56 0 0 0 56 0 0 0 56 0 0 0 56 0 0 0 56 0 0 0 56 0 0 0 56 0 0 0 56 0 0 0 56 0 0 0 56 0 0 0 56 0 0 0 56 0 0 0 56 0 0 0 56 0 0 0 56 0 0 0 56 0 0 0 56 0 0 0 56 0 0 0 56 0 0 0 56 0 0 0 56 0 0 0 56 0 0 0 56 0 0 0 56 0 0 0 56 0 0 0 56 0 0 0 56 0 0 0 56 0 0 0 56 0 0 0 56 0 0 0 56 0 0 0 56 0 0 0 56 0 0 0 56 0 0 0 56 0 0 0 55 0 0 0 55 0 0 0 55 0 0 0 55 0 0 0 55 0 0 0 55 0 0 0 55 0 0 0 55 0 0 0 55 0 0 0 55 0 0 0 55 0 0 0 55 0 0 0 55 0 0 0 55 0 0 0 55 0 0 0 55 0 0 0 55 0 0 0 55 0 0 0 55 0 0 0 55 0 0 0 55 0 0 0 55 0 0 0 55 0 0 0 55 0 0 0 55 0 0 0 55 0 0 0 55 0 0 0 55 0 0 0 55 0 0 0 55 0 0 0 55 0 0 0 55 0 0 0 55 0 0 0 55 0 0 0 55 0 0 0 55 0 0 0 55 0 0 0 55 0 0 0 55 0 0 0 55 0 0 0 55 0 0 0 55 0 0 0 55 0 0 0 55 0 0 0 55 0 0 0 55 0 0 0 55 0 0 0 55 0 0 0 55 0 0 0 9 0 0 0 9 0 0 0 9 0 0 0 9 0 0 0 9 0 0 0 9 0 0 0 9 0 0 0 9 0 0 0 9 0 0 0 9 0 0 0 9 0 0 0 9 0 0 0 9 0 0 0 9 0 0 0 9 0 0 0 9 0 0 0 9 0 0 0 9 0 0 0 9 0 0 0 9 0 0 0 9 0 0 0 9 0 0 0 9 0 0 0 9 0 0 0 9 0 0 0 9 0 0 0 9 0 0 0 9 0 0 0 9 0 0 0 9 0 0 0 9 0 0 0 9 0 0 0 9 0 0 0 9 0 0 0 9 0 0 0 9 0 0 0 9 0 0 0 9 0 0 0 9 0 0 0 9 0 0 0 9 0 0 0 9 0 0 0 9 0 0 0 9 0 0 0 9 0 0 0 9 0 0 0 9 0 0 0 9 0 0 0 9 0 0 0 9 0 0 0 9 0 0 0 9 0 0 0 9 0 0 0 9 0 0 0 9 0 0 0 9 0 0 0 9 0 0 0 9 0 0 0 9 0 0 0 9 0 0 0 9 0 0 0 9 0 0 0 9 0 0 0 9 0 0 0 9 0 0 0 9 0 0 0 9 0 0 0 9 0 0 0 9 0 0 0 9 0 0 0 9 0 0 0 9 0 0 0 9 0 0 0 9 0 0 0 9 0 0 0 9 0 0 0 9 0 0 0 9 0 0 0 9 0 0 0 9 0 0 0 9 0 0 0 9 0 0 0 9 0 0 0 9 0 0 0 9 0 0 0 9 0 0 0 9 0 0 0 9 0 0 0 9 0 0 0 9 0 0 0 9 0 0 0 9 0 0 0 9 0 0 0 9 0 0 0 9 0 0 0 9 0 0 0 9 0 0 0 9 0 0 0 9 0 0 0 9 0 0 0 9 0 0 0 9 0 0 0 9 0 0 0 9 0 0 0 9 0 0 0 9 0 0 0 9 0 0 0 9 0 0 0 9 0 0 0 9 0 0 0 9 0 0 0 9 0 0 0 9 0 0 0 9 0 0 0 9 0 0 0 9 0 0 0 9 0 0 0 9 0 0 0 9 0 0 0 9 0 0 0 9 0 0 0 9 0 0 0 9 0 0 0 9 0 0 0 9 0 0 0 9 0 0 0 9 0 0 0 9 0 0 0 9 0 0 0 9 0 0 0 9 0 0 0 9 0 0 0 9 0 0 0 9 0 0 0 9 0 0 0 9 0 0 0 9 0 0 0 9 0 0 0 9 0 0 0 9 0 0 0 9 0 0 0 9 0 0 0 9 0 0 0 9 0 0 0 9 0 0 0 9 0 0 0 9 0 0 0 9 0 0 0 9 0 0 0 9 0 0 0 9 0 0 0 9 0 0 0 9 0 0 0 9 0 0 0 9 0 0 0 9 0 0 0 9 0 0 0 9 0 0 0 9 0 0 0 9 0 0 0 9 0 0 0 9 0 0 0 9 0 0 0 9 0 0 0 9 0 0 0 9 0 0 0 9 0 0 0 9 0 0 0 9 0 0 0 9 0 0 0 9 0 0 0 9 0 0 0 9 0 0 0 9 0 0 0 9 0 0 0 9 0 0 0 9 0 0 0 9 0 0 0 9 0 0 0 9 0 0 0 9 0 0 0 9 0 0 0 9 0 0 0 9 0 0 0 9 0 0 0 9 0 0 0 9 0 0 0 9 0 0 0 9 0 0 0 9 0 0 0 9 0 0 0 9 0 0 0 9 0 0 0 9 0 0 0 9 0 0 0 9 0 0 0 9 0 0 0 9 0 0 0 9 0 0 0 9 0 0 0 9 0 0 0 9 0 0 0 8 0 0 0 8 0 0 0 8 0 0 0 8 0 0 0 8 0 0 0 8 0 0 0 8 0 0 0 8 0 0 0 8 0 0 0 8 0 0 0 8 0 0 0 8 0 0 0 8 0 0 0 8 0 0 0 8 0 0 0 8 0 0 0 8 0 0 0 8 0 0 0 8 0 0 0 8 0 0 0 8 0 0 0 8 0 0 0 8 0 0 0 8 0 0 0 8 0 0 0 8 0 0 0 8 0 0 0 8 0 0 0 8 0 0 0 8 0 0 0 8 0 0 0 8 0 0 0 8 0 0 0 8 0 0 0 8 0 0 0 8 0 0 0 8 0 0 0 8 0 0 0 8 0 0 0 8 0 0 0 8 0 0 0 8 0 0 0 8 0 0 0 8 0 0 0 8 0 0 0 8 0 0 0 8 0 0 0 8 0 0 0 8 0 0 0 8 0 0 0 8 0 0 0 8 0 0 0 8 0 0 0 8 0 0 0 8 0 0 0 8 0 0 0 8 0 0 0 8 0 0 0 8 0 0 0 8 0 0 0 8 0 0 0 8 0 0 0 8 0 0 0 8 0 0 0 8 0 0 0 8 0 0 0 8 0 0 0 8 0 0 0 8 0 0 0 8 0 0 0 8 0 0 0 8 0 0 0 8 0 0 0 8 0 0 0 8 0 0 0 8 0 0 0 8 0 0 0 8 0 0 0 8 0 0 0 8 0 0 0 8 0 0 0 8 0 0 0 8 0 0 0 8 0 0 0 8 0 0 0 8 0 0 0 8 0 0 0 8 0 0 0 8 0 0 0 8 0 0 0 8 0 0 0 8 0 0 0 8 0 0 0 8 0 0 0 8 0 0 0 8 0 0 0 8 0 0 0 8 0 0 0 8 0 0 0 8 0 0 0 8 0 0 0 8 0 0 0 8 0 0 0 8 0 0 0 8 0 0 0 8 0 0 0 8 0 0 0 8 0 0 0 8 0 0 0 8 0 0 0 8 0 0 0 8 0 0 0 8 0 0 0 8 0 0 0 8 0 0 0 8 0 0 0 8 0 0 0 8 0 0 0 8 0 0 0 8 0 0 0 8 0 0 0 8 0 0 0 8 0 0 0 8 0 0 0 8 0 0 0 8 0 0 0 8 0 0 0 8 0 0 0 8 0 0 0 8 0 0 0 8 0 0 0 8 0 0 0 8 0 0 0 8 0 0 0 8 0 0 0 8 0 0 0 8 0 0 0 8 0 0 0 8 0 0 0 8 0 0 0 8 0 0 0 8 0 0 0 8 0 0 0 8 0 0 0 8 0 0 0 8 0 0 0 8 0 0 0 8 0 0 0 8 0 0 0 8 0 0 0 8 0 0 0 8 0 0 0 8 0 0 0 8 0 0 0 8 0 0 0 8 0 0 0 8 0 0 0 8 0 0 0 8 0 0 0 8 0 0 0 8 0 0 0 8 0 0 0 8 0 0 0 8 0 0 0 8 0 0 0 8 0 0 0 8 0 0 0 8 0 0 0 8 0 0 0 8 0 0 0 8 0 0 0 8 0 0 0 8 0 0 0 8 0 0 0 8 0 0 0 8 0 0 0 8 0 0 0 8 0 0 0 8 0 0 0 8 0 0 0 8 0 0 0 8 0 0 0 8 0 0 0 8 0 0 0 8 0 0 0 8 0 0 0 8 0 0 0 8 0 0 0 8 0 0 0 8 0 0 0 8 0 0 0 8 0 0 0 8 0 0 0 8 0 0 0 8 0 0 0 8 0 0 0 8 0 0 0 8 0 0 0 8 0 0 0 8 0 0 0 8 0 0 0 8 0 0 0 8 0 0 0 8 0 0 0 8 0 0 0 8 0 0 0 8 0 0 0 8 0 0 0 8 0 0 0 8 0 0 0 8 0 0 0 8 0 0 0 8 0 0 0 8 0 0 0 8 0 0 0 8 0 0 0 8 0 0 0 8 0 0 0 8 0 0 0 8 0 0 0 8 0 0 0 8 0 0 0 8 0 0 0 8 0 0 0 8 0 0 0 8 0 0 0 8 0 0 0 8 0 0 0 8 0 0 0 8 0 0 0 8 0 0 0 8 0 0 0 8 0 0 0 8 0 0 0 8 0 0 0 8 0 0 0 8 0 0 0 8 0 0 0 8 0 0 0 8 0 0 0 8 0 0 0 8 0 0 0 8 0 0 0 8 0 0 0 8 0 0 0 8 0 0 0 8 0 0 0 8 0 0 0 8 0 0 0 8 0 0 0 8 0 0 0 8 0 0 0 8 0 0 0 8 0 0 0 8 0 0 0 8 0 0 0 8 0 0 0 8 0 0 0 8 0 0 0 8 0 0 0 8 0 0 0 8 0 0 0 8 0 0 0 8 0 0 0 8 0 0 0 8 0 0 0 8 0 0 0 8 0 0 0 8 0 0 0 8 0 0 0 8 0 0 0 8 0 0 0 8 0 0 0 8 0 0 0 8 0 0 0 8 0 0 0 8 0 0 0 8 0 0 0 8 0 0 0 8 0 0 0 8 0 0 0 8 0 0 0 8 0 0 0 8 0 0 0 8 0 0 0 8 0 0 0 8 0 0 0 8 0 0 0 8 0 0 0 8 0 0 0 8 0 0 0 8 0 0 0 8 0 0 0 8 0 0 0 8 0 0 0 8 0 0 0 8 0 0 0 8 0 0 0 8 0 0 0 8 0 0 0 8 0 0 0 8 0 0 0 8 0 0 0 8 0 0 0 8 0 0 0 8 0 0 0 8 0 0 0 8 0 0 0 8 0 0 0 8 0 0 0 8 0 0 0 8 0 0 0 8 0 0 0 8 0 0 0 8 0 0 0 8 0 0 0 8 0 0 0 8 0 0 0 8 0 0 0 8 0 0 0 8 0 0 0 8 0 0 0 8 0 0 0 8 0 0 0 8 0 0 0 8 0 0 0 8 0 0 0 8 0 0 0 8 0 0 0 8 0 0 0 8 0 0 0 8 0 0 0 8 0 0 0 8 0 0 0 8 0 0 0 8 0 0 0 8 0 0 0 8 0 0 0 8 0 0 0 8 0 0 0 8 0 0 0 8 0 0 0 8 0 0 0 8 0 0 0 8 0 0 0 8 0 0 0 8 0 0 0 8 0 0 0 8 0 0 0 8 0 0 0 8 0 0 0 8 0 0 0 8 0 0 0 8 0 0 0 8 0 0 0 8 0 0 0 8 0 0 0 8 0 0 0 8 0 0 0 8 0 0 0 8 0 0 0 8 0 0 0 8 0 0 0 8 0 0 0 8 0 0 0 8 0 0 0 8 0 0 0 8 0 0 0 8 0 0 0 8 0 0 0 8 0 0 0 8 0 0 0 8 0 0 0 8 0 0 0 8 0 0 0 8 0 0 0 8 0 0 0 8 0 0 0 8 0 0 0 8 0 0 0 8 0 0 0 8 0 0 0 8 0 0 0 8 0 0 0 8 0 0 0 8 0 0 0 8 0 0 0 8 0 0 0 8 0 0 0 8 0 0 0 8 0 0 0 8 0 0 0 8 0 0 0 8 0 0 0 8 0 0 0 8 0 0 0 8 0 0 0 8 0 0 0 8 0 0 0 8 0 0 0 8 0 0 0 8 0 0 0 8 0 0 0 8 0 0 0 8 0 0 0 8 0 0 0 8 0 0 0 8 0 0 0 8 0 0 0 0 0 0 0 0 0 0 0 0 0 0 0 0 0 0 0 0 0 0 0 0 0 0 0 0 0 0 0 0 0 0 0 0 0 0 0 0 0 0 0 0 0 0 0 0 0 0 0 0 0 0 0 0 0 0 0 0 0 0 0 0 0 0 0 0 0 0 0 0 0 0 0 0 0 0 0 0 0 0 0 0 0 0 0 0 0 0 0 0 0 0 0 0 0 0 0 0 0 0 0 0 0 0 0 0 0 0 0 0 0 0 0 0 0 0 0 0 0 0 0 0 0 0 0 0 0 0 0 0 0 0 0 0 0 0 0 0 0 0 0 0 0 0 0 0 0 0 0 0 0 0 0 0 0 0 0 0 0 0 0 0 0 0 0 0 0 0 0 0 0 0 0 0 0 0 0 0 0 0 0 0 0 0 0 0 0 0 0 0 0 0 0 0 0 0 0 0 0 0 0 0 0 0 0 0 0 0 0 0 0 0 0 0 0 0 0 0 0 0 0 0 0 0 0 0 0 0 0 0 0 0 0 0 55 0 0 0 0 0 0 0 0 0 0 0 0 0 0 0 55 0 0 0 0 0 0 0 0 0 0 0 0 0 0 0 0 0 0 0 0 0 0 0 0 0 0 0 0 0 0 0 0 0 0 0 0 0 0 0 0 0 0 0 55 0 0 0 0 0 0 0 0 0 0 0 0 0 0 0 0 0 0 0 0 0 0 0 55 0 0 0 0 0 0 0 0 0 0 0 0 0 0 0 0 0 0 0 0 0 0 0 0 0 0 0 0 0 0 0 0 0 0 0 0 0 0 0 0 0 0 0 0 0 0 0 0 0 0 0 0 0 0 0 0 0 0 0 55 0 0 0 0 0 0 0 55 0 0 0 0 0 0 3 7 0 0 3 0 0 0 3 0 0 0 3 0 0 0 3 7 0 0 3 0 0 0 3 0 0 0 3 7 0 0 3 7 0 0 3 0 0 0 3 0 0 0 3 7 0 0 3 7 0 0 3 0 0 0 3 0 0 0 3 7 0 0 3 0 0 0 3 0 0 0 3 0 0 0 3 0 0 0 3 0 0 0 3 0 0 0 3 0 0 0 3 0 0 0 3 0 0 0 3 0 0 0 3 0 0 0 3 0 0 0 3 0 0 0 3 0 0 0 3 0 0 0 3 0 0 0 3 0 0 0 3 0 0 0 3 0 0 0 3 0 0 0 3 0 0 0 3 0 0 0 3 0 0 0 3 7 0 0 3 0 0 0 3 0 0 0 3 0 0 0 3 7 0 0 3 0 0 0 3 7 0 0 3 0 0 0 3 7 0 0 3 0 0 0 3 0 0 0 3 7 0 0 3 0 0 0 3 0 0 0 3 0 0 0 3 7 0 0 3 0 0 0 3 7 0 0 3 0 0 0 3 0 0 0 3 0 0 0 3 0 0 0 3 0 0 0 3 0 0 0 3 0 0 0 3 0 0 0 3 0 0 0 3 0 0 0 3 0 0 0 3 7 0 0 3 7 0 0 3 7 0 0 3 7 0 0 3 7 0 0 56 0 0 0 56 0 0 0 56 0 0 0 56 0 0 0 56 0 0 0 56 0 0 0 56 0 0 0 56 0 0 0 56 0 0 0 56 0 0 0 56 0 0 0 56 0 0 0 56 0 0 0 56 0 0 0 56 0 0 0 56 0 0 0 56 0 0 0 56 0 0 0 56 0 0 0 56 0 0 0 56 0 0 0 56 0 0 0 56 0 0 0 56 0 0 0 56 0 0 0 56 0 0 0 56 0 0 0 56 0 0 0 56 0 0 0 56 0 0 0 56 0 0 0 56 0 0 0 56 0 0 0 56 0 0 0 56 0 0 0 56 0 0 0 56 0 0 0 61 0 0 0 61 0 0 0 61 0 0 0 61 0 0 0 61 0 0 0 61 0 0 0 61 0 0 0 61 0 0 0 61 0 0 0 61 0 0 0 61 0 0 0 61 0 0 0 61 0 0 0 61 0 0 0 61 0 0 0 61 0 0 0 61 0 0 0 61 0 0 0 61 0 0 0 61 0 0 0 61 0 0 0 61 0 0 0 61 0 0 0 61 0 0 0 61 0 0 0 61 0 0 0 61 0 0 0 61 0 0 0 61 0 0 0 61 0 0 0 61 0 0 0 61 0 0 0 61 0 0 0 61 0 0 0 61 0 0 0 61 0 0 0 61 0 0 0 61 0 0 0 61 0 0 0 61 0 0 0 61 0 0 0 61 0 0 0 61 0 0 0 61 0 0 0 61 0 0 0 61 0 0 0 61 0 0 0 61 0 0 0 61 0 0 0 61 0 0 0 61 0 0 0 61 0 0 0 61 0 0 0 61 0 0 0 61 0 0 0 61 0 0 0 61 0 0 0 61 0 0 0 61 0 0 0 61 0 0 0 61 0 0 0 61 0 0 0 61 0 0 0 61 0 0 0 61 0 0 0 61 0 0 0 61 0 0 0 61 0 0 0 61 0 0 0 61 0 0 0 61 0 0 0 61 0 0 0 61 0 0 0 61 0 0 0 60 0 0 0 60 0 0 0 60 0 0 0 60 0 0 0 60 0 0 0 60 0 0 0 60 0 0 0 60 0 0 0 60 0 0 0 60 0 0 0 60 0 0 0 60 0 0 0 60 0 0 0 60 0 0 0 60 0 0 0 60 0 0 0 60 0 0 0 60 0 0 0 60 0 0 0 60 0 0 0 60 0 0 0 60 0 0 0 60 0 0 0 60 0 0 0 60 0 0 0 60 0 0 0 60 0 0 0 60 0 0 0 60 0 0 0 60 0 0 0 60 0 0 0 60 0 0 0 60 0 0 0 60 0 0 0 60 0 0 0 60 0 0 0 60 0 0 0 60 0 0 0 60 0 0 0 60 0 0 0 60 0 0 0 60 0 0 0 60 0 0 0 60 0 0 0 60 0 0 0 60 0 0 0 60 0 0 0 60 0 0 0 60 0 0 0 33 0 0 0 33 0 0 0 33 0 0 0 33 0 0 0 33 0 0 0 33 0 0 0 33 0 0 0 33 0 0 0 33 0 0 0 33 0 0 0 33 0 0 0 33 0 0 0 33 0 0 0 33 0 0 0 33 0 0 0 33 0 0 0 33 0 0 0 33 0 0 0 33 0 0 0 33 0 0 0 33 0 0 0 33 0 0 0 33 0 0 0 33 0 0 0 33 0 0 0 33 0 0 0 33 0 0 0 33 0 0 0 33 0 0 0 33 0 0 0 33 0 0 0 33 0 0 0 33 0 0 0 33 0 0 0 33 0 0 0 33 0 0 0 33 0 0 0 33 0 0 0 33 0 0 0 33 0 0 0 33 0 0 0 33 0 0 0 33 0 0 0 33 0 0 0 33 0 0 0 33 0 0 0 33 0 0 0 33 0 0 0 33 0 0 0 33 0 0 0 33 0 0 0 33 0 0 0 33 0 0 0 33 0 0 0 33 0 0 0 33 0 0 0 33 0 0 0 33 0 0 0 33 0 0 0 33 0 0 0 33 0 0 0 33 0 0 0 33 0 0 0 33 0 0 0 33 0 0 0 33 0 0 0 33 0 0 0 33 0 0 0 33 0 0 0 33 0 0 0 33 0 0 0 33 0 0 0 33 0 0 0 33 0 0 0 33 0 0 0 33 0 0 0 33 0 0 0 33 0 0 0 33 0 0 0 33 0 0 0 33 0 0 0 33 0 0 0 33 0 0 0 33 0 0 0 33 0 0 0 33 0 0 0 33 0 0 0 33 0 0 0 33 0 0 0 33 0 0 0 33 0 0 0 33 0 0 0 33 0 0 0 33 0 0 0 33 0 0 0 33 0 0 0 33 0 0 0 33 0 0 0 33 0 0 0 33 0 0 0 33 0 0 0 33 0 0 0 33 0 0 0 33 0 0 0 33 0 0 0 33 0 0 0 33 0 0 0 33 0 0 0 33 0 0 0 33 0 0 0 33 0 0 0 33 0 0 0 33 0 0 0 33 0 0 0 33 0 0 0 33 0 0 0 33 0 0 0 33 0 0 0 33 0 0 0 33 0 0 0 33 0 0 0 33 0 0 0 33 0 0 0 33 0 0 0 33 0 0 0 33 0 0 0 33 0 0 0 33 0 0 0 33 0 0 0 33 0 0 0 33 0 0 0 33 0 0 0 33 0 0 0 33 0 0 0 33 0 0 0 33 0 0 0 33 0 0 0 33 0 0 0 33 0 0 0 33 0 0 0 33 0 0 0 33 0 0 0 33 0 0 0 33 0 0 0 33 0 0 0 33 0 0 0 33 0 0 0 33 0 0 0 33 0 0 0 33 0 0 0 33 0 0 0 33 0 0 0 33 0 0 0 33 0 0 0 33 0 0 0 33 0 0 0 33 0 0 0 33 0 0 0 33 0 0 0 33 0 0 0 33 0 0 0 33 0 0 0 33 0 0 0 33 0 0 0 33 0 0 0 33 0 0 0 33 0 0 0 33 0 0 0 33 0 0 0 33 0 0 0 33 0 0 0 33 0 0 0 33 0 0 0 33 0 0 0 33 0 0 0 33 0 0 0 33 0 0 0 33 0 0 0 33 0 0 0 33 0 0 0 33 0 0 0 33 0 0 0 33 0 0 0 33 0 0 0 33 0 0 0 33 0 0 0 33 0 0 0 33 0 0 0 33 0 0 0 33 0 0 0 33 0 0 0 33 0 0 0 33 0 0 0 33 0 0 0 33 0 0 0 33 0 0 0 33 0 0 0 33 0 0 0 33 0 0 0 33 0 0 0 33 0 0 0 33 0 0 0 32 0 0 0 32 0 0 0 32 0 0 0 32 0 0 0 32 0 0 0 32 0 0 0 32 0 0 0 32 0 0 0 32 0 0 0 32 0 0 0 32 0 0 0 32 0 0 0 32 0 0 0 32 0 0 0 32 0 0 0 32 0 0 0 32 0 0 0 32 0 0 0 32 0 0 0 32 0 0 0 32 0 0 0 32 0 0 0 32 0 0 0 32 0 0 0 32 0 0 0 32 0 0 0 32 0 0 0 32 0 0 0 32 0 0 0 32 0 0 0 32 0 0 0 32 0 0 0 32 0 0 0 32 0 0 0 32 0 0 0 32 0 0 0 32 0 0 0 32 0 0 0 32 0 0 0 32 0 0 0 32 0 0 0 32 0 0 0 32 0 0 0 32 0 0 0 32 0 0 0 32 0 0 0 32 0 0 0 32 0 0 0 32 0 0 0 32 0 0 0 32 0 0 0 32 0 0 0 32 0 0 0 32 0 0 0 32 0 0 0 32 0 0 0 32 0 0 0 32 0 0 0 32 0 0 0 32 0 0 0 32 0 0 0 32 0 0 0 32 0 0 0 32 0 0 0 32 0 0 0 32 0 0 0 32 0 0 0 32 0 0 0 32 0 0 0 32 0 0 0 32 0 0 0 32 0 0 0 32 0 0 0 32 0 0 0 32 0 0 0 32 0 0 0 32 0 0 0 32 0 0 0 32 0 0 0 32 0 0 0 32 0 0 0 32 0 0 0 32 0 0 0 32 0 0 0 32 0 0 0 32 0 0 0 32 0 0 0 32 0 0 0 32 0 0 0 32 0 0 0 32 0 0 0 32 0 0 0 32 0 0 0 32 0 0 0 32 0 0 0 32 0 0 0 32 0 0 0 32 0 0 0 32 0 0 0 32 0 0 0 32 0 0 0 32 0 0 0 32 0 0 0 32 0 0 0 32 0 0 0 32 0 0 0 32 0 0 0 32 0 0 0 32 0 0 0 32 0 0 0 32 0 0 0 32 0 0 0 32 0 0 0 32 0 0 0 32 0 0 0 32 0 0 0 32 0 0 0 32 0 0 0 32 0 0 0 32 0 0 0 32 0 0 0 32 0 0 0 32 0 0 0 32 0 0 0 32 0 0 0 32 0 0 0 32 0 0 0 32 0 0 0 32 0 0 0 32 0 0 0 32 0 0 0 32 0 0 0 32 0 0 0 32 0 0 0 32 0 0 0 32 0 0 0 32 0 0 0 32 0 0 0 32 0 0 0 32 0 0 0 32 0 0 0 32 0 0 0 32 0 0 0 32 0 0 0 32 0 0 0 32 0 0 0 32 0 0 0 32 0 0 0 32 0 0 0 32 0 0 0 32 0 0 0 32 0 0 0 32 0 0 0 32 0 0 0 32 0 0 0 32 0 0 0 32 0 0 0 32 0 0 0 32 0 0 0 32 0 0 0 32 0 0 0 32 0 0 0 32 0 0 0 32 0 0 0 32 0 0 0 32 0 0 0 32 0 0 0 32 0 0 0 32 0 0 0 32 0 0 0 32 0 0 0 32 0 0 0 32 0 0 0 32 0 0 0 32 0 0 0 32 0 0 0 32 0 0 0 32 0 0 0 32 0 0 0 32 0 0 0 32 0 0 0 32 0 0 0 32 0 0 0 32 0 0 0 32 0 0 0 32 0 0 0 32 0 0 0 32 0 0 0 32 0 0 0 32 0 0 0 32 0 0 0 32 0 0 0 32 0 0 0 32 0 0 0 32 0 0 0 32 0 0 0 32 0 0 0 32 0 0 0 32 0 0 0 32 0 0 0 32 0 0 0 32 0 0 0 32 0 0 0 32 0 0 0 32 0 0 0 32 0 0 0 32 0 0 0 32 0 0 0 32 0 0 0 32 0 0 0 32 0 0 0 32 0 0 0 32 0 0 0 32 0 0 0 32 0 0 0 32 0 0 0 32 0 0 0 32 0 0 0 32 0 0 0 32 0 0 0 32 0 0 0 32 0 0 0 32 0 0 0 32 0 0 0 32 0 0 0 32 0 0 0 32 0 0 0 32 0 0 0 32 0 0 0 32 0 0 0 32 0 0 0 32 0 0 0 32 0 0 0 32 0 0 0 32 0 0 0 32 0 0 0 32 0 0 0 32 0 0 0 32 0 0 0 32 0 0 0 32 0 0 0 32 0 0 0 32 0 0 0 32 0 0 0 32 0 0 0 32 0 0 0 32 0 0 0 32 0 0 0 32 0 0 0 32 0 0 0 32 0 0 0 32 0 0 0 32 0 0 0 32 0 0 0 32 0 0 0 32 0 0 0 32 0 0 0 32 0 0 0 32 0 0 0 32 0 0 0 32 0 0 0 32 0 0 0 32 0 0 0 32 0 0 0 32 0 0 0 32 0 0 0 32 0 0 0 32 0 0 0 32 0 0 0 32 0 0 0 32 0 0 0 32 0 0 0 32 0 0 0 32 0 0 0 32 0 0 0 32 0 0 0 32 0 0 0 32 0 0 0 32 0 0 0 32 0 0 0 32 0 0 0 32 0 0 0 32 0 0 0 32 0 0 0 32 0 0 0 32 0 0 0 32 0 0 0 32 0 0 0 32 0 0 0 32 0 0 0 32 0 0 0 32 0 0 0 32 0 0 0 32 0 0 0 32 0 0 0 32 0 0 0 32 0 0 0 32 0 0 0 32 0 0 0 32 0 0 0 32 0 0 0 32 0 0 0 32 0 0 0 32 0 0 0 32 0 0 0 32 0 0 0 32 0 0 0 32 0 0 0 32 0 0 0 32 0 0 0 32 0 0 0 32 0 0 0 32 0 0 0 32 0 0 0 32 0 0 0 32 0 0 0 32 0 0 0 32 0 0 0 32 0 0 0 32 0 0 0 32 0 0 0 32 0 0 0 32 0 0 0 32 0 0 0 32 0 0 0 32 0 0 0 32 0 0 0 32 0 0 0 32 0 0 0 32 0 0 0 32 0 0 0 32 0 0 0 32 0 0 0 32 0 0 0 32 0 0 0 32 0 0 0 32 0 0 0 32 0 0 0 32 0 0 0 32 0 0 0 32 0 0 0 32 0 0 0 32 0 0 0 32 0 0 0 32 0 0 0 32 0 0 0 32 0 0 0 32 0 0 0 32 0 0 0 32 0 0 0 32 0 0 0 32 0 0 0 32 0 0 0 32 0 0 0 32 0 0 0 32 0 0 0 32 0 0 0 32 0 0 0 32 0 0 0 32 0 0 0 32 0 0 0 32 0 0 0 32 0 0 0 32 0 0 0 32 0 0 0 32 0 0 0 32 0 0 0 32 0 0 0 32 0 0 0 32 0 0 0 32 0 0 0 32 0 0 0 32 0 0 0 32 0 0 0 32 0 0 0 32 0 0 0 32 0 0 0 32 0 0 0 32 0 0 0 32 0 0 0 32 0 0 0 32 0 0 0 32 0 0 0 32 0 0 0 32 0 0 0 32 0 0 0 32 0 0 0 32 0 0 0 32 0 0 0 32 0 0 0 32 0 0 0 32 0 0 0 32 0 0 0 32 0 0 0 32 0 0 0 32 0 0 0 32 0 0 0 32 0 0 0 32 0 0 0 32 0 0 0 32 0 0 0 32 0 0 0 32 0 0 0 32 0 0 0 32 0 0 0 32 0 0 0 32 0 0 0 32 0 0 0 32 0 0 0 0 0 0 0 0 0 0 0 0 0 0 0 0 0 0 0 0 0 0 0 0 0 0 0 0 0 0 0 0 0 0 0 0 0 0 0 0 0 0 0 0 0 0 0 0 0 0 0 0 0 0 0 0 0 0 0 0 0 0 0 0 0 0 0 0 0 0 0 0 0 0 0 0 0 0 0 0 0 0 0 0 0 0 0 0 0 0 0 0 0 0 0 0 0 0 0 0 0 0 0 0 0 0 0 0 0 0 0 0 0 0 0 0 0 0 0 0 0 0 0 0 0 0 0 0 0 0 0 0 0 0 0 0 0 0 0 0 0 0 0 0 0 0 0 0 0 0 0 0 0 0 0 0 0 0 0 0 0 0 0 0 0 0 0 0 0 0 0 0 0 0 0 0 0 0 0 0 0 0 0 0 0 0 0 0 0 0 0 0 0 0 0 0 0 0 0 0 0 0 0 0 0 0 0 0 0 0 0 0 0 0 0 0 0 0 0 0 0 0 0 0 0 0 0 0 0 0 0 0 0 0 0 0 60 0 0 0 0 0 0 0 0 0 0 0 0 0 0 0 60 0 0 0 0 0 0 0 0 0 0 0 0 0 0 0 0 0 0 0 0 0 0 0 0 0 0 0 0 0 0 0 0 0 0 0 0 0 0 0 0 0 0 0 60 0 0 0 0 0 0 0 0 0 0 0 0 0 0 0 0 0 0 0 0 0 0 0 60 0 0 0 0 0 0 0 0 0 0 0 0 0 0 0 0 0 0 0 0 0 0 0 60 0 0 0 60 0 0 0 0 0 0 0 0 0 0 0 0 0 0 0 0 0 0 0 0 0 0 0 0 0 0 0 0 0 0 0 0 0 0 0 0 0 0 0 0 0 0 0 0 0 0 3 0 0 0 3 0 0 0 3 31 0 0 3 0 0 0 3 31 0 0 3 0 0 0 3 0 0 0 3 31 0 0 3 31 0 0 3 0 0 0 3 0 0 0 3 31 0 0 3 31 0 0 3 0 0 0 3 0 0 0 3 31 0 0 3 0 0 0 3 0 0 0 3 0 0 0 3 0 0 0 3 0 0 0 3 0 0 0 3 0 0 0 3 0 0 0 3 0 0 0 3 0 0 0 3 0 0 0 3 0 0 0 3 0 0 0 3 0 0 0 3 0 0 0 3 0 0 0 3 0 0 0 3 0 0 0 3 0 0 0 3 0 0 0 3 0 0 0 3 0 0 0 3 0 0 0 3 31 0 0 3 0 0 0 3 0 0 0 3 0 0 0 3 31 0 0 3 0 0 0 3 31 0 0 3 0 0 0 3 31 0 0 3 0 0 0 3 0 0 0 3 31 0 0 3 0 0 0 3 0 0 0 3 0 0 0 3 31 0 0 3 0 0 0 3 31 0 0 3 0 0 0 3 0 0 0 3 0 0 0 3 0 0 0 3 0 0 0 3 0 0 0 3 0 0 0 3 0 0 0 3 0 0 0 3 0 0 0 3 0 0 0 3 31 0 0 3 31 0 0 3 31 0 0 3 31 0 0 3 31 0 0 5 0 0 0 5 0 0 0 5 0 0 0 5 0 0 0 5 0 0 0 5 0 0 0 5 0 0 0 5 0 0 0 5 0 0 0 5 0 0 0 5 0 0 0 5 0 0 0 5 0 0 0 5 0 0 0 5 0 0 0 5 0 0 0 5 0 0 0 5 0 0 0 5 0 0 0 5 0 0 0 5 0 0 0 5 0 0 0 5 0 0 0 5 0 0 0 5 0 0 0 5 0 0 0 5 0 0 0 5 0 0 0 5 0 0 0 5 0 0 0 5 0 0 0 5 0 0 0 5 0 0 0 5 0 0 0 5 0 0 0 5 0 0 0 5 0 0 0 5 0 0 0 5 0 0 0 5 0 0 0 5 0 0 0 5 0 0 0 5 0 0 0 5 0 0 0 5 0 0 0 5 0 0 0 5 0 0 0 5 0 0 0 5 0 0 0 5 0 0 0 5 0 0 0 5 0 0 0 5 0 0 0 5 0 0 0 5 0 0 0 5 0 0 0 5 0 0 0 5 0 0 0 5 0 0 0 5 0 0 0 5 0 0 0 5 0 0 0 5 0 0 0 5 0 0 0 5 0 0 0 5 0 0 0 5 0 0 0 5 0 0 0 5 0 0 0 5 0 0 0 5 0 0 0 5 0 0 0 5 0 0 0 5 0 0 0 5 0 0 0 5 0 0 0 5 0 0 0 5 0 0 0 5 0 0 0 5 0 0 0 5 0 0 0 5 0 0 0 5 0 0 0 5 0 0 0 5 0 0 0  
							<BoneWeights>: 31707 0.9351766 0.06088251 0.003940914 0 0.9330497 0.06319517 0.00375516 0 0.9105285 0.08712076 0.002350726 0 1 0 0 0 1 0 0 0 1 0 0 0 1 0 0 0 1 0 0 0 1 0 0 0 1 0 0 0 1 0 0 0 1 0 0 0 1 0 0 0 1 0 0 0 1 0 0 0 1 0 0 0 1 0 0 0 1 0 0 0 1 0 0 0 1 0 0 0 1 0 0 0 1 0 0 0 1 0 0 0 1 0 0 0 1 0 0 0 1 0 0 0 1 0 0 0 1 0 0 0 1 0 0 0 1 0 0 0 1 0 0 0 1 0 0 0 1 0 0 0 1 0 0 0 1 0 0 0 1 0 0 0 1 0 0 0 1 0 0 0 1 0 0 0 1 0 0 0 1 0 0 0 1 0 0 0 1 0 0 0 1 0 0 0 1 0 0 0 1 0 0 0 1 0 0 0 1 0 0 0 1 0 0 0 1 0 0 0 1 0 0 0 1 0 0 0 1 0 0 0 1 0 0 0 1 0 0 0 1 0 0 0 1 0 0 0 1 0 0 0 1 0 0 0 1 0 0 0 1 0 0 0 1 0 0 0 1 0 0 0 1 0 0 0 1 0 0 0 1 0 0 0 1 0 0 0 1 0 0 0 1 0 0 0 1 0 0 0 1 0 0 0 1 0 0 0 1 0 0 0 1 0 0 0 1 0 0 0 1 0 0 0 1 0 0 0 1 0 0 0 1 0 0 0 1 0 0 0 1 0 0 0 1 0 0 0 1 0 0 0 1 0 0 0 1 0 0 0 1 0 0 0 1 0 0 0 1 0 0 0 1 0 0 0 1 0 0 0 1 0 0 0 1 0 0 0 1 0 0 0 1 0 0 0 1 0 0 0 1 0 0 0 1 0 0 0 1 0 0 0 1 0 0 0 1 0 0 0 1 0 0 0 1 0 0 0 1 0 0 0 1 0 0 0 1 0 0 0 1 0 0 0 1 0 0 0 1 0 0 0 1 0 0 0 1 0 0 0 1 0 0 0 1 0 0 0 1 0 0 0 1 0 0 0 1 0 0 0 1 0 0 0 1 0 0 0 1 0 0 0 1 0 0 0 1 0 0 0 1 0 0 0 1 0 0 0 1 0 0 0 1 0 0 0 1 0 0 0 1 0 0 0 1 0 0 0 1 0 0 0 1 0 0 0 1 0 0 0 1 0 0 0 1 0 0 0 1 0 0 0 1 0 0 0 1 0 0 0 1 0 0 0 1 0 0 0 1 0 0 0 1 0 0 0 1 0 0 0 1 0 0 0 1 0 0 0 1 0 0 0 1 0 0 0 1 0 0 0 1 0 0 0 1 0 0 0 1 0 0 0 1 0 0 0 1 0 0 0 1 0 0 0 1 0 0 0 1 0 0 0 1 0 0 0 1 0 0 0 1 0 0 0 1 0 0 0 1 0 0 0 1 0 0 0 1 0 0 0 1 0 0 0 1 0 0 0 1 0 0 0 1 0 0 0 1 0 0 0 1 0 0 0 1 0 0 0 1 0 0 0 1 0 0 0 1 0 0 0 1 0 0 0 1 0 0 0 1 0 0 0 1 0 0 0 1 0 0 0 1 0 0 0 1 0 0 0 1 0 0 0 1 0 0 0 1 0 0 0 1 0 0 0 1 0 0 0 1 0 0 0 1 0 0 0 1 0 0 0 1 0 0 0 1 0 0 0 1 0 0 0 1 0 0 0 1 0 0 0 1 0 0 0 1 0 0 0 1 0 0 0 1 0 0 0 1 0 0 0 1 0 0 0 1 0 0 0 1 0 0 0 1 0 0 0 1 0 0 0 1 0 0 0 1 0 0 0 1 0 0 0 1 0 0 0 1 0 0 0 1 0 0 0 1 0 0 0 1 0 0 0 1 0 0 0 1 0 0 0 1 0 0 0 1 0 0 0 1 0 0 0 1 0 0 0 1 0 0 0 1 0 0 0 1 0 0 0 1 0 0 0 1 0 0 0 1 0 0 0 1 0 0 0 1 0 0 0 1 0 0 0 1 0 0 0 1 0 0 0 1 0 0 0 1 0 0 0 1 0 0 0 1 0 0 0 1 0 0 0 1 0 0 0 1 0 0 0 1 0 0 0 1 0 0 0 1 0 0 0 1 0 0 0 1 0 0 0 1 0 0 0 1 0 0 0 1 0 0 0 1 0 0 0 1 0 0 0 1 0 0 0 1 0 0 0 1 0 0 0 1 0 0 0 1 0 0 0 1 0 0 0 1 0 0 0 1 0 0 0 1 0 0 0 1 0 0 0 1 0 0 0 1 0 0 0 1 0 0 0 1 0 0 0 1 0 0 0 1 0 0 0 1 0 0 0 1 0 0 0 1 0 0 0 1 0 0 0 1 0 0 0 1 0 0 0 1 0 0 0 1 0 0 0 1 0 0 0 1 0 0 0 1 0 0 0 1 0 0 0 1 0 0 0 1 0 0 0 1 0 0 0 1 0 0 0 1 0 0 0 1 0 0 0 1 0 0 0 1 0 0 0 1 0 0 0 1 0 0 0 1 0 0 0 1 0 0 0 1 0 0 0 1 0 0 0 1 0 0 0 1 0 0 0 1 0 0 0 1 0 0 0 1 0 0 0 1 0 0 0 1 0 0 0 1 0 0 0 1 0 0 0 1 0 0 0 1 0 0 0 1 0 0 0 1 0 0 0 1 0 0 0 1 0 0 0 1 0 0 0 1 0 0 0 1 0 0 0 1 0 0 0 1 0 0 0 1 0 0 0 1 0 0 0 1 0 0 0 1 0 0 0 1 0 0 0 1 0 0 0 1 0 0 0 1 0 0 0 1 0 0 0 1 0 0 0 1 0 0 0 1 0 0 0 1 0 0 0 1 0 0 0 1 0 0 0 1 0 0 0 1 0 0 0 1 0 0 0 1 0 0 0 1 0 0 0 1 0 0 0 1 0 0 0 1 0 0 0 1 0 0 0 1 0 0 0 1 0 0 0 1 0 0 0 1 0 0 0 1 0 0 0 1 0 0 0 1 0 0 0 1 0 0 0 1 0 0 0 1 0 0 0 1 0 0 0 1 0 0 0 1 0 0 0 1 0 0 0 1 0 0 0 1 0 0 0 1 0 0 0 1 0 0 0 1 0 0 0 1 0 0 0 1 0 0 0 1 0 0 0 1 0 0 0 1 0 0 0 1 0 0 0 1 0 0 0 1 0 0 0 1 0 0 0 1 0 0 0 1 0 0 0 1 0 0 0 1 0 0 0 1 0 0 0 1 0 0 0 1 0 0 0 1 0 0 0 1 0 0 0 1 0 0 0 1 0 0 0 1 0 0 0 1 0 0 0 1 0 0 0 1 0 0 0 1 0 0 0 1 0 0 0 0.5385782 0.2298619 0.2105024 0.02105759 0.5075572 0.2544374 0.2205503 0.01745502 0.5310484 0.2251529 0.2180947 0.02570402 0.5253994 0.2744172 0.1817992 0.01838418 0.5758502 0.2104609 0.1769845 0.03670437 0.5883409 0.1796625 0.1784894 0.05350705 0.5310484 0.2251529 0.2180947 0.02570402 0.4831758 0.3053901 0.1976459 0.01378824 0.568808 0.2446584 0.160011 0.02652257 0.5070768 0.3297243 0.1482974 0.01490151 0.6076441 0.1876747 0.1589613 0.04572 0.6030397 0.22301 0.1316787 0.04227169 0.4682862 0.2633019 0.2593134 0.009098488 0.4444929 0.3220364 0.2257149 0.007755744 0.4552927 0.3706415 0.1624813 0.01158443 0.4040105 0.4032848 0.1859832 0.006721562 0.4463169 0.2808007 0.2652169 0.007665407 0.458936 0.296908 0.2305409 0.01361512 0.4655604 0.302938 0.2171227 0.01437873 0.4068571 0.3440906 0.2427724 0.006280008 0.4514686 0.3371773 0.2072698 0.004084325 0.3900424 0.3320348 0.2724698 0.005452978 0.4307283 0.3075103 0.2543129 0.007448561 0.5303698 0.2669132 0.1807221 0.02199486 0.4842689 0.2796445 0.2200347 0.01605187 0.4402139 0.2989366 0.2528362 0.008013427 0.4441529 0.4268895 0.1180331 0.01092452 0.4885833 0.3723996 0.1327447 0.006272442 0.4788066 0.4055839 0.1006933 0.01491614 0.5813633 0.193289 0.1606399 0.06470782 0.5310976 0.2667837 0.179254 0.02286475 0.3865197 0.3128182 0.2951721 0.005490036 0.4088429 0.3217905 0.2670195 0.002347189 0.4772486 0.284459 0.219997 0.01829544 0.5062916 0.2660665 0.1970507 0.03059118 0.4411647 0.3076792 0.2429192 0.0082369 0.5667092 0.2099164 0.1532638 0.07011053 0.4502578 0.3030287 0.2355942 0.01111925 0.5741842 0.2031728 0.1535193 0.0691238 0.6133167 0.1461978 0.1212013 0.1192842 0.3911872 0.3072881 0.295565 0.005959713 0.3946395 0.3091591 0.2894034 0.006798038 0.3424064 0.3371341 0.3171465 0.003312976 0.3707983 0.3244804 0.3019008 0.002820438 0.6175109 0.1427794 0.1209595 0.1187503 0.5978235 0.2269022 0.0899711 0.08530316 0.624734 0.1353798 0.1260682 0.1138181 0.4516927 0.3020706 0.2431537 0.003082906 0.4192548 0.3235182 0.2538125 0.003414533 0.5126337 0.256917 0.2281377 0.002311615 0.6013517 0.2249514 0.08700026 0.08669657 0.5788122 0.3344903 0.04994936 0.03674811 0.5039222 0.3259483 0.166345 0.00378453 0.4812413 0.3398751 0.1748798 0.004003783 0.6382304 0.1383246 0.1210967 0.1023483 0.612107 0.2174092 0.09074094 0.07974284 0.5779906 0.3366867 0.04984581 0.03547687 0.4790844 0.4766777 0.0263131 0.01792476 0.5913154 0.3249778 0.05203523 0.03167155 0.486128 0.4700822 0.02676399 0.01702574 0.6326849 0.3650898 0.002225304 0 0.6310344 0.20587 0.09818722 0.06490839 0.6189532 0.3785953 0.0024514 0 0.6474993 0.3502865 0.002214314 0 0.6381927 0.1644706 0.1208678 0.07646883 0.6081659 0.3178095 0.05282523 0.02119948 0.5112402 0.4456184 0.02844242 0.01469889 0.6439073 0.3538951 0.002197586 0 0.6580825 0.3393808 0.002536651 0 0.6235618 0.2010579 0.1010861 0.07429428 0.5292891 0.4315719 0.02906462 0.01007439 0.5560138 0.4381124 0.005873751 0 0.6659958 0.331703 0.002301234 0 0.6455033 0.3497997 0.004696934 0 0.5041757 0.4847033 0.01112109 0 0.6066261 0.3899754 0.003398541 0 0.6684836 0.3279419 0.003574452 0 0.6605619 0.3343146 0.00512352 0 0.6325834 0.3638172 0.003599476 0 0.5611776 0.4323098 0.006512661 0 0.5130488 0.458681 0.02387044 0.004399708 0.671883 0.3236353 0.004481791 0 0.6667089 0.3267075 0.005521589 0.001061986 0.6445575 0.3506131 0.004829396 0 0.6748598 0.3187115 0.005036351 0.001392327 0.6680564 0.3245771 0.00609718 0.00126934 0.5782568 0.3642769 0.04556738 0.01189897 0.6184201 0.3090036 0.0572508 0.01532554 0.5789565 0.4143978 0.006645646 0 0.6443555 0.3496858 0.005958634 0 0.6740258 0.3186884 0.005743631 0.001542122 0.6241259 0.3644722 0.01140194 0 0.5733933 0.3716119 0.04832331 0.00667142 0.6311636 0.3609523 0.007883986 0 0.6784728 0.3114316 0.005904495 0.004191184 0.6637878 0.3284576 0.007754592 0 0.6322356 0.3587689 0.008995479 0 0.5835021 0.403377 0.01312092 0 0.5846319 0.4040678 0.01130034 0 0.669587 0.3231595 0.007253596 0 0.664394 0.3276434 0.007962667 0 0.6335657 0.3559893 0.01044495 0 0.5829648 0.4079872 0.009048041 0 0.5762209 0.4169572 0.006821898 0 0.5783118 0.4122287 0.009459485 0 0.5083267 0.4734987 0.01817461 0 0.5788105 0.40912 0.01206945 0 0.503146 0.474713 0.022141 0 0.5168685 0.4631324 0.01999913 0 0.5773999 0.4086115 0.01398851 0 0.4958512 0.4750929 0.02905589 0 0.5100194 0.4662125 0.02376816 0 0.5877511 0.3573233 0.05492561 0 0.5074871 0.4594485 0.0330644 0 0.5829957 0.4015609 0.01544348 0 0.58138 0.4004017 0.01821833 0 0.6105876 0.3018481 0.07278781 0.01477646 0.4864571 0.4808404 0.03270244 0 0.5753838 0.407975 0.01664116 0 0.4810224 0.4809785 0.03799915 0 0.4986123 0.462564 0.03882379 0 0.5764981 0.3545771 0.06892477 0 0.6381922 0.3514273 0.01038046 0 0.5772442 0.4037662 0.01898964 0 0.6039845 0.3044726 0.08265125 0.008891564 0.6764324 0.3166405 0.006927167 0 0.5874371 0.3943794 0.01818351 0 0.669587 0.3231595 0.007253596 0 0.6637878 0.3284576 0.007754592 0 0.6373655 0.3518797 0.01075481 0 0.6784728 0.3114316 0.005904495 0.004191184 0.6241259 0.3644722 0.01140194 0 0.6381922 0.3514273 0.01038046 0 0.6740258 0.3186884 0.005743631 0.001542122 0.6680564 0.3245771 0.00609718 0.00126934 0.6335657 0.3559893 0.01044495 0 0.6322356 0.3587689 0.008995479 0 0.6748598 0.3187115 0.005036351 0.001392327 0.6667089 0.3267075 0.005521589 0.001061986 0.58138 0.4004017 0.01821833 0 0.5874371 0.3943794 0.01818351 0 0.6311636 0.3609523 0.007883986 0 0.671883 0.3236353 0.004481791 0 0.6605619 0.3343146 0.00512352 0 0.6443555 0.3496858 0.005958634 0 0.5835021 0.403377 0.01312092 0 0.6684836 0.3279419 0.003574452 0 0.6455033 0.3497997 0.004696934 0 0.6445575 0.3506131 0.004829396 0 0.6659958 0.331703 0.002301234 0 0.6580825 0.3393808 0.002536651 0 0.5829957 0.4015609 0.01544348 0 0.5846319 0.4040678 0.01130034 0 0.6325834 0.3638172 0.003599476 0 0.6439073 0.3538951 0.002197586 0 0.6474993 0.3502865 0.002214314 0 0.6066261 0.3899754 0.003398541 0 0.6189532 0.3785953 0.0024514 0 0.6326849 0.3650898 0.002225304 0 0.5560138 0.4381124 0.005873751 0 0.486128 0.4700822 0.02676399 0.01702574 0.4790844 0.4766777 0.0263131 0.01792476 0.5112402 0.4456184 0.02844242 0.01469889 0.5041757 0.4847033 0.01112109 0 0.5611776 0.4323098 0.006512661 0 0.5789565 0.4143978 0.006645646 0 0.5779906 0.3366867 0.04984581 0.03547687 0.5788122 0.3344903 0.04994936 0.03674811 0.5913154 0.3249778 0.05203523 0.03167155 0.6013517 0.2249514 0.08700026 0.08669657 0.5978235 0.2269022 0.08997109 0.08530316 0.5292891 0.4315719 0.02906462 0.01007439 0.5829648 0.4079872 0.009048041 0 0.6175107 0.1427796 0.1209596 0.1187501 0.6133164 0.1461982 0.1212009 0.1192845 0.612107 0.2174092 0.09074094 0.07974284 0.5762209 0.4169572 0.006821898 0 0.5130488 0.458681 0.02387044 0.004399708 0.5783118 0.4122287 0.009459485 0 0.5741839 0.2031732 0.1535194 0.06912348 0.5667091 0.2099167 0.153264 0.07011031 0.6081659 0.3178095 0.05282523 0.02119948 0.5083267 0.4734987 0.01817461 0 0.5788105 0.40912 0.01206945 0 0.503146 0.474713 0.022141 0 0.5773999 0.4086115 0.01398851 0 0.5782568 0.3642769 0.04556738 0.01189897 0.5168685 0.4631324 0.01999913 0 0.4958512 0.4750929 0.02905589 0 0.5733933 0.3716119 0.04832331 0.00667142 0.6184201 0.3090036 0.0572508 0.01532554 0.5100194 0.4662125 0.02376816 0 0.5877511 0.3573233 0.05492561 0 0.5074871 0.4594485 0.0330644 0 0.4864571 0.4808404 0.03270244 0 0.6310344 0.20587 0.09818721 0.0649084 0.6105876 0.3018481 0.07278781 0.01477646 0.624734 0.1353798 0.1260682 0.1138181 0.6508603 0.2183803 0.09064986 0.04010954 0.4810224 0.4809785 0.03799915 0 0.4986123 0.462564 0.03882379 0 0.5764981 0.3545771 0.06892477 0 0.6039845 0.3044726 0.08265125 0.008891564 0.6461475 0.2228179 0.1028962 0.02813844 0.6458068 0.1733727 0.1184069 0.06241354 0.5753838 0.407975 0.01664116 0 0.5772442 0.4037662 0.01898964 0 0.6382303 0.1383248 0.1210968 0.1023481 0.5813629 0.1932895 0.1606401 0.06470753 0.5883405 0.1796629 0.1784898 0.05350683 0.5310972 0.2667839 0.1792543 0.0228647 0.5062913 0.2660667 0.197051 0.03059105 0.5303693 0.2669134 0.1807224 0.02199481 0.4842689 0.2796446 0.2200347 0.01605186 0.6410013 0.1485437 0.1155275 0.09492755 0.6381926 0.1644707 0.120868 0.07646875 0.6603334 0.1538064 0.1362591 0.04960113 0.6417742 0.1729725 0.1099119 0.07534138 0.631237 0.2213443 0.1267258 0.02069293 0.6567563 0.166725 0.1414569 0.03506174 0.6179549 0.2168757 0.1545641 0.0106053 0.5862229 0.3376593 0.07611781 0 0.5601998 0.3607138 0.07908637 0 0.5726557 0.3349457 0.09239862 0 0.5424141 0.3719654 0.08562057 0 0.4888034 0.4690778 0.04211879 0 0.4823096 0.4756819 0.04200846 0 0.4794645 0.4765761 0.04395933 0 0.4857577 0.4702339 0.04400845 0 0.5816858 0.3990126 0.01930153 0 0.4888634 0.4657397 0.04539692 0 0.5918869 0.3901066 0.01800645 0 0.5834233 0.3968177 0.01975904 0 0.5816858 0.3990126 0.01930153 0 0.4857577 0.4702339 0.04400845 0 0.4767968 0.476117 0.04708613 0 0.4823096 0.4756819 0.04200846 0 0.4888034 0.4690778 0.04211879 0 0.4794645 0.4765761 0.04395933 0 0.4767968 0.476117 0.04708613 0 0.5424141 0.3719654 0.08562057 0 0.488037 0.4663162 0.04564684 0 0.5170426 0.3958287 0.08712875 0 0.5209613 0.3948756 0.08416309 0 0.5209613 0.3948756 0.08416309 0 0.5601998 0.3607138 0.07908637 0 0.5862229 0.3376593 0.07611781 0 0.5726557 0.3349457 0.09239862 0 0.5327761 0.3788924 0.08833154 0 0.5505806 0.3540756 0.09534384 0 0.5325717 0.3794532 0.08797503 0 0.5244335 0.3878324 0.08773418 0 0.5971085 0.2081884 0.1947031 0 0.6179549 0.2168757 0.1545641 0.0106053 0.579538 0.2187064 0.2017557 0 0.6269674 0.2135017 0.1595309 0 0.6123599 0.2324406 0.1452811 0.009918424 0.5994465 0.2281497 0.1724038 0 0.6273515 0.2018989 0.1490518 0.02169781 0.6312329 0.2213575 0.1267189 0.02069068 0.6567563 0.166725 0.1414569 0.03506174 0.6461475 0.2228179 0.1028962 0.02813844 0.6603335 0.1538065 0.136259 0.04960104 0.6508603 0.2183803 0.09064987 0.04010954 0.6458068 0.1733729 0.1184068 0.06241343 0.6410013 0.1485437 0.1155275 0.09492753 0.6417742 0.1729725 0.1099119 0.07534138 0.642199 0.2060328 0.09608436 0.05568383 0.611239 0.2437787 0.07630803 0.06867435 0.622335 0.2538659 0.09259299 0.03120601 0.5956292 0.286193 0.1002347 0.01794317 0.5808672 0.274936 0.09956229 0.04463454 0.5983118 0.2930853 0.05993421 0.0486687 0.549324 0.3027681 0.1230825 0.02482542 0.5598066 0.3302011 0.06701846 0.04297378 0.5210274 0.3657992 0.08548121 0.02769206 0.5744623 0.3451726 0.05738275 0.02298236 0.5732681 0.3132548 0.1058768 0.007600323 0.5387268 0.3871608 0.03945693 0.03465543 0.4960681 0.4246816 0.05123162 0.02801863 0.5188136 0.4231398 0.04416609 0.01388053 0.5806537 0.2174981 0.2018482 0 0.5495279 0.3689264 0.06918604 0.01235964 0.548315 0.3696973 0.08198772 0 0.5733697 0.2377495 0.1888807 0 0.5661461 0.2378946 0.1959593 0 0.5732024 0.2233942 0.2034034 0 0.5313991 0.3941293 0.06956021 0.004911303 0.5451372 0.3621286 0.0927342 0 0.5215303 0.3857949 0.09267469 0 0.5244335 0.3878324 0.08773418 0 0.5669483 0.2306526 0.2023991 0 0.5018564 0.4447768 0.04793481 0.005431916 0.5257235 0.393362 0.07897592 0.001938495 0.5372514 0.357532 0.1052167 0 0.4766441 0.4664008 0.03019304 0.02676211 0.5732024 0.2233942 0.2034034 0 0.5733697 0.2377495 0.1888807 0 0.5451372 0.3621286 0.0927342 0 0.5325717 0.3794532 0.08797503 0 0.579538 0.2187064 0.2017557 0 0.5806537 0.2174981 0.2018482 0 0.548315 0.3696973 0.08198772 0 0.5327761 0.3788924 0.08833154 0 0.5505806 0.3540756 0.09534384 0 0.5971085 0.2081884 0.1947031 0 0.5994465 0.2281497 0.1724038 0 0.6269674 0.2135017 0.1595309 0 0.6123599 0.2324406 0.1452811 0.009918424 0.6273515 0.2018989 0.1490518 0.02169781 0.5732681 0.3132548 0.1058768 0.007600323 0.5956292 0.286193 0.1002347 0.01794317 0.642199 0.2060328 0.09608436 0.05568383 0.622335 0.2538659 0.09259299 0.03120601 0.6235617 0.201058 0.1010861 0.07429418 0.6112388 0.2437788 0.07630811 0.06867427 0.5983118 0.2930853 0.05993421 0.04866871 0.5744623 0.3451726 0.05738275 0.02298236 0.5495279 0.3689264 0.06918603 0.01235965 0.607644 0.1876747 0.1589613 0.04572 0.5313991 0.3941293 0.06956021 0.004911303 0.6030397 0.22301 0.1316787 0.04227169 0.5598066 0.3302011 0.06701846 0.04297378 0.5188136 0.4231398 0.0441661 0.01388053 0.5257235 0.393362 0.07897592 0.001938495 0.57585 0.210461 0.1769848 0.03670424 0.5808672 0.274936 0.09956229 0.04463454 0.5688077 0.2446586 0.1600111 0.02652251 0.5387268 0.3871608 0.03945693 0.03465543 0.5493239 0.3027681 0.1230826 0.02482538 0.5210273 0.3657994 0.08548126 0.02769201 0.5070768 0.3297243 0.1482974 0.01490151 0.5253994 0.2744172 0.1817992 0.01838418 0.5385782 0.2298619 0.2105024 0.02105759 0.4960681 0.4246816 0.05123162 0.02801863 0.5310484 0.2251531 0.2180946 0.02570401 0.5075569 0.2544375 0.2205507 0.01745496 0.4831755 0.3053901 0.1976461 0.01378819 0.4788066 0.4055839 0.1006933 0.01491614 0.4655603 0.3029381 0.2171229 0.0143787 0.4552923 0.3706417 0.1624815 0.0115844 0.4444929 0.3220364 0.2257149 0.007755745 0.4682862 0.263302 0.2593133 0.009098498 0.4040104 0.4032848 0.1859832 0.006721559 0.4441528 0.4268894 0.1180332 0.01092451 0.4589358 0.2969081 0.2305411 0.01361506 0.4463169 0.2808009 0.2652168 0.007665407 0.406857 0.3440905 0.2427725 0.006280001 0.4514684 0.3371772 0.2072701 0.004084318 0.4885832 0.3723997 0.1327447 0.006272442 0.4307283 0.3075103 0.2543129 0.007448561 0.4793839 0.4478192 0.05808498 0.01471195 0.3900424 0.3320347 0.2724698 0.00545298 0.4402139 0.2989366 0.2528362 0.008013427 0.5118342 0.4010273 0.07621349 0.010925 0.519405 0.4282744 0.03408248 0.01823821 0.4772485 0.2844591 0.2199971 0.01829538 0.4411643 0.307679 0.2429198 0.008236877 0.4502577 0.3030288 0.2355943 0.01111922 0.3865197 0.3128182 0.2951721 0.005490036 0.3911871 0.3072879 0.2955653 0.005959706 0.3946394 0.3091591 0.2894035 0.006798027 0.3424057 0.3371349 0.3171465 0.00331296 0.4088428 0.3217905 0.2670195 0.002347192 0.3707983 0.3244804 0.3019008 0.002820438 0.4516934 0.3020709 0.2431528 0.003082915 0.4192557 0.3235183 0.2538115 0.003414538 0.5126335 0.2569172 0.2281377 0.002311618 0.5039226 0.3259484 0.1663444 0.003784536 0.4812421 0.339875 0.1748791 0.004003786 0.5603375 0.2889667 0.1475942 0.003101697 0.5440772 0.3450046 0.1064946 0.004423564 0.5220348 0.3596922 0.1135829 0.004690106 0.5924948 0.3119991 0.0918431 0.003663065 0.5578355 0.3823495 0.05425918 0.005555868 0.5407602 0.3941788 0.05941866 0.005642396 0.6076989 0.3464184 0.04150426 0.004378452 0.5516828 0.416106 0.02512951 0.007081704 0.5404726 0.424821 0.02818177 0.006524744 0.6578074 0.267515 0.07193057 0.002747023 0.6067194 0.3703593 0.01807644 0.004844795 0.5017214 0.4868774 0.01140115 0 0.5289763 0.4641736 0.00685011 0 0.5106481 0.4794942 0.009857683 0 0.4916464 0.4867646 0.02158903 0 0.4944337 0.4858165 0.01974984 0 0.5031238 0.478819 0.01805723 0 0.4941417 0.4705369 0.03532136 0 0.4965994 0.4674079 0.03599271 0 0.5250291 0.4467801 0.02819082 0 0.5081563 0.4495949 0.04224886 0 0.5107787 0.447024 0.04219724 0 0.4896972 0.4537248 0.05657801 0 0.6239145 0.3520713 0.02401413 0 0.5338681 0.4222623 0.04386969 0 0.5271221 0.4358551 0.03702285 0 0.7254351 0.2694694 0.005095445 0 0.732325 0.2639312 0.003743851 0 0.8687049 0.1312951 0 0 0.738535 0.261465 0 0 0.8931385 0.1068616 0 0 0.8668521 0.1331479 0 0 0.739127 0.2595754 0.001297596 0 0.8865234 0.1134766 0 0 0.8142616 0.1857384 0 0 0.8336861 0.166314 0 0 0.9045112 0.07700448 0.01177268 0.00671168 0.824109 0.1078433 0.06804772 0 0.8720898 0.1279102 0 0 0.8598678 0.1401322 0 0 0.9173025 0.08269748 0 0 0.9521548 0.04784526 0 0 0.8929335 0.1016441 0.005422398 0 0.5605767 0.437807 0.001616391 0 0.8022735 0.1939194 0.003807084 0 0.8928577 0.09288642 0.01425588 0 0.6878693 0.3121307 0 0 0.8366581 0.1623185 0.001023397 0 0.9229944 0.0770056 0 0 0.9253921 0.07254665 0.002061339 0 0.9595907 0.03929325 0.001116094 0 0.9517884 0.04528496 0.002926641 0 1 0 0 0 0.9316101 0.06519075 0.003199192 0 0.6757573 0.2975975 0.02373966 0.002905505 0.9464754 0.05352458 0 0 0.7742832 0.2257168 0 0 0.6553697 0.3030426 0.03827296 0.003314737 0.9925947 0.007405284 0 0 0.9909664 0.009033612 0 0 1 0 0 0 0.9982318 0.001768259 0 0 1 0 0 0 1 0 0 0 0.9974983 0.002501715 0 0 0.9472156 0.05278443 0 0 1 0 0 0 0.9947885 0.005211556 0 0 1 0 0 0 1 0 0 0 1 0 0 0 1 0 0 0 1 0 0 0 1 0 0 0 1 0 0 0 1 0 0 0 0.9982318 0.001768259 0 0 1 0 0 0 1 0 0 0 1 0 0 0 0.9947885 0.005211556 0 0 0.9128963 0.08362953 0.003474171 0 1 0 0 0 0.8085339 0.1804153 0.01105076 0 0.7349074 0.2422973 0.02080992 0.001985327 0.7211362 0.2490329 0.02764918 0.002181745 0.8097644 0.1692326 0.01985377 0.001149208 0.9045571 0.08870658 0.006736308 0 0.719309 0.2314902 0.04722286 0.001977916 0.8054531 0.1593858 0.03401073 0.001150276 1 0 0 0 0.8995094 0.08227675 0.01821387 0 0.7934814 0.1554669 0.05105165 0 0.721077 0.2077677 0.0694729 0.001682371 0.6640458 0.2235231 0.1103988 0.002032325 0.6214926 0.1984809 0.1784576 0.001568972 0.5630484 0.2401547 0.1950895 0.001707421 0.8861232 0.08154035 0.03233641 0 0.7594131 0.1548623 0.08466339 0.00106118 1 0 0 0 0.7241899 0.1461517 0.1296583 0 1 0 0 0 1 0 0 0 0.8515931 0.08835047 0.06005639 0 0.8143297 0.09682195 0.08884842 0 1 0 0 0 1 0 0 0 1 0 0 0 1 0 0 0 1 0 0 0 1 0 0 0 1 0 0 0 1 0 0 0 1 0 0 0 1 0 0 0 1 0 0 0 1 0 0 0 1 0 0 0 0.9974983 0.002501715 0 0 1 0 0 0 1 0 0 0 1 0 0 0 1 0 0 0 0.9925947 0.007405284 0 0 0.9517884 0.04528496 0.002926641 0 0.9595907 0.03929325 0.001116094 0 1 0 0 0 1 0 0 0 0.9454136 0.02814079 0.02644555 0 0.9909664 0.009033612 0 0 0.9229944 0.07700559 0 0 0.9253921 0.07254664 0.002061338 0 0.8929335 0.1016441 0.005422398 0 0.9316101 0.06519075 0.003199192 0 1 0 0 0 1 0 0 0 0.9116999 0.05764695 0.03065322 0 1 0 0 0 1 0 0 0 0.936811 0.0521985 0.01099056 0 0.9464754 0.05352458 0 0 0.9472156 0.05278443 0 0 1 0 0 0 0.8366584 0.1623182 0.001023398 0 1 0 0 0 0.8928577 0.0928864 0.01425589 0 0.9521548 0.04784526 0 0 0.8598675 0.1401325 0 0 0.8022736 0.1939193 0.00380709 0 0.824109 0.1078433 0.06804772 0 0.8720897 0.1279103 0 0 0.833686 0.166314 0 0 0.9173025 0.08269741 0 0 0.5605755 0.4378081 0.001616393 0 0.8865234 0.1134766 0 0 0.8142615 0.1857385 0 0 0.866852 0.1331479 0 0 0.9045112 0.07700441 0.01177269 0.006711686 0.8931385 0.1068615 0 0 0.868705 0.1312951 0 0 0.7391274 0.2595751 0.001297545 0 0.68787 0.3121299 0 0 0.738535 0.261465 0 0 0.732325 0.2639312 0.003743848 0 0.7254352 0.2694694 0.005095437 0 0.5106483 0.4794942 0.009857602 0 0.5031236 0.4788193 0.01805712 0 0.5250291 0.4467802 0.02819075 0 0.5271221 0.4358551 0.03702283 0 0.5338681 0.4222623 0.04386969 0 0.5081552 0.4495957 0.04224908 0 0.4896944 0.4537268 0.05657878 0 0.4941401 0.4705383 0.03532163 0 0.5107788 0.447024 0.04219719 0 0.6239151 0.3520709 0.02401399 0 0.4965993 0.467408 0.03599266 0 0.4944337 0.4858167 0.01974967 0 0.4916456 0.4867654 0.02158905 0 0.5289766 0.4641734 0.006849969 0 0.5017211 0.4868777 0.01140112 0 0.5404729 0.4248204 0.02818199 0.006524706 0.5516824 0.4161061 0.02512983 0.007081704 0.5407601 0.3941786 0.05941894 0.005642384 0.60672 0.3703586 0.01807658 0.00484476 0.5578355 0.3823493 0.05425942 0.005555855 0.5220343 0.3596922 0.1135834 0.0046901 0.5440769 0.3450044 0.1064951 0.004423559 0.6076989 0.3464182 0.04150445 0.004378448 0.6757581 0.2975967 0.02373972 0.002905484 0.5924947 0.3119988 0.09184346 0.00366306 0.5603373 0.2889663 0.1475946 0.003101689 0.6578077 0.2675147 0.07193062 0.002747017 0.7742835 0.2257165 0 0 0.9128963 0.0836295 0.003474168 0 0.6553688 0.3030433 0.03827316 0.003314753 0.808534 0.1804153 0.01105075 0 1 0 0 0 0.7349089 0.2422958 0.02080998 0.001985304 0.9047143 0.08856834 0.006717328 0 0.721136 0.249033 0.02764922 0.002181747 0.8096268 0.1693563 0.01986657 0.001150261 0.8052304 0.1595653 0.03405244 0.001151787 0.719309 0.2314901 0.04722295 0.001977916 0.899307 0.08242541 0.0182676 0 1 0 0 0 0.664046 0.2235227 0.1103989 0.002032319 0.7934813 0.1554669 0.05105172 0 1 0 0 0 0.8861232 0.08154035 0.03233641 0 1 0 0 0 1 0 0 0 1 0 0 0 1 0 0 0 0.621493 0.1984801 0.178458 0.001568959 0.9871815 0.01281848 0 0 0.9746569 0.02418575 0.001157333 0 0.9725595 0.02744057 0 0 0.9746569 0.02418575 0.001157333 0 1 0 0 0 0.926069 0.06930441 0.004626625 0 0.9073096 0.09269043 0 0 0.9005911 0.09940894 0 0 0.926069 0.06930441 0.004626625 0 0.9454136 0.02814079 0.02644555 0 0.8854879 0.1081525 0.006359639 0 0.936811 0.0521985 0.01099056 0 0.8515931 0.08835047 0.06005639 0 0.8951604 0.09152695 0.01331258 0 0.8404418 0.11389 0.04566833 0 0.8228752 0.1615313 0.01559351 0 0.8854879 0.1081525 0.006359639 0 0.9116999 0.05764695 0.03065322 0 0.7697207 0.1399796 0.09029976 0 0.7025369 0.1627226 0.1347404 0 0.7206283 0.186377 0.09190173 0.001092998 0.6437898 0.1842353 0.1708445 0.001130383 0.6675295 0.1997321 0.1327384 0 0.6209688 0.2089231 0.1690144 0.001093761 0.6073613 0.2475933 0.1433665 0.001678896 0.7815025 0.1691333 0.04936406 0 0.665322 0.2371416 0.09541791 0.00211844 0.5379737 0.3130733 0.1455887 0.003364211 0.7258236 0.2209089 0.05154388 0.00172365 0.6074452 0.2937025 0.09486949 0.003982816 0.5568929 0.3485424 0.08767109 0.006893727 0.6196939 0.3270468 0.04686081 0.0063985 0.7766709 0.2054743 0.01660383 0.001251014 0.6695526 0.27606 0.0508329 0.003554533 0.7150453 0.2651853 0.01637524 0.00339419 0.777205 0.2128897 0.00800837 0.001896982 0.5670729 0.3807733 0.04097898 0.01117475 0.6727355 0.3064724 0.01508344 0.00570868 0.6087596 0.3673259 0.0130798 0.01083468 0.6774251 0.3081177 0.007360726 0.007096476 0.8200807 0.1724206 0.007498615 0 0.7936608 0.2053026 0.0010366 0 0.7191938 0.2685043 0.007935988 0.004365875 0.7039899 0.2907405 0.00526967 0 0.7923847 0.2065381 0.001077232 0 0.8200807 0.1724206 0.007498615 0 0.6137972 0.3667342 0.01304717 0.006421342 0.7071002 0.287824 0.005075813 0 0.7191938 0.2685043 0.007935988 0.004365875 0.777205 0.2128897 0.00800837 0.001896982 0.8228752 0.1615313 0.01559351 0 0.8951604 0.09152695 0.01331258 0 0.8404418 0.11389 0.04566831 0 0.8143297 0.09682195 0.08884842 0 0.7594132 0.1548622 0.08466337 0.001061179 0.7210771 0.2077675 0.06947301 0.00168237 0.7241895 0.1461516 0.1296589 0 0.7697207 0.1399796 0.09029976 0 0.702537 0.1627226 0.1347404 0 0.7206283 0.186377 0.09190173 0.001092998 0.7815025 0.1691333 0.04936406 0 0.7766709 0.2054743 0.01660383 0.001251014 0.7258236 0.2209089 0.05154388 0.00172365 0.7150453 0.2651853 0.01637524 0.00339419 0.6774251 0.3081177 0.007360726 0.007096476 0.6437898 0.1842353 0.1708445 0.001130383 0.6675294 0.1997323 0.1327383 0 0.5630478 0.2401551 0.1950897 0.00170743 0.620969 0.208923 0.1690142 0.001093758 0.6073614 0.2475933 0.1433665 0.001678897 0.665322 0.2371416 0.09541791 0.00211844 0.5379732 0.313074 0.1455886 0.003364227 0.6074452 0.2937025 0.09486949 0.003982816 0.5568929 0.3485424 0.08767109 0.006893727 0.6695526 0.27606 0.0508329 0.003554533 0.5118342 0.4010273 0.07621349 0.010925 0.6196939 0.3270468 0.0468608 0.0063985 0.6727355 0.3064724 0.01508344 0.00570868 0.6087592 0.3673263 0.01307978 0.01083471 0.4793839 0.4478192 0.05808498 0.01471195 0.519405 0.4282744 0.03408248 0.01823821 0.5670726 0.3807737 0.04097893 0.01117478 0.498377 0.4634183 0.03034818 0.007856531 0.5647812 0.4078064 0.01685326 0.01055907 0.6137972 0.3667342 0.01304717 0.006421342 0.5687943 0.4058501 0.02011422 0.005241379 0.5949053 0.390175 0.01491964 0 0.6003169 0.3855138 0.01416921 0 0.4903743 0.4558259 0.05096091 0.0028389 0.4834715 0.4752324 0.0412961 0 0.5017256 0.4586461 0.03564423 0.003984191 0.5687943 0.4058501 0.02011422 0.005241379 0.4839054 0.4749411 0.04115347 0 0.5017256 0.4586461 0.03564423 0.003984191 0.5647812 0.4078064 0.01685326 0.01055907 0.498377 0.4634183 0.03034818 0.007856531 0.5359058 0.3614281 0.1026662 0 0.4903743 0.4558259 0.05096091 0.0028389 0.5018564 0.4447768 0.04793481 0.005431916 0.4766441 0.4664008 0.03019304 0.02676211 0.866852 0.1331479 0 0 0.8142615 0.1857385 0 0 0.7124887 0.2786574 0.008853932 0 0.8498785 0.1501215 0 0 0.868705 0.1312951 0 0 0.8503703 0.1496297 0 0 0.7254352 0.2694694 0.005095437 0 0.7131686 0.2783847 0.008446763 0 0.5338681 0.4222623 0.04386969 0 0.5479723 0.4101637 0.04186395 0 0.4896944 0.4537268 0.05657878 0 0.5138817 0.4340367 0.05208166 0 0.6239151 0.3520709 0.02401399 0 0.8668521 0.1331479 0 0 0.7124888 0.2786573 0.008853916 0 0.8142616 0.1857384 0 0 0.8498785 0.1501215 0 0 0.8687049 0.1312951 0 0 0.8503702 0.1496298 0 0 0.7254351 0.2694694 0.005095445 0 0.7131686 0.2783847 0.008446763 0 0.5338681 0.4222623 0.04386969 0 0.5479723 0.4101637 0.04186395 0 0.4896972 0.4537248 0.05657801 0 0.5138839 0.4340351 0.05208097 0 0.6239145 0.3520713 0.02401413 0 0.7601792 0.2398208 0 0 0.6480427 0.3519573 0 0 0.6578279 0.3421721 0 0 0.7572082 0.2427918 0 0 0.8390291 0.1609709 0 0 0.8348793 0.1651207 0 0 0.9266126 0.07338741 0 0 0.9343976 0.06560239 0 0 0.9114078 0.08859225 0 0 0.8124663 0.1875337 0 0 0.8973786 0.1026214 0 0 0.7202555 0.2797445 0 0 0.8963577 0.1036423 0 0 0.9258905 0.07410949 0 0 0.9205475 0.07945247 0 0 0.9403822 0.05961775 0 0 0.9388559 0.06114412 0 0 0.9649131 0.03508696 0 0 0.9635298 0.03647017 0 0 0.9754568 0.02454319 0 0 0.9234297 0.07657025 0 0 0.9743818 0.02561822 0 0 0.9788227 0.02117731 0 0 0.9065856 0.09341445 0 0 0.9603522 0.03964774 0 0 0.9731579 0.02684214 0 0 0.9785104 0.02148964 0 0 0.9790309 0.02096911 0 0 0.9794861 0.02051388 0 0 0.9773573 0.02264273 0 0 0.978279 0.021721 0 0 0.9805946 0.0194054 0 0 0.9185387 0.08146127 0 0 0.8835319 0.1164681 0 0 0.9808708 0.01912917 0 0 0.9844423 0.01555771 0 0 0.9553032 0.04469679 0 0 0.9742213 0.02577874 0 0 0.9843132 0.01568672 0 0 0.9879687 0.01203134 0 0 0.9685307 0.03146937 0 0 0.9520242 0.04797582 0 0 0.9766472 0.02335278 0 0 0.9671565 0.03284346 0 0 0.9884322 0.01156784 0 0 0.9863045 0.01011198 0.003583481 0 0.9817395 0.01826046 0 0 0.9700373 0.02996266 0 0 0.9859661 0.009484353 0.004549572 0 0.9844275 0.008691614 0.006880881 0 0.9874873 0.01251273 0 0 0.9843348 0.008252811 0.007412388 0 0.9834608 0.009021495 0.007517648 0 0.9830162 0.008630292 0.008353533 0 0.9817986 0.009207363 0.008993984 0 0.9521719 0.04782813 0 0 0.9578393 0.04216072 0 0 0.9737169 0.0262831 0 0 0.9048769 0.0951231 0 0 0.9811872 0.01881279 0 0 0.9858367 0.01112161 0.003041658 0 0.9816091 0.00932938 0.009061519 0 0.9799873 0.01031524 0.009697526 0 0.9076678 0.09233219 0 0 0.971016 0.02898399 0 0 0.9850977 0.01490231 0 0 0.9843565 0.01085545 0.004788063 0 0.9798923 0.01034882 0.009758967 0 0.9768007 0.01195417 0.01124515 0 0.9848956 0.0138207 0.001283647 0 0.9838479 0.0116825 0.004469565 0 0.981206 0.01879403 0 0 0.9770118 0.01199864 0.01098958 0 0.9760076 0.01293216 0.01106022 0 0.9825979 0.01210358 0.005298531 0 0.9854034 0.0145966 0 0 0.9761168 0.01273516 0.01114798 0 0.9775674 0.01591499 0.006517562 0 0.9796761 0.01358223 0.006741645 0 0.9775811 0.0158578 0.006561045 0 0.9784123 0.02158764 0 0 0.9781659 0.02183409 0 0 0.9719102 0.02808978 0 0 0.9805346 0.01946539 0 0 0.9800199 0.01998016 0 0 0.9849272 0.01507282 0 0 0.9800913 0.01580384 0.004104911 0 0.9834357 0.01500761 0.001556679 0 0.9711434 0.02885666 0 0 0.9680216 0.03197837 0 0 0.9758445 0.02415552 0 0 0.9821337 0.01786627 0 0 0.9662062 0.03379381 0 0 0.9631962 0.03680379 0 0 0.9796799 0.02032004 0 0 0.9728425 0.02715749 0 0 0.9661503 0.03384974 0 0 0.961234 0.03876605 0 0 0.9572042 0.0427958 0 0 0.970515 0.02948502 0 0 0.9622779 0.03772203 0 0 0.9580541 0.04194589 0 0 0.9526688 0.04733116 0 0 0.9567611 0.04323886 0 0 0.95039 0.04960996 0 0 0.9490789 0.05092115 0 0 0.9321173 0.06788266 0 0 0.9313149 0.0686851 0 0 0.8870171 0.1129828 0 0 0.956502 0.04349799 0 0 0.8853153 0.1146847 0 0 0.8544384 0.1455616 0 0 0.9505156 0.04948436 0 0 0.9282622 0.07173779 0 0 0.946474 0.05352597 0 0 0.9249746 0.07502545 0 0 0.928582 0.07141803 0 0 0.9414683 0.05853173 0 0 0.8697147 0.1302852 0 0 0.9534746 0.04652533 0 0 0.885441 0.114559 0 0 0.8562499 0.1437501 0 0 0.86105 0.13895 0 0 0.8556699 0.1443302 0 0 0.8236009 0.1763991 0 0 0.8586801 0.1413199 0 0 0.8414693 0.1585306 0 0 0.9580039 0.04199605 0 0 0.9319239 0.06807612 0 0 0.9731168 0.02688326 0 0 0.9729581 0.02704188 0 0 0.9604291 0.0395709 0 0 0.9424075 0.05759242 0 0 0.8958528 0.1041472 0 0 0.9731518 0.02684818 0 0 0.9608648 0.03913518 0 0 0.9460284 0.05397157 0 0 0.8352263 0.1647737 0 0 0.9771037 0.02289636 0 0 0.9594988 0.04050115 0 0 0.9460687 0.0539313 0 0 0.9201804 0.0798196 0 0 0.9422327 0.05776727 0 0 0.911334 0.08866597 0 0 0.9266567 0.07334326 0 0 0.9215059 0.07849413 0 0 0.8775856 0.1224144 0 0 0.9275049 0.07249512 0 0 0.8845451 0.1154549 0 0 0.8600364 0.1399636 0 0 0.9038503 0.09614973 0 0 0.8985801 0.1014199 0 0 0.8512911 0.148709 0 0 0.8646007 0.1353993 0 0 0.8954963 0.1045037 0 0 0.8706568 0.1293432 0 0 0.7275847 0.2724153 0 0 0.8689497 0.1310503 0 0 0.7518659 0.2481341 0 0 0.7776936 0.2223064 0 0 0.8900798 0.1099202 0 0 0.8641626 0.1358375 0 0 0.8570151 0.1429849 0 0 0.850074 0.149926 0 0 0.830953 0.169047 0 0 0.7102801 0.2897198 0 0 0.7971323 0.2028677 0 0 0.7043725 0.2956275 0 0 0.7969509 0.2030491 0 0 0.7306377 0.2693623 0 0 0.7323236 0.2676764 0 0 0.7874981 0.2125019 0 0 0.6701128 0.3298871 0 0 0.7174173 0.2825827 0 0 0.691049 0.308951 0 0 0.6498855 0.3501145 0 0 0.7988698 0.2011302 0 0 0.6163533 0.3836467 0 0 0.6572617 0.3427383 0 0 0.583774 0.416226 0 0 0.6252702 0.3747298 0 0 0.6292287 0.3707713 0 0 0.6467495 0.3532505 0 0 0.5639918 0.4360082 0 0 0.5655496 0.4344504 0 0 0.5688698 0.4311302 0 0 0.5831474 0.4168526 0 0 0.582306 0.417694 0 0 0.5816186 0.4183814 0 0 0.6815318 0.3184683 0 0 0.6881273 0.3118728 0 0 0.7044902 0.2955098 0 0 0.6633075 0.3366925 0 0 0.5616936 0.4383064 0 0 0.7263441 0.2736559 0 0 0.7313819 0.2686181 0 0 0.5483927 0.4516073 0 0 0.7214969 0.2785031 0 0 0.7527736 0.2472264 0 0 0.7624702 0.2375297 0 0 0.7820263 0.2179738 0 0 0.7918993 0.2081007 0 0 0.7511243 0.2488757 0 0 0.807063 0.1929369 0 0 0.819384 0.1806159 0 0 0.7754115 0.2245885 0 0 0.8420739 0.1579261 0 0 0.8459233 0.1540767 0 0 0.8569011 0.1430989 0 0 0.8579063 0.1420937 0 0 0.8087379 0.1912621 0 0 0.8697742 0.1302258 0 0 0.8748748 0.1251251 0 0 0.8371765 0.1628235 0 0 0.7767279 0.2232721 0 0 0.89343 0.1052134 0.001356602 0 0.8934008 0.1052856 0.001313539 0 0.8836347 0.114812 0.001553304 0 0.9231315 0.07451583 0.002352705 0 0.9524168 0.04613478 0.001448365 0 0.9105401 0.08710924 0.002350629 0 0.9466335 0.04953489 0.00383162 0 0.9689064 0.02846051 0.002633094 0 0.8430653 0.155519 0.001415734 0 0.8921564 0.1054947 0.002348891 0 0.7267758 0.2732241 0 0 0.9330567 0.06318901 0.003754267 0 0.9362609 0.05944651 0.00429254 0 0.9709045 0.02572016 0.003375339 0 0.9711753 0.02543082 0.003393933 0 0.9351879 0.06087212 0.003939895 0 0.9728993 0.02304927 0.004051407 0 0.9727675 0.02318309 0.004049383 0 0.9568803 0.03556395 0.006474106 0.001081689 0.9729517 0.02227087 0.004777421 0 0.9595466 0.03221361 0.007127413 0.001112399 0.9696579 0.02384376 0.006498348 0 0.93569 0.05966207 0.004647922 0 0.93679 0.05814154 0.005068486 0 0.960457 0.0312557 0.00725534 0.001031939 0.9642931 0.02757039 0.007104751 0.001031767 0.89371 0.1035896 0.002700352 0 0.9570701 0.03390594 0.007950773 0.001073155 0.9576638 0.03317556 0.008051392 0.001109185 0.840925 0.1574964 0.001578596 0 0.8952975 0.1016946 0.003007889 0 0.9315016 0.06360975 0.004888684 0 0.9566861 0.03373525 0.008468268 0.001110332 0.9571594 0.03306628 0.008626011 0.00114834 0.9330375 0.06162572 0.005336832 0 0.9535265 0.03728191 0.008176221 0.0010154 0.9538555 0.03687645 0.008237185 0.001030908 0.9433082 0.05025346 0.006438375 0 0.9419326 0.05184123 0.006226224 0 0.9329346 0.06164616 0.005419253 0 0.8976808 0.09880242 0.003516871 0 0.8979443 0.09864897 0.003406763 0 0.9290866 0.06578853 0.005124823 0 0.9301886 0.06461846 0.005192873 0 0.925506 0.06950097 0.004993035 0 0.9096779 0.08631507 0.00400705 0 0.9103778 0.0855892 0.00403303 0 0.9031298 0.09308822 0.003782041 0 0.8866816 0.1102293 0.003089148 0 0.8879518 0.1089214 0.003126821 0 0.8463847 0.1515303 0.002084984 0 0.8763084 0.1208462 0.00284545 0 0.7983229 0.2005617 0.001115412 0 0.8688102 0.1287171 0.002472683 0 0.8727252 0.1247239 0.00255095 0 0.8556996 0.1420569 0.002243503 0 0.8551872 0.1427332 0.002079499 0 0.8611106 0.1367078 0.002181601 0 0.8278991 0.1705369 0.00156401 0 0.8285525 0.1700633 0.001384149 0 0.8377137 0.1607867 0.001499601 0 0.7949925 0.2050075 0 0 0.7907885 0.2092115 0 0 0.8408015 0.1573605 0.001838053 0 0.7468181 0.2531818 0 0 0.7247689 0.2752311 0 0 0.6086206 0.3913794 0 0 0.7618371 0.2381629 0 0 0.6439883 0.3560117 0 0 0.7596746 0.2403254 0 0 0.7171852 0.2828148 0 0 0.7957764 0.2042236 0 0 0.8377137 0.1607867 0.001499601 0 0.8025242 0.1974758 0 0 0.7440794 0.2559206 0 0 0.7682691 0.2317309 0 0 0.7720026 0.2279975 0 0 0.6629354 0.3370646 0 0 0.725158 0.274842 0 0 0.7331334 0.2668666 0 0 0.7355133 0.2644866 0 0 0.6582446 0.3417554 0 0 0.6621325 0.3378675 0 0 0.6659481 0.334052 0 0 0.5348554 0.4651446 0 0 0.5355926 0.4644074 0 0 0.5300126 0.4699874 0 0 0.5661809 0.4338191 0 0 0.5285473 0.4714527 0 0 0.5353928 0.4646071 0 0 0.5542822 0.4457178 0 0 0.5913702 0.4086299 0 0 0.6377393 0.3622607 0 0 0.6021549 0.3978451 0 0 0.7350301 0.26497 0 0 0.6084834 0.3915166 0 0 0.7387104 0.2612896 0 0 0.5757898 0.4242102 0 0 0.8411908 0.1588093 0 0 0.8249155 0.1750845 0 0 0.8239468 0.1760533 0 0 0.7283238 0.2716762 0 0 0.7148602 0.2851398 0 0 0.6687167 0.3312833 0 0 0.5647362 0.4352638 0 0 0.6757205 0.3242795 0 0 0.5516304 0.4483695 0 0 0.5247711 0.4752289 0 0 0.5379351 0.4620649 0 0 0.5734814 0.4265186 0 0 0.5145428 0.4854572 0 0 0.5204521 0.4795478 0 0 0.5430968 0.4569032 0 0 0.5603867 0.4396133 0 0 0.5101838 0.4898162 0 0 0.5420082 0.4579918 0 0 0.6685724 0.3314276 0 0 0.6021467 0.3978533 0 0 0.5223168 0.4776832 0 0 0.6955886 0.3044114 0 0 0.5966029 0.4033971 0 0 0.5163636 0.4836364 0 0 0.5538014 0.4461987 0 0 0.773955 0.226045 0 0 0.688236 0.311764 0 0 0.5642546 0.4357453 0 0 0.5729186 0.4270814 0 0 0.5135179 0.4864821 0 0 0.5719424 0.4280576 0 0 0.5119808 0.4880192 0 0 0.596167 0.403833 0 0 0.6457297 0.3542702 0 0 0.6922238 0.3077762 0 0 0.7233372 0.2766628 0 0 0.7715176 0.2284824 0 0 0.675702 0.324298 0 0 0.7722802 0.2277197 0 0 0.7727118 0.2272882 0 0 0.8415931 0.156674 0.001732812 0 0.8444582 0.1536896 0.001852195 0 0.8963207 0.1004802 0.003199031 0 0.6480416 0.3519584 0 0 0.7601786 0.2398214 0 0 0.6578269 0.3421731 0 0 0.7572082 0.2427918 0 0 0.8390287 0.1609713 0 0 0.8348793 0.1651207 0 0 0.9266126 0.07338741 0 0 0.9343976 0.06560244 0 0 0.9114077 0.08859229 0 0 0.8124663 0.1875337 0 0 0.8973786 0.1026214 0 0 0.7202551 0.2797449 0 0 0.8963576 0.1036424 0 0 0.9258905 0.07410949 0 0 0.9205475 0.07945254 0 0 0.9403822 0.05961779 0 0 0.9388558 0.06114417 0 0 0.9649131 0.03508696 0 0 0.9635298 0.03647017 0 0 0.9754568 0.0245432 0 0 0.9234297 0.07657032 0 0 0.9743818 0.02561822 0 0 0.9788227 0.02117731 0 0 0.9065855 0.09341454 0 0 0.9603522 0.03964774 0 0 0.9731579 0.02684214 0 0 0.9785104 0.02148964 0 0 0.9790309 0.02096911 0 0 0.9794861 0.02051388 0 0 0.9773573 0.02264273 0 0 0.978279 0.021721 0 0 0.9805946 0.01940541 0 0 0.9185387 0.08146127 0 0 0.8835318 0.1164682 0 0 0.9808708 0.01912917 0 0 0.9844423 0.01555772 0 0 0.9553032 0.04469679 0 0 0.9742212 0.02577874 0 0 0.9843132 0.01568672 0 0 0.9879687 0.01203135 0 0 0.9685307 0.03146937 0 0 0.9520242 0.04797582 0 0 0.9766472 0.02335278 0 0 0.9671565 0.03284347 0 0 0.9884322 0.01156784 0 0 0.9863045 0.01011199 0.003583464 0 0.9817395 0.01826046 0 0 0.9700373 0.02996266 0 0 0.9859661 0.009484353 0.004549572 0 0.9844275 0.008691615 0.006880878 0 0.9874873 0.01251273 0 0 0.9843348 0.008252811 0.007412388 0 0.9834608 0.009021499 0.007517642 0 0.9830162 0.008630292 0.008353533 0 0.9817986 0.009207362 0.008993984 0 0.9521719 0.04782814 0 0 0.9578393 0.04216072 0 0 0.9737169 0.0262831 0 0 0.9048769 0.09512311 0 0 0.9811872 0.01881279 0 0 0.9858367 0.01112161 0.003041657 0 0.9816091 0.00932938 0.009061519 0 0.9799873 0.01031524 0.009697526 0 0.9076678 0.09233219 0 0 0.971016 0.02898399 0 0 0.9850977 0.01490231 0 0 0.9843565 0.01085546 0.004788047 0 0.9848956 0.0138207 0.001283647 0 0.981206 0.01879403 0 0 0.9838479 0.01168251 0.004469549 0 0.9771037 0.02289636 0 0 0.9731518 0.02684818 0 0 0.9805346 0.01946539 0 0 0.9594988 0.04050118 0 0 0.9798923 0.01034882 0.009758967 0 0.9768007 0.01195417 0.01124515 0 0.9854034 0.0145966 0 0 0.9800198 0.01998017 0 0 0.9729581 0.02704188 0 0 0.9770118 0.01199864 0.01098958 0 0.9760076 0.01293216 0.01106022 0 0.9825979 0.01210358 0.005298525 0 0.9761168 0.01273517 0.01114798 0 0.9775674 0.01591499 0.006517562 0 0.9849272 0.01507282 0 0 0.9796761 0.01358224 0.006741638 0 0.9775811 0.01585781 0.006561027 0 0.9784123 0.02158764 0 0 0.9834357 0.01500761 0.001556676 0 0.9781659 0.0218341 0 0 0.9719102 0.02808977 0 0 0.9800913 0.01580385 0.00410489 0 0.9711433 0.02885668 0 0 0.9680216 0.03197836 0 0 0.9758444 0.02415554 0 0 0.9821337 0.01786627 0 0 0.9662062 0.03379382 0 0 0.9631962 0.03680378 0 0 0.9796799 0.02032004 0 0 0.9728425 0.02715749 0 0 0.9661502 0.03384976 0 0 0.961234 0.03876606 0 0 0.9572042 0.0427958 0 0 0.970515 0.02948502 0 0 0.9622779 0.03772203 0 0 0.9580541 0.04194591 0 0 0.9526688 0.0473312 0 0 0.9567611 0.04323888 0 0 0.95039 0.04960996 0 0 0.9490788 0.05092119 0 0 0.9321173 0.06788266 0 0 0.9313148 0.06868515 0 0 0.8870171 0.1129828 0 0 0.956502 0.043498 0 0 0.8853152 0.1146848 0 0 0.8544384 0.1455616 0 0 0.9505156 0.04948437 0 0 0.9282622 0.07173785 0 0 0.946474 0.05352597 0 0 0.9249746 0.07502545 0 0 0.928582 0.07141805 0 0 0.9414683 0.05853173 0 0 0.8697147 0.1302852 0 0 0.9534746 0.04652533 0 0 0.8854409 0.1145591 0 0 0.8562499 0.1437501 0 0 0.86105 0.13895 0 0 0.8556696 0.1443304 0 0 0.8236006 0.1763993 0 0 0.85868 0.14132 0 0 0.8414692 0.1585308 0 0 0.9580039 0.04199605 0 0 0.9319238 0.06807618 0 0 0.9731168 0.02688326 0 0 0.9604291 0.0395709 0 0 0.9424075 0.05759247 0 0 0.8958528 0.1041472 0 0 0.9608648 0.03913518 0 0 0.9460284 0.05397159 0 0 0.9460687 0.0539313 0 0 0.9201804 0.0798196 0 0 0.8352263 0.1647737 0 0 0.9422327 0.05776727 0 0 0.911334 0.08866598 0 0 0.9266567 0.07334326 0 0 0.9215059 0.07849414 0 0 0.8775855 0.1224145 0 0 0.9275049 0.07249512 0 0 0.884545 0.115455 0 0 0.8600364 0.1399636 0 0 0.9038502 0.09614977 0 0 0.8985801 0.1014199 0 0 0.8954962 0.1045038 0 0 0.851291 0.148709 0 0 0.8646007 0.1353993 0 0 0.8706568 0.1293432 0 0 0.7275847 0.2724153 0 0 0.7518659 0.2481341 0 0 0.8689496 0.1310504 0 0 0.8900797 0.1099203 0 0 0.8641624 0.1358376 0 0 0.7776936 0.2223064 0 0 0.8570151 0.1429849 0 0 0.8500738 0.1499262 0 0 0.8309526 0.1690473 0 0 0.7102798 0.2897202 0 0 0.7971323 0.2028677 0 0 0.7043725 0.2956275 0 0 0.6701128 0.3298872 0 0 0.7969505 0.2030495 0 0 0.7306377 0.2693623 0 0 0.7874977 0.2125023 0 0 0.7323236 0.2676764 0 0 0.7174173 0.2825827 0 0 0.691049 0.308951 0 0 0.6498852 0.3501148 0 0 0.7988694 0.2011306 0 0 0.6572611 0.3427388 0 0 0.5837734 0.4162267 0 0 0.6292277 0.3707723 0 0 0.6467487 0.3532513 0 0 0.6252692 0.3747308 0 0 0.5655485 0.4344515 0 0 0.5688691 0.4311309 0 0 0.5639912 0.4360088 0 0 0.582307 0.417693 0 0 0.5816199 0.4183801 0 0 0.5831487 0.4168513 0 0 0.681532 0.318468 0 0 0.6881274 0.3118726 0 0 0.7044902 0.2955098 0 0 0.663308 0.336692 0 0 0.561694 0.438306 0 0 0.7263441 0.2736559 0 0 0.7313824 0.2686177 0 0 0.5483921 0.4516079 0 0 0.7214961 0.2785039 0 0 0.7527747 0.2472253 0 0 0.7624732 0.2375268 0 0 0.7820315 0.2179685 0 0 0.7919072 0.2080928 0 0 0.7511235 0.2488765 0 0 0.8070723 0.1929276 0 0 0.8193982 0.1806018 0 0 0.7754077 0.2245923 0 0 0.8420846 0.1579154 0 0 0.8459334 0.1540667 0 0 0.85691 0.14309 0 0 0.8579164 0.1420836 0 0 0.8087321 0.1912679 0 0 0.8697807 0.1302193 0 0 0.8748875 0.1251125 0 0 0.8371706 0.1628294 0 0 0.7767369 0.2232631 0 0 0.8934363 0.105207 0.001356706 0 0.8934069 0.1052795 0.001313572 0 0.8836293 0.1148172 0.001553496 0 0.9231337 0.07451359 0.002352778 0 0.9524655 0.04608743 0.001447 0 0.9105285 0.08712076 0.002350726 0 0.9466335 0.04953489 0.00383162 0 0.9689662 0.02840378 0.002629978 0 0.8430747 0.1555094 0.001415883 0 0.892151 0.1055 0.002349006 0 0.9709085 0.0257163 0.003375266 0 0.971182 0.02542404 0.003393872 0 0.9351766 0.06088251 0.003940914 0 0.9362458 0.05945952 0.004294666 0 0.9330497 0.06319517 0.00375516 0 0.9729045 0.02304236 0.004053161 0 0.972773 0.02317566 0.004051368 0 0.9567701 0.03565325 0.00649137 0.001085358 0.9729853 0.02223668 0.004778032 0 0.9595622 0.03219422 0.007131 0.001112551 0.9696536 0.02383955 0.006506819 0 0.9356841 0.05966686 0.004649033 0 0.9367933 0.05813669 0.00507007 0 0.9604625 0.03125001 0.007256093 0.001031451 0.9642664 0.02759284 0.007108491 0.00103233 0.8937121 0.103587 0.002700866 0 0.957048 0.03392377 0.007954888 0.001073345 0.9576181 0.03321427 0.008057931 0.001109718 0.8409261 0.1574952 0.001578735 0 0.8952986 0.101693 0.003008439 0 0.9314758 0.06363662 0.004887639 0 0.9566821 0.03373734 0.008470242 0.001110351 0.957158 0.03306372 0.008629611 0.001148622 0.9330445 0.06161668 0.00533885 0 0.9535054 0.03730583 0.008174038 0.001014726 0.9538605 0.03687034 0.008237988 0.001031049 0.9433203 0.0502414 0.006438342 0 0.941937 0.05183795 0.006224993 0 0.9329336 0.06164642 0.00541996 0 0.8976716 0.09881178 0.003516664 0 0.8979397 0.09865335 0.003406925 0 0.9290883 0.06578728 0.005124454 0 0.9301921 0.06461506 0.005192901 0 0.9254987 0.0695089 0.004992495 0 0.9096859 0.08630697 0.004007161 0 0.9103792 0.08558782 0.00403294 0 0.9031262 0.09309194 0.003781834 0 0.8866909 0.1102199 0.003089246 0 0.8879599 0.1089131 0.003126961 0 0.8463832 0.1515318 0.00208503 0 0.8763031 0.1208516 0.002845279 0 0.7983224 0.2005622 0.001115375 0 0.8687879 0.12874 0.002472066 0 0.8727261 0.1247231 0.002550785 0 0.8556946 0.1420621 0.002243338 0 0.8551926 0.142728 0.002079446 0 0.8611138 0.1367047 0.002181522 0 0.8371294 0.1613882 0.001482422 0 0.8278903 0.1705459 0.001563778 0 0.7949867 0.2050133 0 0 0.8285263 0.1700901 0.00138364 0 0.7957593 0.2042406 0 0 0.8025354 0.1974646 0 0 0.7596719 0.2403281 0 0 0.7682689 0.231731 0 0 0.7720084 0.2279917 0 0 0.744077 0.255923 0 0 0.7171866 0.2828135 0 0 0.7331342 0.2668658 0 0 0.7355173 0.2644827 0 0 0.7251604 0.2748396 0 0 0.7247719 0.2752281 0 0 0.662134 0.337866 0 0 0.6659491 0.334051 0 0 0.6629363 0.3370637 0 0 0.6086216 0.3913784 0 0 0.6582456 0.3417544 0 0 0.7468223 0.2531777 0 0 0.5355933 0.4644067 0 0 0.5300134 0.4699866 0 0 0.5348563 0.4651437 0 0 0.5285466 0.4714534 0 0 0.5353922 0.4646078 0 0 0.5661818 0.4338182 0 0 0.5542818 0.4457182 0 0 0.5913702 0.4086299 0 0 0.6377383 0.3622617 0 0 0.6021538 0.3978461 0 0 0.7350301 0.26497 0 0 0.6084825 0.3915175 0 0 0.73871 0.26129 0 0 0.5757895 0.4242105 0 0 0.8411904 0.1588096 0 0 0.8249153 0.1750847 0 0 0.8239467 0.1760533 0 0 0.7283238 0.2716762 0 0 0.7148602 0.2851398 0 0 0.6687166 0.3312834 0 0 0.6757202 0.3242798 0 0 0.5647349 0.4352651 0 0 0.573481 0.426519 0 0 0.5379338 0.4620662 0 0 0.5516302 0.4483698 0 0 0.5247709 0.4752292 0 0 0.5204516 0.4795484 0 0 0.5430967 0.4569033 0 0 0.6439893 0.3560107 0 0 0.5145431 0.4854569 0 0 0.5101842 0.4898158 0 0 0.560387 0.439613 0 0 0.5420073 0.4579926 0 0 0.5223171 0.4776829 0 0 0.602147 0.397853 0 0 0.6685737 0.3314263 0 0 0.7618397 0.2381603 0 0 0.6955894 0.3044106 0 0 0.5966034 0.4033966 0 0 0.5163642 0.4836358 0 0 0.5538005 0.4461995 0 0 0.7907904 0.2092096 0 0 0.8408037 0.1573581 0.001838145 0 0.7739578 0.2260421 0 0 0.6882368 0.3117632 0 0 0.5729191 0.4270809 0 0 0.5135172 0.4864828 0 0 0.8444602 0.1536875 0.00185232 0 0.7727134 0.2272866 0 0 0.8963183 0.1004824 0.003199314 0 0.8415939 0.1566731 0.001732986 0 0.7722805 0.2277194 0 0 0.6757032 0.3242968 0 0 0.7715209 0.228479 0 0 0.6457307 0.3542694 0 0 0.72334 0.27666 0 0 0.7267776 0.2732224 0 0 0.6922256 0.3077744 0 0 0.5961679 0.4038321 0 0 0.5119812 0.4880188 0 0 0.5719417 0.4280583 0 0 0.5642545 0.4357455 0 0 0.6163524 0.3836476 0 0 1 0 0 0 1 0 0 0 1 0 0 0 1 0 0 0 1 0 0 0 1 0 0 0 1 0 0 0 1 0 0 0 1 0 0 0 1 0 0 0 1 0 0 0 1 0 0 0 1 0 0 0 1 0 0 0 1 0 0 0 1 0 0 0 1 0 0 0 1 0 0 0 1 0 0 0 1 0 0 0 1 0 0 0 1 0 0 0 1 0 0 0 1 0 0 0 1 0 0 0 1 0 0 0 1 0 0 0 1 0 0 0 1 0 0 0 1 0 0 0 1 0 0 0 1 0 0 0 1 0 0 0 1 0 0 0 1 0 0 0 1 0 0 0 1 0 0 0 1 0 0 0 1 0 0 0 1 0 0 0 1 0 0 0 1 0 0 0 1 0 0 0 1 0 0 0 1 0 0 0 1 0 0 0 1 0 0 0 1 0 0 0 1 0 0 0 1 0 0 0 1 0 0 0 1 0 0 0 1 0 0 0 1 0 0 0 1 0 0 0 1 0 0 0 1 0 0 0 1 0 0 0 1 0 0 0 1 0 0 0 1 0 0 0 1 0 0 0 1 0 0 0 1 0 0 0 1 0 0 0 1 0 0 0 1 0 0 0 1 0 0 0 1 0 0 0 1 0 0 0 1 0 0 0 1 0 0 0 1 0 0 0 1 0 0 0 1 0 0 0 1 0 0 0 1 0 0 0 1 0 0 0 1 0 0 0 1 0 0 0 1 0 0 0 1 0 0 0 1 0 0 0 1 0 0 0 1 0 0 0 1 0 0 0 1 0 0 0 1 0 0 0 1 0 0 0 1 0 0 0 1 0 0 0 1 0 0 0 1 0 0 0 1 0 0 0 1 0 0 0 1 0 0 0 1 0 0 0 1 0 0 0 1 0 0 0 1 0 0 0 1 0 0 0 1 0 0 0 1 0 0 0 1 0 0 0 1 0 0 0 1 0 0 0 1 0 0 0 1 0 0 0 1 0 0 0 1 0 0 0 1 0 0 0 1 0 0 0 1 0 0 0 1 0 0 0 1 0 0 0 1 0 0 0 1 0 0 0 1 0 0 0 1 0 0 0 1 0 0 0 1 0 0 0 1 0 0 0 1 0 0 0 1 0 0 0 1 0 0 0 1 0 0 0 1 0 0 0 1 0 0 0 1 0 0 0 1 0 0 0 1 0 0 0 1 0 0 0 1 0 0 0 1 0 0 0 1 0 0 0 1 0 0 0 1 0 0 0 1 0 0 0 1 0 0 0 1 0 0 0 0.9658521 0.02440291 0.009745013 0 1 0 0 0 0.9708042 0.02919579 0 0 0.9710035 0.02899646 0 0 0.8222496 0.1160082 0.0617422 0 0.9793615 0.01534572 0.005292722 0 0.8324458 0.1150055 0.05254869 0 0.9576127 0.04238733 0 0 0.8527172 0.1472828 0 0 0.8694472 0.09485623 0.03569658 0 0.9185913 0.04335905 0.03804969 0 0.7898741 0.1217407 0.06964692 0.01873835 0.848156 0.1518441 0 0 0.6920695 0.1795494 0.128381 0 0.6859593 0.179259 0.1347816 0 0.7116354 0.1713199 0.1170447 0 0.578721 0.2256591 0.1956199 0 0.5852963 0.219615 0.1950887 0 0.6044392 0.2129087 0.1826521 0 0.4795066 0.2615218 0.2589716 0 0.4727881 0.2697077 0.2575042 0 0.8412905 0.1587095 0 0 0.7576891 0.2423109 0 0 0.8198228 0.1801771 0 0 0.7510407 0.2489593 0 0 0.6524247 0.1894045 0.1581708 0 0.482217 0.2668763 0.2509067 0 0.3688813 0.3381706 0.2929481 0 0.3983323 0.3211388 0.2805289 0 0.7736484 0.1199429 0.1039973 0.002411513 0.792783 0.207217 0 0 0.7020686 0.2903 0.007631462 0 0.6883977 0.1563803 0.155222 0 0.4985753 0.2673723 0.2340524 0 0.3657727 0.3446193 0.289608 0 0.5988633 0.2926069 0.1085299 0 0.6786265 0.2724188 0.04895477 0 0.784407 0.215593 0 0 0.6763748 0.3144277 0.009197549 0 0.5258929 0.2668212 0.2072859 0 0.4187095 0.3081591 0.2731314 0 0.592422 0.2922672 0.1153108 0 0.6883789 0.2751241 0.03649708 0 0.7046975 0.2641436 0.03115888 0 0.7725247 0.2274753 0 0 0.5099267 0.4615318 0.02854146 0 0.415499 0.3382045 0.2462965 0 0.6108084 0.2847101 0.1044816 0 0.6411445 0.2844431 0.07441234 0 0.7128777 0.2688814 0.01824095 0 0.7461964 0.2538036 0 0 0.7644959 0.2355042 0 0 0.4939808 0.48597 0.02004925 0 0.5901458 0.2561687 0.1536856 0 0.6595013 0.2836601 0.05683865 0 0.6324227 0.2898487 0.07772856 0 0.7267187 0.2653545 0.007926901 0 0.75517 0.2448299 0 0 0.7005764 0.2720159 0.02740765 0 0.7422638 0.2577362 0 0 0.6521656 0.2861476 0.06168687 0 0.6303363 0.2928245 0.07683919 0 0.6622497 0.2830099 0.05474038 0 0.6622497 0.2830099 0.05474038 0 0.7856081 0.214392 0 0 0.6622497 0.2830099 0.05474038 0 0.7325348 0.2474127 0.02005252 0 0.7904872 0.2095128 0 0 0.744272 0.2414682 0.01425985 0 0.8019992 0.1980008 0 0 0.6926876 0.2142792 0.09303317 0 0.7141435 0.2509914 0.03486512 0 0.7894487 0.2105513 0 0 0.6928174 0.2080418 0.09914082 0 0.8034067 0.1965934 0 0 0.7836848 0.2163152 0 0 0.7829269 0.2053997 0.0116734 0 0.7355525 0.2010249 0.06342258 0 0.7782243 0.2119935 0.009782284 0 0.6130786 0.2315723 0.1553492 0 0.7431168 0.2002945 0.05658873 0 0.7122084 0.1989891 0.08880245 0 0.6793943 0.2170558 0.1035498 0 0.7141405 0.2092589 0.07660053 0 0.4119852 0.3759231 0.2120917 0 0.681491 0.1989101 0.1195989 0 0.6796989 0.1963863 0.1239148 0 0.5294446 0.2619852 0.2085702 0 0.6451015 0.2026905 0.152208 0 0.5839717 0.2082928 0.2077355 0 0.5707322 0.254662 0.1746057 0 0.4656815 0.3559175 0.178401 0 0.4388881 0.3680958 0.1930161 0 0.5188999 0.2800934 0.2010067 0 0.5968276 0.2049666 0.1982058 0 0.7216581 0.1464504 0.1318915 0 0.6740577 0.1964588 0.1294835 0 0.5857577 0.2724402 0.1418021 0 0.4812274 0.3483222 0.1704505 0 0.8713021 0.07596293 0.02730355 0.02543143 0.7692031 0.1313796 0.09941728 0 0.899318 0.0722525 0.01474377 0.01368575 0.7869021 0.1331345 0.07996348 0 0.8875219 0.1124781 0 0 0.8467732 0.09745248 0.05577433 0 0.7030073 0.1898158 0.1071769 0 0.9521548 0.04784526 0 0 0.9521548 0.04784526 0 0 0.9050373 0.07521031 0.01975241 0 0.5355503 0.3085783 0.1558714 0 0.7682616 0.145348 0.08639046 0 0.9050003 0.07124798 0.02375167 0 0.9588205 0.04117945 0 0 0.8701672 0.1298328 0 0 0.4231701 0.3908393 0.1859906 0 0.5500725 0.4467205 0.003207047 0 0.5146303 0.4753535 0.01001612 0 0.5278547 0.4649106 0.007234628 0 0.5624508 0.4362167 0.001332561 0 0.5641633 0.4290449 0.006791872 0 0.665246 0.3347541 0 0 0.7053859 0.2946141 0 0 0.6871797 0.3128203 0 0 0.7631209 0.2368791 0 0 0.8060239 0.1939761 0 0 0.9052974 0.09470259 0 0 0.9157611 0.08423894 0 0 0.9306557 0.06934431 0 0 0.8837449 0.1162551 0 0 0.9927183 0.007281648 0 0 1 0 0 0 0.9388069 0.02318111 0.02285946 0.01515255 1 0 0 0 0.8699903 0.07809398 0.05191575 0 1 0 0 0 1 0 0 0 0.9783854 0.0216146 0 0 0.803425 0.1086743 0.08790068 0 0.8170996 0.09637874 0.08652169 0 0.7798055 0.1349573 0.08523717 0 0.9873465 0.01265349 0 0 1 0 0 0 0.9213039 0.06260531 0.01609085 0 0.9452536 0.05313727 0.001609207 0 1 0 0 0 1 0 0 0 1 0 0 0 0.9873465 0.01265349 0 0 1 0 0 0 0.8582789 0.0991158 0.04260532 0 1 0 0 0 1 0 0 0 0.7986165 0.1272477 0.0741359 0 0.7570153 0.1260496 0.116935 0 0.9213039 0.06260531 0.01609085 0 0.9927183 0.007281648 0 0 0.9157611 0.08423893 0 0 0.7623031 0.1337963 0.1039008 0 0.7488511 0.1428361 0.1083128 0 0.9783854 0.0216146 0 0 0.9052974 0.09470259 0 0 0.8060243 0.1939757 0 0 0.6323325 0.2016792 0.1659884 0 1 0 0 0 0.7631212 0.2368788 0 0 0.7053866 0.2946133 0 0 0.8837444 0.1162557 0 0 0.6652468 0.3347532 0 0 0.5641636 0.4290445 0.006791867 0 0.6871782 0.3128218 0 0 0.5624511 0.4362164 0.001332502 0 0.527855 0.4649104 0.007234581 0 0.938807 0.02318111 0.02285946 0.01515254 0.803425 0.1086743 0.08790068 0 0.5500698 0.4467231 0.003207077 0 0.5146307 0.4753534 0.01001595 0 0.4939805 0.4859704 0.02004911 0 0.8701662 0.1298338 0 0 0.7644967 0.2355033 0 0 0.5099242 0.461534 0.02854175 0 0.9306557 0.06934431 0 0 0.772525 0.227475 0 0 0.6763748 0.3144277 0.009197549 0 0.9521548 0.04784526 0 0 0.7844072 0.2155928 0 0 0.7020683 0.2903002 0.007631485 0 0.8170996 0.09637874 0.08652169 0 0.9588205 0.04117945 0 0 0.8875214 0.1124786 0 0 0.792783 0.207217 0 0 0.7510407 0.2489593 0 0 0.8699903 0.07809398 0.05191575 0 0.9521548 0.04784526 0 0 0.899318 0.07225241 0.01474378 0.01368576 0.8198228 0.1801772 0 0 0.7576891 0.2423109 0 0 0.9050003 0.07124798 0.02375167 0 0.8467732 0.09745248 0.05577433 0 0.8713021 0.07596288 0.02730356 0.02543144 0.8412905 0.1587095 0 0 0.848156 0.1518441 0 0 0.789874 0.1217407 0.06964692 0.01873833 0.7736484 0.1199429 0.1039973 0.002411513 0.7692031 0.1313796 0.09941728 0 0.9050373 0.07521031 0.01975241 0 0.7216581 0.1464504 0.1318915 0 0.7869021 0.1331345 0.07996348 0 0.9185913 0.04335907 0.03804969 0 0.8527171 0.1472829 0 0 0.9576127 0.04238733 0 0 0.9708042 0.02919579 0 0 0.8694472 0.09485623 0.03569658 0 0.9793615 0.01534572 0.005292722 0 0.6883977 0.1563803 0.155222 0 0.6740577 0.1964588 0.1294835 0 1 0 0 0 1 0 0 0 1 0 0 0 1 0 0 0 0.9710035 0.02899646 0 0 1 0 0 0 1 0 0 0 0.9658521 0.02440291 0.009745013 0 0.8222496 0.1160082 0.0617422 0 0.8324458 0.1150055 0.05254869 0 0.6920695 0.1795494 0.128381 0 0.6859593 0.179259 0.1347816 0 0.7116354 0.1713199 0.1170447 0 0.578721 0.2256591 0.1956199 0 0.5852963 0.219615 0.1950887 0 0.6524247 0.1894045 0.1581708 0 0.6044392 0.2129087 0.1826521 0 0.4795066 0.2615218 0.2589716 0 0.4727881 0.2697077 0.2575042 0 0.482217 0.2668763 0.2509067 0 0.4985753 0.2673723 0.2340524 0 0.5258929 0.2668212 0.2072859 0 0.3688813 0.3381706 0.2929481 0 0.3983323 0.3211388 0.2805289 0 0.3657727 0.3446193 0.289608 0 0.4187095 0.3081591 0.2731314 0 0.5988633 0.2926069 0.1085299 0 0.6786265 0.2724188 0.04895477 0 0.592422 0.2922672 0.1153108 0 0.6883789 0.2751241 0.03649708 0 0.7046975 0.2641436 0.03115888 0 0.5707322 0.254662 0.1746057 0 0.415499 0.3382045 0.2462965 0 0.6108084 0.2847101 0.1044816 0 0.6411445 0.2844431 0.07441234 0 0.7128777 0.2688814 0.01824095 0 0.7461964 0.2538036 0 0 0.4119852 0.3759231 0.2120917 0 0.4656815 0.3559175 0.178401 0 0.5901458 0.2561687 0.1536856 0 0.6595013 0.2836601 0.05683865 0 0.6324227 0.2898487 0.07772856 0 0.6130786 0.2315723 0.1553492 0 0.7141435 0.2509914 0.03486512 0 0.6622497 0.2830099 0.05474038 0 0.5294446 0.2619852 0.2085702 0 0.7836848 0.2163152 0 0 0.744272 0.2414682 0.01425985 0 0.6793943 0.2170558 0.1035498 0 0.8034067 0.1965934 0 0 0.7782243 0.2119935 0.009782284 0 0.6622497 0.2830099 0.05474038 0 0.7325348 0.2474127 0.02005252 0 0.8019992 0.1980008 0 0 0.7894487 0.2105513 0 0 0.6303363 0.2928245 0.07683919 0 0.7267187 0.2653545 0.007926901 0 0.75517 0.2448299 0 0 0.7005764 0.2720159 0.02740765 0 0.7422638 0.2577362 0 0 0.6521656 0.2861476 0.06168687 0 0.6622497 0.2830099 0.05474038 0 0.7856081 0.214392 0 0 0.7904872 0.2095128 0 0 0.6926876 0.2142792 0.09303317 0 0.6928174 0.2080418 0.09914082 0 0.7829269 0.2053997 0.0116734 0 0.7355525 0.2010249 0.06342258 0 0.7431168 0.2002945 0.05658873 0 0.7122084 0.1989891 0.08880245 0 0.7141405 0.2092589 0.07660053 0 0.681491 0.1989101 0.1195989 0 0.6796989 0.1963863 0.1239148 0 0.6451015 0.2026905 0.152208 0 0.5839717 0.2082928 0.2077355 0 0.4388881 0.3680958 0.1930161 0 0.5188999 0.2800934 0.2010067 0 0.5968276 0.2049666 0.1982058 0 0.6362645 0.1968383 0.1668973 0 0.5857577 0.2724402 0.1418021 0 0.4812274 0.3483222 0.1704505 0 0.7030073 0.1898158 0.1071769 0 0.4231701 0.3908393 0.1859906 0 0.7682616 0.145348 0.08639046 0 0.5355503 0.3085783 0.1558714 0 0.5358949 0.2649446 0.1991605 0 0.7798055 0.1349573 0.08523717 0 0.4144762 0.3994989 0.1860249 0 0.5655645 0.2805913 0.1538443 0 0.7488511 0.1428361 0.1083128 0 0.5480507 0.2822356 0.1697137 0 0.4072734 0.3903619 0.2023647 0 0.5127738 0.2729752 0.214251 0 0.5134953 0.2918802 0.1946244 0 0.7570153 0.1260496 0.116935 0 0.6075113 0.2129953 0.1794935 0 0.672888 0.2077215 0.1193905 0 0.4105882 0.3716161 0.2177957 0 0.6323325 0.2016792 0.1659884 0 0.8582789 0.0991158 0.04260532 0 0.6357143 0.2279477 0.1363381 0 0.6986453 0.2197337 0.08162098 0 0.5282115 0.243426 0.2283626 0 0.4776721 0.3105987 0.2117292 0 0.7623031 0.1337963 0.1039008 0 0.7986165 0.1272477 0.0741359 0 0.6591855 0.2426142 0.09820025 0 0.7170738 0.232403 0.05052315 0 0.4206958 0.3478874 0.2314169 0 0.5429131 0.2420158 0.2150711 0 0.5794401 0.2290384 0.1915215 0 0.6347456 0.2509154 0.1143391 0 0.7591285 0.2408716 0 0 0.4286421 0.3331757 0.2381821 0 0.5384809 0.249091 0.2124281 0 0.4214077 0.3411811 0.2374112 0 0.467566 0.3070789 0.225355 0 0.7309277 0.1579572 0.1111151 0 0.6180927 0.2474052 0.1345021 0 0.7595335 0.2404664 0 0 0.7591285 0.2408716 0 0 0.5368454 0.2447523 0.2184023 0 0.6347456 0.2509154 0.1143391 0 0.7170738 0.232403 0.05052315 0 0.5544524 0.2405788 0.2049688 0 0.5384809 0.249091 0.2124281 0 0.6591855 0.2426142 0.09820025 0 0.6986453 0.2197337 0.08162098 0 0.4687305 0.3076875 0.2235821 0 0.6185811 0.1966342 0.1847847 0 0.6357143 0.2279477 0.1363381 0 0.672888 0.2077215 0.1193905 0 0.5429131 0.2420158 0.2150711 0 0.4286421 0.3331757 0.2381821 0 0.467566 0.3070789 0.225355 0 0.6075113 0.2129953 0.1794935 0 0.5282115 0.243426 0.2283626 0 0.4206958 0.3478874 0.2314169 0 0.6362645 0.1968383 0.1668973 0 0.4776721 0.3105987 0.2117292 0 0.5544524 0.2405788 0.2049688 0 0.4105882 0.3716161 0.2177957 0 0.5127738 0.2729752 0.214251 0 0.5358949 0.2649446 0.1991605 0 0.5794401 0.2290384 0.1915215 0 0.7309277 0.1579572 0.1111151 0 0.4072734 0.3903619 0.2023647 0 0.4144762 0.3994989 0.1860249 0 0.5134953 0.2918802 0.1946244 0 0.5480507 0.2822356 0.1697137 0 0.5655645 0.2805913 0.1538443 0 0.7082984 0.1632043 0.1284972 0 0.8074532 0.1206386 0.07190827 0 0.7167812 0.2754651 0.007753742 0 0.7903563 0.2019416 0.007702065 0 0.8297486 0.1616057 0.008645629 0 0.8203937 0.1694507 0.01015563 0 0.7274905 0.2634076 0.009101918 0 0.9022325 0.08631892 0.01144863 0 0.8062756 0.1821545 0.01156986 0 0.7197347 0.2688421 0.01033593 0.00108738 0.902675 0.08366442 0.01366062 0 0.9566 0.02722867 0.01617132 0 0.7889105 0.1983622 0.01272731 0 0.7547883 0.2331769 0.01203477 0 0.8987469 0.08524366 0.01600946 0 0.950164 0.03034919 0.01948683 0 0.9674498 0.01938601 0.01316425 0 0.9625007 0.0241332 0.01336612 0 0.9665748 0.02943819 0.003986951 0 0.9481419 0.02922244 0.02263564 0 0.9619414 0.03383296 0.004225636 0 0.9613998 0.0362692 0.002331013 0 0.8934859 0.08853269 0.01798139 0 0.9597965 0.02709849 0.01310503 0 0.9556262 0.04220051 0.00217332 0 0.9534864 0.0451225 0.001391037 0 0.9469681 0.02784638 0.02518547 0 0.9580628 0.03819112 0.003746032 0 0.9576347 0.03045873 0.01190661 0 0.9072653 0.07275989 0.01997485 0 0.9492169 0.02791829 0.0228648 0 0.9564212 0.03530909 0.008269736 0 0.8170874 0.1682622 0.01465048 0 0.8620247 0.1210012 0.01697416 0 0.807287 0.1789652 0.01374779 0 0.9259127 0.05167831 0.02240898 0 0.9545342 0.03066102 0.01480479 0 0.8825704 0.09983613 0.01759344 0 0.7871443 0.1999121 0.01294362 0 0.9412427 0.03426202 0.02449531 0 0.9051602 0.07811925 0.01672054 0 0.8406259 0.1466327 0.01274152 0 0.9556075 0.03858668 0.005805872 0 0.9575564 0.0333471 0.009096533 0 0.9505513 0.02535648 0.02409226 0 0.916302 0.06925398 0.01444406 0 0.8517044 0.1371672 0.01112847 0 0.9562612 0.03957506 0.004163718 0 0.9601361 0.03347348 0.00639043 0 0.9576495 0.0213426 0.02100792 0 0.9115863 0.07716949 0.01124426 0 0.8405855 0.1510304 0.008384111 0 0.9592025 0.03788516 0.002912319 0 0.9672267 0.02760608 0.005167193 0 0.9575483 0.02533461 0.01711708 0 0.9297684 0.0611642 0.009067345 0 0.861583 0.1322047 0.00621229 0 0.8228554 0.1727089 0.004435766 0 0.9622318 0.03638423 0.001384031 0 0.9733389 0.02281335 0.003847768 0 0.9667539 0.02023971 0.01300638 0 0.9737939 0.02459184 0.00161426 0 0.9782239 0.01745244 0.004323722 0 0.9794884 0.01862481 0.001886871 0 0.9065937 0.08639108 0.007015247 0 0.9608473 0.02850631 0.01064636 0 0.9803923 0.01381577 0.005791891 0 0.8810297 0.1129889 0.005981387 0 0.7842799 0.2121929 0.003527137 0 0.9500397 0.04039175 0.00956854 0 0.8680555 0.1258956 0.006048908 0 0.7691254 0.2270729 0.003801751 0 0.9825142 0.01477025 0.002715525 0 0.9766682 0.01221958 0.01111219 0 0.9426693 0.04819126 0.009139402 0 0.852194 0.1412502 0.006555879 0 0.763358 0.232041 0.004601071 0 0.9819937 0.01356317 0.004443092 0 0.9733548 0.01458956 0.01205569 0 0.9304345 0.06024199 0.009323483 0 0.8350763 0.1577256 0.007198185 0 0.752349 0.2425476 0.005103395 0 0.9102372 0.07974425 0.01001861 0 0.8297486 0.1616057 0.008645629 0 0.7903563 0.2019416 0.007702065 0 0.9022325 0.08631892 0.01144863 0 0.9643509 0.02174752 0.01390153 0 0.9566 0.02722867 0.01617132 0 0.9703586 0.01709027 0.01255115 0 0.9730433 0.01640355 0.01055315 0 0.9674498 0.01938601 0.01316425 0 0.976576 0.0146256 0.008798365 0 0.9725441 0.02413718 0.003318657 0 0.9665748 0.02943819 0.003986951 0 0.9804953 0.01402136 0.005483311 0 0.9674956 0.03034477 0.002159589 0 0.9613998 0.0362692 0.002331013 0 0.9769843 0.02033013 0.002685603 0 0.9782283 0.02004744 0.001724271 0 0.9613442 0.03743944 0.001216334 0 0.9534864 0.0451225 0.001391037 0 0.9416878 0.05831215 0 0 0.9728544 0.0255805 0.001565101 0 0.9790589 0.02094115 0 0 0.9668951 0.0331049 0 0 0.9764265 0.02357351 0 0 0.9511165 0.04888353 0 0 0.9772133 0.02278668 0 0 0.9739498 0.02605013 0 0 0.9687104 0.03128967 0 0 0.9720832 0.02791682 0 0 0.9717596 0.0282404 0 0 0.965399 0.03460098 0 0 0.9324276 0.06757239 0 0 0.9222725 0.07772749 0 0 0.9565395 0.04346051 0 0 0.9668142 0.03318586 0 0 0.9680216 0.03197839 0 0 0.9498602 0.05013984 0 0 0.9402671 0.05973287 0 0 0.9584368 0.04156316 0 0 0.9647746 0.03522539 0 0 0.9475894 0.0524106 0 0 0.9507293 0.04927072 0 0 0.9565392 0.04346084 0 0 0.940617 0.059383 0 0 0.9604525 0.03954751 0 0 0.9389655 0.0610345 0 0 0.9435117 0.05648829 0 0 0.9533635 0.04663653 0 0 0.9467299 0.05327009 0 0 0.9140619 0.08593809 0 0 0.9360676 0.06393243 0 0 0.9492556 0.05074436 0 0 0.94629 0.05227024 0.00143976 0 0.9071603 0.09283972 0 0 0.8926786 0.1073214 0 0 0.8476163 0.1523837 0 0 0.8601757 0.1398243 0 0 0.9324048 0.06759521 0 0 0.9480293 0.05036726 0.001603449 0 0.7949322 0.2050678 0 0 0.7815621 0.2184379 0 0 0.9529751 0.04445278 0.002572125 0 0.7090946 0.2909054 0 0 0.7070647 0.2929353 0 0 0.6471286 0.3528714 0 0 0.9358715 0.06412841 0 0 0.9405809 0.05941911 0 0 0.9454248 0.05310398 0.001471212 0 0.9327514 0.06724857 0 0 0.9505 0.04768636 0.00181363 0 0.9372556 0.06274447 0 0 0.9240561 0.07594384 0 0 0.9170147 0.08298531 0 0 0.9199902 0.08000983 0 0 0.9250181 0.0749819 0 0 0.9329949 0.0670051 0 0 0.9393247 0.05959941 0.001075933 0 0.9354022 0.06459784 0 0 0.942175 0.05782495 0 0 0.9253556 0.0746444 0 0 0.9459676 0.05272499 0.001307445 0 0.9312078 0.06879221 0 0 0.9416878 0.05831215 0 0 0.9230384 0.07696167 0 0 0.9141129 0.08588704 0 0 0.9113042 0.08869579 0 0 0.9222725 0.07772749 0 0 0.8984968 0.1015032 0 0 0.8795497 0.1204503 0 0 0.8926786 0.1073214 0 0 0.9031419 0.09685811 0 0 0.8838291 0.116171 0 0 0.8640175 0.1359824 0 0 0.8315459 0.1684541 0 0 0.8476163 0.1523837 0 0 0.8077765 0.1922235 0 0 0.7648575 0.2351425 0 0 0.7815621 0.2184379 0 0 0.8441077 0.1558923 0 0 0.8721618 0.1278382 0 0 0.7858465 0.2141536 0 0 0.8314915 0.1685085 0 0 0.6795077 0.3204923 0 0 0.7070647 0.2929353 0 0 0.7758612 0.2241388 0 0 0.6011795 0.3988205 0 0 0.6471286 0.3528714 0 0 0.6246417 0.3686316 0.006726786 0 0.6236831 0.3676842 0.008632647 0 0.7764864 0.1932843 0.03022926 0 0.7684097 0.1989471 0.03264333 0 0.8457913 0.103344 0.05086465 0 0.8381653 0.10779 0.05404458 0 0.8789746 0.06782822 0.05319719 0 0.8686075 0.07304472 0.0583478 0 0.903568 0.0722233 0.02420873 0 0.8920525 0.08122829 0.02671923 0 0.9202485 0.07160027 0.008151238 0 0.8543718 0.09674812 0.04888004 0 0.7907784 0.1804214 0.0288002 0 0.6337337 0.3567346 0.009531607 0 0.8877853 0.06445771 0.04775701 0 0.5845282 0.4154718 0 0 0.6515915 0.3484085 0 0 0.7372976 0.2627024 0 0 0.7092014 0.2907986 0 0 0.5961004 0.4038996 0 0 0.5125889 0.4874111 0 0 0.6487119 0.3437783 0.007509833 0 0.7064452 0.2935549 0 0 0.621727 0.378273 0 0 0.5363449 0.463655 0 0 0.7906933 0.1824508 0.0268559 0 0.5279233 0.4720767 0 0 0.8617032 0.09170071 0.04659611 0 0.8966142 0.06215936 0.04122641 0 0.7081648 0.2918352 0 0 0.6234633 0.3765367 0 0 0.7704144 0.2295856 0 0 0.8274344 0.1725657 0 0 0.7668222 0.2331777 0 0 0.7021735 0.2978265 0 0 0.8669025 0.1330975 0 0 0.8972907 0.1027093 0 0 0.8668748 0.1331252 0 0 0.8968776 0.1031224 0 0 0.9056952 0.09430476 0 0 0.8285678 0.1714322 0 0 0.8757883 0.1242117 0 0 0.7718224 0.2281776 0 0 0.9115576 0.08844238 0 0 0.8374225 0.1625775 0 0 0.9333675 0.0666325 0 0 0.8863591 0.1136409 0 0 0.7178812 0.2821188 0 0 0.6975523 0.3024477 0 0 0.9283111 0.07168889 0 0 0.6145244 0.3854757 0 0 0.5538188 0.4461811 0 0 0.5429771 0.4570229 0 0 0.5419348 0.4580651 0 0 0.5417089 0.4582911 0 0 0.596139 0.403861 0 0 0.6800033 0.3124275 0.00756922 0 0.8118767 0.1620606 0.02606279 0 0.8173452 0.1591631 0.02349168 0 0.8777293 0.07626937 0.04600133 0 0.8885805 0.0655944 0.04582512 0 0.9070196 0.06080624 0.03217414 0 0.9153035 0.05972006 0.0249764 0 0.5445724 0.4554276 0 0 0.629265 0.3691069 0.001628167 0 0.8329757 0.1436668 0.02335754 0 0.8980168 0.055392 0.04659127 0 0.9183771 0.06113331 0.02048962 0 0.5455825 0.4544174 0 0 0.6404314 0.3595686 0 0 0.5392148 0.4607852 0 0 0.5246707 0.4753293 0 0 0.5928401 0.4071599 0 0 0.5003638 0.4996361 0 0 0.6221561 0.3778439 0 0 0.8398833 0.1328819 0.02723483 0 0.9035614 0.04890342 0.04753519 0 0.8438028 0.1233481 0.03284911 0 0.6458973 0.3458599 0.008242795 0 0.6935274 0.3064726 0 0 0.5804145 0.4195855 0 0 0.9193888 0.06226169 0.01834948 0 0.7518144 0.2481857 0 0 0.6376113 0.3623887 0 0 0.7121529 0.2878471 0 0 0.9189726 0.08102738 0 0 0.8896353 0.1103647 0 0 0.8233532 0.1766468 0 0 0.8997398 0.1002602 0 0 0.7386677 0.2613323 0 0 0.8460127 0.1539873 0 0 0.907963 0.09203705 0 0 0.769905 0.230095 0 0 0.8611984 0.1388016 0 0 0.9153168 0.08468321 0 0 0.8045321 0.195468 0 0 0.8687239 0.1312761 0 0 0.8649836 0.1350164 0 0 0.8039145 0.1960854 0 0 0.8081399 0.1918601 0 0 0.7143344 0.2856655 0 0 0.7217925 0.2782075 0 0 0.6834611 0.3165389 0 0 0.6267715 0.3732285 0 0 0.6532077 0.3467923 0 0 0.6779941 0.3016709 0.02033509 0 0.6236831 0.3676842 0.008632647 0 0.6638489 0.3361511 0 0 0.6774123 0.3225878 0 0 0.5276476 0.4723524 0 0 0.6427711 0.3572289 0 0 0.5531961 0.4468038 0 0 0.6500843 0.3499157 0 0 0.5836735 0.4163265 0 0 0.5078249 0.4905756 0.001599561 0 0.6870151 0.2943485 0.01863646 0 0.6384982 0.3615018 0 0 0.5414865 0.4540826 0.004430914 0 0.5980449 0.4019552 0 0 0.6627647 0.3246771 0.0125583 0 0.678524 0.302491 0.01898508 0 0.7173738 0.2568998 0.02572636 0 0.6660674 0.3206373 0.01329528 0 0.7283754 0.244238 0.02738653 0 0.7581633 0.2017274 0.04010936 0 0.8213632 0.1428033 0.03583362 0 0.6977471 0.2819784 0.0202745 0 0.8420156 0.1113481 0.04663628 0 0.8952095 0.05362893 0.0511616 0 0.9050362 0.05899284 0.03597093 0 0.9211046 0.06309231 0.01580314 0 0.8342444 0.1168649 0.04889071 0 0.9047288 0.06590191 0.02936932 0 0.9214793 0.0655474 0.01297328 0 0.933768 0.06206534 0.004166681 0 0.9343016 0.06026734 0.005431045 0 0.9388448 0.05502616 0.006129046 0 0.9426843 0.04989795 0.007417755 0 0.9358528 0.05321243 0.0109348 0 0.9276358 0.05765499 0.01470925 0 0.9173663 0.06354952 0.01908426 0 0.952406 0.04599764 0.001596259 0 0.9620743 0.03632448 0.001601188 0 0.9684425 0.02981958 0.001737847 0 0.9702237 0.02745873 0.002317547 0 0.9647425 0.03115823 0.004099291 0 0.9555424 0.03946202 0.004995591 0 0.9449601 0.05369384 0.001346128 0 0.9411823 0.05182501 0.006992684 0 0.9558687 0.04211246 0.002018862 0 0.9381738 0.0585581 0.003268136 0 0.9675614 0.0310837 0.001354827 0 0.9779251 0.02207483 0 0 0.9832104 0.01678956 0 0 0.9515894 0.04735028 0.001060304 0 0.9479667 0.05066948 0.001363832 0 0.9245397 0.07546031 0 0 0.9633568 0.0366432 0 0 0.973639 0.02636098 0 0 0.9139919 0.08385357 0.002154531 0 0.8498158 0.1501842 0 0 0.9157792 0.08122112 0.002999713 0 0.8360511 0.1639489 0 0 0.7346326 0.2653674 0 0 0.9779497 0.02205034 0 0 0.9220377 0.07453643 0.00342582 0 0.8287426 0.1712574 0 0 0.7295355 0.2704645 0 0 0.5583121 0.3483889 0.08379754 0.009501422 0.9282332 0.06834672 0.003420077 0 0.827354 0.172646 0 0 0.7335773 0.2664227 0 0 0.821298 0.1673292 0.01137279 0 0.7390308 0.2609692 0 0 0.7531756 0.2448616 0.001962848 0 0.5598418 0.3370163 0.08822713 0.01491478 0.5631041 0.3307104 0.09373862 0.01244697 0.5677162 0.3230196 0.1003454 0.008918724 0.398273 0.3887306 0.1753247 0.03767177 0.4446217 0.3690358 0.1662595 0.02008305 0.5666494 0.3147795 0.1116917 0.006879289 0.396261 0.3913867 0.1863653 0.02598702 0.4028271 0.385725 0.1950544 0.01639355 0.4151298 0.2604797 0.2348344 0.08955606 0.4492244 0.2719303 0.2095004 0.06934482 0.4261265 0.2973625 0.2124719 0.06403915 0.3911677 0.3188085 0.2260554 0.06396836 0.3924143 0.3763376 0.216968 0.01428011 0.5532724 0.3149057 0.1275025 0.004319389 0.3868916 0.2973014 0.1871745 0.1286325 0.4181549 0.3245902 0.1548579 0.1023971 0.3737699 0.349903 0.1575878 0.1187392 0.4175161 0.3407631 0.1342126 0.1075082 0.4120405 0.3653588 0.1813462 0.04125462 0.3462775 0.3404287 0.2543493 0.05894444 0.3465855 0.3363015 0.2686591 0.048454 0.3345023 0.3169192 0.2913076 0.05727099 0.5271168 0.3113154 0.1601428 0.00142502 0.5247195 0.3173486 0.1579319 0 0.5162722 0.2783068 0.2054209 0 0.5004931 0.2674906 0.2320163 0 0.35588 0.3179809 0.2753611 0.05077808 0.4477123 0.3019713 0.2116367 0.03867966 0.4938154 0.357922 0.1415892 0.006673472 0.4846814 0.3125727 0.1169681 0.08577787 0.5902951 0.2752949 0.1158782 0.01853175 0.481064 0.4384719 0.07149889 0.008965197 0.6769501 0.165487 0.1222327 0.03533017 0.7487644 0.2354282 0.01399607 0.001811315 0.5787826 0.3978769 0.01307878 0.0102616 0.9195243 0.05465689 0.02581885 0 0.9433897 0.05661039 0 0 0.5331336 0.3315437 0.08925094 0.04607171 0.7128426 0.2078918 0.04212604 0.03713959 0.9010628 0.09893712 0 0 0.6974764 0.2783952 0.02412841 0 0.8528551 0.1471449 0 0 0.6584937 0.3143702 0.02713609 0 0.7847617 0.2128976 0.00234072 0 0.5164929 0.4347059 0.04880123 0 0.4176107 0.3720183 0.1858508 0.02452023 0.6402426 0.3347735 0.02498391 0 0.6963963 0.2936259 0.009977798 0 0.3604809 0.3533699 0.2753829 0.01076628 0.4965918 0.4618474 0.04156081 0 0.4965803 0.3911104 0.1123092 0 0.6272439 0.348722 0.02403415 0 0.7092392 0.2813372 0.009423547 0 0.3503541 0.3390504 0.3105955 0 0.5259959 0.4235507 0.05045348 0 0.522983 0.3834651 0.09355195 0 0.5966935 0.3737083 0.0295983 0 0.702089 0.2876788 0.01023221 0 0.5166026 0.4252766 0.05812072 0 0.47552 0.4439369 0.08054303 0 0.5914116 0.377354 0.03123439 0 0.7056327 0.2834227 0.01094448 0 0.4884037 0.4536079 0.05798843 0 0.5636309 0.4026115 0.03375758 0 0.6924909 0.2957679 0.01174131 0 0.3822923 0.3708133 0.2468945 0 0.4910848 0.410836 0.09807926 0 0.4820755 0.4586532 0.05927124 0 0.4863123 0.4807711 0.03291664 0 0.6737301 0.3186592 0.007610618 0 0.4817255 0.3118542 0.2064204 0 0.5398907 0.3748556 0.08525372 0 0.5147357 0.4247552 0.06050912 0 0.5247097 0.4511131 0.02417716 0 0.6754475 0.3168788 0.007673727 0 0.5590994 0.2686952 0.1722055 0 0.5278935 0.3371688 0.1349376 0 0.5785712 0.3343098 0.08711901 0 0.5557755 0.3838767 0.06034778 0 0.5219071 0.4399948 0.03809814 0 0.6885458 0.304939 0.006515267 0 0.4746541 0.4330465 0.09229937 0 0.6103488 0.2594933 0.1301579 0 0.6150411 0.2966851 0.08827385 0 0.5782661 0.3623592 0.05937467 0 0.5047771 0.465001 0.03022188 0 0.6943156 0.3009203 0.004764064 0 0.5977436 0.2532788 0.1489776 0 0.6132286 0.2036362 0.1831352 0 0.6493288 0.2620809 0.08859034 0 0.5726224 0.3642368 0.06314082 0 0.5234401 0.4493915 0.02716845 0 0.6943222 0.3028429 0.002834906 0 0.6066416 0.2336722 0.1596862 0 0.6599455 0.2501861 0.08986834 0 0.5458643 0.3916578 0.06247787 0 0.5239623 0.4504099 0.0256278 0 0.5266997 0.4656723 0.007628072 0 0.5876898 0.2182922 0.194018 0 0.6143897 0.2148573 0.170753 0 0.6443884 0.2629551 0.09265657 0 0.5321269 0.4062859 0.06158727 0 0.4901831 0.4834772 0.02633973 0 0.5474081 0.4482284 0.004363514 0 0.5990076 0.2314366 0.1695557 0 0.5406923 0.3096472 0.1496604 0 0.6143146 0.2076635 0.1780219 0 0.6132333 0.2915316 0.09523508 0 0.559287 0.3945201 0.04619289 0 0.5869992 0.25719 0.1558108 0 0.6039016 0.2143241 0.1817743 0 0.5738478 0.3155527 0.1105994 0 0.5235298 0.3548214 0.1216488 0 0.5790891 0.2696669 0.151244 0 0.6101382 0.2274671 0.1623947 0 0.4874775 0.4009272 0.1115952 0 0.5467654 0.2940234 0.1592111 0 0.4721057 0.4259667 0.1019277 0 0.5799659 0.3209915 0.09904251 0 0.5700639 0.2434024 0.1865336 0 0.559655 0.2766687 0.1636763 0 0.4470913 0.4452073 0.1077015 0 0.5514946 0.4044603 0.04404504 0 0.4932696 0.4786394 0.02809101 0 0.5404726 0.424821 0.02818177 0.006524744 0.5657248 0.3672794 0.0669957 0 0.6076529 0.3317202 0.06062688 0 0.5125177 0.4084263 0.07905603 0 0.459774 0.4310107 0.1092153 0 0.6363464 0.308955 0.0546985 0 0.6877893 0.268295 0.04391577 0 0.5647091 0.3620833 0.07320766 0 0.5987079 0.3312952 0.06999696 0 0.7236056 0.2381578 0.03823662 0 0.4538377 0.4417558 0.1044065 0 0.5185144 0.3039795 0.177506 0 0.5776376 0.2531119 0.1692504 0 0.779366 0.1978095 0.02282453 0 0.7159402 0.24721 0.03684985 0 0.8248563 0.1592851 0.01585864 0 0.7289658 0.2301865 0.04084777 0 0.6106798 0.3183886 0.07093157 0 0.4658321 0.4160319 0.1181361 0 0.5280762 0.2870637 0.18486 0 0.8495905 0.1377775 0.01263198 0 0.8534518 0.1347516 0.01179654 0 0.830844 0.1533603 0.01579569 0 0.872216 0.1191585 0.008625424 0 0.8294445 0.1505753 0.01998023 0 0.7641124 0.2007197 0.03516781 0 0.8847716 0.1083867 0.006841741 0 0.9309826 0.06901737 0 0 0.9268153 0.07318465 0 0 0.9257872 0.07421281 0 0 0.8979096 0.09587965 0.006210769 0 0.8414321 0.1383718 0.02019619 0 0.9189925 0.08100758 0 0 0.7495189 0.2063949 0.04408616 0 0.8432277 0.1338565 0.02291578 0 0.6108845 0.3103773 0.07873821 0 0.9481702 0.05182975 0 0 0.9379933 0.06200673 0 0 0.9646223 0.03537775 0 0 0.9166465 0.07729323 0.006060243 0 0.9252415 0.07475857 0 0 0.9265522 0.07344783 0 0 0.9234173 0.07091339 0.005669413 0 0.9586787 0.04132137 0 0 0.9723943 0.02760567 0 0 0.9524872 0.04751281 0 0 0.9759143 0.02408573 0 0 0.9806898 0.01931023 0 0 0.9300774 0.06780863 0.002113986 0 0.8202022 0.1569921 0.02280573 0 0.7177928 0.2426336 0.03957364 0 0.5686421 0.3485494 0.08280851 0 0.5917011 0.2345166 0.1737823 0 0.5709463 0.2383658 0.1906879 0 0.4339246 0.3294214 0.2366541 0 0.5603016 0.2826342 0.1455573 0.01150696 0.3420475 0.3139162 0.3045306 0.03950564 0.5247195 0.3173486 0.1579319 0 0.3465855 0.3363015 0.2686591 0.048454 0.3897339 0.3060336 0.2484428 0.05578976 0.4018793 0.3548515 0.2432692 0 0.4137196 0.3472417 0.1413922 0.09764653 0.4181549 0.3245902 0.1548579 0.1023971 0.3735006 0.3699141 0.1320695 0.1245157 0.4696332 0.3064213 0.1648077 0.05913773 0.5053341 0.2688955 0.2257704 0 0.4759798 0.2873616 0.1812983 0.05536043 0.4492244 0.2719303 0.2095004 0.06934482 0.459254 0.3448525 0.1217829 0.07411055 0.5243393 0.3060011 0.1106558 0.0590039 0.5944314 0.234769 0.1707996 0 0.6306444 0.2877847 0.07878783 0.002783059 0.41504 0.2978333 0.2232991 0.0638276 0.4359598 0.3753515 0.1662484 0.0224402 0.4446217 0.3690358 0.1662595 0.02008305 0.5583121 0.3483889 0.08379754 0.009501422 0.480953 0.3554993 0.1188844 0.04466329 0.551989 0.3276151 0.0615123 0.05888356 0.6507242 0.315457 0.03017806 0.003640768 0.4224897 0.3364667 0.2024708 0.03857288 0.391775 0.3849106 0.1940058 0.02930857 0.5702604 0.3350206 0.08459762 0.01012133 0.7346326 0.2653674 0 0 0.5665832 0.3505997 0.05338603 0.0294311 0.6303293 0.3603671 0.006054515 0.003249067 0.486218 0.3661039 0.1205442 0.02713388 0.41263 0.3542233 0.2063266 0.02682019 0.4053007 0.3650669 0.2111334 0.01849905 0.7696975 0.2303025 0 0 0.8498158 0.1501842 0 0 0.5761292 0.3107533 0.1008517 0.01226577 0.5883537 0.3566552 0.04682577 0.008165339 0.6175501 0.3769068 0.005543178 0 0.4752636 0.4026731 0.1041948 0.01786838 0.8650876 0.1349124 0 0 0.9245397 0.07546031 0 0 0.8060796 0.1939204 0 0 0.9311612 0.06883882 0 0 0.9479667 0.05066948 0.001363832 0 0.5379113 0.4201602 0.03871573 0.003212756 0.4970309 0.4691088 0.03269189 0.001168402 0.4787782 0.4577651 0.061521 0.001935693 0.5404897 0.4038229 0.05568733 0 0.5438849 0.322212 0.1244775 0.009425654 0.8883076 0.1116923 0 0 0.9453654 0.05301582 0.001618746 0 0.9381738 0.0585581 0.003268136 0 0.4836351 0.4377955 0.07367349 0.004895969 0.5029615 0.3575837 0.1362579 0.003196987 0.7582116 0.2109891 0.03079926 0 0.9374335 0.06256653 0 0 0.5103545 0.3489756 0.1386915 0.001978416 0.9236354 0.07636459 0 0 0.9297233 0.06620168 0.004075018 0 0.9473586 0.05095605 0.00168539 0 0.9014375 0.08621257 0.01234998 0 0.9202485 0.07160027 0.008151238 0 0.951996 0.04800402 0 0 0.9297662 0.0662203 0.004013498 0 0.8803357 0.09050315 0.02916112 0 0.8920525 0.08122829 0.02671923 0 0.9483767 0.04992414 0.001699237 0 0.9021012 0.08649337 0.01140537 0 0.8609542 0.07851141 0.06053438 0 0.8686075 0.07304472 0.0583478 0 0.9390079 0.05749183 0.003500328 0 0.8739655 0.0959942 0.0300403 0 0.8306922 0.1117309 0.05757693 0 0.8381653 0.10779 0.05404458 0 0.907025 0.08218689 0.01078807 0 0.8533213 0.08428545 0.06239322 0 0.7676311 0.1968266 0.03554231 0 0.7684097 0.1989471 0.03264333 0 0.6909162 0.2864885 0.02259519 0 0.7643806 0.1961471 0.03947236 0 0.7595922 0.2012493 0.03915851 0 0.8283623 0.1100938 0.06154397 0 0.8750226 0.09668245 0.028295 0 0.821384 0.1147684 0.06384768 0 0.8489757 0.0867981 0.06422626 0 0.8227257 0.1101288 0.06714553 0 0.8487471 0.08889648 0.06235644 0 0.8740381 0.09734739 0.02861453 0 0.9034215 0.08507125 0.01150736 0 0.7833018 0.1708928 0.04580548 0 0.9292664 0.0667804 0.0039532 0 0.7441012 0.2239301 0.03196864 0 0.8104907 0.1408953 0.04861405 0 0.795815 0.1548428 0.04934223 0 0.8315086 0.09808075 0.07041059 0 0.8578313 0.0879575 0.05421118 0 0.843591 0.08555204 0.07085696 0 0.8292034 0.1206355 0.05016113 0 0.8851833 0.09022991 0.02458674 0 0.872633 0.08331077 0.04405616 0 0.8583404 0.07181935 0.06984025 0 0.8856182 0.06636236 0.04801947 0 0.8886421 0.07762451 0.03373341 0 0.8761108 0.06782107 0.05606813 0 0.9191447 0.06738361 0.01347174 0 0.9129355 0.06863773 0.01842676 0 0.9057152 0.07169467 0.02259014 0 0.916065 0.07047392 0.0134611 0 0.9333239 0.06257848 0.00409766 0 0.9341999 0.06040756 0.005392559 0 0.9347457 0.05830842 0.006945862 0 0.9433945 0.05525233 0.00135322 0 0.9461848 0.05194501 0.001870197 0 0.9322448 0.06027835 0.007476798 0 0.9563758 0.04362421 0 0 0.956663 0.04333698 0 0 0.9500927 0.04716452 0.002742772 0 0.9652758 0.03472419 0 0 0.9713111 0.02868886 0 0 0.9638156 0.03618444 0 0 0.9504656 0.04953446 0 0 0.9461513 0.05074987 0.00309892 0 0.959479 0.04052102 0 0 0.9549685 0.04372605 0.001305492 0 0.9526025 0.04739748 0 0 0.9378548 0.05699243 0.005152785 0 0.9551203 0.04251045 0.002369295 0 0.955584 0.04441599 0 0 0.9630588 0.03694127 0 0 0.9020218 0.07976946 0.01820877 0 0.9271137 0.0658851 0.007001203 0 0.9461381 0.05135542 0.002506494 0 0.9118466 0.0778591 0.0102943 0 0.9341632 0.0627135 0.003123308 0 1 0 0 0 0.9451941 0.05304935 0.00175655 0 0.9573209 0.04267903 0 0 0.9440383 0.05410367 0.001858018 0 0.9483391 0.05166093 0 0 0.9578581 0.04214189 0 0 0.9592838 0.04071619 0 0 0.9532604 0.0467396 0 0 0.8592387 0.1192127 0.02154854 0 0.9342178 0.06578223 0 0 0.9451423 0.05485776 0 0 0.7800651 0.1804596 0.03947538 0 0.8552871 0.1211232 0.02358964 0 0.819448 0.1533408 0.02721114 0 0.8532457 0.1235233 0.02323093 0 0.617514 0.3006882 0.0817978 0 0.7557207 0.1947618 0.04951745 0 0.7736183 0.1791565 0.04722514 0 0.7324757 0.2131251 0.05439926 0 0.4662449 0.412823 0.1209321 0 0.6129038 0.2990619 0.08803422 0 0.4673484 0.4038479 0.1288037 0 0.6104445 0.2973989 0.0921566 0 0.6278239 0.2904743 0.07995485 0.001746984 0.5279908 0.2793798 0.1926295 0 0.4554164 0.404733 0.1398507 0 0.5773137 0.3225833 0.100103 0 0.4767539 0.3615051 0.1551852 0.006555816 0.5806552 0.2590787 0.1602661 0 0.5107962 0.3664215 0.1214481 0.001334191 0.5024058 0.30112 0.1964741 0 0.4432732 0.4114086 0.1453182 0 0.4251402 0.3274978 0.2365797 0.01078231 0.5685554 0.327503 0.1039416 0 0.4077709 0.4074183 0.1801062 0.004704582 0.4340534 0.4047963 0.1599836 0.001166807 0.5065255 0.2977715 0.195703 0 0.570376 0.257718 0.171906 0 0.4477278 0.299583 0.2448781 0.007811093 0.5620716 0.3253669 0.1125614 0 0.4554238 0.3425505 0.1989086 0.003117034 0.4961603 0.3059051 0.1979346 0 0.5574872 0.2534017 0.1891111 0 0.4473875 0.3628926 0.1764571 0.01326268 0.5592724 0.3922209 0.0485067 0 0.5465592 0.328041 0.1253998 0 0.5262499 0.2536526 0.2188486 0.001248959 0.4717401 0.2616106 0.2609689 0.005680497 0.4561911 0.3643372 0.1694696 0.01000214 0.5080905 0.2968246 0.1940621 0.001022797 0.5275837 0.2382055 0.2323886 0.001822237 0.8297517 0.1616025 0.008645753 0 0.7903572 0.2019406 0.007702129 0 0.7167802 0.2754661 0.007753743 0 0.8203974 0.1694469 0.01015575 0 0.902234 0.08631727 0.01144877 0 0.7274905 0.2634075 0.009101933 0 0.9026769 0.08366237 0.01366077 0 0.9566006 0.02722795 0.01617147 0 0.8062755 0.1821546 0.01156989 0 0.7197347 0.2688421 0.01033593 0.001087383 0.9501647 0.03034833 0.01948701 0 0.9674498 0.01938616 0.01316406 0 0.8987491 0.0852413 0.01600962 0 0.7889146 0.1983579 0.01272747 0 0.7547877 0.2331775 0.01203475 0 0.9625008 0.02413343 0.01336577 0 0.9665747 0.0294385 0.003986837 0 0.9481426 0.02922151 0.02263583 0 0.9619412 0.03383325 0.004225486 0 0.9613996 0.03626949 0.002330986 0 0.8934894 0.08852907 0.01798159 0 0.9597967 0.02709868 0.01310461 0 0.9556259 0.04220089 0.00217326 0 0.9534861 0.04512291 0.001391021 0 0.946969 0.02784531 0.02518566 0 0.9580628 0.03819146 0.003745817 0 0.9576349 0.0304589 0.01190624 0 0.9072682 0.07275677 0.01997501 0 0.9492176 0.02791842 0.02286396 0 0.9564213 0.03530912 0.008269605 0 0.8170916 0.1682578 0.01465065 0 0.8620279 0.1209977 0.01697437 0 0.8072873 0.1789649 0.01374781 0 0.9259147 0.05167617 0.02240914 0 0.9545347 0.03066115 0.01480413 0 0.8825752 0.09983116 0.01759371 0 0.7871433 0.199913 0.01294363 0 0.9412438 0.03426071 0.02449547 0 0.9051619 0.07811741 0.01672071 0 0.8406256 0.1466329 0.01274156 0 0.9556075 0.0385867 0.005805878 0 0.9575566 0.03334724 0.009096161 0 0.950552 0.0253556 0.02409246 0 0.916304 0.06925176 0.01444423 0 0.8517045 0.1371669 0.01112852 0 0.9562612 0.03957521 0.004163661 0 0.9601361 0.03347373 0.006390206 0 0.9576499 0.02134196 0.02100807 0 0.9115881 0.07716759 0.01124435 0 0.8405855 0.1510304 0.008384111 0 0.9592023 0.03788546 0.002912238 0 0.9672267 0.02760627 0.005166998 0 0.9575481 0.02533469 0.01711714 0 0.929771 0.06116153 0.009067453 0 0.861583 0.1322047 0.00621229 0 0.8228554 0.1727089 0.004435766 0 0.9622315 0.03638452 0.001383978 0 0.9733391 0.02281349 0.003847428 0 0.9667543 0.02023924 0.01300644 0 0.9737939 0.02459189 0.001614206 0 0.978224 0.01745252 0.004323497 0 0.9794884 0.01862484 0.001886815 0 0.9065967 0.08638795 0.00701534 0 0.9608479 0.02850574 0.01064639 0 0.9803926 0.0138158 0.00579164 0 0.881031 0.1129876 0.005981421 0 0.7842799 0.2121929 0.003527137 0 0.9500403 0.0403911 0.009568576 0 0.868059 0.125892 0.006049009 0 0.7691252 0.2270731 0.003801755 0 0.9825143 0.01477028 0.002715437 0 0.9766685 0.01221961 0.01111191 0 0.9426703 0.04819026 0.00913945 0 0.8521972 0.1412468 0.006555988 0 0.7633579 0.2320411 0.004601085 0 0.9819939 0.0135632 0.004442906 0 0.9733551 0.01458927 0.01205572 0 0.9304354 0.06024104 0.009323549 0 0.8350798 0.157722 0.007198296 0 0.7523487 0.2425479 0.005103408 0 0.910238 0.07974333 0.0100187 0 0.8297517 0.1616025 0.008645753 0 0.7903572 0.2019406 0.007702129 0 0.902234 0.08631727 0.01144877 0 0.9643514 0.021747 0.01390163 0 0.9566006 0.02722795 0.01617147 0 0.970359 0.01708984 0.01255122 0 0.9730434 0.01640366 0.01055297 0 0.9674498 0.01938616 0.01316406 0 0.9765761 0.01462567 0.008798257 0 0.972544 0.02413744 0.003318578 0 0.9665747 0.0294385 0.003986837 0 0.9804955 0.01402142 0.005483092 0 0.9674954 0.030345 0.002159585 0 0.9613996 0.03626949 0.002330986 0 0.9769842 0.02033028 0.002685553 0 0.9782282 0.02004755 0.001724228 0 0.9613439 0.03743971 0.001216326 0 0.9534861 0.04512291 0.001391021 0 0.9416873 0.05831263 0 0 0.9728543 0.02558064 0.001565113 0 0.9790587 0.02094124 0 0 0.966895 0.03310502 0 0 0.9764265 0.02357353 0 0 0.9511161 0.04888387 0 0 0.9772132 0.02278681 0 0 0.9739499 0.02605006 0 0 0.9687104 0.03128964 0 0 0.972083 0.02791697 0 0 0.9717596 0.02824039 0 0 0.9653988 0.03460113 0 0 0.9324272 0.06757285 0 0 0.9222719 0.07772809 0 0 0.9565393 0.04346072 0 0 0.9668141 0.03318591 0 0 0.9680216 0.03197839 0 0 0.9498596 0.05014035 0 0 0.9402668 0.05973316 0 0 0.9584367 0.04156333 0 0 0.9647746 0.03522539 0 0 0.9475892 0.0524108 0 0 0.9507289 0.04927105 0 0 0.9565391 0.0434609 0 0 0.9406167 0.05938332 0 0 0.9604525 0.03954751 0 0 0.9389653 0.06103468 0 0 0.9435113 0.0564887 0 0 0.9533633 0.04663669 0 0 0.9467299 0.05327011 0 0 0.9140614 0.08593862 0 0 0.9360673 0.06393271 0 0 0.9492556 0.05074444 0 0 0.9462899 0.0522704 0.001439725 0 0.9071597 0.0928403 0 0 0.8926778 0.1073222 0 0 0.8476152 0.1523848 0 0 0.8601747 0.1398253 0 0 0.9324045 0.06759555 0 0 0.9480292 0.05036741 0.001603395 0 0.7949306 0.2050693 0 0 0.7815605 0.2184395 0 0 0.952975 0.04445305 0.002571964 0 0.7090922 0.2909078 0 0 0.7070622 0.2929378 0 0 0.6471272 0.3528728 0 0 0.9358714 0.06412861 0 0 0.9405807 0.05941933 0 0 0.9454246 0.05310428 0.001471174 0 0.9327511 0.06724893 0 0 0.9504997 0.04768674 0.001813564 0 0.9372554 0.06274462 0 0 0.9240557 0.07594426 0 0 0.9170142 0.08298577 0 0 0.9199898 0.08001021 0 0 0.9250178 0.07498217 0 0 0.9329946 0.06700543 0 0 0.9393243 0.0595998 0.001075909 0 0.9354019 0.06459805 0 0 0.942175 0.05782498 0 0 0.9253552 0.07464479 0 0 0.9056945 0.09430554 0 0 0.8968769 0.1031231 0 0 0.8972902 0.1027098 0 0 0.9031414 0.09685855 0 0 0.866874 0.133126 0 0 0.8757872 0.1242128 0 0 0.9115571 0.08844288 0 0 0.9333675 0.06663252 0 0 0.9141124 0.08588752 0 0 0.8669018 0.1330982 0 0 0.8721611 0.1278389 0 0 0.8274332 0.1725669 0 0 0.8285665 0.1714335 0 0 0.8374208 0.1625792 0 0 0.9283109 0.07168912 0 0 0.8863583 0.1136417 0 0 0.8838284 0.1161716 0 0 0.8314906 0.1685094 0 0 0.9230378 0.07696217 0 0 0.9459671 0.05272545 0.001307417 0 0.9312072 0.06879278 0 0 0.9416873 0.05831263 0 0 0.8984962 0.1015039 0 0 0.9113036 0.08869644 0 0 0.9222719 0.07772809 0 0 0.8441067 0.1558933 0 0 0.8640166 0.1359834 0 0 0.8795489 0.1204511 0 0 0.8926778 0.1073222 0 0 0.8315448 0.1684552 0 0 0.8476152 0.1523848 0 0 0.8077751 0.1922248 0 0 0.7648558 0.2351442 0 0 0.7815605 0.2184395 0 0 0.7858452 0.2141548 0 0 0.7758601 0.22414 0 0 0.6795058 0.3204943 0 0 0.7070622 0.2929378 0 0 0.7704127 0.2295873 0 0 0.7668202 0.2331798 0 0 0.708163 0.291837 0 0 0.7064433 0.2935567 0 0 0.7091997 0.2908003 0 0 0.737296 0.262704 0 0 0.7718202 0.2281797 0 0 0.7021708 0.2978291 0 0 0.6234602 0.3765398 0 0 0.6515888 0.3484112 0 0 0.6217242 0.3782758 0 0 0.5960972 0.4039028 0 0 0.7178785 0.2821215 0 0 0.6975508 0.3024493 0 0 0.6145201 0.38548 0 0 0.5538146 0.4461854 0 0 0.5845263 0.4154737 0 0 0.5125874 0.4874126 0 0 0.6011747 0.3988253 0 0 0.6471272 0.3528728 0 0 0.6246491 0.3686239 0.006726936 0 0.6236928 0.3676743 0.008632964 0 0.6337416 0.3567264 0.00953204 0 0.6487206 0.3437691 0.007510285 0 0.5363476 0.4636523 0 0 0.7764921 0.1932776 0.03023029 0 0.7684167 0.1989388 0.03264457 0 0.7907853 0.1804136 0.02880113 0 0.8457938 0.1033407 0.05086558 0 0.8381676 0.107787 0.05404537 0 0.8543741 0.09674486 0.04888102 0 0.8789762 0.06782925 0.05319458 0 0.8686093 0.07304595 0.05834473 0 0.9035689 0.07222372 0.02420739 0 0.8920536 0.08122879 0.0267176 0 0.9202492 0.07160029 0.008150552 0 0.7906997 0.1824433 0.02685695 0 0.8877866 0.06445857 0.04775483 0 0.8617054 0.09169764 0.04659697 0 0.8966151 0.06216001 0.04122483 0 0.8118833 0.1620528 0.02606392 0 0.8777317 0.07626607 0.04600224 0 0.9070204 0.06080695 0.03217256 0 0.6800163 0.3124136 0.007570067 0 0.9276369 0.05765495 0.01470819 0 0.9173673 0.06354965 0.01908302 0 0.9358538 0.05321221 0.01093398 0 0.9153044 0.05972052 0.02497506 0 0.8885834 0.06559046 0.04582614 0 0.8173577 0.1591492 0.0234931 0 0.5961404 0.4038595 0 0 0.9426855 0.0498973 0.007417077 0 0.9555435 0.03946143 0.004995099 0 0.9647439 0.03115721 0.004098894 0 0.9702253 0.02745745 0.002317175 0 0.9684439 0.02981851 0.001737598 0 0.9411832 0.05182469 0.006992101 0 0.9558692 0.0421122 0.002018606 0 0.9381745 0.05855762 0.003267847 0 0.9675618 0.03108356 0.001354658 0 0.9779254 0.02207457 0 0 0.983211 0.01678899 0 0 0.9515887 0.047351 0.001060253 0 0.9479668 0.05066944 0.001363742 0 0.9245385 0.07546149 0 0 0.963356 0.03664394 0 0 0.9736386 0.02636141 0 0 0.9139901 0.08385538 0.002154583 0 0.849813 0.150187 0 0 0.9157767 0.08122342 0.002999811 0 0.8360487 0.1639513 0 0 0.7346303 0.2653697 0 0 0.9779495 0.02205051 0 0 0.9220353 0.07453872 0.003425946 0 0.8287396 0.1712604 0 0 0.7295355 0.2704645 0 0 0.5583082 0.3483907 0.08379945 0.009501639 0.9282314 0.06834838 0.003420251 0 0.8273507 0.1726493 0 0 0.7335756 0.2664244 0 0 0.8212952 0.1673323 0.01137255 0 0.7390279 0.2609721 0 0 0.7531753 0.2448639 0.001960784 0 0.5598387 0.3370177 0.08822855 0.01491511 0.5631039 0.3307106 0.09373841 0.01244708 0.5677164 0.32302 0.1003449 0.008918816 0.3982752 0.3887244 0.1753278 0.03767258 0.4446255 0.3690296 0.1662618 0.02008305 0.5666454 0.3147813 0.1116936 0.006879618 0.396263 0.3913819 0.1863675 0.0259876 0.4028235 0.3857267 0.195056 0.01639378 0.4151301 0.2604815 0.2348308 0.08955756 0.4492247 0.271933 0.2094964 0.0693459 0.4261279 0.2973666 0.2124649 0.06404062 0.3911681 0.3188138 0.2260475 0.06397056 0.3924128 0.3763391 0.2169678 0.0142803 0.5532657 0.3149064 0.1275081 0.00431978 0.3868911 0.2973021 0.1871764 0.1286305 0.4181542 0.3245912 0.1548596 0.1023949 0.3737696 0.3499032 0.157589 0.1187383 0.417517 0.3407623 0.1342136 0.1075071 0.412042 0.3653613 0.1813412 0.04125554 0.3462795 0.3404282 0.2543487 0.05894358 0.3465846 0.3363037 0.2686584 0.04845332 0.3345043 0.3169185 0.2913069 0.05727029 0.5271178 0.3113152 0.1601422 0.001424684 0.5247205 0.3173483 0.1579312 0 0.5162731 0.2783065 0.2054204 0 0.5004939 0.2674901 0.232016 0 0.3558794 0.3179827 0.2753605 0.05077752 0.4477122 0.3019722 0.2116363 0.03867945 0.4938158 0.3579217 0.141589 0.00667348 0.4846818 0.3125718 0.1169691 0.08577721 0.5902947 0.2752958 0.115878 0.01853167 0.4810637 0.4384723 0.07149878 0.00896521 0.6769499 0.1654867 0.1222332 0.03533015 0.7487645 0.2354282 0.01399606 0.001811314 0.5787827 0.397877 0.01307876 0.0102616 0.9195243 0.05465689 0.02581885 0 0.9433897 0.05661034 0 0 0.5331348 0.3315422 0.08925057 0.0460724 0.7128427 0.2078913 0.04212634 0.03713968 0.9010629 0.09893709 0 0 0.6974776 0.2783941 0.02412828 0 0.8528557 0.1471443 0 0 0.6584945 0.3143694 0.02713608 0 0.7847626 0.2128969 0.002340639 0 0.5164935 0.4347058 0.04880074 0 0.4176102 0.372018 0.1858508 0.024521 0.6402432 0.334773 0.02498381 0 0.6963963 0.293626 0.009977776 0 0.36048 0.3533705 0.2753829 0.01076668 0.4965908 0.4618492 0.04156007 0 0.4965812 0.391111 0.1123078 0 0.6272447 0.3487213 0.02403397 0 0.7092395 0.281337 0.009423509 0 0.3503521 0.3390561 0.3105917 0 0.5259969 0.4235502 0.05045303 0 0.5229848 0.383464 0.09355114 0 0.5966935 0.3737082 0.02959826 0 0.7020891 0.2876788 0.01023218 0 0.516604 0.4252754 0.0581206 0 0.4755224 0.4439353 0.08054224 0 0.5914122 0.3773535 0.03123432 0 0.7056329 0.2834226 0.01094447 0 0.4884047 0.4536069 0.05798838 0 0.5636321 0.4026104 0.03375755 0 0.6924911 0.2957677 0.01174135 0 0.3822885 0.3708194 0.2468921 0 0.4910827 0.4108379 0.09807941 0 0.4820746 0.4586541 0.0592712 0 0.4863127 0.4807706 0.03291675 0 0.6737301 0.3186592 0.007610618 0 0.4817224 0.311859 0.2064186 0 0.5398893 0.3748571 0.08525366 0 0.5147348 0.4247561 0.06050908 0 0.5247097 0.4511131 0.02417716 0 0.6754475 0.3168788 0.007673727 0 0.5590967 0.2686983 0.1722049 0 0.5278955 0.3371663 0.1349383 0 0.5785698 0.3343112 0.08711895 0 0.5557752 0.3838771 0.06034777 0 0.5219071 0.4399948 0.03809814 0 0.6885458 0.304939 0.006515265 0 0.4746526 0.4330478 0.09229956 0 0.6103494 0.2594944 0.1301561 0 0.6150402 0.296686 0.08827385 0 0.5782661 0.3623592 0.05937467 0 0.5047773 0.4650008 0.03022185 0 0.6943162 0.3009198 0.00476399 0 0.5977432 0.2532793 0.1489775 0 0.6132303 0.2036368 0.1831328 0 0.6493294 0.2620801 0.08859058 0 0.5726224 0.3642368 0.06314082 0 0.5234408 0.449391 0.02716825 0 0.6943231 0.3028422 0.00283479 0 0.6066414 0.2336727 0.1596859 0 0.6599455 0.2501861 0.08986834 0 0.5458639 0.3916583 0.06247776 0 0.5239626 0.4504097 0.0256277 0 0.5266997 0.4656724 0.007627896 0 0.5876892 0.2182921 0.1940186 0 0.6143893 0.2148571 0.1707536 0 0.6443884 0.2629551 0.09265657 0 0.5321262 0.4062868 0.061587 0 0.4901822 0.4834782 0.02633948 0 0.5474087 0.448228 0.004363304 0 0.5990088 0.2314345 0.1695566 0 0.6143149 0.207664 0.1780211 0 0.6132333 0.2915319 0.0952348 0 0.5592868 0.3945209 0.04619217 0 0.4932692 0.4786398 0.02809091 0 0.5404729 0.4248204 0.02818199 0.006524706 0.5406933 0.3096449 0.1496617 0 0.603902 0.2143245 0.1817735 0 0.5738475 0.3155536 0.1105989 0 0.5514944 0.4044609 0.04404468 0 0.5917029 0.2345144 0.1737827 0 0.4597759 0.4310078 0.1092164 0 0.6101387 0.2274675 0.1623938 0 0.5799661 0.3209926 0.09904122 0 0.5235305 0.3548204 0.1216491 0 0.5700641 0.2434034 0.1865326 0 0.5869994 0.2571897 0.1558109 0 0.5790896 0.2696661 0.1512442 0 0.5467659 0.2940227 0.1592114 0 0.4874795 0.4009244 0.111596 0 0.5125157 0.4084278 0.07905646 0 0.4721062 0.425966 0.1019278 0 0.5596561 0.2766671 0.1636768 0 0.5647063 0.3620853 0.07320838 0 0.5657221 0.3672817 0.0669962 0 0.4470874 0.4452102 0.1077024 0 0.5686402 0.3485504 0.08280943 0 0.6363426 0.308958 0.05469931 0 0.60765 0.3317225 0.06062744 0 0.7177901 0.2426357 0.03957419 0 0.7159376 0.247212 0.0368504 0 0.8201993 0.1569943 0.02280647 0 0.6877859 0.2682976 0.04391642 0 0.7793636 0.1978115 0.02282489 0 0.9300762 0.06780972 0.002114101 0 0.8308412 0.1533626 0.01579613 0 0.9759145 0.02408553 0 0 0.9268138 0.07318623 0 0 0.8534496 0.1347535 0.0117969 0 0.8248542 0.1592869 0.01585894 0 0.7236013 0.2381613 0.03823747 0 0.9806905 0.0193095 0 0 0.9646223 0.03537775 0 0 0.930982 0.06901798 0 0 0.8722132 0.1191609 0.00862587 0 0.9723948 0.02760516 0 0 0.9481705 0.05182945 0 0 0.9620758 0.03632319 0.001600969 0 0.8495894 0.1377785 0.01263213 0 0.9257873 0.07421272 0 0 0.9586791 0.04132089 0 0 0.9388459 0.05502571 0.006128475 0 0.8847705 0.1083876 0.006841959 0 0.9379922 0.06200778 0 0 0.9524071 0.04599685 0.001596046 0 0.9183778 0.06113382 0.02048835 0 0.9189924 0.0810076 0 0 0.9524875 0.04751242 0 0 0.9343023 0.0602672 0.005430503 0 0.8980197 0.05538788 0.04659239 0 0.9265497 0.0734503 0 0 0.9449608 0.05369332 0.001345952 0 0.9193895 0.06226235 0.01834812 0 0.832989 0.1436521 0.02335883 0 0.9563768 0.04362321 0 0 0.9337686 0.06206529 0.004166075 0 0.9035643 0.04889963 0.04753605 0 0.9433951 0.05525182 0.00135303 0 0.9211057 0.06309284 0.01580149 0 0.9652767 0.03472329 0 0 0.956664 0.04333601 0 0 0.9252405 0.07475954 0 0 0.8979084 0.09588052 0.006211034 0 0.829443 0.1505765 0.01998054 0 0.7289624 0.2301892 0.04084847 0 0.5987046 0.3312977 0.06999769 0 0.4538349 0.4417579 0.1044072 0 0.6106769 0.3183908 0.07093227 0 0.7641098 0.2007218 0.03516837 0 0.8414295 0.1383739 0.02019667 0 0.9166464 0.07729327 0.006060329 0 0.5185155 0.3039775 0.1775071 0 0.4658301 0.416033 0.1181369 0 0.5776383 0.2531127 0.169249 0 0.9713116 0.02868843 0 0 0.5280783 0.2870605 0.1848612 0 0.9638161 0.03618388 0 0 0.9234169 0.07091362 0.005669457 0 0.950465 0.04953501 0 0 0.952602 0.047398 0 0 0.8432251 0.1338586 0.02291639 0 0.7495158 0.2063972 0.04408696 0 0.6108813 0.3103795 0.07873923 0 0.9630598 0.03694019 0 0 0.9592848 0.04071516 0 0 0.8592361 0.1192146 0.0215492 0 0.7800642 0.1804601 0.03947567 0 0.6175106 0.3006906 0.08179886 0 0.955584 0.044416 0 0 0.4662424 0.4128248 0.1209329 0 0.9532599 0.04674011 0 0 0.8552841 0.1211255 0.02359043 0 0.9573209 0.04267913 0 0 0.7557176 0.194764 0.04951836 0 0.6129007 0.299064 0.08803529 0 0.467346 0.4038493 0.1288047 0 1 0 0 0 0.5279925 0.279377 0.1926305 0 0.5806558 0.2590796 0.1602646 0 0.5685552 0.3275031 0.1039417 0 0.7736169 0.1791574 0.04722565 0 0.6104413 0.2974011 0.09215766 0 0.4554132 0.4047348 0.1398519 0 0.5024064 0.3011185 0.1964751 0 0.5703762 0.2577185 0.1719053 0 0.5620714 0.3253672 0.1125614 0 0.8532434 0.1235252 0.02323149 0 0.5592725 0.3922213 0.04850629 0 0.9451416 0.05485833 0 0 0.9483387 0.05166132 0 0 0.9451944 0.05304918 0.001756495 0 0.5574873 0.253402 0.1891107 0 0.5465585 0.328042 0.1253995 0 0.5404891 0.4038246 0.05568631 0 0.5065266 0.2977699 0.1957035 0 0.4970317 0.469108 0.03269187 0.001168417 0.5379125 0.4201591 0.03871567 0.003212789 0.6175508 0.3769062 0.005543076 0 0.4787768 0.4577673 0.06152013 0.001935717 0.5883559 0.356653 0.04682563 0.008165463 0.6303299 0.3603667 0.006054353 0.003249098 0.5103532 0.3489773 0.138691 0.001978458 0.5262492 0.2536534 0.2188483 0.001249003 0.4432707 0.4114102 0.1453191 0 0.4961616 0.3059025 0.1979358 0 0.5665844 0.3505984 0.05338573 0.02943146 0.6507248 0.3154562 0.03017844 0.00364056 0.5773098 0.3225861 0.1001041 0 0.4340554 0.4047929 0.1599848 0.001166858 0.5519896 0.3276143 0.06151316 0.05888289 0.6306444 0.2877842 0.07878856 0.002782827 0.7324724 0.2131276 0.05439995 0 0.5107917 0.3664244 0.1214496 0.001334246 0.5243394 0.3060003 0.1106571 0.05900324 0.5944312 0.2347685 0.1708003 0 0.5053336 0.2688955 0.2257709 0 0.4696328 0.3064209 0.1648092 0.05913706 0.4018787 0.3548525 0.2432688 0 0.4809555 0.355498 0.1188827 0.04466379 0.3897334 0.306033 0.2484446 0.05578904 0.4339252 0.329421 0.2366538 0 0.819445 0.1533434 0.0272116 0 0.4862206 0.3661019 0.1205432 0.02713425 0.4592562 0.344851 0.1217814 0.07411135 0.9342166 0.06578346 0 0 0.4752671 0.4026701 0.1041939 0.01786882 0.9578592 0.04214087 0 0 0.4836386 0.4377927 0.0736726 0.004896103 0.5029609 0.3575856 0.1362565 0.003197043 0.5275845 0.2382061 0.2323872 0.001822282 0.4561891 0.364341 0.1694675 0.01000238 0.4473869 0.3628971 0.1764529 0.01326295 0.5080933 0.2968211 0.1940628 0.001022809 0.4717385 0.2616135 0.2609673 0.005680697 0.4554259 0.3425458 0.1989112 0.003117122 0.4126294 0.3542268 0.2063231 0.0268207 0.4477284 0.2995798 0.2448806 0.007811283 0.407772 0.4074155 0.1801078 0.004704668 0.4251426 0.3274918 0.2365831 0.01078251 0.4224901 0.33647 0.2024664 0.03857342 0.4767499 0.3615069 0.1551872 0.006555942 0.4053027 0.3650621 0.2111358 0.0184994 0.6278186 0.2904781 0.07995615 0.001747065 0.5438816 0.3222134 0.1244791 0.009425893 0.758208 0.2109923 0.03079968 0 0.3735018 0.3699135 0.1320708 0.124514 0.9236345 0.07636547 0 0 0.3420495 0.3139159 0.3045296 0.03950508 0.5709473 0.2383654 0.1906873 0 0.560302 0.2826341 0.1455569 0.011507 0.5247205 0.3173483 0.1579312 0 0.3465846 0.3363037 0.2686584 0.04845332 0.4137183 0.3472429 0.1413939 0.09764481 0.4181542 0.3245912 0.1548596 0.1023949 0.4150405 0.2978362 0.2232947 0.06382855 0.4759808 0.2873646 0.1812934 0.05536125 0.4492247 0.271933 0.2094964 0.0693459 0.3917774 0.3849047 0.1940087 0.02930911 0.4359632 0.3753451 0.1662511 0.0224406 0.4446255 0.3690296 0.1662618 0.02008305 0.5583082 0.3483907 0.08379945 0.009501639 0.5702563 0.3350228 0.08459935 0.01012154 0.7346303 0.2653697 0 0 0.5761232 0.3107564 0.1008543 0.01226608 0.7696942 0.2303058 0 0 0.849813 0.150187 0 0 0.806078 0.193922 0 0 0.8650857 0.1349143 0 0 0.9245385 0.07546149 0 0 0.8883052 0.1116948 0 0 0.9311603 0.06883968 0 0 0.9479668 0.05066944 0.001363742 0 0.9374328 0.0625672 0 0 0.9453666 0.05301492 0.001618578 0 0.9381745 0.05855762 0.003267847 0 0.9519959 0.04800406 0 0 0.94736 0.05095485 0.001685208 0 0.9297252 0.06620037 0.004074474 0 0.9483775 0.04992345 0.001699088 0 0.9014387 0.08621228 0.01234908 0 0.9202492 0.07160029 0.008150552 0 0.929768 0.06621905 0.004013009 0 0.9440393 0.05410283 0.001857877 0 0.8803368 0.0905038 0.0291594 0 0.8920536 0.08122879 0.0267176 0 0.93901 0.05749009 0.003499872 0 0.9021027 0.08649293 0.0114044 0 0.9292675 0.06677966 0.003952845 0 0.8609559 0.07851259 0.06053153 0 0.8686093 0.07304595 0.05834473 0 0.9070267 0.08218609 0.01078722 0 0.8739663 0.09599466 0.03003905 0 0.9341634 0.06271356 0.003123022 0 0.8306952 0.1117267 0.05757808 0 0.8381676 0.107787 0.05404537 0 0.8533227 0.08428659 0.0623907 0 0.9034222 0.08507113 0.01150668 0 0.8750235 0.09668276 0.02829377 0 0.9461386 0.05135515 0.002506261 0 0.9118469 0.07785926 0.01029376 0 0.8740386 0.0973482 0.02861324 0 0.848977 0.08679914 0.06422386 0 0.9551214 0.04250944 0.002369161 0 0.9271145 0.06588481 0.007000641 0 0.8851836 0.0902307 0.02458571 0 0.954969 0.04372559 0.001305361 0 0.9378561 0.05699168 0.005152242 0 0.8283666 0.110088 0.06154542 0 0.848748 0.08889744 0.06235458 0 0.8213879 0.1147629 0.06384921 0 0.7643849 0.1961418 0.03947334 0 0.9594797 0.04052031 0 0 0.9500942 0.0471634 0.002742431 0 0.9461521 0.05074929 0.003098612 0 0.7676362 0.1968206 0.03554319 0 0.7684167 0.1989388 0.03264457 0 0.6236928 0.3676743 0.008632964 0 0.6780099 0.3016537 0.02033636 0 0.6909344 0.2864684 0.02259709 0 0.7595972 0.201243 0.03915983 0 0.6267681 0.3732319 0 0 0.6785379 0.3024759 0.01898625 0 0.8227284 0.1101247 0.06714692 0 0.7143319 0.285668 0 0 0.5276411 0.4723589 0 0 0.7581665 0.2017231 0.04011041 0 0.8578319 0.08795875 0.05420936 0 0.8039132 0.1960868 0 0 0.6532048 0.3467952 0 0 0.6870279 0.2943346 0.01863752 0 0.8649826 0.1350174 0 0 0.9153163 0.08468366 0 0 0.8687231 0.1312769 0 0 0.9079624 0.09203756 0 0 0.8997393 0.1002607 0 0 0.5531895 0.4468105 0 0 0.8611978 0.1388022 0 0 0.8896346 0.1103654 0 0 0.846012 0.153988 0 0 0.8045307 0.1954693 0 0 0.9189726 0.0810274 0 0 0.8233518 0.1766482 0 0 0.7518103 0.2481897 0 0 0.7699028 0.2300971 0 0 0.8081385 0.1918615 0 0 0.7217897 0.2782103 0 0 0.683458 0.316542 0 0 0.6774115 0.3225885 0 0 0.7386652 0.2613348 0 0 0.6935263 0.3064736 0 0 0.6638443 0.3361557 0 0 0.6427696 0.3572304 0 0 0.7121516 0.2878483 0 0 0.5928355 0.4071645 0 0 0.5078173 0.4905831 0.001599666 0 0.6500806 0.3499194 0 0 0.5836692 0.4163308 0 0 0.6376081 0.3623919 0 0 0.7173878 0.2568845 0.02572772 0 0.6627751 0.3246661 0.01255888 0 0.6384951 0.3615049 0 0 0.5414957 0.4540732 0.004431127 0 0.7833056 0.1708878 0.04580672 0 0.5980422 0.4019578 0 0 0.5804107 0.4195893 0 0 0.7441097 0.2239199 0.03197036 0 0.8315108 0.09807728 0.07041188 0 0.7283882 0.2442236 0.02738816 0 0.8104968 0.1408876 0.04861562 0 0.795818 0.1548385 0.04934353 0 0.8435931 0.08554859 0.07085829 0 0.8726339 0.08331188 0.04405425 0 0.9020225 0.0797698 0.01820766 0 0.9160659 0.07047392 0.01346015 0 0.8886435 0.07762537 0.03373119 0 0.8583424 0.07181613 0.06984146 0 0.9322466 0.06027761 0.007475824 0 0.8292096 0.1206278 0.05016261 0 0.9057172 0.07169504 0.02258777 0 0.8761132 0.06782215 0.05606461 0 0.9347472 0.05830768 0.006945164 0 0.9129368 0.0686379 0.01842529 0 0.8856201 0.06636318 0.04801677 0 0.8342505 0.1168575 0.048892 0 0.9461856 0.05194445 0.001869963 0 0.9342008 0.06040712 0.005392055 0 0.9333245 0.06257832 0.004097209 0 0.9191455 0.06738384 0.0134707 0 0.9214802 0.06554779 0.01297197 0 0.9047306 0.06590257 0.02936687 0 0.9050385 0.05899346 0.03596806 0 0.8420249 0.111337 0.04663807 0 0.8952113 0.05362645 0.05116227 0 0.8213739 0.1427907 0.03583532 0 0.6977648 0.2819595 0.02027576 0 0.6660812 0.3206228 0.01329602 0 0.8438186 0.1233299 0.03285146 0 0.6459084 0.3458483 0.008243341 0 0.8398982 0.132865 0.02723682 0 0.5003717 0.4996283 0 0 0.6221631 0.3778368 0 0 0.6404391 0.3595609 0 0 0.5246639 0.4753361 0 0 0.5392228 0.4607771 0 0 0.5455773 0.4544226 0 0 0.5445797 0.4554203 0 0 0.6292711 0.3691006 0.001628284 0 0.5417159 0.4582841 0 0 0.5429732 0.4570268 0 0 0.5419391 0.458061 0 0 0.5279199 0.4720801 0 0 1 0 0 0 1 0 0 0 1 0 0 0 1 0 0 0 1 0 0 0 1 0 0 0 1 0 0 0 1 0 0 0 1 0 0 0 1 0 0 0 1 0 0 0 1 0 0 0 1 0 0 0 1 0 0 0 1 0 0 0 1 0 0 0 1 0 0 0 1 0 0 0 1 0 0 0 1 0 0 0 1 0 0 0 1 0 0 0 1 0 0 0 1 0 0 0 1 0 0 0 1 0 0 0 1 0 0 0 1 0 0 0 1 0 0 0 1 0 0 0 1 0 0 0 1 0 0 0 1 0 0 0 1 0 0 0 1 0 0 0 1 0 0 0 1 0 0 0 1 0 0 0 1 0 0 0 1 0 0 0 1 0 0 0 1 0 0 0 1 0 0 0 1 0 0 0 1 0 0 0 1 0 0 0 1 0 0 0 1 0 0 0 1 0 0 0 1 0 0 0 1 0 0 0 1 0 0 0 1 0 0 0 1 0 0 0 1 0 0 0 1 0 0 0 1 0 0 0 1 0 0 0 1 0 0 0 1 0 0 0 1 0 0 0 1 0 0 0 1 0 0 0 1 0 0 0 1 0 0 0 1 0 0 0 1 0 0 0 1 0 0 0 1 0 0 0 1 0 0 0 1 0 0 0 1 0 0 0 1 0 0 0 1 0 0 0 1 0 0 0 1 0 0 0 1 0 0 0 1 0 0 0 1 0 0 0 1 0 0 0 1 0 0 0 1 0 0 0 1 0 0 0 1 0 0 0 1 0 0 0 1 0 0 0 1 0 0 0 1 0 0 0 1 0 0 0 1 0 0 0 1 0 0 0 1 0 0 0 1 0 0 0 1 0 0 0 1 0 0 0 0.5 0.5 0 0 0.5 0.5 0 0 0.5 0.5 0 0 0.5 0.5 0 0 0.5 0.5 0 0 0.5 0.5 0 0 0.5 0.5 0 0 0.5 0.5 0 0 0.5 0.5 0 0 0.5 0.5 0 0 0.670494 0.329506 0 0 0.6719131 0.3280869 0 0 0.8412621 0.1587379 0 0 0.5 0.5 0 0 0.5 0.5 0 0 0.6701709 0.3298291 0 0 0.8407767 0.1592233 0 0 0.5 0.5 0 0 0.5 0.5 0 0 0.5 0.5 0 0 0.6783692 0.3216308 0 0 0.5 0.5 0 0 0.5 0.5 0 0 0.5 0.5 0 0 1 0 0 0 1 0 0 0 0.8318205 0.1681795 0 0 0.7464827 0.2535172 0 0 1 0 0 0 0.5 0.5 0 0 0.5 0.5 0 0 1 0 0 0 1 0 0 0 1 0 0 0 0.8167762 0.1832238 0 0 0.7372684 0.2627316 0 0 0.5 0.5 0 0 0.5 0.5 0 0 0.5 0.5 0 0 1 0 0 0 1 0 0 0 1 0 0 0 1 0 0 0 1 0 0 0 0.7450889 0.2549112 0 0 0.5 0.5 0 0 0.5 0.5 0 0 0.5 0.5 0 0 1 0 0 0 0.7430871 0.256913 0 0 0.5 0.5 0 0 0.5 0.5 0 0 0.5 0.5 0 0 1 0 0 0 1 0 0 0 1 0 0 0 1 0 0 0 0.5 0.5 0 0 0.5 0.5 0 0 0.5 0.5 0 0 1 0 0 0 1 0 0 0 1 0 0 0 1 0 0 0 1 0 0 0 1 0 0 0 1 0 0 0 1 0 0 0 1 0 0 0 1 0 0 0 1 0 0 0 1 0 0 0 1 0 0 0 1 0 0 0 1 0 0 0 1 0 0 0 1 0 0 0 1 0 0 0 1 0 0 0 1 0 0 0 1 0 0 0 1 0 0 0 1 0 0 0 1 0 0 0 1 0 0 0 1 0 0 0 1 0 0 0 1 0 0 0 1 0 0 0 1 0 0 0 1 0 0 0 1 0 0 0 1 0 0 0 1 0 0 0 1 0 0 0 1 0 0 0 0.9590594 0.03576823 0.005172356 0 0.947435 0.04729525 0.005269764 0 0.9424463 0.05372402 0.003829675 0 0.9333616 0.06212458 0.004513798 0 0.9137156 0.08379195 0.002492475 0 0.90478 0.09229302 0.002926921 0 0.88552 0.1128908 0.001589216 0 0.876152 0.1219898 0.001858221 0 0.8834676 0.1150235 0.001508884 0 0.8760325 0.122064 0.001903523 0 0.7911863 0.2088138 0 0 0.7898508 0.2101493 0 0 0.6572608 0.3427392 0 0 0.7295063 0.2704938 0 0 0.8016951 0.1983048 0 0 0.89052 0.1083767 0.001103278 0 0.8917085 0.1070232 0.001268301 0 0.9184713 0.07960819 0.001920497 0 0.8090938 0.1909062 0 0 0.8997134 0.1002866 0 0 0.9466882 0.05018546 0.003126355 0 0.5897706 0.4102294 0 0 0.5989361 0.4010639 0 0 0.9244464 0.07418068 0.001372913 0 0.9618046 0.03457435 0.003621045 0 0.7986745 0.2013255 0 0 0.7951204 0.2048796 0 0 0.8883501 0.1116499 0 0 0.951852 0.04590855 0.002239468 0 1 0 0 0 0.9662999 0.03100577 0.002694329 0 1 0 0 0 1 0 0 0 1 0 0 0 1 0 0 0 0.9293901 0.07060993 0 0 0.9574339 0.04111118 0.001454888 0 0.9717106 0.02629436 0.001995086 0 1 0 0 0 0.9043586 0.09564133 0 0 1 0 0 0 0.8128216 0.1871784 0 0 0.6351763 0.3648237 0 0 0.6199844 0.3800156 0 0 0.8202252 0.1797748 0 0 0.8844246 0.1155755 0 0 0.9484018 0.05159819 0 0 0.9496945 0.05030549 0 0 0.9645238 0.03547621 0 0 0.9628055 0.03719449 0 0 0.9816839 0.01831615 0 0 0.9842553 0.01574475 0 0 0.9946959 0.002814635 0.002489463 0 0.9960216 0.002103663 0.001874769 0 0.9986758 0.001324187 0 0 1 0 0 0 0.9986619 0.001338117 0 0 1 0 0 0 1 0 0 0 1 0 0 0 0.9821507 0.0167663 0.00108302 0 0.9945487 0.005451245 0 0 0.960516 0.03681132 0.002672692 0 0.9756624 0.02255217 0.001785476 0 0.9556289 0.04437103 0 0 0.9586218 0.04137818 0 0 0.8814774 0.1185226 0 0 0.9654802 0.03232206 0.002197715 0 0.9534137 0.04375846 0.002827853 0 0.9823044 0.01769557 0 0 1 0 0 0 0.9791272 0.01946455 0.001408272 0 0.8792116 0.1207884 0 0 0.9620678 0.03507192 0.002860278 0 0.9100245 0.07720384 0.01277172 0 0.9940895 0.005910457 0 0 0.9768425 0.02198032 0.001177209 0 0.9661496 0.03212474 0.001725616 0 0.8678677 0.1148849 0.01724745 0 0.7760422 0.1875484 0.03640953 0 0.7515377 0.2113594 0.03710291 0 0.9894902 0.0105098 0 0 0.9299994 0.0625343 0.007466346 0 0.8733087 0.112099 0.01459228 0 0.8570084 0.1310157 0.01197588 0 0.6986876 0.2732007 0.02811172 0 0.771723 0.218195 0.01008195 0 0.9866143 0.01338568 0 0 0.8977363 0.09834557 0.00391811 0 0.7658506 0.2273461 0.006803192 0 0.9918125 0.008187475 0 0 0.9847811 0.01521887 0 0 0.9620472 0.03661481 0.001337938 0 0.9461832 0.05178109 0.002035648 0 0.8045635 0.1897167 0.005719695 0 0.7396947 0.2551052 0.005200093 0 0.7214831 0.2746415 0.003875433 0 0.6480175 0.3458365 0.006146069 0 0.5810631 0.4156893 0.003247603 0 0.6151094 0.3823776 0.002513043 0 0.4996966 0.4991328 0.00117058 0 0.5672441 0.4316574 0.001098547 0 0.5852649 0.414735 0 0 0.5335195 0.4664805 0 0 0.627835 0.372165 0 0 0.5238776 0.4746905 0.001431877 0 0.635717 0.364283 0 0 0.5219636 0.4745745 0.003461929 0 0.6339545 0.3642696 0.001775984 0 0.5311785 0.4603991 0.00842246 0 0.6051074 0.3898576 0.00503501 0 0.559529 0.4258568 0.0146142 0 0.5475074 0.4327607 0.01973194 0 0.4912922 0.4671699 0.0415379 0 0.6654547 0.3290257 0.005519662 0 0.6685286 0.329254 0.002217394 0 0.6770855 0.3229145 0 0 0.6793722 0.3206279 0 0 0.6300593 0.3336778 0.03626293 0 0.5101398 0.4414571 0.04840318 0 0.657971 0.3289502 0.01307888 0 0.802016 0.1781609 0.0198231 0 0.6177121 0.3316243 0.05066365 0 0.7161871 0.283813 0 0 0.6494407 0.3246284 0.02593097 0 0.8177481 0.1599984 0.02225352 0 0.7006997 0.2499267 0.0493736 0 0.6992424 0.2940954 0.006662305 0 0.6869906 0.304903 0.008106394 0 0.7451876 0.2485837 0.006228763 0 0.8310682 0.1612463 0.007685617 0 0.732858 0.2193076 0.04783439 0 0.7448057 0.253724 0.001470323 0 0.7687184 0.2236076 0.007673921 0 0.768715 0.2279138 0.003371311 0 0.7259474 0.2695978 0.00445485 0 0.7869599 0.2115053 0.001534695 0 0.7972459 0.1985867 0.004167417 0 0.8152025 0.1847975 0 0 0.9155334 0.0820538 0.002412845 0 0.9358974 0.0623923 0.001710312 0 0.8734707 0.1244498 0.002079482 0 0.796869 0.200123 0.00300807 0 0.9800837 0.01991632 0 0 0.8004049 0.1995951 0 0 0.8200993 0.1799007 0 0 0.8183324 0.1816676 0 0 0.9776841 0.02231582 0 0 0.9824405 0.01755956 0 0 0.9914746 0.008525352 0 0 0.9893208 0.01067913 0 0 0.9934973 0.006502726 0 0 1 0 0 0 0.9982595 0.001740455 0 0 0.9975764 0.002423642 0 0 0.9976878 0.002312186 0 0 0.9927355 0.003831816 0.003432679 0 0.9963071 0.003692896 0 0 0.9816485 0.0183515 0 0 0.9908916 0.005099156 0.004009268 0 0.9930134 0.006986621 0 0 0.9918594 0.008140563 0 0 0.9634679 0.0365321 0 0 0.9817153 0.01828468 0 0 0.9385867 0.06141329 0 0 1 0 0 0 0.9975045 0.002495482 0 0 0.9649789 0.03502107 0 0 0.8960243 0.1039757 0 0 0.9327495 0.0672505 0 0 0.9676937 0.03230625 0 0 0.8398418 0.1601582 0 0 0.9082257 0.09177435 0 0 0.6608272 0.3391728 0 0 0.9830553 0.01694471 0 0 0.9416709 0.05832913 0 0 0.860562 0.139438 0 0 0.987036 0.008307866 0.004656144 0 0.9190239 0.08097616 0 0 0.6211355 0.3788645 0 0 0.6917191 0.3082809 0 0 0.624514 0.375486 0 0 0.6022922 0.3977078 0 0 0.8952613 0.1047387 0 0 0.631541 0.3684591 0 0 0.7499204 0.2500796 0 0 0.8032061 0.1967939 0 0 0.588026 0.411974 0 0 0.5858078 0.4141922 0 0 0.9054139 0.09458616 0 0 0.8071718 0.1928283 0 0 0.9307512 0.06924876 0 0 0.908088 0.09191198 0 0 0.9605902 0.03940978 0 0 0.9331891 0.06681087 0 0 0.9755223 0.0229783 0.001499355 0 0.9641692 0.03583081 0 0 0.5441144 0.4558856 0 0 0.5559347 0.4440654 0 0 0.792416 0.2075841 0 0 0.7921869 0.2078131 0 0 0.9088869 0.09111306 0 0 0.932271 0.06772897 0 0 0.9052368 0.0947632 0 0 0.7826509 0.2173491 0 0 0.9078014 0.09219859 0 0 0.9046299 0.09537008 0 0 0.9317659 0.06823418 0 0 0.9099981 0.0900019 0 0 0.548836 0.451164 0 0 0.7803511 0.2196489 0 0 0.9017289 0.09827114 0 0 0.5235993 0.4764007 0 0 0.7852232 0.2147768 0 0 0.913424 0.08657597 0 0 0.9376688 0.06233117 0 0 0.5441779 0.4558221 0 0 0.5155835 0.4844165 0 0 0.7964137 0.2035863 0 0 0.9160866 0.08391344 0 0 0.7736609 0.2263391 0 0 0.940076 0.05992398 0 0 0.5374625 0.4625375 0 0 0.8075675 0.1924325 0 0 0.9066216 0.09337841 0 0 0.939771 0.060229 0 0 0.5365732 0.4634268 0 0 0.9512162 0.04878378 0 0 0.9502928 0.04970719 0 0 0.9517077 0.04829232 0 0 0.924098 0.07590199 0 0 0.9443282 0.05567177 0 0 0.9503639 0.04963614 0 0 0.9649472 0.03505275 0 0 0.8152027 0.1847973 0 0 0.9648021 0.03519792 0 0 0.9495276 0.05047243 0 0 0.9654727 0.03452733 0 0 0.9425278 0.05747215 0 0 0.9651608 0.03483922 0 0 0.9787169 0.02128309 0 0 0.9377542 0.06224581 0 0 0.9637772 0.03622282 0 0 0.958445 0.04155502 0 0 0.9787903 0.02120972 0 0 0.9765742 0.02342576 0 0 0.9718344 0.02816558 0 0 0.9857265 0.01427352 0 0 0.9880353 0.01196468 0 0 0.9876789 0.008403774 0.00391734 0 0.9877595 0.01114182 0.001098644 0 0.9877 0.00910788 0.003192134 0 0.989105 0.01089504 0 0 0.9893252 0.01067477 0 0 0.9875645 0.009285146 0.003150349 0 0.9961466 0.003853362 0 0 0.9960284 0.003971636 0 0 1 0 0 0 0.9977815 0.002218485 0 0 0.996218 0.003782033 0 0 1 0 0 0 0.9791884 0.02081156 0 0 0.9877297 0.009133151 0.003137181 0 0.9972519 0.002748132 0 0 1 0 0 0 0.9888555 0.01114452 0 0 0.9796733 0.02032667 0 0 0.9954241 0.004575884 0 0 0.9988485 0.001151502 0 0 1 0 0 0 0.9886334 0.008452233 0.002914373 0 0.9969913 0.003008664 0 0 1 0 0 0 0.9713736 0.0286264 0 0 0.9886647 0.01133531 0 0 0.9946377 0.005362341 0 0 0.9964736 0.00352639 0 0 0.9904346 0.00956534 0 0 0.9098245 0.09017547 0 0 0.988714 0.00818444 0.003101521 0 0.9975567 0.002443254 0 0 0.9962211 0.003778934 0 0 0.9845001 0.01549989 0 0 0.8688803 0.1311197 0 0 0.9964669 0.003533125 0 0 0.9944991 0.005500912 0 0 0.9898775 0.01012248 0 0 0.9580181 0.04198188 0 0 0.9971275 0.002872467 0 0 0.9959206 0.004079401 0 0 0.9765362 0.02346379 0 0 0.9203795 0.07962054 0 0 0.8634365 0.1365635 0 0 0.8736855 0.1263145 0 0 0.9227588 0.07724124 0 0 0.9815351 0.01846492 0 0 0.9951025 0.004897535 0 0 0.9943265 0.005673528 0 0 0.8812417 0.1187583 0 0 0.9260635 0.07393652 0 0 0.9737493 0.02625072 0 0 0.9885889 0.01141107 0 0 0.8965248 0.1034752 0 0 0.9254746 0.07452536 0 0 0.9649925 0.03500748 0 0 0.9863386 0.01366144 0 0 0.9817393 0.01826066 0 0 0.9798008 0.02019924 0 0 0.908549 0.09145097 0 0 0.9227789 0.0772211 0 0 0.9511082 0.04889184 0 0 0.9658726 0.03412741 0 0 0.907091 0.09290902 0 0 0.920836 0.07916397 0 0 0.9425201 0.05747986 0 0 0.8957766 0.1042234 0 0 0.9155527 0.08444732 0 0 0.8527516 0.1472484 0 0 0.9083756 0.09162438 0 0 0.9505291 0.0494709 0 0 0.96394 0.03606004 0 0 0.8315629 0.1684371 0 0 0.9696956 0.03030437 0 0 0.9763537 0.0236463 0 0 0.7849521 0.2150479 0 0 0.9053186 0.09468138 0 0 0.9856578 0.01434225 0 0 0.982781 0.01721901 0 0 0.927396 0.072604 0 0 0.7519962 0.2463139 0.001689864 0 0.7719841 0.2248771 0.003138837 0 0.7959098 0.2040902 0 0 0.7963453 0.2021322 0.001522471 0 0.989664 0.01033598 0 0 0.9865546 0.01344538 0 0 0.9913599 0.008640051 0 0 0.9340631 0.06593686 0 0 0.9690245 0.03097552 0 0 0.8609602 0.1377261 0.001313602 0 0.9763921 0.02360785 0 0 0.961584 0.03841603 0 0 0.9630277 0.03697234 0 0 0.992897 0.007103026 0 0 0.9966054 0.003394604 0 0 0.9867346 0.01326537 0 0 0.993159 0.006841004 0 0 0.9921394 0.007860601 0 0 0.9855216 0.01447839 0 0 0.970277 0.02972297 0 0 0.9931637 0.006836295 0 0 0.988625 0.01137495 0 0 0.9921831 0.007816851 0 0 0.9955279 0.004472077 0 0 0.9940274 0.003387682 0.002584882 0 0.9910068 0.008993208 0 0 0.9900399 0.009960115 0 0 0.9900364 0.009963572 0 0 0.9875391 0.01246088 0 0 0.992707 0.007293046 0 0 0.9954904 0.004509628 0 0 0.9901586 0.009841384 0 0 0.9921041 0.004444557 0.00345133 0 0.9882025 0.007328213 0.004469275 0 0.9876055 0.01239455 0 0 0.9880106 0.01198936 0 0 0.9899826 0.01001738 0 0 0.9898658 0.01013419 0 0 0.9806331 0.0193669 0 0 0.9640489 0.03595111 0 0 0.9809869 0.01901309 0 0 0.9585532 0.04144679 0 0 0.9817688 0.01823123 0 0 0.9483034 0.05169658 0 0 0.9666407 0.03335926 0 0 0.9863635 0.01363654 0 0 0.9770772 0.02292282 0 0 0.9730768 0.02692322 0 0 0.9756112 0.02438887 0 0 0.9834862 0.01651381 0 0 0.9802279 0.01977211 0 0 0.9755349 0.02446509 0 0 0.9772197 0.02278029 0 0 0.828476 0.1715241 0 0 0.9886782 0.01132179 0 0 0.9880489 0.01195109 0 0 0.987552 0.01244796 0 0 0.9748262 0.02517383 0 0 0.9584878 0.04151218 0 0 0.9545897 0.04541026 0 0 0.9882838 0.01171625 0 0 0.9659504 0.03404961 0 0 0.9758086 0.02419145 0 0 0.7092518 0.2907481 0 0 0.9943048 0.003753586 0.001941638 0 0.9953116 0.004688442 0 0 0.9908938 0.009106219 0 0 0.9947804 0.005219579 0 0 0.9562852 0.04371478 0 0 0.9767537 0.02324629 0 0 0.9883077 0.01169235 0 0 0.9940787 0.004261057 0.001660247 0 0.9937069 0.006293064 0 0 0.9939629 0.006037116 0 0 0.9984652 0.00153482 0 0 0.9865952 0.01340479 0 0 0.9906211 0.006223635 0.003155275 0 0.9968759 0.003124147 0 0 0.9985715 0.001428458 0 0 0.9963088 0.003691163 0 0 0.9830384 0.01696159 0 0 0.8402017 0.1597982 0 0 0.9883917 0.01160832 0 0 0.8438667 0.1561333 0 0 0.9307043 0.0692957 0 0 0.8640851 0.1323962 0.003518677 0 0.7974609 0.2025391 0 0 0.741752 0.2434221 0.01482601 0 0.9100245 0.07720384 0.01277172 0 0.7760422 0.1875484 0.03640953 0 0.8792116 0.1207884 0 0 0.801912 0.1937772 0.004310797 0 0.8814774 0.1185226 0 0 0.9586218 0.04137818 0 0 0.950424 0.04957604 0 0 0.9922598 0.007740176 0 0 0.9911523 0.008847643 0 0 0.9756624 0.02255217 0.001785476 0 1 0 0 0 1 0 0 0 1 0 0 0 0.9945487 0.005451245 0 0 1 0 0 0 1 0 0 0 1 0 0 0 1 0 0 0 0.9973982 0.002601845 0 0 0.9986348 0.001365235 0 0 1 0 0 0 1 0 0 0 1 0 0 0 1 0 0 0 1 0 0 0 0.9984031 0.0015969 0 0 0.9960479 0.002105923 0.001846163 0 0.9960216 0.002103663 0.001874769 0 0.9989021 0.001097907 0 0 0.9926056 0.004608454 0.00278592 0 0.9953975 0.002509105 0.002093387 0 0.9860831 0.01391691 0 0 0.9842553 0.01574475 0 0 0.9940678 0.003298915 0.002633237 0 0.993072 0.004087365 0.002840602 0 0.9875162 0.009707275 0.002776501 0 0.9873987 0.01260129 0 0 0.9589484 0.04105163 0 0 0.9628055 0.03719449 0 0 0.9847137 0.01528627 0 0 0.9817786 0.01822144 0 0 0.9866973 0.01330276 0 0 0.9764834 0.0235166 0 0 0.9621764 0.03782356 0 0 0.9798028 0.02019715 0 0 0.9579178 0.04208217 0 0 0.9703386 0.02966142 0 0 0.959789 0.04021096 0 0 0.9657823 0.03421772 0 0 0.9058034 0.0941966 0 0 0.8811384 0.1188616 0 0 0.8845761 0.1154239 0 0 0.9322787 0.06772131 0 0 0.9292881 0.07071192 0 0 0.8669404 0.1330596 0 0 0.852018 0.147982 0 0 0.924121 0.07587899 0 0 0.831283 0.168717 0 0 0.8128959 0.1871041 0 0 0.7809286 0.2190715 0 0 0.7372175 0.2627825 0 0 0.6985312 0.3014689 0 0 0.8447098 0.1552902 0 0 0.7560014 0.2439986 0 0 0.6922454 0.3077546 0 0 0.7505872 0.2494129 0 0 0.6521018 0.3478983 0 0 0.6070542 0.3929458 0 0 0.5232537 0.4767463 0 0 0.5320721 0.4679279 0 0 0.5014524 0.4985476 0 0 0.5736129 0.426387 0 0 0.5033567 0.4966433 0 0 0.5749007 0.4250993 0 0 0.589653 0.410347 0 0 0.5473377 0.4526623 0 0 0.5916628 0.4083372 0 0 0.625315 0.374685 0 0 0.5110781 0.4889219 0 0 0.7663878 0.2336122 0 0 0.7824293 0.2175707 0 0 0.7049685 0.2950315 0 0 0.5062571 0.493743 0 0 0.7310759 0.268924 0 0 0.5380321 0.4619679 0 0 0.8026263 0.1973738 0 0 0.753952 0.246048 0 0 0.841815 0.158185 0 0 0.5110031 0.4889969 0 0 0.8246839 0.1753161 0 0 0.9010446 0.09895537 0 0 0.5999095 0.4000904 0 0 0.9103433 0.08965667 0 0 0.9030243 0.09697568 0 0 0.9073759 0.09262408 0 0 0.8972471 0.1027529 0 0 0.9074983 0.09250169 0 0 0.5476512 0.4523487 0 0 0.9013889 0.0986111 0 0 0.9361961 0.06380381 0 0 0.9311239 0.06887615 0 0 0.9299024 0.07009759 0 0 0.9634583 0.03654172 0 0 0.9642299 0.03577011 0 0 0.5804284 0.4195716 0 0 0.9305016 0.06949841 0 0 0.9647278 0.03527224 0 0 0.9785889 0.0214111 0 0 0.7536029 0.2463971 0 0 0.9348372 0.06516276 0 0 0.9650367 0.03496324 0 0 1 0 0 0 0.8281229 0.1718771 0 0 0.9228213 0.07717875 0 0 0.9621691 0.03783091 0 0 0.9584104 0.04158964 0 0 0.9818012 0.01819883 0 0 0.9396387 0.06036133 0 0 0.9424449 0.05755517 0 0 0.9496945 0.05030549 0 0 0.8536237 0.1463762 0 0 0.8883501 0.1116499 0 0 0.7951204 0.2048796 0 0 0.7653608 0.2346392 0 0 0.6112777 0.3887223 0 0 0.5989361 0.4010639 0 0 0.5539333 0.4460667 0 0 0.6277078 0.3722922 0 0 0.7295063 0.2704938 0 0 0.5071657 0.4928343 0 0 0.6327752 0.3672248 0 0 0.5544257 0.4455743 0 0 0.5051782 0.4948219 0 0 0.6386553 0.3613447 0 0 0.7708179 0.2291821 0 0 0.8261803 0.1738196 0 0 0.7587703 0.2412296 0 0 0.8251561 0.1737224 0.001121557 0 0.7898508 0.2101493 0 0 0.768126 0.231874 0 0 0.7734651 0.2265349 0 0 0.8550283 0.1449717 0 0 0.8713809 0.1263147 0.00230443 0 0.8760325 0.122064 0.001903523 0 0.8788344 0.1211657 0 0 0.8797913 0.1190797 0.001129043 0 0.8698128 0.1276746 0.002512562 0 0.8676433 0.1298125 0.002544248 0 0.8568975 0.1431025 0 0 0.8724502 0.1252908 0.002258985 0 0.876152 0.1219898 0.001858221 0 0.8671513 0.1328488 0 0 0.8783342 0.1204107 0.001255125 0 0.8556536 0.1424685 0.001877985 0 0.8705413 0.1268539 0.002604772 0 0.8819974 0.1180026 0 0 0.8997884 0.09688035 0.003331185 0 0.90478 0.09229302 0.002926921 0 0.9025176 0.09748241 0 0 0.9181686 0.08068283 0.001148573 0 0.8953199 0.1029803 0.001699795 0 0.9052225 0.0912671 0.003510367 0 0.8972293 0.09922234 0.003548363 0 0.9272429 0.06799492 0.004762133 0 0.9333616 0.06212458 0.004513798 0 0.9294795 0.06533595 0.005184466 0 0.94936 0.04595048 0.004689523 0 0.9479114 0.0483815 0.003707051 0 0.9472859 0.05128748 0.001426613 0 0.9471841 0.04630845 0.006507413 0 0.947435 0.04729525 0.005269764 0 0.9438187 0.04951805 0.006663228 0 0.9717495 0.02217589 0.006074603 0 0.9751563 0.01976873 0.005074923 0 1 0 0 0 1 0 0 0 1 0 0 0 0.954744 0.03585632 0.008335471 0.001064205 0.9570751 0.03556905 0.007355787 0 0.9617323 0.03603206 0.002235691 0 1 0 0 0 1 0 0 0 1 0 0 0 1 0 0 0 1 0 0 0 0.967116 0.02751315 0.005370823 0 1 0 0 0 1 0 0 0 1 0 0 0 1 0 0 0 1 0 0 0 1 0 0 0 1 0 0 0 1 0 0 0 1 0 0 0 0.9700223 0.02660057 0.003377107 0 1 0 0 0 1 0 0 0 1 0 0 0 1 0 0 0 1 0 0 0 1 0 0 0 1 0 0 0 1 0 0 0 0.957248 0.04107239 0.001679588 0 1 0 0 0 1 0 0 0 0.9596009 0.03854067 0.001858501 0 1 0 0 0 0.9309015 0.06909852 0 0 0.9188851 0.08111496 0 0 0.9439715 0.05489616 0.001132294 0 0.9618301 0.03816985 0 0 1 0 0 0 0.9619493 0.03609422 0.001956462 0 0.9703009 0.02969912 0 0 0.9775332 0.02246682 0 0 0.9754989 0.02450106 0 0 0.9682183 0.0279049 0.002812698 0.001064111 1 0 0 0 0.9800653 0.01993464 0 0 0.9850718 0.01492821 0 0 0.9852684 0.01473159 0 0 0.9877458 0.0122542 0 0 0.9804345 0.01956544 0 0 1 0 0 0 1 0 0 0 1 0 0 0 1 0 0 0 1 0 0 0 1 0 0 0 1 0 0 0 1 0 0 0 1 0 0 0 1 0 0 0 0.9912287 0.008771289 0 0 1 0 0 0 1 0 0 0 1 0 0 0 0.9886867 0.01131328 0 0 0.9867482 0.01325176 0 0 0.9813324 0.01866761 0 0 0.9815584 0.01844165 0 0 0.9864967 0.01350321 0 0 0.9907342 0.009265804 0 0 0.9931325 0.006867528 0 0 0.9815119 0.01848808 0 0 0.9868532 0.01314681 0 0 0.9917671 0.008232896 0 0 0.9803548 0.01964519 0 0 1 0 0 0 1 0 0 0 1 0 0 0 0.9918387 0.008161346 0 0 1 0 0 0 1 0 0 0 1 0 0 0 1 0 0 0 1 0 0 0 1 0 0 0 1 0 0 0 1 0 0 0 1 0 0 0 1 0 0 0 1 0 0 0 1 0 0 0 1 0 0 0 1 0 0 0 1 0 0 0 1 0 0 0 1 0 0 0 1 0 0 0 1 0 0 0 1 0 0 0 1 0 0 0 1 0 0 0 1 0 0 0 1 0 0 0 1 0 0 0 1 0 0 0 1 0 0 0 1 0 0 0 1 0 0 0 1 0 0 0 1 0 0 0 1 0 0 0 1 0 0 0 1 0 0 0 1 0 0 0 1 0 0 0 1 0 0 0 1 0 0 0 1 0 0 0 0.7483203 0.2516797 0 0 1 0 0 0 0.7501941 0.2498059 0 0 1 0 0 0 1 0 0 0 1 0 0 0 1 0 0 0 1 0 0 0 1 0 0 0 1 0 0 0 1 0 0 0 1 0 0 0 1 0 0 0 1 0 0 0 1 0 0 0 1 0 0 0 1 0 0 0 1 0 0 0 1 0 0 0 1 0 0 0 1 0 0 0 1 0 0 0 1 0 0 0 1 0 0 0 1 0 0 0 1 0 0 0 1 0 0 0 1 0 0 0 1 0 0 0 1 0 0 0 1 0 0 0 1 0 0 0 1 0 0 0 1 0 0 0 1 0 0 0 1 0 0 0 1 0 0 0 1 0 0 0 1 0 0 0 1 0 0 0 1 0 0 0 1 0 0 0 1 0 0 0 1 0 0 0 1 0 0 0 1 0 0 0 1 0 0 0 1 0 0 0 1 0 0 0 1 0 0 0 0.8528012 0.1471988 0 0 0.8412621 0.1587379 0 0 0.6719131 0.3280869 0 0 1 0 0 0 1 0 0 0 1 0 0 0 1 0 0 0 1 0 0 0 1 0 0 0 1 0 0 0 1 0 0 0 1 0 0 0 1 0 0 0 1 0 0 0 1 0 0 0 1 0 0 0 1 0 0 0 1 0 0 0 1 0 0 0 1 0 0 0 1 0 0 0 1 0 0 0 1 0 0 0 1 0 0 0 1 0 0 0 1 0 0 0 1 0 0 0 1 0 0 0 1 0 0 0 0.7604755 0.2395245 0 0 1 0 0 0 1 0 0 0 0.5 0.5 0 0 0.7917078 0.2082922 0 0 1 0 0 0 1 0 0 0 1 0 0 0 0.5 0.5 0 0 1 0 0 0 1 0 0 0 1 0 0 0 0.755567 0.244433 0 0 0.5 0.5 0 0 0.5 0.5 0 0 1 0 0 0 1 0 0 0 1 0 0 0 0.5 0.5 0 0 0.5 0.5 0 0 0.5 0.5 0 0 1 0 0 0 1 0 0 0 1 0 0 0 0.7305601 0.2694399 0 0 0.5 0.5 0 0 0.5 0.5 0 0 0.5 0.5 0 0 1 0 0 0 0.5 0.5 0 0 0.5 0.5 0 0 0.5 0.5 0 0 0.6780874 0.3219126 0 0 0.5 0.5 0 0 0.5 0.5 0 0 0.8156719 0.1843281 0 0 1 0 0 0 0.5 0.5 0 0 0.6670911 0.3329089 0 0 0.5 0.5 0 0 0.5 0.5 0 0 1 0 0 0 1 0 0 0 0.5 0.5 0 0 0.5 0.5 0 0 0.5 0.5 0 0 0.8557422 0.1442578 0 0 0.6790618 0.3209381 0 0 0.5 0.5 0 0 0.5 0.5 0 0 1 0 0 0 0.5 0.5 0 0 0.8725693 0.1274308 0 0 0.6765896 0.3234104 0 0 0.5 0.5 0 0 0.5 0.5 0 0 0.5 0.5 0 0 0.6745435 0.3254565 0 0 0.8527537 0.1472463 0 0 1 0 0 0 0.5 0.5 0 0 0.5 0.5 0 0 0.5 0.5 0 0 0.6779392 0.3220608 0 0 0.8436452 0.1563548 0 0 0.5 0.5 0 0 0.5 0.5 0 0 0.5 0.5 0 0 1 0 0 0 0.8511686 0.1488314 0 0 0.6768051 0.3231949 0 0 0.5 0.5 0 0 0.5 0.5 0 0 0.5 0.5 0 0 0.5 0.5 0 0 0.5 0.5 0 0 0.6758962 0.3241038 0 0 0.853704 0.1462959 0 0 1 0 0 0 1 0 0 0 1 0 0 0 1 0 0 0 1 0 0 0 1 0 0 0 1 0 0 0 1 0 0 0 1 0 0 0 0.5 0.5 0 0 0.5 0.5 0 0 0.5 0.5 0 0 0.5 0.5 0 0 0.5 0.5 0 0 0.5074031 0.492597 0 0 0.5069311 0.493069 0 0 0.5 0.5 0 0 0.5 0.5 0 0 0.5091437 0.4908563 0 0 0.7053211 0.294679 0 0 0.6893319 0.3106681 0 0 0.8339912 0.1660088 0 0 0.5 0.5 0 0 0.5 0.5 0 0 0.7508604 0.2491396 0 0 0.8192181 0.1807819 0 0 1 0 0 0 0.5 0.5 0 0 0.5 0.5 0 0 1 0 0 0 1 0 0 0 1 0 0 0 0.7407623 0.2592377 0 0 0.5 0.5 0 0 0.5 0.5 0 0 0.5 0.5 0 0 1 0 0 0 1 0 0 0 1 0 0 0 0.746963 0.253037 0 0 0.5010325 0.4989675 0 0 0.5 0.5 0 0 0.5 0.5 0 0 1 0 0 0 1 0 0 0 1 0 0 0 1 0 0 0 1 0 0 0 1 0 0 0 0.7434254 0.2565746 0 0 0.5 0.5 0 0 1 0 0 0 1 0 0 0 0.7470528 0.2529472 0 0 1 0 0 0 1 0 0 0 1 0 0 0 1 0 0 0 1 0 0 0 1 0 0 0 1 0 0 0 1 0 0 0 1 0 0 0 1 0 0 0 1 0 0 0 1 0 0 0 0.7474831 0.2525169 0 0 0.5 0.5 0 0 0.5 0.5 0 0 0.5 0.5 0 0 0.5 0.5 0 0 0.5 0.5 0 0 0.5 0.5 0 0 0.7563953 0.2436047 0 0 1 0 0 0 0.5 0.5 0 0 0.5777103 0.4222896 0 0 0.5 0.5 0 0 0.7734661 0.2265339 0 0 0.5 0.5 0 0 0.5 0.5 0 0 0.5 0.5 0 0 0.5 0.5 0 0 0.6841094 0.3158906 0 0 1 0 0 0 1 0 0 0 0.7593584 0.2406416 0 0 0.5 0.5 0 0 0.5 0.5 0 0 0.5 0.5 0 0 1 0 0 0 1 0 0 0 0.7238926 0.2761075 0 0 0.5 0.5 0 0 0.5 0.5 0 0 0.5 0.5 0 0 1 0 0 0 0.6718814 0.3281186 0 0 0.5 0.5 0 0 0.5 0.5 0 0 0.5 0.5 0 0 0.6609884 0.3390116 0 0 0.5 0.5 0 0 0.5 0.5 0 0 0.5 0.5 0 0 0.5 0.5 0 0 0.5 0.5 0 0 0.8011537 0.1988463 0 0 0.6732404 0.3267597 0 0 0.5 0.5 0 0 0.5 0.5 0 0 0.5 0.5 0 0 0.8473687 0.1526313 0 0 0.6730447 0.3269553 0 0 0.5 0.5 0 0 0.5 0.5 0 0 0.5 0.5 0 0 0.8610266 0.1389733 0 0 0.6730645 0.3269355 0 0 0.5006893 0.4993107 0 0 0.5 0.5 0 0 0.5 0.5 0 0 0.8429782 0.1570219 0 0 0.677749 0.3222511 0 0 0.5034427 0.4965573 0 0 0.9811099 0.01889013 0 0 0.5 0.5 0 0 0.8357679 0.1642321 0 0 0.6823888 0.3176112 0 0 0.5063029 0.4936971 0 0 0.5 0.5 0 0 0.5 0.5 0 0 0.8516952 0.1483047 0 0 1 0 0 0 0.6882558 0.3117442 0 0 0.5071288 0.4928711 0 0 0.5 0.5 0 0 0.5 0.5 0 0 0.5 0.5 0 0 0.5069311 0.493069 0 0 0.5068095 0.4931905 0 0 0.6893319 0.3106681 0 0 0.8543295 0.1456706 0 0 0.6992644 0.3007356 0 0 0.6956829 0.3043171 0 0 0.8538966 0.1461035 0 0 1 0 0 0 0.8427283 0.1572717 0 0 0.8339912 0.1660088 0 0 1 0 0 0 0.8430737 0.1569263 0 0 1 0 0 0 1 0 0 0 1 0 0 0 1 0 0 0 1 0 0 0 1 0 0 0 1 0 0 0 1 0 0 0 1 0 0 0 1 0 0 0 1 0 0 0 1 0 0 0 1 0 0 0 1 0 0 0 1 0 0 0 1 0 0 0 1 0 0 0 1 0 0 0 1 0 0 0 1 0 0 0 1 0 0 0 1 0 0 0 1 0 0 0 1 0 0 0 1 0 0 0 1 0 0 0 1 0 0 0 1 0 0 0 1 0 0 0 1 0 0 0 1 0 0 0 1 0 0 0 1 0 0 0 1 0 0 0 0.9959125 0.004087529 0 0 0.957587 0.03870533 0.003707738 0 0.9555305 0.03948667 0.004982917 0 0.9544677 0.04187641 0.003655973 0 0.949891 0.04555292 0.004556116 0 0.9258284 0.07195415 0.00221743 0 0.9476913 0.04711252 0.005196275 0 1 0 0 0 1 0 0 0 1 0 0 0 0.9213564 0.07582005 0.002823535 0 0.8917019 0.1070299 0.001268208 0 0.9406099 0.05440448 0.004985596 0 0.9427424 0.05110566 0.006151938 0 1 0 0 0 0.8855028 0.1129081 0.001589048 0 0.8905199 0.1083768 0.00110328 0 0.9131781 0.08347591 0.003345956 0 0.8834655 0.1150255 0.001508996 0 0.804018 0.1959821 0 0 1 0 0 0 0.9397785 0.05430487 0.005916622 0 0.8761513 0.1219903 0.001858361 0 0.7938307 0.2061693 0 0 0.6572593 0.3427407 0 0 0.9078099 0.08845913 0.003731019 0 0.9401323 0.05388423 0.005983446 0 0.8760274 0.122069 0.001903609 0 0.7925335 0.2074665 0 0 0.8724474 0.1252935 0.002259093 0 0.9423973 0.05154726 0.006055468 0 0.7295043 0.2704957 0 0 0.5897716 0.4102284 0 0 0.8713744 0.1263211 0.002304546 0 0.9066349 0.08933961 0.004025522 0 0.598937 0.401063 0 0 0.7986749 0.2013251 0 0 0.8264663 0.1723754 0.001158288 0 0.8705344 0.1268611 0.002604493 0 0.8698106 0.1276768 0.002512594 0 0.9613075 0.0332407 0.005451846 0 0.9178962 0.0782636 0.003840217 0 0.8556736 0.1424489 0.001877543 0 0.9567698 0.03769086 0.00553937 0 0.7707966 0.2292034 0 0 0.7713519 0.2286481 0 0 0.6277065 0.3722935 0 0 0.8676578 0.1297997 0.002542544 0 0.6386552 0.3613447 0 0 0.7764315 0.2235685 0 0 0.9106749 0.08704688 0.002278212 0 0.878328 0.120417 0.001254903 0 0.8797892 0.119082 0.001128883 0 0.9615548 0.03405323 0.004392033 0 0.9687191 0.02768555 0.00359533 0 0.9577041 0.0350038 0.007292057 0 0.9596349 0.0327514 0.007613675 0 1 0 0 0 1 0 0 0 1 0 0 0 1 0 0 0 1 0 0 0 1 0 0 0 0.9974841 0.002515912 0 0 1 0 0 0 1 0 0 0 1 0 0 0 1 0 0 0 1 0 0 0 1 0 0 0 0.966511 0.027965 0.005524003 0 1 0 0 0 1 0 0 0 1 0 0 0 0.9559073 0.04191869 0.002173987 0 0.9971754 0.002824602 0 0 1 0 0 0 1 0 0 0 0.9746581 0.02232733 0.003014527 0 0.9650611 0.03325627 0.001682606 0 0.9548976 0.04306481 0.002037622 0 1 0 0 0 1 0 0 0 1 0 0 0 1 0 0 0 1 0 0 0 0.9461867 0.0524152 0.001398093 0 1 0 0 0 1 0 0 0 1 0 0 0 1 0 0 0 1 0 0 0 0.9698771 0.02780952 0.002313335 0 1 0 0 0 1 0 0 0 1 0 0 0 1 0 0 0 1 0 0 0 1 0 0 0 1 0 0 0 1 0 0 0 1 0 0 0 1 0 0 0 1 0 0 0 1 0 0 0 1 0 0 0 1 0 0 0 1 0 0 0 1 0 0 0 1 0 0 0 1 0 0 0 1 0 0 0 1 0 0 0 1 0 0 0 1 0 0 0 1 0 0 0 1 0 0 0 1 0 0 0 1 0 0 0 1 0 0 0 1 0 0 0 1 0 0 0 1 0 0 0 1 0 0 0 1 0 0 0 1 0 0 0 1 0 0 0 1 0 0 0 1 0 0 0 1 0 0 0 1 0 0 0 1 0 0 0 1 0 0 0 1 0 0 0 1 0 0 0 1 0 0 0 1 0 0 0 1 0 0 0 1 0 0 0 1 0 0 0 1 0 0 0 1 0 0 0 1 0 0 0 1 0 0 0 1 0 0 0 1 0 0 0 1 0 0 0 1 0 0 0 1 0 0 0 1 0 0 0 1 0 0 0 1 0 0 0 1 0 0 0 1 0 0 0 1 0 0 0 1 0 0 0 1 0 0 0 1 0 0 0 1 0 0 0 1 0 0 0 1 0 0 0 1 0 0 0 1 0 0 0 1 0 0 0 1 0 0 0 1 0 0 0 1 0 0 0 1 0 0 0 1 0 0 0 1 0 0 0 1 0 0 0 1 0 0 0 1 0 0 0 1 0 0 0 1 0 0 0 1 0 0 0 1 0 0 0 1 0 0 0 1 0 0 0 1 0 0 0 1 0 0 0 1 0 0 0 1 0 0 0 1 0 0 0 1 0 0 0 1 0 0 0 1 0 0 0 1 0 0 0 1 0 0 0 1 0 0 0 1 0 0 0 1 0 0 0 1 0 0 0 1 0 0 0 1 0 0 0 1 0 0 0 1 0 0 0 1 0 0 0 1 0 0 0 1 0 0 0 1 0 0 0 1 0 0 0 1 0 0 0 1 0 0 0 1 0 0 0 1 0 0 0 1 0 0 0 1 0 0 0 0.9959125 0.004087529 0 0 1 0 0 0 0.9581049 0.03927728 0.002617856 0 0.957587 0.03870533 0.003707738 0 0.9544677 0.04187641 0.003655973 0 1 0 0 0 0.9920184 0.007981616 0 0 0.9318184 0.06658437 0.001597235 0 0.9258284 0.07195415 0.00221743 0 0.8997099 0.1002901 0 0 0.8917019 0.1070299 0.001268208 0 0.8905199 0.1083768 0.00110328 0 0.8118094 0.1881906 0 0 0.804018 0.1959821 0 0 0.6351748 0.3648252 0 0 0.6572593 0.3427407 0 0 0.6199855 0.3800146 0 0 0.5897716 0.4102284 0 0 0.8202255 0.1797745 0 0 0.7986749 0.2013251 0 0 0.8844246 0.1155754 0 0 0.9361914 0.06277015 0.001038412 0 0.9043577 0.09564234 0 0 0.8155425 0.1844575 0 0 0.624514 0.375486 0 0 0.9634309 0.03482026 0.001748803 0 0.9946019 0.005398046 0 0 1 0 0 0 1 0 0 0 0.9054138 0.09458621 0 0 0.8061278 0.1938722 0 0 0.631541 0.3684591 0 0 0.9383488 0.06165124 0 0 0.8099 0.1901 0 0 0.5858078 0.4141922 0 0 0.908088 0.09191201 0 0 0.6022908 0.3977092 0 0 0.5880244 0.4119755 0 0 0.621134 0.378866 0 0 0.6608281 0.3391719 0 0 0.6917196 0.3082804 0 0 0.8398421 0.1601579 0 0 0.7499209 0.2500791 0 0 0.8605623 0.1394377 0 0 0.8960243 0.1039757 0 0 0.8952614 0.1047386 0 0 0.9082257 0.0917743 0 0 0.9385868 0.06141325 0 0 0.9484018 0.05159819 0 0 0.9190239 0.08097609 0 0 0.9327495 0.06725047 0 0 0.9634679 0.03653209 0 0 0.9645238 0.0354762 0 0 0.9416709 0.0583291 0 0 0.9649789 0.03502104 0 0 0.9816485 0.0183515 0 0 0.9816839 0.01831615 0 0 0.9676937 0.03230625 0 0 0.9817153 0.01828468 0 0 0.9927355 0.003831816 0.003432679 0 0.9946959 0.002814635 0.002489463 0 0.9908916 0.005099156 0.004009268 0 0.9975764 0.002423642 0 0 0.9986758 0.001324187 0 0 0.9830553 0.01694471 0 0 0.9963071 0.003692894 0 0 0.9982595 0.001740454 0 0 0.9986619 0.001338117 0 0 0.9976878 0.002312186 0 0 0.9930134 0.006986621 0 0 1 0 0 0 1 0 0 0 1 0 0 0 0.9823044 0.01769557 0 0 0.9821507 0.0167663 0.00108302 0 0.987036 0.008307864 0.004656137 0 0.9918594 0.00814056 0 0 0.9893208 0.01067913 0 0 0.9534137 0.04375846 0.002827853 0 0.960516 0.03681132 0.002672692 0 0.9661496 0.03212474 0.001725616 0 0.9650087 0.032769 0.002222337 0 0.9556289 0.04437109 0 0 0.9765077 0.02229919 0.001193104 0 0.9789715 0.01960325 0.001425271 0 0.8651776 0.1348224 0 0 0.9686394 0.02905624 0.002304324 0 0.8820504 0.1163347 0.001614954 0 0.8984079 0.08678618 0.01480594 0 0.881264 0.1035401 0.015196 0 0.7343181 0.2186506 0.04703131 0 0.7066805 0.2468475 0.04647193 0 0.9899618 0.01003821 0 0 0.922545 0.06878737 0.008667635 0 0.8018444 0.1937636 0.004392015 0 0.8651682 0.1234269 0.01140481 0 0.7370465 0.2577885 0.005165013 0 0.7019876 0.2929148 0.00509755 0 0.9901949 0.009805098 0 0 0.9906208 0.009379208 0 0 0.884164 0.1116398 0.004196179 0 0.6726111 0.3223738 0.005015149 0 0.9847955 0.01520454 0 0 0.9880494 0.01195065 0 0 0.9495646 0.04856973 0.001865693 0 0.784905 0.209477 0.005617986 0 0.9824405 0.01755956 0 0 0.9787324 0.02126764 0 0 0.9617083 0.03698643 0.001305294 0 0.9934973 0.006502728 0 0 0.9914746 0.008525353 0 0 1 0 0 0 0.9975045 0.002495483 0 0 0.8950024 0.1023415 0.002656123 0 0.9784281 0.02157194 0 0 0.936985 0.06132019 0.001694825 0 0.7731692 0.2224867 0.004344165 0 1 0 0 0 0.7050929 0.2894098 0.00549729 0 0.6530301 0.3439074 0.003062553 0 0.6302471 0.3653851 0.00436781 0 0.5397404 0.4580933 0.002166262 0 0.7326337 0.2643218 0.003044532 0 0.5835782 0.4146573 0.001764566 0 0.5364001 0.4635999 0 0 0.8209432 0.1759696 0.003087209 0 0.724185 0.275815 0 0 0.5343375 0.4656624 0 0 0.6203896 0.3796104 0 0 0.8080713 0.1900676 0.00186116 0 0.6917638 0.3082363 0 0 0.5162995 0.4837005 0 0 0.650858 0.349142 0 0 0.8098676 0.1901325 0 0 0.6734289 0.3265711 0 0 0.5023881 0.4960016 0.00161031 0 0.6497567 0.3502434 0 0 0.7803335 0.2196665 0 0 0.6798758 0.3190042 0.001119976 0 0.4998569 0.4970512 0.003091868 0 0.6409069 0.3574193 0.001673895 0 0.8079553 0.1920446 0 0 0.6825287 0.3154183 0.002052979 0 0.5089511 0.4832727 0.007776156 0 0.6065421 0.388541 0.004916907 0 0.5795357 0.4078785 0.01258587 0 0.6657936 0.3289974 0.005209034 0 0.5288906 0.4531942 0.0179152 0 0.5025674 0.459259 0.0381736 0 0.8017322 0.1982678 0 0 0.6107659 0.3553315 0.0339026 0 0.4996082 0.4528247 0.04756708 0 0.7804362 0.21806 0.001503846 0 0.6585835 0.3297509 0.01166564 0 0.7735149 0.204586 0.0218991 0 0.599085 0.3490668 0.05184821 0 0.7547207 0.2417889 0.003490428 0 0.649278 0.3270797 0.02364235 0 0.8111978 0.1682033 0.02059892 0 0.6763216 0.2699633 0.05371512 0 0.7261844 0.266618 0.007197555 0 0.8627757 0.1372242 0 0 0.9000445 0.09995551 0 0 0.6897255 0.2999301 0.01034444 0 0.8192658 0.1759592 0.004775007 0 0.7056714 0.240337 0.05399156 0 0.6702198 0.3126815 0.01709875 0 0.9090455 0.09095453 0 0 0.7618036 0.2306231 0.007573237 0 0.9100038 0.08999617 0 0 0.751961 0.2344099 0.01362916 0 0.8519732 0.1459205 0.002106331 0 0.7863222 0.2113075 0.002370369 0 0.8984079 0.08678618 0.01480594 0 0.7343181 0.2186506 0.04703131 0 0.8820504 0.1163347 0.001614954 0 0.8006133 0.1964476 0.002939047 0 0.8449957 0.1550043 0 0 0.826103 0.173897 0 0 0.8651776 0.1348224 0 0 0.9586218 0.04137818 0 0 0.9556289 0.04437109 0 0 0.7374249 0.2567625 0.005812651 0 0.950424 0.04957604 0 0 0.9756624 0.02255217 0.001785476 0 0.960516 0.03681132 0.002672692 0 0.9911523 0.008847642 0 0 0.9945487 0.005451245 0 0 0.9821507 0.0167663 0.00108302 0 1 0 0 0 1 0 0 0 1 0 0 0 1 0 0 0 1 0 0 0 0.9986619 0.001338117 0 0 1 0 0 0 1 0 0 0 0.9986758 0.001324187 0 0 1 0 0 0 0.9960216 0.002103663 0.001874769 0 0.9946959 0.002814635 0.002489463 0 0.9960479 0.002105923 0.001846163 0 0.9842553 0.01574474 0 0 0.9816839 0.01831615 0 0 0.9860831 0.01391691 0 0 0.9628056 0.03719445 0 0 0.9645238 0.0354762 0 0 0.9589484 0.04105159 0 0 0.9496945 0.05030549 0 0 0.9484018 0.05159819 0 0 0.9424449 0.05755517 0 0 0.8883501 0.1116499 0 0 0.8844246 0.1155754 0 0 0.8536239 0.1463761 0 0 0.7951208 0.2048792 0 0 0.6112784 0.3887216 0 0 0.7653611 0.2346389 0 0 0.8281232 0.1718769 0 0 0.9396387 0.06036133 0 0 0.6327742 0.3672258 0 0 0.5539342 0.4460658 0 0 0.9621764 0.03782353 0 0 0.5051781 0.4948219 0 0 0.9292881 0.07071192 0 0 0.7553545 0.2446455 0 0 0.9873987 0.01260128 0 0 0.5071655 0.4928345 0 0 0.7630431 0.2369569 0 0 0.9597891 0.04021093 0 0 0.8447101 0.1552899 0 0 0.9953975 0.002509105 0.002093387 0 0.5544257 0.4455743 0 0 0.9866973 0.01330276 0 0 0.9322787 0.06772133 0 0 1 0 0 0 0.9657823 0.03421772 0 0 0.9940678 0.003298915 0.002633237 0 0.9986348 0.001365235 0 0 0.9817786 0.01822144 0 0 1 0 0 0 1 0 0 0 1 0 0 0 0.9973982 0.002601844 0 0 0.9989021 0.001097907 0 0 0.9922598 0.007740176 0 0 0.993072 0.004087364 0.0028406 0 1 0 0 0 0.9307043 0.0692957 0 0 0.9883917 0.01160832 0 0 0.8402017 0.1597982 0 0 0.9985715 0.001428458 0 0 0.9830384 0.0169616 0 0 0.8609602 0.1377261 0.001313602 0 0.9690245 0.03097552 0 0 0.7963453 0.2021322 0.001522471 0 0.9984652 0.001534821 0 0 0.7519962 0.2463139 0.001689864 0 0.9966054 0.003394604 0 0 0.7849521 0.2150479 0 0 0.9340631 0.06593686 0 0 0.8389198 0.1610803 0 0 0.9321895 0.06781053 0 0 0.9134966 0.08650344 0 0 0.9165242 0.08347577 0 0 0.9192109 0.08078908 0 0 0.9696956 0.03030436 0 0 0.982781 0.01721901 0 0 0.9913599 0.008640055 0 0 0.9225007 0.07749931 0 0 0.9505291 0.04947089 0 0 0.9856578 0.01434225 0 0 0.992897 0.00710304 0 0 0.9865546 0.01344538 0 0 0.9867346 0.01326537 0 0 0.988625 0.01137495 0 0 0.9947804 0.00521958 0 0 0.9425201 0.05747985 0 0 0.9763537 0.0236463 0 0 0.989664 0.01033598 0 0 0.993159 0.006841004 0 0 0.9921831 0.007816866 0 0 0.9908938 0.009106225 0 0 0.9939629 0.006037115 0 0 0.9227659 0.07723417 0 0 0.9963088 0.003691164 0 0 0.9984031 0.0015969 0 0 0.9968759 0.003124153 0 0 0.9937069 0.006293068 0 0 0.9953116 0.004688442 0 0 0.9926056 0.004608452 0.002785919 0 0.9906211 0.006223635 0.003155271 0 0.9847137 0.01528627 0 0 0.9955279 0.00447208 0 0 0.9940787 0.004261057 0.001660247 0 0.9875162 0.009707275 0.002776501 0 0.9703386 0.02966139 0 0 0.9921394 0.007860603 0 0 0.9943048 0.003753586 0.001941638 0 0.9865952 0.01340478 0 0 0.9798028 0.02019713 0 0 0.8845761 0.1154239 0 0 0.9940274 0.003387681 0.002584883 0 0.9883077 0.01169233 0 0 0.9764834 0.02351659 0 0 0.9058034 0.0941966 0 0 0.8520181 0.1479819 0 0 0.9882838 0.01171625 0 0 0.9767537 0.02324627 0 0 0.9579178 0.04208217 0 0 0.8669404 0.1330595 0 0 0.7547267 0.2452733 0 0 0.8811386 0.1188614 0 0 0.9562852 0.04371478 0 0 0.7497001 0.2503 0 0 0.5804292 0.4195708 0 0 0.6070548 0.3929452 0 0 0.5476515 0.4523485 0 0 0.7703028 0.2296972 0 0 0.6521024 0.3478977 0 0 0.573613 0.426387 0 0 0.5999095 0.4000904 0 0 0.8279081 0.1720919 0 0 0.8788236 0.1211764 0 0 0.8671493 0.1328507 0 0 0.9110164 0.08773085 0.001252758 0 0.9435529 0.05514163 0.001305555 0 0.9123119 0.08768811 0 0 0.8568981 0.1431019 0 0 0.855027 0.144973 0 0 0.8418148 0.1581852 0 0 0.8042802 0.1957197 0 0 0.9335181 0.0664819 0 0 0.9313893 0.06861065 0 0 0.8934644 0.1065356 0 0 0.5110031 0.4889969 0 0 0.5014528 0.4985472 0 0 0.5380321 0.4619679 0 0 0.6922458 0.3077542 0 0 0.7564515 0.2435485 0 0 0.5320711 0.4679289 0 0 0.8091567 0.1908433 0 0 0.5062572 0.4937428 0 0 0.6985316 0.3014683 0 0 0.9241211 0.07587893 0 0 1 0 0 0 0.5232526 0.4767474 0 0 0.8312834 0.1687166 0 0 0.5110774 0.4889226 0 0 0.7372182 0.2627818 0 0 0.5033572 0.4966427 0 0 0.9659504 0.03404961 0 0 0.9584879 0.04151214 0 0 0.9545897 0.04541025 0 0 0.7092528 0.2907472 0 0 0.9758086 0.02419143 0 0 0.625315 0.374685 0 0 0.574901 0.425099 0 0 0.7112291 0.2887709 0 0 0.8246852 0.1753149 0 0 0.9041431 0.09585689 0 0 0.7862598 0.2137403 0 0 0.931839 0.06816094 0 0 0.5916628 0.4083372 0 0 0.9406884 0.05931153 0 0 0.9665613 0.03343872 0 0 0.770698 0.229302 0 0 0.9664648 0.03353523 0 0 1 0 0 0 0.9667645 0.03323554 0 0 0.5896535 0.4103465 0 0 0.5473377 0.4526623 0 0 0.8284765 0.1715235 0 0 0.9772197 0.0227803 0 0 0.9755349 0.02446508 0 0 1 0 0 0 0.9747045 0.02529553 0 0 0.9633458 0.03471359 0.001940653 0 1 0 0 0 0.9815291 0.01847095 0 0 0.9841584 0.0158416 0 0 0.9790984 0.0209016 0 0 0.9692369 0.03076313 0 0 0.969138 0.03086193 0 0 0.9384016 0.0615984 0 0 1 0 0 0 0.9877147 0.01228526 0 0 0.9858494 0.01415063 0 0 0.9811758 0.01882415 0 0 0.971037 0.02896306 0 0 0.9711344 0.02886565 0 0 1 0 0 0 1 0 0 0 1 0 0 0 1 0 0 0 1 0 0 0 1 0 0 0 1 0 0 0 1 0 0 0 1 0 0 0 0.9902437 0.00975634 0 0 1 0 0 0 1 0 0 0 0.9982686 0.001731346 0 0 0.9890769 0.01092309 0 0 1 0 0 0 1 0 0 0 1 0 0 0 1 0 0 0 0.9929909 0.007009101 0 0 1 0 0 0 1 0 0 0 1 0 0 0 1 0 0 0 0.9989089 0.001091158 0 0 0.9914349 0.008565089 0 0 1 0 0 0 1 0 0 0 0.9988113 0.001188652 0 0 1 0 0 0 0.9860125 0.01398751 0 0 0.9928775 0.007122552 0 0 1 0 0 0 1 0 0 0 1 0 0 0 0.9825819 0.01741812 0 0 0.9942527 0.005747353 0 0 1 0 0 0 1 0 0 0 1 0 0 0 0.9887099 0.01129012 0 0 1 0 0 0 1 0 0 0 0.978275 0.02172504 0 0 0.9774206 0.02257933 0 0 0.9875389 0.01246113 0 0 0.9884246 0.0115754 0 0 0.9829116 0.0170884 0 0 0.9685526 0.03144743 0 0 0.966702 0.03225637 0.001041642 0 0.9719228 0.02807726 0 0 0.970577 0.02942299 0 0 0.9713724 0.02862756 0 0 0.9679269 0.03207314 0 0 0.9669312 0.03192807 0.00114078 0 0.9708419 0.02915815 0 0 0.9380806 0.0619194 0 0 0.9693921 0.03060789 0 0 0.9694884 0.03051154 0 0 0.9408451 0.05915487 0 0 0.9389759 0.06102408 0 0 0.9073759 0.09262408 0 0 0.9427755 0.0572245 0 0 0.939262 0.06073803 0 0 0.901389 0.09861104 0 0 0.9030247 0.09697536 0 0 0.8972477 0.1027523 0 0 0.9074982 0.09250181 0 0 0.9078016 0.09219848 0 0 0.909998 0.09000199 0 0 0.7771654 0.2228346 0 0 0.9017295 0.09827055 0 0 0.9046303 0.09536972 0 0 0.9052368 0.09476323 0 0 0.784077 0.215923 0 0 0.5374624 0.4625376 0 0 0.7958136 0.2041864 0 0 0.7863585 0.2136415 0 0 0.5559347 0.4440654 0 0 0.5441779 0.4558221 0 0 0.548836 0.451164 0 0 0.5365739 0.4634261 0 0 0.5155824 0.4844176 0 0 0.544113 0.455887 0 0 0.5235983 0.4764018 0 0 0.8152031 0.1847969 0 0 0.7921873 0.2078127 0 0 0.8075678 0.1924322 0 0 0.7964141 0.2035859 0 0 0.7852237 0.2147764 0 0 0.9770772 0.02292283 0 0 0.908887 0.09111299 0 0 0.9240981 0.07590192 0 0 0.9066217 0.09337831 0 0 0.9134241 0.0865759 0 0 0.9160866 0.08391338 0 0 0.9730768 0.02692322 0 0 0.9322711 0.06772893 0 0 0.9483035 0.05169652 0 0 0.9443282 0.05567174 0 0 0.9397711 0.06022897 0 0 0.9400761 0.05992397 0 0 0.9376689 0.06233114 0 0 0.9502928 0.04970717 0 0 0.9512162 0.04878378 0 0 0.9666408 0.03335924 0 0 0.9585533 0.04144675 0 0 0.9503639 0.04963613 0 0 0.9649472 0.03505275 0 0 0.9640489 0.03595111 0 0 0.9756112 0.02438886 0 0 0.9809869 0.01901309 0 0 0.9802279 0.0197721 0 0 0.9817688 0.01823123 0 0 0.9748262 0.02517383 0 0 0.9863635 0.01363654 0 0 0.9834862 0.01651381 0 0 0.987552 0.01244796 0 0 0.9880489 0.01195109 0 0 0.9886782 0.01132179 0 0 0.9898658 0.01013419 0 0 0.9899826 0.01001737 0 0 0.9880106 0.01198935 0 0 0.9910068 0.008993208 0 0 0.9900364 0.009963572 0 0 0.992707 0.007293047 0 0 0.9954904 0.004509629 0 0 0.9855216 0.01447838 0 0 0.970277 0.02972297 0 0 0.9931637 0.006836291 0 0 0.9763921 0.02360784 0 0 0.961584 0.03841603 0 0 0.96394 0.03606004 0 0 0.9630277 0.03697234 0 0 0.9900399 0.009960108 0 0 0.9658726 0.03412742 0 0 0.9511082 0.04889185 0 0 0.9798008 0.02019925 0 0 0.9817393 0.01826067 0 0 0.9649925 0.03500748 0 0 0.9228979 0.07710215 0 0 0.9002606 0.09973942 0 0 0.8861137 0.1138863 0 0 0.9221186 0.07788142 0 0 0.8766298 0.1233701 0 0 0.9737493 0.02625073 0 0 0.9885889 0.01141107 0 0 0.9227588 0.07724124 0 0 0.8715828 0.1284172 0 0 0.9815351 0.01846492 0 0 0.9863386 0.01366144 0 0 0.9203795 0.07962054 0 0 0.886797 0.113203 0 0 0.9951025 0.004897535 0 0 0.9875391 0.01246088 0 0 0.9267763 0.0732237 0 0 0.9580181 0.04198189 0 0 0.9765362 0.02346378 0 0 0.9943265 0.005673528 0 0 0.9921041 0.004444557 0.00345133 0 0.9738322 0.02616776 0 0 0.9959206 0.004079402 0 0 0.9845001 0.01549989 0 0 0.9898775 0.01012248 0 0 0.9901586 0.009841379 0 0 1 0 0 0 0.9971275 0.002872468 0 0 0.9964669 0.003533126 0 0 0.9904346 0.009565342 0 0 0.9962211 0.003778935 0 0 0.9882025 0.007328212 0.004469275 0 1 0 0 0 1 0 0 0 0.9944991 0.005500913 0 0 0.9975567 0.002443254 0 0 0.9964736 0.00352639 0 0 1 0 0 0 0.9988485 0.001151502 0 0 0.9969913 0.003008664 0 0 0.9946377 0.005362341 0 0 0.988714 0.00818444 0.003101521 0 0.9972519 0.002748132 0 0 0.9977815 0.002218485 0 0 0.9954241 0.004575884 0 0 0.9876055 0.01239454 0 0 0.9886334 0.008452233 0.002914373 0 0.996218 0.003782033 0 0 0.9960284 0.003971625 0 0 0.9961466 0.003853362 0 0 0.989105 0.01089504 0 0 0.9877297 0.009133151 0.003137181 0 0.9886647 0.0113353 0 0 0.9875645 0.009285138 0.003150345 0 0.9877 0.009107872 0.003192129 0 0.9876789 0.008403776 0.003917336 0 0.9888555 0.01114451 0 0 0.9796733 0.02032667 0 0 0.9893252 0.01067477 0 0 0.9877595 0.01114182 0.001098644 0 0.9857265 0.01427352 0 0 0.9880353 0.01196468 0 0 0.9791884 0.02081156 0 0 0.9718344 0.02816558 0 0 0.9787169 0.02128309 0 0 0.9787903 0.02120972 0 0 0.9765742 0.02342576 0 0 0.958445 0.04155502 0 0 0.9637772 0.03622282 0 0 0.9377542 0.0622458 0 0 0.9425279 0.05747214 0 0 0.9651608 0.03483922 0 0 0.9495276 0.05047242 0 0 0.9654727 0.03452731 0 0 0.9517077 0.04829231 0 0 0.9648021 0.0351979 0 0 0.9806331 0.0193669 0 0 0.7066805 0.2468475 0.04647193 0 0.7343181 0.2186506 0.04703131 0 0.6142865 0.3081546 0.07755887 0 0.6059462 0.3271243 0.06692953 0 0.5452824 0.3539065 0.100811 0 0.8018444 0.1937636 0.004392015 0 0.5444313 0.378358 0.07721066 0 0.4788867 0.3966222 0.1244911 0 0.4970076 0.4139809 0.08901152 0 0.6307567 0.3123207 0.05692258 0 0.5419068 0.3818629 0.07623035 0 0.4603066 0.4218052 0.1178882 0 0.5502284 0.3403452 0.1094265 0 0.5567775 0.2589247 0.1842978 0 0.6165998 0.1949476 0.1884526 0 0.4746718 0.4405028 0.08482544 0 0.7370465 0.2577885 0.005165013 0 0.6109704 0.2777108 0.1113188 0 0.6965156 0.1620942 0.1413902 0 0.58184 0.3837736 0.03438636 0 0.7019876 0.2929148 0.00509755 0 0.7051097 0.1872481 0.1076422 0 0.782011 0.1171219 0.100867 0 0.5193482 0.4647828 0.01586896 0 0.6726111 0.3223738 0.005015149 0 0.6811444 0.2704354 0.04842022 0 0.6161728 0.3754514 0.008375851 0 0.6530301 0.3439074 0.003062553 0 0.5888866 0.4111134 0 0 0.5397404 0.4580933 0.002166262 0 0.6499829 0.3262373 0.02377986 0 0.8134187 0.1488795 0.03770175 0 0.5274319 0.4725681 0 0 0.5364001 0.4635999 0 0 0.9114836 0.06814161 0.02037477 0 0.9120753 0.04420346 0.04372125 0 0.7978544 0.1813359 0.02080966 0 0.6527987 0.3419336 0.005267764 0 0.582224 0.417776 0 0 0.9981037 0.001896224 0 0 0.9718638 0.01657158 0.01156461 0 0.9120289 0.075904 0.01206706 0 0.6494294 0.3505706 0 0 0.6203896 0.3796104 0 0 0.7993287 0.1958003 0.004871018 0 0.6936451 0.306355 0 0 0.7521463 0.2478537 0 0 0.650858 0.349142 0 0 1 0 0 0 1 0 0 0 1 0 0 0 0.994988 0.005011993 0 0 0.8235224 0.1764776 0 0 0.9438631 0.05324558 0.002891334 0 0.8209886 0.1790114 0 0 0.6497567 0.3502434 0 0 0.9952564 0.004743549 0 0 0.5342054 0.2971587 0.165463 0.00317285 1 0 0 0 0.995705 0.004295017 0 0 0.8775557 0.1224443 0 0 0.9728702 0.02712975 0 0 1 0 0 0 0.6409069 0.3574193 0.001673895 0 0.6861462 0.2126355 0.09948009 0.001738226 0.4672822 0.2725967 0.2554875 0.004633479 0.9627765 0.0372235 0 0 1 0 0 0 1 0 0 0 0.9557861 0.04421388 0 0 0.9864539 0.01354608 0 0 0.4639492 0.2864476 0.2454615 0.004141775 0.6210821 0.3435472 0.0289983 0.006372382 0.6283281 0.3371713 0.02869161 0.005808882 0.6315892 0.3043104 0.06308556 0.001014829 0.4711975 0.2913226 0.2338757 0.003604208 0.6435708 0.3284521 0.02283706 0.005139957 0.9580407 0.04195928 0 0 0.9849001 0.01509993 0 0 0.5898179 0.3687114 0.04147068 0 0.4811659 0.2993206 0.216658 0.002855509 0.6599881 0.3176184 0.01815815 0.004235368 0.4928932 0.2899682 0.2148322 0.002306421 0.6770853 0.3037026 0.01606814 0.003143949 0.5645419 0.3808796 0.05457853 0 0.4954712 0.2660359 0.2362756 0.002217127 0.6481158 0.3402724 0.00900093 0.002610808 0.5339471 0.3605336 0.1055194 0 0.4892558 0.2721686 0.2361028 0.002472839 0.5925921 0.4024192 0.004988736 0 0.6563631 0.2931722 0.04631741 0.004147291 0.4876685 0.2860208 0.2231859 0.003124721 0.6253026 0.282143 0.08751494 0.005039419 0.505299 0.3438584 0.1492873 0.001555304 0.4759608 0.3040695 0.2161637 0.003806128 0.6141842 0.2795243 0.1003191 0.005972409 1 0 0 0 0.5109902 0.3362475 0.1506408 0.002121522 0.4610019 0.3240995 0.2104698 0.004428811 0.585632 0.2716728 0.1359866 0.006708657 0.5307535 0.3215351 0.145105 0.002606406 0.9878327 0.008407299 0.003760028 0 0.441417 0.3488212 0.2047572 0.005004521 0.5612146 0.2658726 0.1655304 0.007382491 0.5462079 0.310021 0.1407565 0.003014569 0.4211958 0.3737794 0.1994511 0.005573747 0.5475225 0.2623111 0.1821438 0.00802257 0.9882542 0.008204278 0.003541472 0 1 0 0 0 0.5653744 0.2945506 0.1366843 0.003390682 0.4125116 0.3844605 0.1970579 0.005970085 0.5447325 0.2585594 0.1885246 0.008183531 1 0 0 0 1 0 0 0 0.9965925 0.002343541 0.001063961 0 0.5902039 0.2749767 0.1311071 0.003712342 0.4096377 0.3886571 0.1955156 0.006189692 0.5448305 0.2576753 0.1892335 0.008260762 1 0 0 0 1 0 0 0 1 0 0 0 0.5918497 0.2726643 0.13138 0.004105932 0.4096582 0.3862281 0.1976351 0.006478636 0.5451263 0.2587432 0.1879413 0.008189342 1 0 0 0 1 0 0 0 0.9985195 0.00148047 0 0 0.5946199 0.27218 0.1290673 0.004132843 1 0 0 0 0.9967892 0.002166583 0.001044255 0 0.409727 0.3885232 0.1955588 0.006191029 0.5475225 0.2623111 0.1821438 0.00802257 1 0 0 0 1 0 0 0 1 0 0 0 0.4123732 0.3846678 0.196991 0.005967981 0.5615302 0.2660315 0.1650501 0.007388163 1 0 0 0 1 0 0 0 0.9989831 0.001016927 0 0 0.4212003 0.3737739 0.1994523 0.005573548 0.5768735 0.269824 0.1463211 0.006981381 0.4337583 0.3583919 0.2026529 0.005196831 0.5999578 0.2756332 0.1179872 0.006421651 0.5869786 0.2771429 0.1321376 0.003740882 0.4506696 0.3373922 0.2071877 0.0047504 0.6275416 0.2835121 0.08331712 0.005629169 0.994285 0.005715032 0 0 0.5942099 0.2710576 0.1306484 0.004084128 0.5760805 0.2862899 0.1341477 0.003481994 0.4691707 0.3135902 0.2130646 0.004174561 0.6483274 0.2919307 0.05509248 0.004649527 0.5952123 0.271787 0.1288737 0.004127018 0.5595925 0.2997914 0.137408 0.003207934 0.4835941 0.2932639 0.2196534 0.003488657 0.6648483 0.2944832 0.03705153 0.003616964 0.5951346 0.2722972 0.1284037 0.004164575 0.5403875 0.3148773 0.1419052 0.00283002 0.4925001 0.2776538 0.2270801 0.002766151 0.6175025 0.3801144 0.002383046 0 1 0 0 0 0.5267195 0.3243744 0.146542 0.002364105 1 0 0 0 0.9667174 0.02766873 0.005613843 0 0.9563186 0.04368142 0 0 0.4884018 0.2627242 0.2466828 0.002191281 0.5175846 0.3331403 0.1475078 0.001767264 0.5066817 0.2618664 0.2291711 0.002280798 0.6812602 0.2997292 0.0161597 0.002850955 0.6687709 0.3116159 0.01588579 0.003727464 0.5107409 0.3434739 0.1445067 0.001278526 0.4986875 0.2624736 0.2359358 0.002903186 0.6466231 0.3267526 0.02161609 0.005008264 0.5519555 0.3816226 0.06642206 0 0.4848032 0.2666943 0.2448081 0.003694499 0.6265596 0.3384843 0.02905526 0.005900932 0.4726606 0.2709356 0.2520996 0.004304185 0.6210821 0.3435472 0.0289983 0.006372382 0.4672822 0.2725967 0.2554875 0.004633479 0.5342054 0.2971587 0.165463 0.00317285 0.6213772 0.3227642 0.05585858 0 0.6888601 0.2028917 0.1063769 0.001871337 1 0 0 0 1 0 0 0 0.5676103 0.3976662 0.03472346 0 0.9549604 0.04503959 0 0 1 0 0 0 1 0 0 0 0.9718638 0.01657158 0.01156461 0 0.9586818 0.04131824 0 0 1 0 0 0 1 0 0 0 0.9120753 0.04420346 0.04372125 0 0.9980505 0.001949549 0 0 1 0 0 0 1 0 0 0 0.9128285 0.0663721 0.02079942 0 0.782011 0.1171219 0.100867 0 1 0 0 0 1 0 0 0 1 0 0 0 0.9184766 0.07261828 0.008905025 0 1 0 0 0 1 0 0 0 1 0 0 0 0.9658746 0.0341255 0 0 1 0 0 0 1 0 0 0 1 0 0 0 0.9968559 0.003144154 0 0 1 0 0 0 1 0 0 0 1 0 0 0 1 0 0 0 1 0 0 0 1 0 0 0 1 0 0 0 1 0 0 0 1 0 0 0 1 0 0 0 1 0 0 0 1 0 0 0 1 0 0 0 1 0 0 0 1 0 0 0 1 0 0 0 1 0 0 0 1 0 0 0 1 0 0 0 1 0 0 0 0.9632833 0.0367167 0 0 1 0 0 0 1 0 0 0 0.958967 0.03411189 0.006921125 0 0.9517236 0.04827641 0 0 1 0 0 0 1 0 0 0 0.939384 0.04405449 0.01656145 0 1 0 0 0 1 0 0 0 0.9487858 0.03790065 0.01331348 0 0.8955935 0.1044066 0 0 0.8899741 0.09518073 0.01484521 0 0.9341903 0.04093319 0.02487644 0 0.9407867 0.03808664 0.02112666 0 0.9003003 0.08690752 0.01279225 0 0.8146859 0.185314 0 0 0.8643647 0.1014086 0.03422668 0 0.9340341 0.03414676 0.03181919 0 0.8753741 0.09539988 0.02922601 0 0.7314642 0.2329453 0.0355904 0 0.8643072 0.08706364 0.04862912 0 0.869176 0.08748168 0.04334225 0 0.763811 0.1794763 0.05671264 0 0.6272153 0.3018406 0.07094421 0 0.8629903 0.07229665 0.06471304 0 0.77047 0.1506783 0.07885173 0 0.6889462 0.2329569 0.07809694 0 0.6758119 0.2175808 0.1066073 0 0.7650681 0.1283674 0.1065645 0 0.7713468 0.1570416 0.07161164 0 0.7664954 0.1828552 0.05064939 0 0.7420474 0.2258707 0.03208183 0 0.6160314 0.3204314 0.06353717 0 0.6765485 0.2528723 0.07057923 0 0.6756865 0.2271423 0.09717129 0 0.6630306 0.1880016 0.1489678 0 0.5502033 0.3326431 0.1171536 0 0.5356641 0.3616617 0.1026741 0 0.8254013 0.1745987 0 0 0.5530477 0.258194 0.1887583 0 0.9009488 0.09905124 0 0 0.956336 0.04366396 0 0 0.995318 0.004681992 0 0 0.7295316 0.2704684 0 0 0.7499604 0.2500396 0 0 0.796957 0.203043 0 0 0.9573413 0.04265868 0 0 0.9947069 0.005293088 0 0 0.6003277 0.3682541 0.03141812 0 0.6065421 0.388541 0.004916907 0 0.5795357 0.4078785 0.01258587 0 0.5025674 0.459259 0.0381736 0 0.5172059 0.430648 0.05214609 0 0.4996082 0.4528247 0.04756708 0 1 0 0 0 0.4889363 0.4404626 0.07060119 0 0.599085 0.3490668 0.05184821 0 1 0 0 0 0.4562077 0.430889 0.1129033 0 0.5615773 0.3598224 0.07860031 0 0.6763216 0.2699633 0.05371512 0 0.5826994 0.3344578 0.08284278 0 0.7056714 0.240337 0.05399156 0 0.7343181 0.2186506 0.04703131 0 0.6142865 0.3081546 0.07755887 0 0.5277026 0.3686959 0.1036016 0 0.5452824 0.3539065 0.100811 0 0.4788867 0.3966222 0.1244911 0 0.4194946 0.417696 0.1628094 0 0.4811311 0.3220803 0.1967886 0 0.4644221 0.3929152 0.1426626 0 0.44046 0.4137677 0.1457723 0 0.446438 0.4152346 0.1383274 0 0.5972751 0.3208028 0.08192214 0 0.4742573 0.4434205 0.0823222 0 0.5592951 0.3519705 0.0887344 0 0.7760422 0.1875484 0.03640953 0 0.732858 0.2193076 0.04783439 0 0.7006997 0.2499267 0.0493736 0 0.5115187 0.397516 0.09096527 0 0.6177121 0.3316243 0.05066365 0 0.5101398 0.4414571 0.04840318 0 0.5369917 0.4045143 0.058494 0 0.4912922 0.4671699 0.0415379 0 0.6054907 0.3610193 0.03348996 0 0.559529 0.4258568 0.0146142 0 0.7182463 0.2817537 0 0 0.6051074 0.3898576 0.00503501 0 0.7796085 0.2203915 0 0 0.8299088 0.1700912 0 0 0.6339545 0.3642696 0.001775984 0 0.8140749 0.1859251 0 0 0.635717 0.364283 0 0 0.9667602 0.03323982 0 0 0.9678779 0.03212216 0 0 0.8249214 0.1750786 0 0 0.627835 0.372165 0 0 0.9076098 0.09239026 0 0 0.7754735 0.2245265 0 0 0.5852649 0.414735 0 0 0.8412738 0.1587262 0 0 0.7087294 0.2912706 0 0 0.8027734 0.1972266 0 0 0.5967157 0.4032843 0 0 0.4996966 0.4991328 0.00117058 0 0.6551905 0.3448095 0 0 0.7952083 0.1899716 0.01482018 0 0.5004658 0.4995342 0 0 0.5810631 0.4156893 0.003247603 0 0.6353782 0.348801 0.01582076 0 0.8155712 0.1465228 0.03790595 0 0.6632981 0.3367019 0 0 0.7214831 0.2746415 0.003875433 0 0.6331114 0.3570125 0.009876215 0 0.7658506 0.2273461 0.006803192 0 0.6811444 0.2704354 0.04842022 0 0.5084767 0.4733123 0.01821095 0 0.771723 0.218195 0.01008195 0 0.6279655 0.3338173 0.0382172 0 0.6986876 0.2732007 0.02811172 0 0.7054801 0.1848065 0.1097134 0 0.6965156 0.1620942 0.1413902 0 0.604457 0.2792962 0.1162468 0 0.6165998 0.1949476 0.1884526 0 0.470391 0.4499827 0.07962628 0 0.8733087 0.112099 0.01459228 0 0.5503087 0.3388637 0.1108276 0 0.5567775 0.2589247 0.1842978 0 0.4603066 0.4218052 0.1178882 0 0.6612273 0.286164 0.05260872 0 0.5262674 0.3931821 0.08055049 0 0.4970076 0.4139809 0.08901152 0 0.5016109 0.4140377 0.08435144 0 0.4788867 0.3966222 0.1244911 0 0.446438 0.4152346 0.1383274 0 0.6070455 0.3257381 0.06721642 0 0.7515377 0.2113594 0.03710291 0 0.5972751 0.3208028 0.08192214 0 0.7760422 0.1875484 0.03640953 0 0.8343744 0.1070365 0.05858921 0 0.7472227 0.1940793 0.05869803 0 0.8343744 0.1070365 0.05858921 0 0.7472227 0.1940793 0.05869803 0 0.6938314 0.2744108 0.03175783 0 0.6938314 0.2744108 0.03175783 0 0.6677284 0.3090424 0.02201921 0.00120995 0.6677284 0.3090424 0.02201921 0.00120995 0.6665627 0.3206592 0.01134484 0.001433259 0.6665627 0.3206592 0.01134484 0.001433259 0.9960968 0.003903151 0 0 0.9953187 0.004681349 0 0 1 0 0 0 1 0 0 0 1 0 0 0 0.9960809 0.003919108 0 0 1 0 0 0 0.6479468 0.3520532 0 0 1 0 0 0 0.9953187 0.004681349 0 0 0.9960968 0.003903151 0 0 0.6479468 0.3520532 0 0 0.8471503 0.1528497 0 0 0.9953187 0.004681349 0 0 0.7954645 0.2045355 0 0 0.636894 0.3599729 0.003133088 0 0.6182679 0.3732783 0.008453776 0 0.6417836 0.3582164 0 0 0.7150061 0.2810245 0.003969487 0 0.6659281 0.3292605 0.004811452 0 0.7071958 0.2897182 0.001687575 0.001398419 0.6623821 0.3342417 0.00185735 0.001518782 0.7059755 0.2925029 0.001521641 0 0.538052 0.4362576 0.02569042 0 0.5274324 0.4508488 0.02171881 0 0.5395715 0.4295095 0.03091896 0 0.6250723 0.2949441 0.07998363 0 0.6154613 0.3162624 0.06827626 0 0.5203813 0.4555359 0.02408274 0 0.6029228 0.307808 0.08926915 0 0.6191257 0.3015592 0.07931509 0 0.4910204 0.4895062 0.01947352 0 0.4964255 0.482907 0.02066748 0 0.5060097 0.4762457 0.0177446 0 0.6564841 0.3378953 0.005620536 0 0.6519396 0.3419607 0.006099699 0 0.638437 0.3553528 0.006210224 0 0.8217317 0.1782683 0 0 0.8198974 0.1801026 0 0 0.6123854 0.378365 0.009249608 0 0.9496133 0.05038675 0 0 0.8050078 0.1949923 0 0 0.9907612 0.009238829 0 0 0.9985434 0.001456539 0 0 0.9762082 0.02379185 0 0 1 0 0 0 1 0 0 0 1 0 0 0 1 0 0 0 1 0 0 0 1 0 0 0 1 0 0 0 1 0 0 0 1 0 0 0 1 0 0 0 1 0 0 0 0.9920561 0.007943924 0 0 1 0 0 0 0.9788108 0.02118914 0 0 1 0 0 0 1 0 0 0 0.9897031 0.01029693 0 0 0.9504457 0.04955438 0 0 1 0 0 0 0.9715216 0.02847847 0 0 0.9505603 0.04943966 0 0 0.9882928 0.01170726 0 0 0.9820357 0.0179643 0 0 1 0 0 0 1 0 0 0 1 0 0 0 1 0 0 0 1 0 0 0 1 0 0 0 1 0 0 0 1 0 0 0 1 0 0 0 1 0 0 0 1 0 0 0 0.9882928 0.01170726 0 0 0.9820357 0.01796429 0 0 0.9715216 0.02847847 0 0 0.9505603 0.04943968 0 0 0.9897031 0.01029693 0 0 0.9504456 0.04955441 0 0 1 0 0 0 0.9901764 0.008723483 0.001100133 0 0.9788108 0.02118914 0 0 1 0 0 0 1 0 0 0 1 0 0 0 1 0 0 0 1 0 0 0 1 0 0 0 1 0 0 0 1 0 0 0 1 0 0 0 0.9907612 0.009238829 0 0 0.9985434 0.001456539 0 0 0.9762082 0.02379185 0 0 0.8217317 0.1782683 0 0 0.8198974 0.1801026 0 0 0.8050078 0.1949923 0 0 0.6564841 0.3378953 0.005620536 0 0.6519396 0.3419607 0.006099699 0 0.638437 0.3553528 0.006210224 0 0.4910204 0.4895062 0.01947352 0 0.4964255 0.482907 0.02066748 0 0.5060097 0.4762457 0.0177446 0 0.6250723 0.2949441 0.07998363 0 0.6154613 0.3162624 0.06827626 0 0.6191257 0.3015592 0.07931509 0 0.538052 0.4362576 0.02569042 0 0.5274324 0.4508488 0.02171881 0 0.5395715 0.4295095 0.03091896 0 0.7071958 0.2897182 0.001687575 0.001398419 0.6623821 0.3342417 0.00185735 0.001518782 0.7059755 0.2925029 0.001521641 0 0.636894 0.3599729 0.003133088 0 0.6182679 0.3732783 0.008453776 0 0.6659281 0.3292605 0.004811452 0 0.8471503 0.1528497 0 0 0.7954645 0.2045355 0 0 0.9953187 0.004681349 0 0 1 0 0 0 1 0 0 0 1 0 0 0 1 0 0 0 1 0 0 0 1 0 0 0 1 0 0 0 1 0 0 0 1 0 0 0 1 0 0 0 1 0 0 0 1 0 0 0 1 0 0 0 1 0 0 0 1 0 0 0 1 0 0 0 1 0 0 0 1 0 0 0 1 0 0 0 1 0 0 0 1 0 0 0 1 0 0 0 1 0 0 0 1 0 0 0 1 0 0 0 1 0 0 0 1 0 0 0 1 0 0 0 1 0 0 0 1 0 0 0 1 0 0 0 1 0 0 0 1 0 0 0 1 0 0 0 1 0 0 0 1 0 0 0 1 0 0 0 1 0 0 0 1 0 0 0 1 0 0 0 1 0 0 0 1 0 0 0 1 0 0 0 1 0 0 0 1 0 0 0 1 0 0 0 1 0 0 0 1 0 0 0 1 0 0 0 1 0 0 0 1 0 0 0 1 0 0 0 1 0 0 0 1 0 0 0 1 0 0 0 0.989774 0.01022603 0 0 1 0 0 0 1 0 0 0 0.9878517 0.01214827 0 0 1 0 0 0 0.978613 0.02138704 0 0 0.9751636 0.02483643 0 0 1 0 0 0 1 0 0 0 1 0 0 0 1 0 0 0 1 0 0 0 1 0 0 0 1 0 0 0 1 0 0 0 1 0 0 0 1 0 0 0 1 0 0 0 1 0 0 0 1 0 0 0 1 0 0 0 1 0 0 0 1 0 0 0 1 0 0 0 1 0 0 0 1 0 0 0 1 0 0 0 1 0 0 0 1 0 0 0 1 0 0 0 1 0 0 0 1 0 0 0 1 0 0 0 1 0 0 0 1 0 0 0 1 0 0 0 1 0 0 0 1 0 0 0 1 0 0 0 1 0 0 0 1 0 0 0 1 0 0 0 1 0 0 0 1 0 0 0 1 0 0 0 1 0 0 0 1 0 0 0 1 0 0 0 1 0 0 0 1 0 0 0 1 0 0 0 1 0 0 0 1 0 0 0 1 0 0 0 1 0 0 0 1 0 0 0 1 0 0 0 1 0 0 0 1 0 0 0 1 0 0 0 1 0 0 0 1 0 0 0 1 0 0 0 1 0 0 0 1 0 0 0 1 0 0 0 1 0 0 0 1 0 0 0 1 0 0 0 1 0 0 0 1 0 0 0 1 0 0 0 1 0 0 0 1 0 0 0 1 0 0 0 1 0 0 0 1 0 0 0 1 0 0 0 1 0 0 0 1 0 0 0 1 0 0 0 1 0 0 0 1 0 0 0 1 0 0 0 1 0 0 0 1 0 0 0 1 0 0 0 1 0 0 0 1 0 0 0 1 0 0 0 1 0 0 0 1 0 0 0 1 0 0 0 1 0 0 0 1 0 0 0 1 0 0 0 1 0 0 0 1 0 0 0 1 0 0 0 1 0 0 0 1 0 0 0 1 0 0 0 1 0 0 0 1 0 0 0 1 0 0 0 1 0 0 0 1 0 0 0 1 0 0 0 1 0 0 0 1 0 0 0 1 0 0 0 1 0 0 0 1 0 0 0 1 0 0 0 1 0 0 0 1 0 0 0 1 0 0 0 1 0 0 0 1 0 0 0 1 0 0 0 1 0 0 0 1 0 0 0 1 0 0 0 1 0 0 0 1 0 0 0 1 0 0 0 1 0 0 0 1 0 0 0 1 0 0 0 1 0 0 0 1 0 0 0 1 0 0 0 0.9897722 0.01022782 0 0 0.9878485 0.0121515 0 0 1 0 0 0 1 0 0 0 1 0 0 0 1 0 0 0 1 0 0 0 1 0 0 0 0.9786144 0.02138553 0 0 1 0 0 0 1 0 0 0 1 0 0 0 1 0 0 0 1 0 0 0 1 0 0 0 1 0 0 0 1 0 0 0 0.9901217 0.009878318 0 0 0.9751636 0.02483643 0 0 0.9846895 0.01531047 0 0 0.9774846 0.02251535 0 0 0.9874547 0.01254534 0 0 0.9932679 0.006732097 0 0 1 0 0 0 0.996277 0.003723011 0 0 0.9885537 0.01144627 0 0 0.9846895 0.01531047 0 0 0.9797514 0.02024859 0 0 0.9774846 0.02251535 0 0 0.979041 0.020959 0 0 1 0 0 0 0.9879996 0.01200039 0 0 0.9768199 0.02318009 0 0 0.9856191 0.01438085 0 0 0.9716753 0.02832472 0 0 0.9834749 0.01652508 0 0 0.9682695 0.03173051 0 0 1 0 0 0 1 0 0 0 0.9807867 0.01921333 0 0 0.9679785 0.03202153 0 0 0.9811229 0.01887716 0 0 1 0 0 0 1 0 0 0 0.9980285 0.001971458 0 0 1 0 0 0 1 0 0 0 1 0 0 0 1 0 0 0 1 0 0 0 1 0 0 0 1 0 0 0 1 0 0 0 1 0 0 0 1 0 0 0 1 0 0 0 1 0 0 0 1 0 0 0 1 0 0 0 1 0 0 0 1 0 0 0 1 0 0 0 1 0 0 0 1 0 0 0 1 0 0 0 1 0 0 0 1 0 0 0 1 0 0 0 1 0 0 0 1 0 0 0 1 0 0 0 1 0 0 0 1 0 0 0 1 0 0 0 1 0 0 0 1 0 0 0 1 0 0 0 1 0 0 0 1 0 0 0 1 0 0 0 1 0 0 0 1 0 0 0 1 0 0 0 1 0 0 0 1 0 0 0 1 0 0 0 1 0 0 0 1 0 0 0 1 0 0 0 1 0 0 0 1 0 0 0 1 0 0 0 1 0 0 0 1 0 0 0 1 0 0 0 1 0 0 0 1 0 0 0 1 0 0 0 1 0 0 0 1 0 0 0 1 0 0 0 1 0 0 0 1 0 0 0 1 0 0 0 1 0 0 0 1 0 0 0 1 0 0 0 1 0 0 0 1 0 0 0 1 0 0 0 1 0 0 0 1 0 0 0 1 0 0 0 1 0 0 0 1 0 0 0 1 0 0 0 1 0 0 0 1 0 0 0 1 0 0 0 1 0 0 0 1 0 0 0 1 0 0 0 1 0 0 0 1 0 0 0 1 0 0 0 1 0 0 0 1 0 0 0 1 0 0 0 1 0 0 0 1 0 0 0 1 0 0 0 1 0 0 0 1 0 0 0 1 0 0 0 1 0 0 0 1 0 0 0 1 0 0 0 1 0 0 0 1 0 0 0 1 0 0 0 1 0 0 0 1 0 0 0 1 0 0 0 1 0 0 0 1 0 0 0 1 0 0 0 1 0 0 0 1 0 0 0 1 0 0 0 1 0 0 0 1 0 0 0 1 0 0 0 1 0 0 0 1 0 0 0 0.9980285 0.001971458 0 0 1 0 0 0 0.9807868 0.01921322 0 0 0.9811229 0.01887716 0 0 0.9682558 0.03174425 0 0 0.9679785 0.03202153 0 0 0.9716753 0.02832472 0 0 0.983475 0.01652503 0 0 0.9768192 0.02318082 0 0 0.9856191 0.01438085 0 0 0.979041 0.020959 0 0 1 0 0 0 0.9879998 0.0120002 0 0 0.9797526 0.02024742 0 0 1 0 0 0 1 0 0 0 1 0 0 0 0.9885537 0.01144627 0 0 0.984688 0.01531198 0 0 0.9774827 0.02251724 0 0 0.9874548 0.01254524 0 0 0.9962773 0.003722683 0 0 0.9932672 0.006732788 0 0 0.9901217 0.009878318 0 0 0.984688 0.01531198 0 0 1 0 0 0 0.9774827 0.02251724 0 0 1 0 0 0 1 0 0 0 1 0 0 0 1 0 0 0 1 0 0 0 1 0 0 0 1 0 0 0 1 0 0 0 1 0 0 0 1 0 0 0 1 0 0 0 1 0 0 0 1 0 0 0 1 0 0 0 1 0 0 0 1 0 0 0 1 0 0 0 1 0 0 0 1 0 0 0 1 0 0 0 0.9965482 0.003451775 0 0 1 0 0 0 1 0 0 0 1 0 0 0 1 0 0 0 1 0 0 0 0.9955974 0.004402568 0 0 1 0 0 0 1 0 0 0 1 0 0 0 1 0 0 0 1 0 0 0 1 0 0 0 1 0 0 0 1 0 0 0 1 0 0 0 1 0 0 0 1 0 0 0 1 0 0 0 1 0 0 0 1 0 0 0 0.9971944 0.002805581 0 0 1 0 0 0 1 0 0 0 1 0 0 0 1 0 0 0 1 0 0 0 1 0 0 0 1 0 0 0 1 0 0 0 1 0 0 0 1 0 0 0 1 0 0 0 1 0 0 0 1 0 0 0 1 0 0 0 1 0 0 0 1 0 0 0 1 0 0 0 1 0 0 0 1 0 0 0 1 0 0 0 1 0 0 0 1 0 0 0 1 0 0 0 1 0 0 0 1 0 0 0 1 0 0 0 1 0 0 0 1 0 0 0 1 0 0 0 1 0 0 0 1 0 0 0 1 0 0 0 1 0 0 0 1 0 0 0 1 0 0 0 1 0 0 0 1 0 0 0 1 0 0 0 1 0 0 0 1 0 0 0 1 0 0 0 1 0 0 0 1 0 0 0 1 0 0 0 1 0 0 0 1 0 0 0 1 0 0 0 1 0 0 0 1 0 0 0 1 0 0 0 1 0 0 0 1 0 0 0 1 0 0 0 1 0 0 0 1 0 0 0 1 0 0 0 1 0 0 0 1 0 0 0 1 0 0 0 1 0 0 0 1 0 0 0 1 0 0 0 1 0 0 0 1 0 0 0 1 0 0 0 1 0 0 0 1 0 0 0 1 0 0 0 1 0 0 0 1 0 0 0 1 0 0 0 1 0 0 0 1 0 0 0 1 0 0 0 1 0 0 0 1 0 0 0 1 0 0 0 1 0 0 0 1 0 0 0 1 0 0 0 1 0 0 0 1 0 0 0 1 0 0 0 1 0 0 0 1 0 0 0 1 0 0 0 1 0 0 0 1 0 0 0 1 0 0 0 1 0 0 0 1 0 0 0 1 0 0 0 1 0 0 0 1 0 0 0 1 0 0 0 1 0 0 0 1 0 0 0 1 0 0 0 1 0 0 0 1 0 0 0 1 0 0 0 1 0 0 0 1 0 0 0 1 0 0 0 1 0 0 0 1 0 0 0 1 0 0 0 1 0 0 0 1 0 0 0 1 0 0 0 1 0 0 0 1 0 0 0 1 0 0 0 1 0 0 0 1 0 0 0 1 0 0 0 1 0 0 0 1 0 0 0 1 0 0 0 1 0 0 0 1 0 0 0 1 0 0 0 1 0 0 0 1 0 0 0 1 0 0 0 1 0 0 0 1 0 0 0 1 0 0 0 1 0 0 0 1 0 0 0 1 0 0 0 1 0 0 0 1 0 0 0 1 0 0 0 1 0 0 0 1 0 0 0 1 0 0 0 1 0 0 0 1 0 0 0 1 0 0 0 1 0 0 0 1 0 0 0 1 0 0 0 1 0 0 0 1 0 0 0 1 0 0 0 1 0 0 0 1 0 0 0 1 0 0 0 1 0 0 0 1 0 0 0 1 0 0 0 1 0 0 0 1 0 0 0 1 0 0 0 1 0 0 0 1 0 0 0 1 0 0 0 1 0 0 0 1 0 0 0 1 0 0 0 1 0 0 0 0.9971944 0.002805581 0 0 1 0 0 0 0.9955974 0.004402568 0 0 1 0 0 0 1 0 0 0 1 0 0 0 1 0 0 0 1 0 0 0 1 0 0 0 1 0 0 0 1 0 0 0 1 0 0 0 1 0 0 0 1 0 0 0 1 0 0 0 0.9965482 0.003451775 0 0 1 0 0 0 1 0 0 0 1 0 0 0 1 0 0 0 1 0 0 0 1 0 0 0 1 0 0 0 1 0 0 0 1 0 0 0 1 0 0 0 1 0 0 0 1 0 0 0 1 0 0 0 1 0 0 0 1 0 0 0 1 0 0 0 1 0 0 0 1 0 0 0 1 0 0 0 1 0 0 0 1 0 0 0 1 0 0 0 1 0 0 0 1 0 0 0 1 0 0 0 1 0 0 0 1 0 0 0 1 0 0 0 1 0 0 0 1 0 0 0 1 0 0 0 1 0 0 0 1 0 0 0 1 0 0 0 1 0 0 0 1 0 0 0 1 0 0 0 1 0 0 0 1 0 0 0 1 0 0 0 1 0 0 0 1 0 0 0 1 0 0 0 1 0 0 0 1 0 0 0 1 0 0 0 1 0 0 0 1 0 0 0 1 0 0 0 1 0 0 0 1 0 0 0 1 0 0 0 1 0 0 0 1 0 0 0 1 0 0 0 1 0 0 0 1 0 0 0 1 0 0 0 1 0 0 0 1 0 0 0 1 0 0 0 1 0 0 0 1 0 0 0 1 0 0 0 1 0 0 0 1 0 0 0 1 0 0 0 1 0 0 0 1 0 0 0 1 0 0 0 1 0 0 0 1 0 0 0 1 0 0 0 1 0 0 0 1 0 0 0 1 0 0 0 1 0 0 0 1 0 0 0 1 0 0 0 1 0 0 0 1 0 0 0 1 0 0 0 1 0 0 0 1 0 0 0 1 0 0 0 1 0 0 0 1 0 0 0 1 0 0 0 1 0 0 0 1 0 0 0 1 0 0 0 1 0 0 0 1 0 0 0 1 0 0 0 1 0 0 0 1 0 0 0 1 0 0 0 1 0 0 0 1 0 0 0 1 0 0 0 1 0 0 0 1 0 0 0 1 0 0 0 1 0 0 0 1 0 0 0 1 0 0 0 1 0 0 0 1 0 0 0 1 0 0 0 1 0 0 0 1 0 0 0 1 0 0 0 1 0 0 0 1 0 0 0 1 0 0 0 1 0 0 0 1 0 0 0 1 0 0 0 1 0 0 0 1 0 0 0 1 0 0 0 1 0 0 0 1 0 0 0 1 0 0 0 1 0 0 0 1 0 0 0 0.9959244 0.004075654 0 0 0.9884733 0.01152667 0 0 0.9808396 0.01916036 0 0 0.9702992 0.02970078 0 0 0.9621727 0.03782731 0 0 0.9556412 0.04435877 0 0 0.9483725 0.05162743 0 0 0.9365056 0.06349438 0 0 0.9755578 0.02444217 0 0 0.9912983 0.008701768 0 0 1 0 0 0 0.9454997 0.05450032 0 0 0.9233292 0.07667084 0 0 1 0 0 0 0.9376026 0.06239744 0 0 0.9207467 0.07925324 0 0 1 0 0 0 1 0 0 0 0.9345444 0.06545557 0 0 0.9261345 0.07386549 0 0 1 0 0 0 1 0 0 0 1 0 0 0 1 0 0 0 1 0 0 0 1 0 0 0 1 0 0 0 1 0 0 0 0.9335689 0.06643109 0 0 0.9391327 0.06086731 0 0 1 0 0 0 1 0 0 0 1 0 0 0 1 0 0 0 1 0 0 0 1 0 0 0 1 0 0 0 1 0 0 0 1 0 0 0 1 0 0 0 1 0 0 0 1 0 0 0 1 0 0 0 1 0 0 0 1 0 0 0 0.9870419 0.01295812 0 0 0.9817117 0.01828823 0 0 1 0 0 0 0.975813 0.02418695 0 0 0.9715155 0.02848448 0 0 0.9857789 0.01422116 0 0 0.9586734 0.0413266 0 0 0.955754 0.044246 0 0 1 0 0 0 0.9429739 0.05702607 0 0 0.966623 0.033377 0 0 0.9894559 0.01054408 0 0 0.9558327 0.04416732 0 0 0.9709263 0.02907363 0 0 0.9487513 0.05124874 0 0 0.9618298 0.03817015 0 0 0.9486303 0.05136969 0 0 0.950747 0.04925302 0 0 0.9651466 0.03485342 0 0 0.9560741 0.04392597 0 0 0.9654594 0.03454057 0 0 0.9773998 0.02260022 0 0 0.9780993 0.02190073 0 0 0.9756849 0.02431514 0 0 0.9817854 0.0182146 0 0 0.9987477 0.001252273 0 0 0.9938335 0.006166481 0 0 0.9875531 0.01244687 0 0 1 0 0 0 1 0 0 0 1 0 0 0 1 0 0 0 1 0 0 0 1 0 0 0 1 0 0 0 1 0 0 0 0.9953058 0.004694234 0 0 1 0 0 0 1 0 0 0 1 0 0 0 1 0 0 0 1 0 0 0 1 0 0 0 1 0 0 0 1 0 0 0 0.9959244 0.004075654 0 0 0.9884733 0.01152667 0 0 0.9808396 0.01916036 0 0 0.9702992 0.02970078 0 0 0.9621727 0.03782731 0 0 0.9556412 0.04435877 0 0 0.9483725 0.05162743 0 0 0.9365056 0.06349438 0 0 0.9755578 0.02444217 0 0 0.9912983 0.008701768 0 0 1 0 0 0 0.9454997 0.05450032 0 0 0.9233292 0.07667084 0 0 1 0 0 0 0.9376026 0.06239744 0 0 0.9207467 0.07925324 0 0 1 0 0 0 1 0 0 0 0.9345444 0.06545557 0 0 0.9261345 0.07386549 0 0 1 0 0 0 1 0 0 0 1 0 0 0 1 0 0 0 1 0 0 0 1 0 0 0 1 0 0 0 1 0 0 0 0.9335689 0.06643109 0 0 0.9391327 0.06086731 0 0 1 0 0 0 1 0 0 0 1 0 0 0 1 0 0 0 1 0 0 0 1 0 0 0 1 0 0 0 1 0 0 0 0.9953058 0.004694234 0 0 1 0 0 0 1 0 0 0 1 0 0 0 0.9987477 0.001252273 0 0 1 0 0 0 1 0 0 0 1 0 0 0 0.9875531 0.01244687 0 0 0.9773998 0.02260022 0 0 1 0 0 0 1 0 0 0 0.9780993 0.02190073 0 0 0.9654594 0.03454057 0 0 0.9651466 0.03485342 0 0 0.9560741 0.04392597 0 0 0.950747 0.04925302 0 0 0.9486303 0.05136969 0 0 0.9618298 0.03817015 0 0 0.9487513 0.05124874 0 0 0.9558327 0.04416732 0 0 0.9756849 0.02431514 0 0 0.9709263 0.02907363 0 0 0.9429739 0.05702607 0 0 0.955754 0.044246 0 0 0.966623 0.033377 0 0 0.9586734 0.0413266 0 0 0.9715155 0.02848448 0 0 0.9857789 0.01422116 0 0 0.975813 0.02418695 0 0 0.9817117 0.01828823 0 0 0.9870419 0.01295812 0 0 1 0 0 0 0.9817854 0.0182146 0 0 0.9894559 0.01054408 0 0 1 0 0 0 1 0 0 0 1 0 0 0 1 0 0 0 0.9938335 0.006166481 0 0 1 0 0 0 1 0 0 0 1 0 0 0 1 0 0 0 1 0 0 0 1 0 0 0 0.7749085 0.2250915 0 0 0.7453813 0.2546187 0 0 0.7163286 0.2680039 0.01566752 0 0.7410752 0.2589249 0 0 0.9132164 0.08678363 0 0 0.9090791 0.09092092 0 0 0.9082969 0.09170308 0 0 0.6318378 0.2906966 0.07746574 0 0.6558095 0.2850116 0.05917886 0 0.6573591 0.2845316 0.05810931 0 0.7002938 0.2637414 0.03596479 0 0.9364369 0.06356312 0 0 0.9426226 0.05737739 0 0 0.9445188 0.05548121 0 0 0.920601 0.079399 0 0 0.9454209 0.05457914 0 0 0.9299126 0.07008743 0 0 0.9473105 0.05268947 0 0 0.9401651 0.05983489 0 0 0.9482903 0.05170974 0 0 0.7096049 0.2590254 0.03136971 0 0.7833219 0.2166782 0 0 0.9261002 0.07389979 0 0 0.9410048 0.05899527 0 0 0.8018657 0.1981343 0 0 0.8173584 0.1826416 0 0 0.7943255 0.2056745 0 0 0.7206665 0.2052608 0.07407271 0 0.8796865 0.1203135 0 0 0.9379953 0.06200471 0 0 0.8743298 0.1256702 0 0 0.9299397 0.07006027 0 0 0.8286192 0.1713807 0 0 0.7077626 0.1917782 0.1004592 0 0.8436378 0.1563622 0 0 0.6727598 0.1795922 0.1476481 0 0.8915441 0.1084559 0 0 0.9682602 0.03173985 0 0 0.9248912 0.07510875 0 0 0.9918694 0.008130522 0 0 0.8807728 0.1192272 0 0 0.9439423 0.05605767 0 0 0.6175234 0.1949736 0.1875031 0 0.962414 0.037586 0 0 1 0 0 0 0.8759342 0.1240658 0 0 0.5963646 0.208016 0.1956194 0 0.987071 0.01292905 0 0 1 0 0 0 0.8486777 0.1374045 0.0139178 0 0.5862913 0.2307864 0.1829223 0 0.8319918 0.1680082 0 0 0.6194734 0.2570534 0.1234733 0 0.9372844 0.06271566 0 0 0.9402497 0.05975029 0 0 0.7550104 0.2157671 0.02922252 0 0.7545939 0.2454061 0 0 0.9838216 0.01617843 0 0 0.9822208 0.01777924 0 0 0.9977127 0.002287355 0 0 0.9878198 0.01218022 0 0 0.9914905 0.008509534 0 0 1 0 0 0 0.9258164 0.07418358 0 0 0.8422829 0.1577171 0 0 0.9979601 0.00203988 0 0 1 0 0 0 1 0 0 0 1 0 0 0 1 0 0 0 0.971058 0.02894203 0 0 1 0 0 0 0.9981902 0.001809814 0 0 1 0 0 0 1 0 0 0 0.9986272 0.001372776 0 0 0.9944222 0.005577788 0 0 0.9939778 0.006022166 0 0 1 0 0 0 1 0 0 0 0.9988564 0.001143547 0 0 0.9913216 0.008678406 0 0 1 0 0 0 0.9988251 0.001174939 0 0 0.9986961 0.001303901 0 0 1 0 0 0 1 0 0 0 1 0 0 0 0.9885179 0.01148213 0 0 0.9939875 0.006012505 0 0 0.9932228 0.006777178 0 0 1 0 0 0 1 0 0 0 0.998726 0.001274055 0 0 1 0 0 0 1 0 0 0 1 0 0 0 0.9908372 0.009162797 0 0 1 0 0 0 1 0 0 0 1 0 0 0 1 0 0 0 1 0 0 0 1 0 0 0 1 0 0 0 1 0 0 0 0.9989171 0.001082923 0 0 0.9939733 0.006026673 0 0 1 0 0 0 1 0 0 0 1 0 0 0 1 0 0 0 1 0 0 0 1 0 0 0 1 0 0 0 1 0 0 0 1 0 0 0 1 0 0 0 1 0 0 0 1 0 0 0 1 0 0 0 1 0 0 0 1 0 0 0 1 0 0 0 1 0 0 0 1 0 0 0 1 0 0 0 1 0 0 0 1 0 0 0 1 0 0 0 1 0 0 0 1 0 0 0 1 0 0 0 1 0 0 0 1 0 0 0 1 0 0 0 1 0 0 0 1 0 0 0 1 0 0 0 1 0 0 0 1 0 0 0 1 0 0 0 0.9989055 0.001094442 0 0 1 0 0 0 1 0 0 0 1 0 0 0 1 0 0 0 0.9932338 0.006766229 0 0 0.9885414 0.01145861 0 0 1 0 0 0 1 0 0 0 0.9908485 0.009151454 0 0 0.9858508 0.01414921 0 0 0.9939812 0.006018738 0 0 0.9964573 0.003542744 0 0 0.9973828 0.002617182 0 0 0.9913206 0.008679461 0 0 1 0 0 0 0.9939834 0.006016608 0 0 0.9846972 0.01530277 0 0 0.9964794 0.003520612 0 0 0.9857517 0.01424827 0 0 0.9846962 0.01530381 0 0 0.9858348 0.01416521 0 0 0.9860848 0.01391523 0 0 0.995924 0.004075999 0 0 0.9851954 0.01480458 0 0 0.9866329 0.01336705 0 0 0.9989781 0.00102194 0 0 0.9851954 0.01480458 0 0 0.9961396 0.003860411 0 0 0.9861349 0.01386513 0 0 0.9959506 0.004049361 0 0 0.9961399 0.003860134 0 0 1 0 0 0 1 0 0 0 1 0 0 0 1 0 0 0 1 0 0 0 1 0 0 0 1 0 0 0 1 0 0 0 1 0 0 0 1 0 0 0 1 0 0 0 0.9943029 0.00569711 0 0 1 0 0 0 1 0 0 0 1 0 0 0 0.9946992 0.005300749 0 0 0.962282 0.03771801 0 0 1 0 0 0 1 0 0 0 0.9031789 0.09682114 0 0 0.8530369 0.146963 0 0 0.9145769 0.08542308 0 0 0.9747554 0.0252446 0 0 0.8040266 0.1959734 0 0 0.9149487 0.0850513 0 0 0.8666417 0.1333583 0 0 0.8319587 0.1680413 0 0 0.9726429 0.02735708 0 0 0.808932 0.191068 0 0 0.7679257 0.2320743 0 0 0.8008466 0.1991534 0 0 0.9980503 0.001949682 0 0 0.9978252 0.002174794 0 0 1 0 0 0 1 0 0 0 1 0 0 0 1 0 0 0 1 0 0 0 1 0 0 0 1 0 0 0 1 0 0 0 1 0 0 0 1 0 0 0 0.9974324 0.0025676 0 0 1 0 0 0 1 0 0 0 0.9959241 0.004075889 0 0 0.9989706 0.001029394 0 0 0.9732934 0.02670657 0 0 0.9726429 0.02735708 0 0 1 0 0 0 1 0 0 0 1 0 0 0 1 0 0 0 1 0 0 0 1 0 0 0 0.9947248 0.005275189 0 0 0.9146093 0.0853907 0 0 0.9149487 0.0850513 0 0 0.8666417 0.1333583 0 0 1 0 0 0 1 0 0 0 1 0 0 0 0.9623675 0.03763249 0 0 0.9030464 0.09695358 0 0 1 0 0 0 0.9943684 0.005631556 0 0 0.8533595 0.1466405 0 0 0.8042134 0.1957866 0 0 0.8319587 0.1680413 0 0 0.7680113 0.2319887 0 0 0.808932 0.191068 0 0 0.8008466 0.1991534 0 0 0.7545952 0.2454048 0 0 0.6206585 0.2567194 0.1226222 0 0.8435317 0.1564683 0 0 0.7547378 0.2158269 0.02943531 0 0.5865732 0.2310095 0.1824173 0 0.926028 0.07397207 0 0 0.9710813 0.02891867 0 0 0.8316159 0.1683841 0 0 0.5965212 0.2079722 0.1955066 0 0.8479624 0.137584 0.01445356 0 0.6175733 0.1949235 0.1875031 0 0.9987278 0.001272204 0 0 0.8762791 0.1237209 0 0 0.6727598 0.1795922 0.1476481 0 0.880622 0.119378 0 0 0.7077626 0.1917782 0.1004592 0 0.9402168 0.05978325 0 0 0.9373054 0.06269459 0 0 0.8432074 0.1567927 0 0 0.7206665 0.2052608 0.07407271 0 0.8286723 0.1713276 0 0 0.7943321 0.2056679 0 0 0.8914591 0.1085409 0 0 0.9878174 0.0121826 0 0 0.9838427 0.01615734 0 0 0.9822115 0.01778848 0 0 0.9988564 0.001143547 0 0 0.9438368 0.05616321 0 0 0.9624214 0.03757857 0 0 0.9249434 0.07505652 0 0 0.9914905 0.008509534 0 0 1 0 0 0 1 0 0 0 0.9988241 0.001175893 0 0 1 0 0 0 1 0 0 0 1 0 0 0 1 0 0 0 0.998679 0.001320952 0 0 0.9939902 0.006009828 0 0 0.9944257 0.005574269 0 0 1 0 0 0 1 0 0 0 0.9986279 0.001372126 0 0 0.9981908 0.001809178 0 0 1 0 0 0 1 0 0 0 0.9977127 0.002287355 0 0 0.9979605 0.002039507 0 0 1 0 0 0 1 0 0 0 1 0 0 0 1 0 0 0 1 0 0 0 0.987068 0.012932 0 0 0.9918706 0.008129408 0 0 0.9682602 0.03173985 0 0 0.9299397 0.07006027 0 0 0.9367913 0.06320867 0 0 0.8743298 0.1256702 0 0 0.941008 0.05899197 0 0 0.879661 0.1203391 0 0 0.9482902 0.05170977 0 0 0.8172467 0.1827534 0 0 0.8018683 0.1981317 0 0 0.7833293 0.2166707 0 0 0.7002906 0.263743 0.03596649 0 0.9260925 0.07390749 0 0 0.9473105 0.05268948 0 0 0.9401651 0.05983489 0 0 0.9454207 0.05457928 0 0 0.7096037 0.259026 0.03137033 0 0.6573623 0.2845301 0.05810769 0 0.9299127 0.07008724 0 0 0.9445188 0.05548118 0 0 0.6558229 0.285001 0.05917607 0 0.9082531 0.09174685 0 0 0.6318378 0.2906965 0.07746571 0 0.7410752 0.2589249 0 0 0.7163424 0.2679988 0.01565878 0 0.7453813 0.2546187 0 0 0.7749085 0.2250915 0 0 0.9090791 0.09092092 0 0 0.920601 0.07939899 0 0 0.9364352 0.06356487 0 0 0.9131971 0.08680288 0 0 0.9426226 0.05737739 0 0 1 0 0 0 1 0 0 0 1 0 0 0 1 0 0 0 0.9972019 0.002798088 0 0 0.9802451 0.0197549 0 0 1 0 0 0 0.9926413 0.007358712 0 0 0.9802451 0.0197549 0 0 0.9680182 0.03198178 0 0 0.9680182 0.03198178 0 0 1 0 0 0 1 0 0 0 1 0 0 0 0.9680182 0.03198178 0 0 0.9926413 0.007358712 0 0 0.9972019 0.002798088 0 0 0.9802451 0.0197549 0 0 0.9680182 0.03198178 0 0 1 0 0 0 0.9802451 0.0197549 0 0 1 0 0 0 1 0 0 0 1 0 0 0 0.9953717 0.004628296 0 0 0.9900021 0.009997882 0 0 0.9987081 0.001291955 0 0 0.9866408 0.01335928 0 0 0.9918622 0.008137818 0 0 0.9864524 0.01354758 0 0 0.9896911 0.01030888 0 0 0.9879761 0.01202387 0 0 0.9899181 0.01008189 0 0 0.9918266 0.008173396 0 0 0.9940916 0.005908433 0 0 0.9929565 0.007043476 0 0 0.9982797 0.001720308 0 0 0.9975788 0.002421184 0 0 1 0 0 0 0.9989809 0.001019057 0 0 1 0 0 0 1 0 0 0 1 0 0 0 0.9943793 0.005620714 0 0 0.9987541 0.00124584 0 0 1 0 0 0 1 0 0 0 1 0 0 0 1 0 0 0 1 0 0 0 1 0 0 0 1 0 0 0 1 0 0 0 1 0 0 0 1 0 0 0 1 0 0 0 1 0 0 0 1 0 0 0 1 0 0 0 1 0 0 0 1 0 0 0 1 0 0 0 1 0 0 0 1 0 0 0 1 0 0 0 1 0 0 0 1 0 0 0 1 0 0 0 1 0 0 0 1 0 0 0 1 0 0 0 1 0 0 0 1 0 0 0 1 0 0 0 1 0 0 0 1 0 0 0 1 0 0 0 1 0 0 0 1 0 0 0 0.9987081 0.001291955 0 0 1 0 0 0 1 0 0 0 0.9987541 0.00124584 0 0 1 0 0 0 0.9953717 0.004628296 0 0 0.9900021 0.009997882 0 0 0.9866408 0.01335928 0 0 0.9918622 0.008137818 0 0 0.9864524 0.01354758 0 0 1 0 0 0 1 0 0 0 0.9943793 0.005620714 0 0 0.9896911 0.01030888 0 0 0.9879761 0.01202387 0 0 0.9940916 0.005908433 0 0 0.9899181 0.01008189 0 0 0.9918266 0.008173396 0 0 0.9989809 0.001019057 0 0 0.9929565 0.007043476 0 0 0.9982797 0.001720308 0 0 0.9975788 0.002421184 0 0 1 0 0 0 1 0 0 0 1 0 0 0 1 0 0 0 1 0 0 0 0.6092511 0.3907489 0 0 0.6227303 0.3772697 0 0 0.6322732 0.3677268 0 0 0.5054035 0.4945965 0 0 0.5060821 0.4939179 0 0 0.506753 0.493247 0 0 0.5035591 0.4964409 0 0 0.5036666 0.4963334 0 0 0.5037829 0.4962171 0 0 0.5047532 0.4952468 0 0 0.5054187 0.4945813 0 0 0.5060918 0.4939082 0 0 0.5037829 0.4962171 0 0 0.5036666 0.4963334 0 0 0.5035591 0.4964409 0 0 1 0 0 0 1 0 0 0 1 0 0 0 0.9286488 0.07135123 0 0 0.9258905 0.07410949 0 0 0.8973786 0.1026214 0 0 0.9403822 0.05961775 0 0 0.9649131 0.03508696 0 0 0.9608083 0.03919173 0 0 0.9500862 0.04991376 0 0 0.9286488 0.07135123 0 0 0.9452044 0.05479561 0 0 0.9114078 0.08859225 0 0 0.9266126 0.07338741 0 0 0.8973786 0.1026214 0 0 0.9452044 0.05479561 0 0 0.9266126 0.07338741 0 0 0.9343976 0.06560239 0 0 0.9501469 0.04985317 0 0 0.8454894 0.1545106 0 0 0.8390291 0.1609709 0 0 0.9613116 0.03868836 0 0 0.9608083 0.03919173 0 0 0.9476065 0.05239348 0 0 0.9551457 0.04485434 0 0 0.9500862 0.04991376 0 0 0.7429943 0.2570057 0 0 0.6957903 0.3042097 0 0 0.7601792 0.2398208 0 0 0.6578279 0.3421721 0 0 0.8780007 0.1219993 0 0 0.9469125 0.05308749 0 0 0.8641651 0.1358348 0 0 0.5722151 0.4277849 0 0 0.5688698 0.4311302 0 0 0.6480427 0.3519573 0 0 0.5816186 0.4183814 0 0 0.630334 0.369666 0 0 0.5169128 0.4830872 0 0 0.6881273 0.3118728 0 0 0.5705811 0.4294189 0 0 0.7313819 0.2686181 0 0 0.6241322 0.3758678 0 0 0.7624702 0.2375297 0 0 0.7918993 0.2081007 0 0 0.58414 0.41586 0 0 0.576347 0.423653 0 0 0.6377306 0.3622694 0 0 0.819384 0.1806159 0 0 0.7434701 0.2565298 0 0 0.8459233 0.1540767 0 0 0.79245 0.20755 0 0 0.8579063 0.1420937 0 0 0.8748748 0.1251251 0 0 0.8712732 0.1287268 0 0 0.8934008 0.1052856 0.001313539 0 0.7580701 0.24193 0 0 0.8802344 0.1184483 0.001317342 0 0.9524168 0.04613478 0.001448365 0 0.9072745 0.09033153 0.00239396 0 0.9689064 0.02846051 0.002633094 0 0.9337364 0.06212867 0.004134896 0 0.9711753 0.02543082 0.003393933 0 0.9727675 0.02318309 0.004049383 0 0.9729517 0.02227087 0.004777421 0 0.9696579 0.02384376 0.006498348 0 0.9335175 0.06187675 0.004605743 0 0.9642931 0.02757039 0.007104751 0.001031767 0.9576638 0.03317556 0.008051392 0.001109185 0.9069669 0.08946227 0.003570755 0 0.9267821 0.06870572 0.00451216 0 0.9571594 0.03306628 0.008626011 0.00114834 0.8562147 0.1418889 0.001896462 0 0.8655549 0.1319539 0.00249123 0 0.7188714 0.2811287 0 0 0.5266206 0.4733794 0 0 0.6169028 0.3830972 0 0 0.5961869 0.4038131 0 0 0.7410731 0.2589269 0 0 0.9294169 0.0654689 0.005114196 0 0.9538555 0.03687645 0.008237185 0.001030908 0.9419326 0.05184123 0.006226224 0 0.92336 0.07191089 0.004729089 0 0.9301886 0.06461846 0.005192873 0 0.8964331 0.1000624 0.003504481 0 0.9103778 0.0855892 0.00403303 0 0.8879518 0.1089214 0.003126821 0 0.8529148 0.1449808 0.00210439 0 0.8727252 0.1247239 0.00255095 0 0.8410171 0.1571467 0.001836209 0 0.8611106 0.1367078 0.002181601 0 0.8377137 0.1607867 0.001499601 0 0.7405813 0.2594188 0 0 0.8025242 0.1974758 0 0 0.6648705 0.3351295 0 0 0.7720026 0.2279975 0 0 0.7355133 0.2644866 0 0 0.639388 0.360612 0 0 0.6659481 0.334052 0 0 0.5369816 0.4630184 0 0 0.6188509 0.3811491 0 0 0.5831932 0.4168068 0 0 0.5300126 0.4699874 0 0 0.5115637 0.4884363 0 0 0.6063197 0.3936803 0 0 0.5685259 0.4314741 0 0 0.5353928 0.4646071 0 0 0.6084834 0.3915166 0 0 0.6021549 0.3978451 0 0 0.7315421 0.2684579 0 0 0.7387104 0.2612896 0 0 0.8411908 0.1588093 0 0 0.8409484 0.1590516 0 0 0.8781828 0.1218172 0 0 0.8544384 0.1455616 0 0 0.8870171 0.1129828 0 0 0.9321173 0.06788266 0 0 0.8966385 0.1033616 0 0 0.95039 0.04960996 0 0 0.9163342 0.08366586 0 0 0.9572042 0.0427958 0 0 0.8245963 0.1754037 0 0 0.9210629 0.07893712 0 0 0.8861144 0.1138856 0 0 0.9295863 0.0704137 0 0 0.9254309 0.07456911 0 0 0.9631962 0.03680379 0 0 0.9680216 0.03197837 0 0 0.8908123 0.1091877 0 0 0.982353 0.01764695 0 0 0.9805284 0.01947159 0 0 0.9496558 0.05034414 0 0 0.9670089 0.03299108 0 0 0.9719102 0.02808978 0 0 0.9712925 0.02870752 0 0 0.9784123 0.02158764 0 0 0.9775674 0.01591499 0.006517562 0 0.9735609 0.02643909 0 0 0.9760076 0.01293216 0.01106022 0 0.9768007 0.01195417 0.01124515 0 0.9799873 0.01031524 0.009697526 0 0.9750051 0.02499492 0 0 0.9817986 0.009207363 0.008993984 0 0.9834608 0.009021495 0.007517648 0 0.9844275 0.008691614 0.006880881 0 0.9863045 0.01011198 0.003583481 0 0.9879687 0.01203134 0 0 0.9844423 0.01555771 0 0 0.9818712 0.01812877 0 0 0.9805946 0.0194054 0 0 0.9794986 0.02050141 0 0 0.9773573 0.02264273 0 0 0.9727054 0.02729458 0 0 0.9790309 0.02096911 0 0 0.9788227 0.02117731 0 0 0.9754568 0.02454319 0 0 0.9591504 0.04084954 0 0 0.9649131 0.03508696 0 0 0.9286488 0.07135123 0 0 0.8973786 0.1026214 0 0 0.9258905 0.07410949 0 0 0.9286487 0.07135131 0 0 0.9403822 0.05961779 0 0 0.9649131 0.03508696 0 0 0.9286487 0.07135131 0 0 0.9500862 0.04991376 0 0 0.9608083 0.03919173 0 0 0.9452043 0.05479567 0 0 0.9114077 0.08859229 0 0 0.8973786 0.1026214 0 0 0.9266126 0.07338741 0 0 0.9343976 0.06560244 0 0 0.9266126 0.07338741 0 0 0.9452043 0.05479567 0 0 0.9501468 0.04985321 0 0 0.8454891 0.1545109 0 0 0.8390287 0.1609713 0 0 0.9613116 0.03868834 0 0 0.9608083 0.03919173 0 0 0.9476065 0.05239352 0 0 0.9500862 0.04991376 0 0 0.742994 0.257006 0 0 0.6957902 0.3042098 0 0 0.7601786 0.2398214 0 0 0.6578269 0.3421731 0 0 0.8780007 0.1219993 0 0 0.9551457 0.04485434 0 0 0.9469125 0.05308749 0 0 0.8641651 0.1358348 0 0 0.5722142 0.4277858 0 0 0.5688691 0.4311309 0 0 0.6480416 0.3519584 0 0 0.5816199 0.4183801 0 0 0.6303332 0.3696667 0 0 0.5169134 0.4830866 0 0 0.6881274 0.3118726 0 0 0.5705819 0.4294181 0 0 0.7313824 0.2686177 0 0 0.6241338 0.3758662 0 0 0.7624732 0.2375268 0 0 0.7919072 0.2080928 0 0 0.5841397 0.4158603 0 0 0.5763482 0.4236518 0 0 0.6377322 0.3622678 0 0 0.8193982 0.1806018 0 0 0.7434685 0.2565314 0 0 0.8459334 0.1540667 0 0 0.7924398 0.2075602 0 0 0.8579164 0.1420836 0 0 0.8748875 0.1251125 0 0 0.871291 0.128709 0 0 0.8934069 0.1052795 0.001313572 0 0.75807 0.24193 0 0 0.8802398 0.1184426 0.001317601 0 0.9524655 0.04608743 0.001447 0 0.9072524 0.09035275 0.002394868 0 0.9689662 0.02840378 0.002629978 0 0.9336898 0.06217235 0.004137908 0 0.971182 0.02542404 0.003393872 0 0.972773 0.02317566 0.004051368 0 0.9729853 0.02223668 0.004778032 0 0.9696536 0.02383955 0.006506819 0 0.9335147 0.06187797 0.004607281 0 0.9642664 0.02759284 0.007108491 0.00103233 0.9576181 0.03321427 0.008057931 0.001109718 0.9069691 0.08945845 0.003572478 0 0.9267523 0.068736 0.004511651 0 0.957158 0.03306372 0.008629611 0.001148622 0.8561937 0.1419095 0.001896778 0 0.8655781 0.1319299 0.002492056 0 0.7188663 0.2811337 0 0 0.5266201 0.4733799 0 0 0.6169037 0.3830963 0 0 0.5961886 0.4038114 0 0 0.7410808 0.2589192 0 0 0.8964221 0.1000733 0.003504569 0 0.9294276 0.06545593 0.005116542 0 0.9538605 0.03687034 0.008237988 0.001031049 0.941937 0.05183795 0.006224993 0 0.9233667 0.0719029 0.00473045 0 0.9301921 0.06461506 0.005192901 0 0.9103792 0.08558782 0.00403294 0 0.8879599 0.1089131 0.003126961 0 0.8529382 0.1449574 0.002104386 0 0.8727261 0.1247231 0.002550785 0 0.8410642 0.157099 0.001836816 0 0.8611138 0.1367047 0.002181522 0 0.8371294 0.1613882 0.001482422 0 0.7405913 0.2594087 0 0 0.8025354 0.1974646 0 0 0.6648719 0.335128 0 0 0.7720084 0.2279917 0 0 0.7355173 0.2644827 0 0 0.6393892 0.3606108 0 0 0.6659491 0.334051 0 0 0.5369811 0.4630189 0 0 0.6188517 0.3811483 0 0 0.5831949 0.4168051 0 0 0.5300134 0.4699866 0 0 0.5115641 0.488436 0 0 0.606319 0.393681 0 0 0.5685255 0.4314745 0 0 0.5353922 0.4646078 0 0 0.6084825 0.3915175 0 0 0.6021538 0.3978461 0 0 0.7315421 0.2684579 0 0 0.73871 0.26129 0 0 0.8411904 0.1588096 0 0 0.8409481 0.1590519 0 0 0.8781828 0.1218172 0 0 0.8544384 0.1455616 0 0 0.8870171 0.1129828 0 0 0.9321173 0.06788266 0 0 0.8966385 0.1033616 0 0 0.95039 0.04960996 0 0 0.9163342 0.08366586 0 0 0.9572042 0.0427958 0 0 0.8245959 0.1754041 0 0 0.9210628 0.07893714 0 0 0.8861143 0.1138857 0 0 0.9295863 0.07041372 0 0 0.9254308 0.07456917 0 0 0.9631962 0.03680378 0 0 0.9680216 0.03197836 0 0 0.8908122 0.1091878 0 0 0.982353 0.01764696 0 0 0.9805284 0.0194716 0 0 0.9496558 0.05034416 0 0 0.9670089 0.03299109 0 0 0.9719102 0.02808977 0 0 0.9712925 0.02870753 0 0 0.9784123 0.02158764 0 0 0.9775674 0.01591499 0.006517562 0 0.9735609 0.02643909 0 0 0.9760076 0.01293216 0.01106022 0 0.9768007 0.01195417 0.01124515 0 0.9799873 0.01031524 0.009697526 0 0.9750051 0.02499493 0 0 0.9817986 0.009207362 0.008993984 0 0.9834608 0.009021499 0.007517642 0 0.9844275 0.008691615 0.006880878 0 0.9863045 0.01011199 0.003583464 0 0.9879687 0.01203135 0 0 0.9844423 0.01555772 0 0 0.9818712 0.01812878 0 0 0.9805946 0.01940541 0 0 0.9794986 0.02050142 0 0 0.9773573 0.02264273 0 0 0.9727054 0.0272946 0 0 0.9790309 0.02096911 0 0 0.9788227 0.02117731 0 0 0.9754568 0.0245432 0 0 0.9591504 0.04084956 0 0 0.9286487 0.07135131 0 0 0.9649131 0.03508696 0 0 1 0 0 0 1 0 0 0 1 0 0 0 1 0 0 0 1 0 0 0 1 0 0 0 1 0 0 0 1 0 0 0 1 0 0 0 1 0 0 0 1 0 0 0 0.9342549 0.06574504 0 0 1 0 0 0 1 0 0 0 1 0 0 0 0.952023 0.04797695 0 0 0.937342 0.06265799 0 0 0.7312106 0.2687894 0 0 1 0 0 0 1 0 0 0 1 0 0 0 1 0 0 0 1 0 0 0 1 0 0 0 1 0 0 0 1 0 0 0 1 0 0 0 1 0 0 0 1 0 0 0 1 0 0 0 1 0 0 0 1 0 0 0 1 0 0 0 1 0 0 0 1 0 0 0 1 0 0 0 1 0 0 0 1 0 0 0 1 0 0 0 1 0 0 0 1 0 0 0 1 0 0 0 1 0 0 0 1 0 0 0 1 0 0 0 1 0 0 0 1 0 0 0 1 0 0 0 1 0 0 0 1 0 0 0 1 0 0 0 1 0 0 0 0.9624127 0.0375873 0 0 1 0 0 0 1 0 0 0 0.9546926 0.04530738 0 0 1 0 0 0 1 0 0 0 1 0 0 0 1 0 0 0 1 0 0 0 1 0 0 0 1 0 0 0 1 0 0 0 1 0 0 0 1 0 0 0 1 0 0 0 1 0 0 0 1 0 0 0 1 0 0 0 1 0 0 0 1 0 0 0 1 0 0 0 1 0 0 0 1 0 0 0 1 0 0 0 1 0 0 0 1 0 0 0 1 0 0 0 1 0 0 0 1 0 0 0 1 0 0 0 1 0 0 0 1 0 0 0 1 0 0 0 1 0 0 0 1 0 0 0 1 0 0 0 1 0 0 0 1 0 0 0 1 0 0 0 1 0 0 0 1 0 0 0 1 0 0 0 1 0 0 0 1 0 0 0 1 0 0 0 1 0 0 0 1 0 0 0 1 0 0 0 1 0 0 0 1 0 0 0 1 0 0 0 1 0 0 0 1 0 0 0 1 0 0 0 1 0 0 0 1 0 0 0 1 0 0 0 1 0 0 0 1 0 0 0 1 0 0 0 1 0 0 0 1 0 0 0 1 0 0 0 1 0 0 0 1 0 0 0 1 0 0 0 1 0 0 0 1 0 0 0 1 0 0 0 1 0 0 0 1 0 0 0 1 0 0 0 1 0 0 0 1 0 0 0 1 0 0 0 1 0 0 0 1 0 0 0 1 0 0 0 1 0 0 0 1 0 0 0 1 0 0 0 1 0 0 0 1 0 0 0 1 0 0 0 1 0 0 0 1 0 0 0 1 0 0 0 1 0 0 0 1 0 0 0 1 0 0 0 1 0 0 0 1 0 0 0 1 0 0 0 1 0 0 0 1 0 0 0 1 0 0 0 1 0 0 0 1 0 0 0 1 0 0 0 1 0 0 0 1 0 0 0 1 0 0 0 1 0 0 0 1 0 0 0 1 0 0 0 1 0 0 0 1 0 0 0 1 0 0 0 1 0 0 0 1 0 0 0 1 0 0 0 1 0 0 0 1 0 0 0 1 0 0 0 1 0 0 0 1 0 0 0 1 0 0 0 1 0 0 0 1 0 0 0 1 0 0 0 0.9801039 0.01989614 0 0 0.9443837 0.05561633 0 0 1 0 0 0 1 0 0 0 1 0 0 0 1 0 0 0 0.9392059 0.06079413 0 0 1 0 0 0 1 0 0 0 0.5331416 0.4668584 0 0 1 0 0 0 0.9965349 0.003465103 0 0 0.7342718 0.2657282 0 0 0.5 0.5 0 0 0.5 0.5 0 0 0.5115745 0.4884255 0 0 0.6180345 0.3819655 0 0 0.5 0.5 0 0 0.5 0.5 0 0 0.5 0.5 0 0 1 0 0 0 0.5 0.5 0 0 0.5 0.5 0 0 0.5 0.5 0 0 0.5095591 0.4904409 0 0 0.5037819 0.4962181 0 0 1 0 0 0 0.9392059 0.06079413 0 0 1 0 0 0 1 0 0 0 0.5 0.5 0 0 0.7068987 0.2931013 0 0 0.5 0.5 0 0 0.5 0.5 0 0 0.7617781 0.2382219 0 0 0.5 0.5 0 0 0.5 0.5 0 0 0.9969198 0.003080166 0 0 0.9989762 0.001023747 0 0 1 0 0 0 0.6900215 0.3099785 0 0 0.5 0.5 0 0 0.9748357 0.0251643 0 0 0.9974689 0.002531105 0 0 1 0 0 0 1 0 0 0 1 0 0 0 1 0 0 0 1 0 0 0 1 0 0 0 0.8799925 0.1200075 0 0 1 0 0 0 1 0 0 0 1 0 0 0 1 0 0 0 1 0 0 0 1 0 0 0 1 0 0 0 1 0 0 0 1 0 0 0 1 0 0 0 1 0 0 0 1 0 0 0 1 0 0 0 1 0 0 0 0.9987525 0.001247542 0 0 0.9697776 0.03022238 0 0 0.9602937 0.03970627 0 0 1 0 0 0 1 0 0 0 1 0 0 0 1 0 0 0 1 0 0 0 0.9930251 0.006974932 0 0 1 0 0 0 1 0 0 0 1 0 0 0 0.9964437 0.003556307 0 0 1 0 0 0 1 0 0 0 1 0 0 0 1 0 0 0 1 0 0 0 1 0 0 0 0.5948656 0.4051345 0 0 0.9936785 0.006321463 0 0 1 0 0 0 1 0 0 0 1 0 0 0 0.9941683 0.005831668 0 0 1 0 0 0 0.5742973 0.4257027 0 0 0.5877672 0.4122328 0 0 0.8112908 0.1887092 0 0 0.5346199 0.4653801 0 0 0.6532415 0.3467586 0 0 0.9882285 0.01177149 0 0 0.6288846 0.3711155 0 0 0.9967412 0.003258804 0 0 1 0 0 0 0.8832933 0.1167067 0 0 0.8233414 0.1766586 0 0 0.7713624 0.2286376 0 0 0.9890746 0.01092537 0 0 1 0 0 0 0.5027838 0.4972162 0 0 0.5 0.5 0 0 0.5 0.5 0 0 1 0 0 0 0.7934386 0.2065614 0 0 0.5 0.5 0 0 0.5 0.5 0 0 0.5 0.5 0 0 1 0 0 0 0.5 0.5 0 0 0.5 0.5 0 0 0.5 0.5 0 0 0.7890088 0.2109912 0 0 1 0 0 0 0.8274541 0.1725459 0 0 0.9660665 0.03393347 0 0 0.7890088 0.2109912 0 0 0.9425133 0.05748673 0 0 0.9647802 0.03521985 0 0 0.9425133 0.05748673 0 0 0.9986849 0.001315104 0 0 1 0 0 0 0.9976262 0.002373734 0 0 1 0 0 0 1 0 0 0 0.9961437 0.003856286 0 0 1 0 0 0 1 0 0 0 1 0 0 0 1 0 0 0 1 0 0 0 1 0 0 0 1 0 0 0 1 0 0 0 1 0 0 0 0.9978229 0.00217708 0 0 1 0 0 0 1 0 0 0 1 0 0 0 1 0 0 0 1 0 0 0 1 0 0 0 0.9622322 0.03776777 0 0 1 0 0 0 1 0 0 0 0.9803907 0.01960935 0 0 1 0 0 0 1 0 0 0 1 0 0 0 1 0 0 0 1 0 0 0 1 0 0 0 1 0 0 0 1 0 0 0 1 0 0 0 1 0 0 0 1 0 0 0 1 0 0 0 1 0 0 0 1 0 0 0 1 0 0 0 1 0 0 0 1 0 0 0 1 0 0 0 1 0 0 0 1 0 0 0 0.9451399 0.05486005 0 0 0.731823 0.268177 0 0 0.7312106 0.2687894 0 0 0.937342 0.06265799 0 0 0.8646342 0.1353658 0 0 0.985994 0.01400603 0 0 0.9959306 0.004069477 0 0 1 0 0 0 1 0 0 0 0.860021 0.139979 0 0 1 0 0 0 1 0 0 0 1 0 0 0 0.777009 0.222991 0 0 0.7638299 0.2361701 0 0 1 0 0 0 1 0 0 0 0.7974332 0.2025668 0 0 1 0 0 0 1 0 0 0 1 0 0 0 1 0 0 0 1 0 0 0 1 0 0 0 1 0 0 0 1 0 0 0 0.9966924 0.003307578 0 0 1 0 0 0 1 0 0 0 1 0 0 0 1 0 0 0 1 0 0 0 1 0 0 0 1 0 0 0 1 0 0 0 1 0 0 0 1 0 0 0 1 0 0 0 1 0 0 0 1 0 0 0 1 0 0 0 1 0 0 0 1 0 0 0 1 0 0 0 1 0 0 0 1 0 0 0 1 0 0 0 1 0 0 0 1 0 0 0 1 0 0 0 1 0 0 0 1 0 0 0 1 0 0 0 1 0 0 0 0.9909684 0.009031617 0 0 1 0 0 0 1 0 0 0 1 0 0 0 0.9985377 0.001462299 0 0 1 0 0 0 1 0 0 0 1 0 0 0 0.9555811 0.04441896 0 0 0.6832761 0.3167239 0 0 0.9163394 0.08366058 0 0 1 0 0 0 0.6582774 0.3417226 0 0 1 0 0 0 0.669731 0.3302691 0 0 1 0 0 0 0.9808831 0.01911686 0 0 0.9854027 0.0145973 0 0 0.982301 0.017699 0 0 0.8052142 0.1947859 0 0 0.7119772 0.2880228 0 0 0.5076401 0.4923599 0 0 0.7391583 0.2608417 0 0 0.6961311 0.3038689 0 0 0.6409116 0.3590884 0 0 0.6003559 0.3996442 0 0 1 0 0 0 1 0 0 0 1 0 0 0 1 0 0 0 1 0 0 0 1 0 0 0 1 0 0 0 1 0 0 0 1 0 0 0 1 0 0 0 1 0 0 0 1 0 0 0 1 0 0 0 1 0 0 0 1 0 0 0 1 0 0 0 1 0 0 0 1 0 0 0 1 0 0 0 1 0 0 0 1 0 0 0 0.9981945 0.001805487 0 0 0.9699089 0.03009112 0 0 1 0 0 0 1 0 0 0 0.9935164 0.006483539 0 0 1 0 0 0 1 0 0 0 0.9830909 0.01690914 0 0 1 0 0 0 0.9965349 0.003465103 0 0 0.7668752 0.2331248 0 0 0.7342718 0.2657282 0 0 0.6180345 0.3819655 0 0 0.5 0.5 0 0 0.5962279 0.4037721 0 0 0.5095591 0.4904409 0 0 0.5037819 0.4962181 0 0 0.5061426 0.4938575 0 0 0.5061426 0.4938575 0 0 0.6651925 0.3348075 0 0 0.5046062 0.4953938 0 0 0.509662 0.4903381 0 0 0.5 0.5 0 0 0.9487597 0.05124031 0 0 0.5041199 0.4958801 0 0 0.5 0.5 0 0 1 0 0 0 0.9058736 0.09412638 0 0 1 0 0 0 0.9931195 0.006880516 0 0 1 0 0 0 1 0 0 0 1 0 0 0 0.5 0.5 0 0 0.5 0.5 0 0 0.5 0.5 0 0 1 0 0 0 1 0 0 0 1 0 0 0 0.9952219 0.004778133 0 0 0.8020421 0.1979579 0 0 1 0 0 0 1 0 0 0 1 0 0 0 0.8020837 0.1979163 0 0 0.99677 0.003230053 0 0 0.9901688 0.009831208 0 0 1 0 0 0 1 0 0 0 1 0 0 0 1 0 0 0 1 0 0 0 1 0 0 0 1 0 0 0 1 0 0 0 1 0 0 0 0.793612 0.206388 0 0 0.5026443 0.4973557 0 0 0.5026443 0.4973557 0 0 0.5 0.5 0 0 0.8411734 0.1588266 0 0 0.5 0.5 0 0 0.5 0.5 0 0 0.8274541 0.1725459 0 0 0.9817103 0.01828967 0 0 0.9660665 0.03393347 0 0 1 0 0 0 1 0 0 0 1 0 0 0 1 0 0 0 1 0 0 0 1 0 0 0 1 0 0 0 1 0 0 0 1 0 0 0 1 0 0 0 1 0 0 0 1 0 0 0 1 0 0 0 1 0 0 0 1 0 0 0 1 0 0 0 1 0 0 0 1 0 0 0 1 0 0 0 1 0 0 0 1 0 0 0 1 0 0 0 1 0 0 0 1 0 0 0 1 0 0 0 1 0 0 0 1 0 0 0 1 0 0 0 1 0 0 0 1 0 0 0 1 0 0 0 1 0 0 0 1 0 0 0 1 0 0 0 0.627178 0.372822 0 0 1 0 0 0 0.6856189 0.3143811 0 0 0.8486552 0.1513448 0 0 0.9481843 0.05181574 0 0 0.9543226 0.04567744 0 0 1 0 0 0 1 0 0 0 0.9727294 0.02727059 0 0 1 0 0 0 1 0 0 0 1 0 0 0 1 0 0 0 1 0 0 0 1 0 0 0 0.9286988 0.07130124 0 0 1 0 0 0 1 0 0 0 1 0 0 0 0.8508587 0.1491413 0 0 0.8235838 0.1764162 0 0 0.6856189 0.3143811 0 0 1 0 0 0 1 0 0 0 1 0 0 0 1 0 0 0 1 0 0 0 1 0 0 0 1 0 0 0 1 0 0 0 1 0 0 0 1 0 0 0 1 0 0 0 1 0 0 0 1 0 0 0 1 0 0 0 1 0 0 0 1 0 0 0 1 0 0 0 1 0 0 0 1 0 0 0 1 0 0 0 1 0 0 0 1 0 0 0 1 0 0 0 1 0 0 0 1 0 0 0 1 0 0 0 1 0 0 0 1 0 0 0 1 0 0 0 1 0 0 0 1 0 0 0 1 0 0 0 1 0 0 0 1 0 0 0 1 0 0 0 1 0 0 0 1 0 0 0 1 0 0 0 1 0 0 0 1 0 0 0 1 0 0 0 1 0 0 0 1 0 0 0 1 0 0 0 1 0 0 0 1 0 0 0 1 0 0 0 1 0 0 0 1 0 0 0 1 0 0 0 1 0 0 0 1 0 0 0 1 0 0 0 1 0 0 0 1 0 0 0 1 0 0 0 1 0 0 0 1 0 0 0 1 0 0 0 1 0 0 0 1 0 0 0 1 0 0 0 1 0 0 0 1 0 0 0 1 0 0 0 1 0 0 0 1 0 0 0 1 0 0 0 1 0 0 0 1 0 0 0 1 0 0 0 1 0 0 0 1 0 0 0 1 0 0 0 1 0 0 0 1 0 0 0 1 0 0 0 1 0 0 0 1 0 0 0 1 0 0 0 1 0 0 0 1 0 0 0 1 0 0 0 1 0 0 0 1 0 0 0 1 0 0 0 1 0 0 0 1 0 0 0 1 0 0 0 1 0 0 0 1 0 0 0 0.6816897 0.3183103 0 0 1 0 0 0 1 0 0 0 1 0 0 0 1 0 0 0 1 0 0 0 1 0 0 0 1 0 0 0 1 0 0 0 1 0 0 0 1 0 0 0 1 0 0 0 1 0 0 0 1 0 0 0 1 0 0 0 1 0 0 0 1 0 0 0 1 0 0 0 1 0 0 0 1 0 0 0 1 0 0 0 1 0 0 0 1 0 0 0 1 0 0 0 1 0 0 0 1 0 0 0 1 0 0 0 1 0 0 0 1 0 0 0 1 0 0 0 1 0 0 0 1 0 0 0 1 0 0 0 1 0 0 0 1 0 0 0 1 0 0 0 1 0 0 0 1 0 0 0 1 0 0 0 1 0 0 0 1 0 0 0 1 0 0 0 1 0 0 0 1 0 0 0 1 0 0 0 1 0 0 0 1 0 0 0 1 0 0 0 1 0 0 0 1 0 0 0 1 0 0 0 1 0 0 0 1 0 0 0 1 0 0 0 1 0 0 0 1 0 0 0 1 0 0 0 1 0 0 0 1 0 0 0 1 0 0 0 1 0 0 0 1 0 0 0 1 0 0 0 1 0 0 0 1 0 0 0 1 0 0 0 1 0 0 0 1 0 0 0 1 0 0 0 1 0 0 0 1 0 0 0 1 0 0 0 1 0 0 0 1 0 0 0 1 0 0 0 1 0 0 0 1 0 0 0 1 0 0 0 1 0 0 0 1 0 0 0 1 0 0 0 1 0 0 0 1 0 0 0 1 0 0 0 1 0 0 0 1 0 0 0 1 0 0 0 1 0 0 0 1 0 0 0 1 0 0 0 1 0 0 0 1 0 0 0 1 0 0 0 1 0 0 0 1 0 0 0 1 0 0 0 1 0 0 0 1 0 0 0 1 0 0 0 1 0 0 0 1 0 0 0 1 0 0 0 1 0 0 0 1 0 0 0 1 0 0 0 1 0 0 0 1 0 0 0 1 0 0 0 1 0 0 0 1 0 0 0 1 0 0 0 1 0 0 0 1 0 0 0 1 0 0 0 1 0 0 0 1 0 0 0 1 0 0 0 1 0 0 0 1 0 0 0 1 0 0 0 1 0 0 0 1 0 0 0 1 0 0 0 1 0 0 0 1 0 0 0 1 0 0 0 1 0 0 0 1 0 0 0 1 0 0 0 1 0 0 0 1 0 0 0 1 0 0 0 1 0 0 0 1 0 0 0 1 0 0 0 1 0 0 0 1 0 0 0 1 0 0 0 1 0 0 0 1 0 0 0 1 0 0 0 1 0 0 0 1 0 0 0 1 0 0 0 1 0 0 0 1 0 0 0 1 0 0 0 1 0 0 0 1 0 0 0 1 0 0 0 1 0 0 0 1 0 0 0 1 0 0 0 1 0 0 0 1 0 0 0 1 0 0 0 1 0 0 0 1 0 0 0 1 0 0 0 1 0 0 0 1 0 0 0 1 0 0 0 1 0 0 0 1 0 0 0 0.5 0.5 0 0 1 0 0 0 0.997647 0.002352941 0 0 0.7120852 0.2879148 0 0 0.5 0.5 0 0 0.5 0.5 0 0 0.5 0.5 0 0 0.6120867 0.3879133 0 0 0.5 0.5 0 0 0.5 0.5 0 0 0.5 0.5 0 0 0.5 0.5 0 0 0.5 0.5 0 0 0.5 0.5 0 0 0.5 0.5 0 0 0.5 0.5 0 0 0.5 0.5 0 0 0.5 0.5 0 0 1 0 0 0 1 0 0 0 0.7986146 0.2013854 0 0 0.5 0.5 0 0 0.6944583 0.3055417 0 0 0.5 0.5 0 0 0.5 0.5 0 0 0.7777833 0.2222167 0 0 0.5 0.5 0 0 0.5 0.5 0 0 0.9980392 0.001960784 0 0 0.9988235 0.001176471 0 0 1 0 0 0 0.6944583 0.3055417 0 0 0.5 0.5 0 0 0.9737255 0.02627451 0 0 0.9972549 0.002745098 0 0 1 0 0 0 1 0 0 0 1 0 0 0 1 0 0 0 1 0 0 0 1 0 0 0 0.8813262 0.1186738 0 0 1 0 0 0 1 0 0 0 1 0 0 0 1 0 0 0 1 0 0 0 1 0 0 0 1 0 0 0 1 0 0 0 1 0 0 0 1 0 0 0 1 0 0 0 1 0 0 0 1 0 0 0 1 0 0 0 1 0 0 0 1 0 0 0 1 0 0 0 1 0 0 0 1 0 0 0 1 0 0 0 1 0 0 0 1 0 0 0 1 0 0 0 1 0 0 0 1 0 0 0 1 0 0 0 1 0 0 0 1 0 0 0 1 0 0 0 1 0 0 0 1 0 0 0 0.592871 0.407129 0 0 0.9988235 0.001176471 0 0 0.9682476 0.0317524 0 0 0.9640895 0.0359105 0 0 1 0 0 0 1 0 0 0 1 0 0 0 1 0 0 0 1 0 0 0 1 0 0 0 0.8871241 0.1128759 0 0 1 0 0 0 1 0 0 0 0.8285674 0.1714326 0 0 0.7789627 0.2210373 0 0 0.9972549 0.002745098 0 0 1 0 0 0 0.5 0.5 0 0 0.5 0.5 0 0 0.5 0.5 0 0 1 0 0 0 0.8061058 0.1938942 0 0 0.5 0.5 0 0 0.5 0.5 0 0 0.5 0.5 0 0 1 0 0 0 0.5 0.5 0 0 0.5 0.5 0 0 0.5 0.5 0 0 0.7941595 0.2058405 0 0 1 0 0 0 0.8306519 0.1693482 0 0 0.9683314 0.03166859 0 0 0.7941595 0.2058405 0 0 0.946764 0.05323599 0 0 0.9691982 0.03080178 0 0 0.946764 0.05323599 0 0 1 0 0 0 1 0 0 0 1 0 0 0 1 0 0 0 1 0 0 0 1 0 0 0 1 0 0 0 1 0 0 0 1 0 0 0 1 0 0 0 1 0 0 0 1 0 0 0 1 0 0 0 1 0 0 0 1 0 0 0 1 0 0 0 1 0 0 0 1 0 0 0 1 0 0 0 1 0 0 0 1 0 0 0 1 0 0 0 0.9700899 0.02991012 0 0 1 0 0 0 1 0 0 0 0.9937392 0.006260835 0 0 1 0 0 0 1 0 0 0 1 0 0 0 1 0 0 0 1 0 0 0 1 0 0 0 1 0 0 0 1 0 0 0 1 0 0 0 1 0 0 0 1 0 0 0 1 0 0 0 1 0 0 0 1 0 0 0 1 0 0 0 1 0 0 0 1 0 0 0 1 0 0 0 1 0 0 0 1 0 0 0 1 0 0 0 0.6572399 0.3427601 0 0 1 0 0 0 0.7267587 0.2732413 0 0 0.6816897 0.3183103 0 0 1 0 0 0 0.8721095 0.1278904 0 0 1 0 0 0 0.5411259 0.4588741 0 0 0.5866164 0.4133836 0 0 0.5965777 0.4034223 0 0 0.8197419 0.1802581 0 0 0.6259604 0.3740396 0 0 1 0 0 0 1 0 0 0 1 0 0 0 0.8579099 0.1420901 0 0 1 0 0 0 0.7648729 0.2351271 0 0 1 0 0 0 1 0 0 0 0.7427614 0.2572386 0 0 1 0 0 0 1 0 0 0 0.7931765 0.2068235 0 0 1 0 0 0 1 0 0 0 1 0 0 0 1 0 0 0 1 0 0 0 1 0 0 0 1 0 0 0 1 0 0 0 1 0 0 0 1 0 0 0 1 0 0 0 1 0 0 0 1 0 0 0 1 0 0 0 1 0 0 0 1 0 0 0 1 0 0 0 1 0 0 0 1 0 0 0 1 0 0 0 1 0 0 0 1 0 0 0 1 0 0 0 1 0 0 0 1 0 0 0 1 0 0 0 1 0 0 0 1 0 0 0 1 0 0 0 1 0 0 0 1 0 0 0 1 0 0 0 1 0 0 0 1 0 0 0 1 0 0 0 1 0 0 0 1 0 0 0 1 0 0 0 1 0 0 0 1 0 0 0 1 0 0 0 1 0 0 0 1 0 0 0 1 0 0 0 0.9568241 0.04317597 0 0 0.6949934 0.3050066 0 0 0.9094329 0.09056706 0 0 1 0 0 0 0.6453718 0.3546282 0 0 1 0 0 0 0.6767883 0.3232116 0 0 1 0 0 0 1 0 0 0 1 0 0 0 1 0 0 0 0.8046011 0.1953989 0 0 0.7096283 0.2903717 0 0 0.5025005 0.4974996 0 0 0.7590801 0.2409199 0 0 0.7088079 0.2911921 0 0 0.6323152 0.3676848 0 0 0.5926902 0.4073098 0 0 1 0 0 0 1 0 0 0 1 0 0 0 1 0 0 0 1 0 0 0 1 0 0 0 1 0 0 0 1 0 0 0 1 0 0 0 1 0 0 0 1 0 0 0 1 0 0 0 1 0 0 0 1 0 0 0 1 0 0 0 1 0 0 0 1 0 0 0 1 0 0 0 1 0 0 0 1 0 0 0 1 0 0 0 1 0 0 0 0.9695163 0.03048366 0 0 1 0 0 0 1 0 0 0 0.9952941 0.004705883 0 0 1 0 0 0 1 0 0 0 0.9839391 0.0160609 0 0 1 0 0 0 0.997647 0.002352941 0 0 0.7362616 0.2637384 0 0 0.7120852 0.2879148 0 0 0.6120867 0.3879133 0 0 0.6791803 0.3208198 0 0 0.5835159 0.4164841 0 0 0.5 0.5 0 0 0.5 0.5 0 0 0.5 0.5 0 0 0.5 0.5 0 0 0.6590711 0.3409289 0 0 0.5 0.5 0 0 0.5 0.5 0 0 0.5 0.5 0 0 0.9462388 0.05376125 0 0 0.5 0.5 0 0 0.5 0.5 0 0 1 0 0 0 0.9035097 0.09649029 0 0 1 0 0 0 0.9941253 0.005874664 0 0 1 0 0 0 1 0 0 0 1 0 0 0 0.5 0.5 0 0 0.5 0.5 0 0 0.5 0.5 0 0 1 0 0 0 1 0 0 0 1 0 0 0 0.994908 0.005092043 0 0 0.7964274 0.2035726 0 0 1 0 0 0 1 0 0 0 1 0 0 0 0.799192 0.200808 0 0 0.9972549 0.002745098 0 0 0.9910149 0.008985103 0 0 1 0 0 0 1 0 0 0 1 0 0 0 1 0 0 0 1 0 0 0 1 0 0 0 1 0 0 0 0.9820114 0.01798855 0 0 1 0 0 0 0.7859355 0.2140645 0 0 0.5 0.5 0 0 0.5 0.5 0 0 0.5 0.5 0 0 0.8417541 0.1582459 0 0 0.5 0.5 0 0 0.5 0.5 0 0 0.8306519 0.1693482 0 0 0.984734 0.015266 0 0 0.9683314 0.03166859 0 0 1 0 0 0 1 0 0 0 1 0 0 0 1 0 0 0 1 0 0 0 1 0 0 0 1 0 0 0 1 0 0 0 1 0 0 0 1 0 0 0 1 0 0 0 1 0 0 0 1 0 0 0 1 0 0 0 1 0 0 0 1 0 0 0 1 0 0 0 1 0 0 0 1 0 0 0 1 0 0 0 1 0 0 0 1 0 0 0 1 0 0 0 1 0 0 0 1 0 0 0 1 0 0 0 1 0 0 0 1 0 0 0 1 0 0 0 1 0 0 0 1 0 0 0 1 0 0 0 1 0 0 0 1 0 0 0 0.7314958 0.2685042 0 0 1 0 0 0 0.682874 0.3171261 0 0 0.8619087 0.1380913 0 0 0.92058 0.07942004 0 0 0.9454757 0.05452428 0 0 1 0 0 0 1 0 0 0 0.9755749 0.02442506 0 0 1 0 0 0 1 0 0 0 1 0 0 0 1 0 0 0 1 0 0 0 1 0 0 0 1 0 0 0 1 0 0 0 1 0 0 0 1 0 0 0 1 0 0 0 1 0 0 0 0.682874 0.3171261 0 0 1 0 0 0 1 0 0 0 1 0 0 0 1 0 0 0 1 0 0 0 1 0 0 0 1 0 0 0 1 0 0 0 1 0 0 0 1 0 0 0 1 0 0 0 1 0 0 0 1 0 0 0 1 0 0 0 1 0 0 0 1 0 0 0 1 0 0 0 1 0 0 0 1 0 0 0 1 0 0 0 1 0 0 0 1 0 0 0 1 0 0 0 1 0 0 0 1 0 0 0 1 0 0 0 1 0 0 0 1 0 0 0 1 0 0 0 1 0 0 0 1 0 0 0 1 0 0 0 1 0 0 0 1 0 0 0 1 0 0 0 1 0 0 0 1 0 0 0 1 0 0 0 1 0 0 0 1 0 0 0 1 0 0 0 1 0 0 0 1 0 0 0 1 0 0 0 1 0 0 0 1 0 0 0 1 0 0 0 1 0 0 0 1 0 0 0 1 0 0 0 1 0 0 0 1 0 0 0 1 0 0 0 1 0 0 0 1 0 0 0 1 0 0 0 1 0 0 0 1 0 0 0 1 0 0 0 1 0 0 0 1 0 0 0 1 0 0 0 1 0 0 0 1 0 0 0 1 0 0 0 1 0 0 0 1 0 0 0 1 0 0 0 1 0 0 0 1 0 0 0 1 0 0 0 1 0 0 0 1 0 0 0 1 0 0 0 0.7609426 0.2390575 0 0 0.777384 0.222616 0 0 0.7759714 0.2240286 0 0 0.7594661 0.2405339 0 0 0.7729248 0.2270751 0 0 0.7906216 0.2093784 0 0 0.8559976 0.1440024 0 0 0.8537759 0.1462241 0 0 0.8621433 0.1378567 0 0 0.8643872 0.1356128 0 0 0.8659025 0.1340975 0 0 0.8642499 0.1357501 0 0 0.777384 0.222616 0 0 0.7609426 0.2390575 0 0 0.664789 0.335211 0 0 0.6945785 0.3054215 0 0 0.6724305 0.3275695 0 0 0.683921 0.316079 0 0 0.924098 0.07590199 0 0 0.9152766 0.08472343 0 0 0.9229979 0.07700209 0 0 0.9292349 0.07076515 0 0 0.9281448 0.07185516 0 0 0.9254097 0.07459032 0 0 0.9204571 0.07954287 0 0 0.9263138 0.07368623 0 0 0.8868288 0.1131712 0 0 0.8850086 0.1149914 0 0 0.7361342 0.2638658 0 0 0.7533451 0.2466549 0 0 0.6808725 0.3191275 0 0 0.6851693 0.3148307 0 0 0.6674322 0.3325677 0 0 0.6611052 0.3388948 0 0 0.664789 0.335211 0 0 0.6724305 0.3275695 0 0 0.655591 0.344409 0 0 0.624236 0.375764 0 0 0.6315449 0.3684551 0 0 0.6680546 0.3319454 0 0 0.9201877 0.07981227 0 0 0.926544 0.07345601 0 0 0.929942 0.07005807 0 0 0.9328738 0.06712615 0 0 0.9395923 0.06040768 0 0 0.9394957 0.06050427 0 0 0.9320349 0.06796507 0 0 0.9298928 0.0701072 0 0 0.8838714 0.1161285 0 0 0.8821149 0.117885 0 0 0.8819672 0.1180328 0 0 0.9064259 0.09357408 0 0 0.8559744 0.1440256 0 0 0.8637116 0.1362884 0 0 0.7790206 0.2209794 0 0 0.7465338 0.2534663 0 0 0.7303555 0.2696445 0 0 0.7506203 0.2493797 0 0 0.7399697 0.2600303 0 0 0.7224621 0.277538 0 0 0.6494967 0.3505033 0 0 0.6492993 0.3507007 0 0 0.6428747 0.3571253 0 0 0.6410192 0.3589808 0 0 0.6315449 0.3684551 0 0 0.624236 0.375764 0 0 0.9381878 0.06181221 0 0 0.9518324 0.0481676 0 0 0.9514304 0.04856965 0 0 0.9370509 0.0629491 0 0 0.9375131 0.06248693 0 0 0.9364812 0.06351872 0 0 0.9387292 0.06127081 0 0 0.9397505 0.06024948 0 0 0.9493541 0.0506459 0 0 0.9494563 0.05054362 0 0 0.951781 0.04821898 0 0 0.9515219 0.04847813 0 0 0.9514304 0.04856965 0 0 0.9518324 0.0481676 0 0 0.9687078 0.03129218 0 0 0.9645395 0.03546044 0 0 0.9619409 0.03805901 0 0 0.9638593 0.03614064 0 0 0.9630554 0.03694465 0 0 0.9665331 0.03346695 0 0 0.9655933 0.03440667 0 0 0.962787 0.03721299 0 0 0.9547554 0.04524459 0 0 0.9544377 0.04556236 0 0 0.9321859 0.06781407 0 0 0.9335607 0.06643929 0 0 0.9184039 0.08159617 0 0 0.9121575 0.08784252 0 0 0.9089593 0.09104067 0 0 0.9155509 0.08444914 0 0 0.917463 0.08253697 0 0 0.9090409 0.09095906 0 0 0.9222376 0.07776241 0 0 0.9235895 0.07641055 0 0 0.9619409 0.03805901 0 0 0.9645395 0.03546044 0 0 0.9683905 0.03160955 0 0 0.9669248 0.03307518 0 0 0.961957 0.03804306 0 0 0.964151 0.03584901 0 0 0.9635644 0.0364356 0 0 0.9678982 0.03210174 0 0 0.9647145 0.03528552 0 0 0.9616549 0.03834511 0 0 0.9247561 0.07524393 0 0 0.9192702 0.08072978 0 0 0.9154702 0.08452975 0 0 0.9217851 0.0782149 0 0 0.9214057 0.07859423 0 0 0.9140539 0.08594606 0 0 0.9165089 0.08349112 0 0 0.9267622 0.07323783 0 0 0.9354778 0.06452218 0 0 0.9352961 0.06470389 0 0 0.9545614 0.04543858 0 0 0.9547346 0.04526538 0 0 0.961957 0.03804306 0 0 0.9669248 0.03307518 0 0 0.9399869 0.06001304 0 0 0.9399201 0.06007983 0 0 0.9399888 0.06001116 0 0 0.9396067 0.06039329 0 0 0.9418467 0.05815322 0 0 0.9422256 0.05777447 0 0 0.951355 0.04864504 0 0 0.9516017 0.04839827 0 0 0.9171141 0.08288594 0 0 0.9157387 0.0842613 0 0 0.9222785 0.07772153 0 0 0.9090661 0.09093389 0 0 0.9163 0.08370004 0 0 0.9089469 0.09105311 0 0 0.9188142 0.08118585 0 0 0.9103668 0.08963318 0 0 0.9343237 0.06567631 0 0 0.9344124 0.06558762 0 0 0.9367813 0.06321873 0 0 0.9361961 0.06380381 0 0 0.9405482 0.0594518 0 0 0.940167 0.05983299 0 0 0.9544945 0.04550548 0 0 0.9542459 0.04575412 0 0 0.9561417 0.04385827 0 0 0.9563889 0.04361109 0 0 0.955696 0.04430395 0 0 0.9557657 0.04423428 0 0 0.9694053 0.03059469 0 0 0.9653723 0.03462768 0 0 0.9664403 0.03355977 0 0 0.969435 0.03056495 0 0 0.9650655 0.03493456 0 0 0.9677332 0.0322668 0 0 0.9620634 0.03793652 0 0 0.9642655 0.03573449 0 0 0.9222785 0.07772153 0 0 0.9171141 0.08288594 0 0 0.905129 0.09487099 0 0 0.9171141 0.08288594 0 0 0.9208836 0.0791164 0 0 0.9133546 0.08664537 0 0 0.9065704 0.09342966 0 0 0.8981516 0.1018484 0 0 0.9055533 0.09444666 0 0 0.9117457 0.08825435 0 0 0.9324501 0.0675499 0 0 0.9336342 0.06636582 0 0 0.9322022 0.06779787 0 0 0.9332259 0.06677412 0 0 0.9367386 0.06326145 0 0 0.9357094 0.06429062 0 0 0.9513661 0.04863388 0 0 0.9512631 0.04873688 0 0 0.9544565 0.04554345 0 0 0.9547477 0.04525224 0 0 0.9562729 0.0437271 0 0 0.955962 0.04403795 0 0 0.9646777 0.0353223 0 0 0.9698946 0.03010538 0 0 0.9699379 0.03006204 0 0 0.9667761 0.03322396 0 0 0.9663709 0.03362909 0 0 0.9688005 0.03119951 0 0 0.9651929 0.03480712 0 0 0.9630742 0.0369258 0 0 0.9208836 0.0791164 0 0 0.9171141 0.08288594 0 0 0.952443 0.047557 0 0 0.9399201 0.06007983 0 0 0.9399869 0.06001304 0 0 0.9523756 0.04762442 0 0 0.9530038 0.04699617 0 0 0.9527547 0.04724531 0 0 0.6 0.4 0 0 0.6 0.4 0 0 0.6 0.4 0 0 0.6 0.4 0 0 0.6 0.4 0 0 0.6 0.4 0 0 0.6 0.4 0 0 0.6 0.4 0 0 0.6 0.4 0 0 0.6 0.4 0 0 0.6 0.4 0 0 0.6 0.4 0 0 0.6 0.4 0 0 0.6 0.4 0 0 0.6 0.4 0 0 0.6 0.4 0 0 0.6 0.4 0 0 0.6 0.4 0 0 0.6 0.4 0 0 0.6 0.4 0 0 0.6 0.4 0 0 0.6 0.4 0 0 0.6 0.4 0 0 0.6 0.4 0 0 0.6 0.4 0 0 0.6 0.4 0 0 0.6 0.4 0 0 0.6 0.4 0 0 0.6 0.4 0 0 0.6 0.4 0 0 0.6 0.4 0 0 0.6 0.4 0 0 0.6 0.4 0 0 0.6 0.4 0 0 0.6 0.4 0 0 0.6 0.4 0 0 0.6 0.4 0 0 0.6 0.4 0 0 0.6 0.4 0 0 0.6 0.4 0 0 0.6 0.4 0 0 0.6 0.4 0 0 0.6 0.4 0 0 0.6 0.4 0 0 0.6 0.4 0 0 0.6 0.4 0 0 0.6 0.4 0 0 0.6 0.4 0 0 0.6 0.4 0 0 0.6 0.4 0 0 0.6 0.4 0 0 0.6 0.4 0 0 0.6 0.4 0 0 0.6 0.4 0 0 0.6 0.4 0 0 0.6 0.4 0 0 0.6 0.4 0 0 0.6 0.4 0 0 0.6 0.4 0 0 0.6 0.4 0 0 0.6 0.4 0 0 0.6 0.4 0 0 0.6 0.4 0 0 0.6 0.4 0 0 0.6 0.4 0 0 0.6 0.4 0 0 0.9530038 0.04699617 0 0 0.9516017 0.04839827 0 0 0.951355 0.04864504 0 0 0.9527547 0.04724531 0 0 0.7759715 0.2240286 0 0 0.7773846 0.2226155 0 0 0.7609432 0.2390568 0 0 0.7594661 0.2405339 0 0 0.7729256 0.2270745 0 0 0.7906222 0.2093778 0 0 0.8559976 0.1440024 0 0 0.8537759 0.1462241 0 0 0.8621439 0.1378561 0 0 0.8643872 0.1356128 0 0 0.8659025 0.1340975 0 0 0.8642501 0.1357499 0 0 0.7773846 0.2226155 0 0 0.7609432 0.2390568 0 0 0.6945789 0.305421 0 0 0.6647895 0.3352105 0 0 0.6724311 0.3275689 0 0 0.6839215 0.3160785 0 0 0.9240981 0.07590192 0 0 0.9152766 0.08472343 0 0 0.9229979 0.07700209 0 0 0.9292349 0.07076516 0 0 0.9281448 0.07185517 0 0 0.9254097 0.07459032 0 0 0.9204571 0.07954287 0 0 0.9263138 0.07368623 0 0 0.8868288 0.1131712 0 0 0.8850086 0.1149914 0 0 0.7361348 0.2638652 0 0 0.7533456 0.2466544 0 0 0.680873 0.319127 0 0 0.6851696 0.3148304 0 0 0.6674327 0.3325673 0 0 0.6611056 0.3388944 0 0 0.6647895 0.3352105 0 0 0.6724311 0.3275689 0 0 0.6315452 0.3684548 0 0 0.6242367 0.3757633 0 0 0.6555918 0.3444082 0 0 0.6680553 0.3319447 0 0 0.9201877 0.07981227 0 0 0.926544 0.07345601 0 0 0.929942 0.07005806 0 0 0.9328738 0.06712615 0 0 0.9395923 0.06040768 0 0 0.9394957 0.06050427 0 0 0.9320349 0.06796507 0 0 0.9298928 0.0701072 0 0 0.8838714 0.1161285 0 0 0.8821149 0.117885 0 0 0.8819672 0.1180328 0 0 0.9064259 0.09357408 0 0 0.8559744 0.1440256 0 0 0.8637116 0.1362884 0 0 0.7790211 0.2209789 0 0 0.7465343 0.2534656 0 0 0.7303559 0.2696441 0 0 0.7506203 0.2493797 0 0 0.7399702 0.2600298 0 0 0.7224626 0.2775374 0 0 0.6494979 0.3505021 0 0 0.6493003 0.3506997 0 0 0.6428753 0.3571247 0 0 0.6410193 0.3589807 0 0 0.6315452 0.3684548 0 0 0.6242367 0.3757633 0 0 0.9518326 0.04816742 0 0 0.9381876 0.06181239 0 0 0.9514304 0.0485696 0 0 0.9370508 0.06294915 0 0 0.9375133 0.06248671 0 0 0.9364814 0.06351856 0 0 0.9387293 0.06127067 0 0 0.9397506 0.06024943 0 0 0.9493541 0.05064588 0 0 0.9494565 0.05054344 0 0 0.9517812 0.04821882 0 0 0.9515219 0.0484781 0 0 0.9514304 0.0485696 0 0 0.9518326 0.04816742 0 0 0.9619412 0.03805874 0 0 0.9645394 0.03546054 0 0 0.9687067 0.0312933 0 0 0.9638595 0.03614046 0 0 0.9630554 0.03694466 0 0 0.9665326 0.03346736 0 0 0.9655929 0.03440709 0 0 0.9627872 0.0372128 0 0 0.9547556 0.04524441 0 0 0.9544379 0.0455621 0 0 0.9321862 0.06781383 0 0 0.9335607 0.06643933 0 0 0.9184039 0.08159613 0 0 0.9121581 0.08784189 0 0 0.90896 0.09103999 0 0 0.9155511 0.08444896 0 0 0.9174629 0.08253712 0 0 0.9090415 0.09095849 0 0 0.922237 0.07776302 0 0 0.9235891 0.0764109 0 0 0.9619412 0.03805874 0 0 0.9645394 0.03546054 0 0 0.9619577 0.03804231 0 0 0.9669251 0.03307488 0 0 0.9683903 0.03160971 0 0 0.964151 0.03584904 0 0 0.9635643 0.03643576 0 0 0.9678975 0.03210248 0 0 0.9647142 0.03528574 0 0 0.9616548 0.03834516 0 0 0.9247562 0.07524377 0 0 0.9192705 0.08072952 0 0 0.9154704 0.08452958 0 0 0.9217852 0.07821477 0 0 0.9214059 0.07859415 0 0 0.9140545 0.08594558 0 0 0.9165089 0.08349111 0 0 0.9267614 0.07323862 0 0 0.935478 0.064522 0 0 0.9352963 0.06470371 0 0 0.9545617 0.0454383 0 0 0.9547351 0.04526493 0 0 0.9619577 0.03804231 0 0 0.9669251 0.03307488 0 0 0.9399888 0.06001118 0 0 0.93992 0.06007995 0 0 0.9399868 0.06001319 0 0 0.9396068 0.06039314 0 0 0.9418464 0.0581536 0 0 0.9422252 0.05777487 0 0 0.9513556 0.04864435 0 0 0.9516024 0.04839763 0 0 0.9157392 0.08426081 0 0 0.9171141 0.08288594 0 0 0.9222786 0.07772142 0 0 0.9090669 0.09093318 0 0 0.9163001 0.08369998 0 0 0.9089471 0.09105286 0 0 0.9188148 0.08118521 0 0 0.9103673 0.08963273 0 0 0.9343235 0.06567647 0 0 0.9344125 0.06558757 0 0 0.9367813 0.06321867 0 0 0.9364984 0.06350156 0 0 0.9405484 0.05945166 0 0 0.9401671 0.05983291 0 0 0.9544946 0.04550542 0 0 0.954246 0.04575405 0 0 0.9561417 0.04385839 0 0 0.9563888 0.04361126 0 0 0.9556961 0.04430391 0 0 0.955766 0.04423401 0 0 0.969405 0.03059497 0 0 0.9653721 0.03462786 0 0 0.9664401 0.03355994 0 0 0.9694347 0.03056534 0 0 0.9650651 0.03493489 0 0 0.9677327 0.03226734 0 0 0.9620634 0.03793652 0 0 0.9642654 0.0357346 0 0 0.9222786 0.07772142 0 0 0.9171141 0.08288594 0 0 0.9208836 0.07911637 0 0 0.9171141 0.08288594 0 0 0.9051296 0.09487046 0 0 0.9133545 0.08664553 0 0 0.9065705 0.09342949 0 0 0.8981524 0.1018476 0 0 0.9055539 0.09444617 0 0 0.9117457 0.08825435 0 0 0.9324501 0.06754991 0 0 0.933634 0.06636596 0 0 0.9322024 0.06779763 0 0 0.933226 0.06677398 0 0 0.9367386 0.06326139 0 0 0.9357095 0.06429045 0 0 0.9513661 0.04863388 0 0 0.9512631 0.04873687 0 0 0.9544564 0.04554352 0 0 0.9547477 0.04525233 0 0 0.9562728 0.04372717 0 0 0.955962 0.044038 0 0 0.9646777 0.0353223 0 0 0.9698938 0.0301062 0 0 0.9699374 0.03006257 0 0 0.966776 0.03322401 0 0 0.9663709 0.03362907 0 0 0.9688001 0.03119989 0 0 0.9651928 0.03480721 0 0 0.9630744 0.03692558 0 0 0.9208836 0.07911637 0 0 0.9171141 0.08288594 0 0 0.93992 0.06007995 0 0 0.952443 0.04755701 0 0 0.9399868 0.06001319 0 0 0.9523756 0.04762444 0 0 0.9530036 0.04699639 0 0 0.9527547 0.04724524 0 0 0.6 0.4 0 0 0.6 0.4 0 0 0.6 0.4 0 0 0.6 0.4 0 0 0.6 0.4 0 0 0.6 0.4 0 0 0.6 0.4 0 0 0.6 0.4 0 0 0.6 0.4 0 0 0.6 0.4 0 0 0.6 0.4 0 0 0.6 0.4 0 0 0.6 0.4 0 0 0.6 0.4 0 0 0.6 0.4 0 0 0.6 0.4 0 0 0.6 0.4 0 0 0.6 0.4 0 0 0.6 0.4 0 0 0.6 0.4 0 0 0.6 0.4 0 0 0.6 0.4 0 0 0.6 0.4 0 0 0.6 0.4 0 0 0.6 0.4 0 0 0.6 0.4 0 0 0.6 0.4 0 0 0.6 0.4 0 0 0.6 0.4 0 0 0.6 0.4 0 0 0.6 0.4 0 0 0.6 0.4 0 0 0.6 0.4 0 0 0.6 0.4 0 0 0.6 0.4 0 0 0.6 0.4 0 0 0.6 0.4 0 0 0.6 0.4 0 0 0.6 0.4 0 0 0.6 0.4 0 0 0.6 0.4 0 0 0.6 0.4 0 0 0.6 0.4 0 0 0.6 0.4 0 0 0.6 0.4 0 0 0.6 0.4 0 0 0.6 0.4 0 0 0.6 0.4 0 0 0.6 0.4 0 0 0.6 0.4 0 0 0.6 0.4 0 0 0.6 0.4 0 0 0.6 0.4 0 0 0.6 0.4 0 0 0.6 0.4 0 0 0.6 0.4 0 0 0.6 0.4 0 0 0.6 0.4 0 0 0.6 0.4 0 0 0.6 0.4 0 0 0.6 0.4 0 0 0.6 0.4 0 0 0.6 0.4 0 0 0.6 0.4 0 0 0.6 0.4 0 0 0.6 0.4 0 0 0.9513556 0.04864435 0 0 0.9516024 0.04839763 0 0 0.9530036 0.04699639 0 0 0.9527547 0.04724524 0 0 1 0 0 0 1 0 0 0 1 0 0 0 1 0 0 0 1 0 0 0 1 0 0 0 1 0 0 0 1 0 0 0 1 0 0 0 1 0 0 0 1 0 0 0 1 0 0 0 1 0 0 0 1 0 0 0 1 0 0 0 1 0 0 0 1 0 0 0 1 0 0 0 1 0 0 0 1 0 0 0 1 0 0 0 1 0 0 0 1 0 0 0 1 0 0 0 1 0 0 0 1 0 0 0 1 0 0 0 1 0 0 0 1 0 0 0 1 0 0 0 1 0 0 0 1 0 0 0 1 0 0 0 1 0 0 0 1 0 0 0 1 0 0 0 1 0 0 0 1 0 0 0 1 0 0 0 1 0 0 0 1 0 0 0 1 0 0 0 0.7714357 0.2275454 0.001018948 0 0.6492811 0.3507189 0 0 0.7195219 0.2481278 0.03235021 0 0.7710805 0.2279072 0.001012327 0 0.8185795 0.1781057 0.00331478 0 0.7648852 0.1978156 0.0372992 0 0.7211083 0.2282444 0.05064726 0 0.6948959 0.1855664 0.1113999 0.008137909 0.8126523 0.1846224 0.002725331 0 0.8235935 0.1725933 0.003813208 0 0.8320346 0.1630775 0.004887809 0 0.7593471 0.1272632 0.1133897 0 0.8196355 0.1653837 0.01230032 0.002680512 0.8485633 0.1467015 0.004735203 0 0.8547609 0.1393512 0.005887877 0 0.636007 0.3348085 0.02918452 0 0.5576186 0.3306156 0.05968024 0.05208549 0.8107666 0.09426785 0.09357901 0.001386529 0.4685671 0.3859408 0.1454922 0 0.4782076 0.3925994 0.1291929 0 0.859933 0.1326767 0.007390348 0 0.8253043 0.1684577 0.006238055 0 0.8640042 0.08495124 0.04440574 0.0066388 0.7036226 0.2756846 0.02069277 0 0.8060995 0.1891878 0.002937069 0.001775587 0.9021848 0.08743135 0.01038382 0 0.4733974 0.2998556 0.2267469 0 0.5381812 0.2330504 0.2287684 0 0.561767 0.3501799 0.0880531 0 0.4433154 0.3903891 0.1662956 0 0.5021577 0.3565914 0.1388288 0.002422076 0.6277897 0.241289 0.1170372 0.01388415 0.4586978 0.3907608 0.1374941 0.01304721 0.6096039 0.2754089 0.07678171 0.03820548 0.5718215 0.3503971 0.06058014 0.01720123 0.7969106 0.1217134 0.08137599 0 0.6596226 0.2229519 0.1128534 0.004572099 0.6619954 0.2749444 0.03881968 0.02424056 0.8129937 0.09959913 0.08740721 0 0.6920053 0.2751946 0.03280014 0 0.640646 0.3242997 0.03505431 0 0.508907 0.4754498 0.01564316 0 0.8062276 0.09490564 0.06702301 0.03184364 0.7180283 0.1474991 0.129236 0.005236554 0.9145207 0.07902018 0.00645908 0 0.9006722 0.06411297 0.02121151 0.01400338 0.7703225 0.1290595 0.100618 0 0.5939582 0.3675959 0.03844585 0 0.7564411 0.1950736 0.04848526 0 0.8517684 0.09257668 0.05565498 0 0.8681142 0.09923265 0.03265309 0 0.8829997 0.09279037 0.0242099 0 0.5999349 0.3834925 0.01657269 0 0.6040303 0.360833 0.03513675 0 0.784665 0.1424923 0.07284264 0 0.8451204 0.120666 0.03421361 0 0.8086298 0.1269699 0.0644004 0 0.8362067 0.1565194 0.007273915 0 0.8209438 0.1790563 0 0 0.8134111 0.1865889 0 0 0.6063497 0.3637283 0.02992195 0 0.9713086 0.02869136 0 0 0.6567352 0.1584446 0.1241065 0.06071375 0.3970731 0.3390392 0.1658793 0.09800845 0.6604881 0.3246383 0.01487364 0 0.6644263 0.3234534 0.01212033 0 0.8978465 0.1021535 0 0 0.8441582 0.0883053 0.06036217 0.007174438 0.5528209 0.2704857 0.1553168 0.02137667 0.4447336 0.3848956 0.1024447 0.06792603 0.9160088 0.08399118 0 0 0.9666896 0.03331043 0 0 0.9778436 0.02215635 0 0 0.9898786 0.01012141 0 0 0.8556983 0.1392903 0.005011379 0 0.8480783 0.06803071 0.0561059 0.02778511 0.612797 0.3759713 0.01123166 0 0.8540143 0.1442579 0.00172787 0 0.7005177 0.2905642 0.008918107 0 0.9397519 0.0602481 0 0 0.9616907 0.03830932 0 0 0.9795291 0.02047092 0 0 0.9642447 0.03575525 0 0 0.9808323 0.0191677 0 0 0.9930348 0.006965144 0 0 0.9956756 0.004324422 0 0 0.9961408 0.003859136 0 0 0.9979339 0.00206609 0 0 0.9900734 0.009926639 0 0 0.9971918 0.002808138 0 0 0.998323 0.001677009 0 0 0.9972612 0.002738759 0 0 1 0 0 0 1 0 0 0 1 0 0 0 1 0 0 0 1 0 0 0 1 0 0 0 1 0 0 0 1 0 0 0 1 0 0 0 1 0 0 0 1 0 0 0 1 0 0 0 1 0 0 0 1 0 0 0 1 0 0 0 1 0 0 0 1 0 0 0 1 0 0 0 1 0 0 0 1 0 0 0 1 0 0 0 1 0 0 0 1 0 0 0 1 0 0 0 1 0 0 0 1 0 0 0 1 0 0 0 1 0 0 0 1 0 0 0 1 0 0 0 1 0 0 0 1 0 0 0 1 0 0 0 1 0 0 0 1 0 0 0 1 0 0 0 1 0 0 0 1 0 0 0 1 0 0 0 1 0 0 0 1 0 0 0 1 0 0 0 1 0 0 0 1 0 0 0 1 0 0 0 1 0 0 0 1 0 0 0 1 0 0 0 1 0 0 0 1 0 0 0 1 0 0 0 1 0 0 0 1 0 0 0 1 0 0 0 1 0 0 0 1 0 0 0 1 0 0 0 1 0 0 0 1 0 0 0 1 0 0 0 1 0 0 0 1 0 0 0 1 0 0 0 1 0 0 0 1 0 0 0 1 0 0 0 1 0 0 0 1 0 0 0 1 0 0 0 1 0 0 0 1 0 0 0 1 0 0 0 1 0 0 0 1 0 0 0 1 0 0 0 1 0 0 0 1 0 0 0 1 0 0 0 1 0 0 0 1 0 0 0 1 0 0 0 1 0 0 0 1 0 0 0 1 0 0 0 1 0 0 0 1 0 0 0 1 0 0 0 1 0 0 0 1 0 0 0 1 0 0 0 1 0 0 0 1 0 0 0 1 0 0 0 1 0 0 0 1 0 0 0 1 0 0 0 1 0 0 0 1 0 0 0 1 0 0 0 1 0 0 0 1 0 0 0 1 0 0 0 1 0 0 0 1 0 0 0 1 0 0 0 1 0 0 0 1 0 0 0 1 0 0 0 1 0 0 0 1 0 0 0 1 0 0 0 1 0 0 0 1 0 0 0 1 0 0 0 1 0 0 0 1 0 0 0 1 0 0 0 1 0 0 0 1 0 0 0 1 0 0 0 1 0 0 0 1 0 0 0 1 0 0 0 1 0 0 0 1 0 0 0 1 0 0 0 1 0 0 0 1 0 0 0 1 0 0 0 1 0 0 0 1 0 0 0 1 0 0 0 1 0 0 0 1 0 0 0 1 0 0 0 1 0 0 0 1 0 0 0 1 0 0 0 1 0 0 0 1 0 0 0 1 0 0 0 1 0 0 0 1 0 0 0 1 0 0 0 0.6428076 0.3571924 0 0 0.6105745 0.3894254 0 0 0.5756999 0.4243 0 0 0.6040764 0.3959236 0 0 0.6464201 0.3535799 0 0 0.6654535 0.3204721 0.01407438 0 0.6161494 0.3838506 0 0 0.6530828 0.3469172 0 0 0.6390639 0.3477531 0.01318304 0 0.6997336 0.2804675 0.0197989 0 0.6882095 0.291335 0.02045554 0 0.621129 0.3663573 0.01251375 0 0.6672462 0.3137003 0.0190535 0 0.6292775 0.3707225 0 0 0.6598903 0.3401097 0 0 0.6158879 0.3735251 0.01058696 0 0.6603367 0.3225514 0.01711196 0 0.6313307 0.3686693 0 0 0.652731 0.347269 0 0 0.6072986 0.3905697 0.002131701 0 0.6680861 0.3167714 0.01514254 0 0.6208115 0.3791884 0 0 0.6182064 0.3817936 0 0 0.6372702 0.3543179 0.008411965 0 0.6783266 0.3043792 0.01729417 0 0.5903301 0.4096699 0 0 0.6007533 0.3992468 0 0 0.6656938 0.3195215 0.01478468 0 0.7100471 0.2659388 0.02401413 0 0.5711941 0.4288059 0 0 0.6006855 0.3993145 0 0 0.691418 0.2880419 0.02054006 0 0.7322409 0.2383985 0.02936058 0 0.5380375 0.4607667 0.001195802 0 0.5693962 0.4306038 0 0 0.7436449 0.2271499 0.02920519 0 0.7715684 0.1902386 0.03819298 0 0.5159987 0.4840013 0 0 0.5873803 0.4126197 0 0 0.7761785 0.1867592 0.03706228 0 0.798874 0.1581497 0.04297629 0 0.5120888 0.4879112 0 0 0.5912954 0.4087045 0 0 0.8013618 0.1556982 0.04294004 0 0.8211245 0.1304926 0.04838294 0 0.5069281 0.4930719 0 0 0.5562994 0.4367147 0.00698591 0 0.8369477 0.1141855 0.04886673 0 0.8425675 0.1067534 0.05067915 0 0.5575891 0.4343853 0.008025636 0 0.5887493 0.4112506 0 0 0.8624286 0.08609588 0.05147555 0 0.8608043 0.08784878 0.05134694 0 0.6228865 0.3771135 0 0 0.6165847 0.3834153 0 0 0.8760437 0.07501374 0.04894255 0 0.8768821 0.07375851 0.04935941 0 0.6631091 0.3368909 0 0 0.6258719 0.3741281 0 0 0.8848299 0.07190516 0.04326496 0 0.889599 0.06537159 0.04502942 0 0.6749763 0.3250237 0 0 0.6094121 0.3905879 0 0 0.891121 0.07023885 0.03864013 0 0.8955454 0.06151891 0.04293571 0 0.6683219 0.330444 0.001234112 0 0.5735131 0.4264869 0 0 0.8692756 0.09598015 0.0347442 0 0.8818164 0.07757875 0.04060488 0 0.6220743 0.3779257 0 0 0.538278 0.461722 0 0 0.8422845 0.1249484 0.03276709 0 0.850215 0.1136729 0.03611213 0 0.5782908 0.4217093 0 0 0.5103853 0.4896147 0 0 0.8130998 0.157159 0.02974118 0 0.8227614 0.1452505 0.03198809 0 0.529097 0.470903 0 0 0.5589317 0.4410683 0 0 0.7831994 0.1902249 0.02657568 0 0.7971543 0.1735819 0.02926389 0 0.5084757 0.4915243 0 0 0.593747 0.406253 0 0 0.7462756 0.2308526 0.02287172 0 0.7643621 0.2093239 0.02631397 0 0.5512295 0.4487706 0 0 0.6105745 0.3894254 0 0 0.5756999 0.4243 0 0 0.7031412 0.2791231 0.0177357 0 0.73179 0.245462 0.02274796 0 0.6654535 0.3204721 0.01407438 0 0.6997336 0.2804675 0.0197989 0 1 0 0 0 1 0 0 0 1 0 0 0 1 0 0 0 1 0 0 0 1 0 0 0 1 0 0 0 1 0 0 0 1 0 0 0 1 0 0 0 1 0 0 0 1 0 0 0 1 0 0 0 1 0 0 0 1 0 0 0 1 0 0 0 1 0 0 0 1 0 0 0 1 0 0 0 1 0 0 0 1 0 0 0 1 0 0 0 1 0 0 0 1 0 0 0 1 0 0 0 1 0 0 0 1 0 0 0 1 0 0 0 1 0 0 0 1 0 0 0 1 0 0 0 1 0 0 0 1 0 0 0 1 0 0 0 1 0 0 0 1 0 0 0 1 0 0 0 1 0 0 0 1 0 0 0 1 0 0 0 1 0 0 0 1 0 0 0 1 0 0 0 1 0 0 0 1 0 0 0 1 0 0 0 1 0 0 0 1 0 0 0 1 0 0 0 1 0 0 0 1 0 0 0 1 0 0 0 1 0 0 0 1 0 0 0 1 0 0 0 1 0 0 0 1 0 0 0 1 0 0 0 1 0 0 0 1 0 0 0 1 0 0 0 1 0 0 0 1 0 0 0 1 0 0 0 1 0 0 0 1 0 0 0 1 0 0 0 1 0 0 0 1 0 0 0 1 0 0 0 1 0 0 0 1 0 0 0 1 0 0 0 1 0 0 0 1 0 0 0 1 0 0 0 1 0 0 0 1 0 0 0 1 0 0 0 1 0 0 0 1 0 0 0 1 0 0 0 1 0 0 0 1 0 0 0 1 0 0 0 1 0 0 0 1 0 0 0 1 0 0 0 1 0 0 0 1 0 0 0 1 0 0 0 1 0 0 0 1 0 0 0 1 0 0 0 1 0 0 0 1 0 0 0 1 0 0 0 1 0 0 0 1 0 0 0 1 0 0 0 1 0 0 0 1 0 0 0 1 0 0 0 1 0 0 0 1 0 0 0 1 0 0 0 1 0 0 0 1 0 0 0 1 0 0 0 1 0 0 0 1 0 0 0 1 0 0 0 1 0 0 0 1 0 0 0 1 0 0 0 1 0 0 0 1 0 0 0 1 0 0 0 1 0 0 0 1 0 0 0 1 0 0 0 1 0 0 0 1 0 0 0 1 0 0 0 1 0 0 0 1 0 0 0 1 0 0 0 1 0 0 0 1 0 0 0 1 0 0 0 1 0 0 0 1 0 0 0 1 0 0 0 1 0 0 0 1 0 0 0 1 0 0 0 1 0 0 0 1 0 0 0 1 0 0 0 1 0 0 0 0.4546051 0.3470695 0.1983254 0 0.4546051 0.3470695 0.1983254 0 0.4546051 0.3470695 0.1983254 0 0.4546051 0.3470695 0.1983254 0 0.4546051 0.3470695 0.1983254 0 0.4546051 0.3470695 0.1983254 0 0.4546051 0.3470695 0.1983254 0 0.4546051 0.3470695 0.1983254 0 0.4546051 0.3470695 0.1983254 0 0.4546051 0.3470695 0.1983254 0 0.4546051 0.3470695 0.1983254 0 0.4546051 0.3470695 0.1983254 0 0.4546051 0.3470695 0.1983254 0 0.4546051 0.3470695 0.1983254 0 0.4546051 0.3470695 0.1983254 0 0.4546051 0.3470695 0.1983254 0 0.4546051 0.3470695 0.1983254 0 0.4546051 0.3470695 0.1983254 0 0.4546051 0.3470695 0.1983254 0 0.4546051 0.3470695 0.1983254 0 0.4546051 0.3470695 0.1983254 0 0.4546051 0.3470695 0.1983254 0 0.4546051 0.3470695 0.1983254 0 0.4546051 0.3470695 0.1983254 0 0.4546051 0.3470695 0.1983254 0 0.4546051 0.3470695 0.1983254 0 0.4546051 0.3470695 0.1983254 0 0.4546051 0.3470695 0.1983254 0 0.4546051 0.3470695 0.1983254 0 0.4546051 0.3470695 0.1983254 0 0.4546051 0.3470695 0.1983254 0 0.4546051 0.3470695 0.1983254 0 0.4546051 0.3470695 0.1983254 0 0.4546051 0.3470695 0.1983254 0 0.4546051 0.3470695 0.1983254 0 0.4546051 0.3470695 0.1983254 0 0.4546051 0.3470695 0.1983254 0 0.4546051 0.3470695 0.1983254 0 0.4546051 0.3470695 0.1983254 0 0.4546051 0.3470695 0.1983254 0 0.4546051 0.3470695 0.1983254 0 0.4546051 0.3470695 0.1983254 0 0.4546051 0.3470695 0.1983254 0 0.4546051 0.3470695 0.1983254 0 0.4546051 0.3470695 0.1983254 0 0.4546051 0.3470695 0.1983254 0 0.4546051 0.3470695 0.1983254 0 0.4546051 0.3470695 0.1983254 0 0.4546051 0.3470695 0.1983254 0 0.4546051 0.3470695 0.1983254 0 0.4546051 0.3470695 0.1983254 0 0.4546051 0.3470695 0.1983254 0 0.4546051 0.3470695 0.1983254 0 0.4546051 0.3470695 0.1983254 0 0.4546051 0.3470695 0.1983254 0 0.4546051 0.3470695 0.1983254 0 0.4546051 0.3470695 0.1983254 0 0.4546051 0.3470695 0.1983254 0 0.4546051 0.3470695 0.1983254 0 0.4546051 0.3470695 0.1983254 0 0.4546051 0.3470695 0.1983254 0 0.4546051 0.3470695 0.1983254 0 0.4546051 0.3470695 0.1983254 0 0.4546051 0.3470695 0.1983254 0 0.4546051 0.3470695 0.1983254 0 0.4546051 0.3470695 0.1983254 0 0.4546051 0.3470695 0.1983254 0 0.4546051 0.3470695 0.1983254 0 0.4546051 0.3470695 0.1983254 0 0.4546051 0.3470695 0.1983254 0 0.4546051 0.3470695 0.1983254 0 0.4546051 0.3470695 0.1983254 0 0.4546051 0.3470695 0.1983254 0 0.4546051 0.3470695 0.1983254 0 0.4546051 0.3470695 0.1983254 0 0.4546051 0.3470695 0.1983254 0 0.4546051 0.3470695 0.1983254 0 0.4546051 0.3470695 0.1983254 0 0.4546051 0.3470695 0.1983254 0 0.4546051 0.3470695 0.1983254 0 0.4546051 0.3470695 0.1983254 0 0.4546051 0.3470695 0.1983254 0 0.4546051 0.3470695 0.1983254 0 0.4546051 0.3470695 0.1983254 0 0.4546051 0.3470695 0.1983254 0 0.4546051 0.3470695 0.1983254 0 0.4546051 0.3470695 0.1983254 0 0.4546051 0.3470695 0.1983254 0 0.4546051 0.3470695 0.1983254 0 0.4546051 0.3470695 0.1983254 0 0.4546051 0.3470695 0.1983254 0 0.4546051 0.3470695 0.1983254 0 0.4546051 0.3470695 0.1983254 0 0.4546051 0.3470695 0.1983254 0 0.4546051 0.3470695 0.1983254 0 0.4546051 0.3470695 0.1983254 0 0.4546051 0.3470695 0.1983254 0 0.4546051 0.3470695 0.1983254 0 0.4546051 0.3470695 0.1983254 0 0.4546051 0.3470695 0.1983254 0 0.4546051 0.3470695 0.1983254 0 0.4546051 0.3470695 0.1983254 0 0.4546051 0.3470695 0.1983254 0 0.4546051 0.3470695 0.1983254 0 0.4546051 0.3470695 0.1983254 0 0.4546051 0.3470695 0.1983254 0 0.4546051 0.3470695 0.1983254 0 0.4546051 0.3470695 0.1983254 0 0.4546051 0.3470695 0.1983254 0 0.4546051 0.3470695 0.1983254 0 0.4546051 0.3470695 0.1983254 0 0.4546051 0.3470695 0.1983254 0 0.4546051 0.3470695 0.1983254 0 0.4546051 0.3470695 0.1983254 0 0.4546051 0.3470695 0.1983254 0 0.4546051 0.3470695 0.1983254 0 0.4546051 0.3470695 0.1983254 0 0.4546051 0.3470695 0.1983254 0 0.4546051 0.3470695 0.1983254 0 0.4546051 0.3470695 0.1983254 0 0.4546051 0.3470695 0.1983254 0 0.4546051 0.3470695 0.1983254 0 0.4546051 0.3470695 0.1983254 0 0.4546051 0.3470695 0.1983254 0 0.4546051 0.3470695 0.1983254 0 0.4546051 0.3470695 0.1983254 0 0.4546051 0.3470695 0.1983254 0 0.4546051 0.3470695 0.1983254 0 0.4546051 0.3470695 0.1983254 0 0.4546051 0.3470695 0.1983254 0 0.4546051 0.3470695 0.1983254 0 0.4546051 0.3470695 0.1983254 0 0.4546051 0.3470695 0.1983254 0 0.4546051 0.3470695 0.1983254 0 0.4546051 0.3470695 0.1983254 0 0.4546051 0.3470695 0.1983254 0 0.4546051 0.3470695 0.1983254 0 0.4546051 0.3470695 0.1983254 0 0.4546051 0.3470695 0.1983254 0 0.4546051 0.3470695 0.1983254 0 0.4546051 0.3470695 0.1983254 0 0.4546051 0.3470695 0.1983254 0 0.4546051 0.3470695 0.1983254 0 0.4546051 0.3470695 0.1983254 0 0.4546051 0.3470695 0.1983254 0 0.4546051 0.3470695 0.1983254 0 0.4546051 0.3470695 0.1983254 0 0.4546051 0.3470695 0.1983254 0 0.4546051 0.3470695 0.1983254 0 0.4546051 0.3470695 0.1983254 0 0.4546051 0.3470695 0.1983254 0 0.4546051 0.3470695 0.1983254 0 0.4546051 0.3470695 0.1983254 0 0.4546051 0.3470695 0.1983254 0 0.4546051 0.3470695 0.1983254 0 0.4546051 0.3470695 0.1983254 0 0.4546051 0.3470695 0.1983254 0 0.4546051 0.3470695 0.1983254 0 0.4546051 0.3470695 0.1983254 0 0.4546051 0.3470695 0.1983254 0 0.4546051 0.3470695 0.1983254 0 0.4546051 0.3470695 0.1983254 0 0.4546051 0.3470695 0.1983254 0 0.4546051 0.3470695 0.1983254 0 0.4546051 0.3470695 0.1983254 0 0.7195247 0.2481262 0.0323491 0 0.6492875 0.3507125 0 0 0.771439 0.2275419 0.001019095 0 0.7710841 0.2279034 0.001012454 0 0.8185803 0.1781048 0.003314869 0 0.7648887 0.1978115 0.03729975 0 0.7211104 0.2282423 0.05064727 0 0.6948974 0.1855622 0.1114024 0.008138015 0.8126547 0.1846198 0.002725468 0 0.8235962 0.1725904 0.00381337 0 0.8320367 0.1630754 0.004887945 0 0.7593478 0.127258 0.1133942 0 0.8196379 0.1653806 0.01230079 0.002680705 0.848565 0.1466996 0.00473539 0 0.854763 0.1393488 0.005888157 0 0.636004 0.3348091 0.02918693 0 0.5576174 0.3306197 0.05967629 0.0520866 0.8107676 0.09426575 0.09358004 0.001386641 0.4685653 0.385935 0.1454997 0 0.47821 0.3925922 0.1291978 0 0.8599346 0.1326747 0.007390669 0 0.8253067 0.1684552 0.00623822 0 0.8640049 0.08495019 0.04440606 0.006638923 0.7036189 0.2756851 0.02069605 0 0.8061006 0.1891866 0.002937095 0.001775779 0.9021857 0.0874301 0.01038418 0 0.4733886 0.2998744 0.226737 0 0.5381782 0.2330593 0.2287625 0 0.5617874 0.3501669 0.08804569 0 0.4433075 0.3903854 0.166307 0 0.5021408 0.3566154 0.1388201 0.002423619 0.6277882 0.2412844 0.1170428 0.01388456 0.4587174 0.3907466 0.137486 0.01305006 0.6096213 0.2753945 0.07677484 0.0382093 0.5718383 0.3503806 0.06057577 0.01720543 0.7969045 0.1217074 0.08138812 0 0.6596337 0.2229461 0.1128483 0.004571892 0.6620157 0.2749263 0.03881285 0.02424516 0.8129815 0.09959432 0.08742419 0 0.6919854 0.2752166 0.03279814 0 0.6406179 0.3243304 0.03505169 0 0.5088835 0.4754742 0.01564224 0 0.8062317 0.09490031 0.06702232 0.03184566 0.7180051 0.1474872 0.1292606 0.005247074 0.9145289 0.07901296 0.006458154 0 0.9006732 0.06411096 0.02121151 0.01400431 0.7703093 0.1290785 0.1006123 0 0.5939345 0.3676219 0.03844365 0 0.7564455 0.1950596 0.04849492 0 0.85176 0.09257353 0.05566651 0 0.868109 0.09923164 0.03265933 0 0.8829947 0.09279355 0.02421182 0 0.599966 0.3834627 0.01657132 0 0.6039967 0.3608692 0.03513417 0 0.7846482 0.1425129 0.07283888 0 0.8451167 0.1206603 0.03422299 0 0.8086123 0.1269902 0.06439751 0 0.8362081 0.1565137 0.007278127 0 0.8209488 0.1790511 0 0 0.8134103 0.1865897 0 0 0.6063187 0.3637613 0.02992001 0 0.9713137 0.02868637 0 0 0.6567051 0.1584342 0.1241335 0.06072724 0.3970529 0.3390592 0.1658894 0.09799846 0.6605114 0.3246163 0.01487224 0 0.6644428 0.3234378 0.01211946 0 0.8978507 0.1021493 0 0 0.8441126 0.0883314 0.06038252 0.007173547 0.5528176 0.2704932 0.155315 0.02137419 0.444697 0.3849252 0.102459 0.06791878 0.9160125 0.08398752 0 0 0.9666909 0.03330913 0 0 0.9778436 0.02215635 0 0 0.9898787 0.01012127 0 0 0.8557072 0.1392818 0.005010953 0 0.8480767 0.06803292 0.05610439 0.02778594 0.6128197 0.3759495 0.01123091 0 0.8540244 0.1442479 0.00172771 0 0.7005344 0.2905481 0.008917491 0 0.9397545 0.06024551 0 0 0.9616922 0.03830777 0 0 0.9795305 0.02046951 0 0 0.9642462 0.03575379 0 0 0.9808343 0.01916571 0 0 0.9930347 0.006965369 0 0 0.9956759 0.004324123 0 0 0.996141 0.003858984 0 0 0.9979339 0.002066086 0 0 0.990074 0.009926012 0 0 0.997192 0.002808039 0 0 0.998323 0.001677065 0 0 0.9972613 0.002738716 0 0 1 0 0 0 1 0 0 0 1 0 0 0 1 0 0 0 1 0 0 0 1 0 0 0 1 0 0 0 1 0 0 0 1 0 0 0 1 0 0 0 1 0 0 0 1 0 0 0 1 0 0 0 1 0 0 0 1 0 0 0 1 0 0 0 1 0 0 0 1 0 0 0 1 0 0 0 1 0 0 0 1 0 0 0 1 0 0 0 1 0 0 0 1 0 0 0 1 0 0 0 1 0 0 0 1 0 0 0 1 0 0 0 1 0 0 0 1 0 0 0 1 0 0 0 1 0 0 0 1 0 0 0 1 0 0 0 1 0 0 0 1 0 0 0 1 0 0 0 1 0 0 0 1 0 0 0 1 0 0 0 1 0 0 0 1 0 0 0 1 0 0 0 1 0 0 0 1 0 0 0 1 0 0 0 1 0 0 0 1 0 0 0 1 0 0 0 1 0 0 0 1 0 0 0 1 0 0 0 1 0 0 0 1 0 0 0 1 0 0 0 1 0 0 0 1 0 0 0 1 0 0 0 1 0 0 0 1 0 0 0 1 0 0 0 1 0 0 0 1 0 0 0 1 0 0 0 1 0 0 0 1 0 0 0 1 0 0 0 1 0 0 0 1 0 0 0 1 0 0 0 1 0 0 0 1 0 0 0 1 0 0 0 1 0 0 0 1 0 0 0 1 0 0 0 1 0 0 0 1 0 0 0 1 0 0 0 1 0 0 0 1 0 0 0 1 0 0 0 1 0 0 0 1 0 0 0 1 0 0 0 1 0 0 0 1 0 0 0 1 0 0 0 1 0 0 0 1 0 0 0 1 0 0 0 1 0 0 0 1 0 0 0 1 0 0 0 1 0 0 0 1 0 0 0 1 0 0 0 1 0 0 0 1 0 0 0 1 0 0 0 1 0 0 0 1 0 0 0 1 0 0 0 1 0 0 0 1 0 0 0 1 0 0 0 1 0 0 0 1 0 0 0 1 0 0 0 1 0 0 0 1 0 0 0 1 0 0 0 1 0 0 0 1 0 0 0 1 0 0 0 1 0 0 0 1 0 0 0 1 0 0 0 1 0 0 0 1 0 0 0 1 0 0 0 1 0 0 0 1 0 0 0 1 0 0 0 1 0 0 0 1 0 0 0 1 0 0 0 1 0 0 0 1 0 0 0 1 0 0 0 1 0 0 0 1 0 0 0 1 0 0 0 1 0 0 0 1 0 0 0 1 0 0 0 1 0 0 0 1 0 0 0 1 0 0 0 1 0 0 0 1 0 0 0 1 0 0 0 1 0 0 0 1 0 0 0 0.5757021 0.4242978 0 0 0.6105754 0.3894246 0 0 0.6428077 0.3571923 0 0 0.6040782 0.3959217 0 0 0.6654482 0.3204778 0.01407403 0 0.6464204 0.3535796 0 0 0.6390555 0.3477618 0.01318261 0 0.6997336 0.2804675 0.0197989 0 0.6882089 0.2913356 0.0204555 0 0.6161504 0.3838496 0 0 0.6530831 0.3469169 0 0 0.62112 0.3663668 0.01251329 0 0.6672459 0.3137007 0.01905343 0 0.6292776 0.3707224 0 0 0.6598899 0.3401101 0 0 0.6158786 0.3735348 0.01058657 0 0.660337 0.3225512 0.01711188 0 0.6313304 0.3686696 0 0 0.6527295 0.3472705 0 0 0.6072903 0.390578 0.002131657 0 0.6680865 0.3167708 0.01514264 0 0.6208106 0.3791894 0 0 0.6182054 0.3817946 0 0 0.6372616 0.3543265 0.008411916 0 0.678328 0.3043775 0.01729447 0 0.5903296 0.4096704 0 0 0.6007522 0.3992477 0 0 0.6656848 0.3195309 0.01478431 0 0.710048 0.2659376 0.02401435 0 0.5711933 0.4288067 0 0 0.6006821 0.3993179 0 0 0.6914093 0.2880512 0.02053949 0 0.7322421 0.238397 0.02936082 0 0.5380371 0.4607671 0.001195782 0 0.5693933 0.4306067 0 0 0.7436342 0.2271616 0.0292042 0 0.7715686 0.1902385 0.03819294 0 0.5159987 0.4840013 0 0 0.5873763 0.4126237 0 0 0.7761672 0.186772 0.03706089 0 0.7988734 0.1581505 0.0429761 0 0.5120888 0.4879112 0 0 0.5912899 0.4087101 0 0 0.8013483 0.1557135 0.0429382 0 0.8211236 0.1304938 0.04838258 0 0.5069281 0.4930719 0 0 0.5562995 0.4367145 0.006985993 0 0.8369349 0.1142002 0.04886482 0 0.8425674 0.1067536 0.05067901 0 0.5575891 0.4343853 0.008025636 0 0.5887517 0.4112483 0 0 0.8624167 0.0861095 0.05147385 0 0.8608046 0.08784843 0.05134693 0 0.6228859 0.377114 0 0 0.6165875 0.3834125 0 0 0.8760343 0.075025 0.04894073 0 0.876882 0.07375866 0.04935936 0 0.6631086 0.3368914 0 0 0.6258746 0.3741254 0 0 0.8848211 0.07191555 0.04326335 0 0.8895982 0.06537252 0.04502929 0 0.6749761 0.3250239 0 0 0.6094146 0.3905854 0 0 0.8911127 0.0702486 0.03863871 0 0.8955446 0.06152001 0.04293538 0 0.6683221 0.3304438 0.001234076 0 0.5735146 0.4264854 0 0 0.869269 0.09598802 0.03474301 0 0.8818161 0.0775794 0.04060452 0 0.6220762 0.3779238 0 0 0.5382794 0.4617206 0 0 0.8422788 0.1249552 0.032766 0 0.8502164 0.1136713 0.03611227 0 0.5782902 0.4217099 0 0 0.5103842 0.4896158 0 0 0.8130935 0.1571663 0.02974019 0 0.8227628 0.1452488 0.0319883 0 0.5290956 0.4709043 0 0 0.558931 0.441069 0 0 0.7831923 0.1902328 0.02657494 0 0.7971554 0.1735806 0.02926401 0 0.5084783 0.4915217 0 0 0.593747 0.406253 0 0 0.746269 0.2308599 0.02287102 0 0.7643633 0.2093225 0.02631409 0 0.5512321 0.4487679 0 0 0.6105754 0.3894246 0 0 0.5757021 0.4242978 0 0 0.7031345 0.2791303 0.01773516 0 0.7317908 0.2454612 0.02274804 0 0.6654482 0.3204778 0.01407403 0 0.6997336 0.2804675 0.0197989 0 1 0 0 0 1 0 0 0 1 0 0 0 1 0 0 0 1 0 0 0 1 0 0 0 1 0 0 0 1 0 0 0 1 0 0 0 1 0 0 0 1 0 0 0 1 0 0 0 1 0 0 0 1 0 0 0 1 0 0 0 1 0 0 0 1 0 0 0 1 0 0 0 1 0 0 0 1 0 0 0 1 0 0 0 1 0 0 0 1 0 0 0 1 0 0 0 1 0 0 0 1 0 0 0 1 0 0 0 1 0 0 0 1 0 0 0 1 0 0 0 1 0 0 0 1 0 0 0 1 0 0 0 1 0 0 0 1 0 0 0 1 0 0 0 1 0 0 0 1 0 0 0 1 0 0 0 1 0 0 0 1 0 0 0 1 0 0 0 1 0 0 0 1 0 0 0 1 0 0 0 1 0 0 0 1 0 0 0 1 0 0 0 1 0 0 0 1 0 0 0 1 0 0 0 1 0 0 0 1 0 0 0 1 0 0 0 1 0 0 0 1 0 0 0 1 0 0 0 1 0 0 0 1 0 0 0 1 0 0 0 1 0 0 0 1 0 0 0 1 0 0 0 1 0 0 0 1 0 0 0 1 0 0 0 1 0 0 0 1 0 0 0 1 0 0 0 1 0 0 0 1 0 0 0 1 0 0 0 1 0 0 0 1 0 0 0 1 0 0 0 1 0 0 0 1 0 0 0 1 0 0 0 1 0 0 0 1 0 0 0 1 0 0 0 1 0 0 0 1 0 0 0 1 0 0 0 1 0 0 0 1 0 0 0 1 0 0 0 1 0 0 0 1 0 0 0 1 0 0 0 1 0 0 0 1 0 0 0 1 0 0 0 1 0 0 0 1 0 0 0 1 0 0 0 1 0 0 0 1 0 0 0 1 0 0 0 1 0 0 0 1 0 0 0 1 0 0 0 1 0 0 0 1 0 0 0 1 0 0 0 1 0 0 0 1 0 0 0 1 0 0 0 1 0 0 0 1 0 0 0 1 0 0 0 1 0 0 0 1 0 0 0 1 0 0 0 1 0 0 0 1 0 0 0 1 0 0 0 1 0 0 0 1 0 0 0 1 0 0 0 1 0 0 0 1 0 0 0 1 0 0 0 1 0 0 0 1 0 0 0 1 0 0 0 1 0 0 0 1 0 0 0 1 0 0 0 1 0 0 0 1 0 0 0 1 0 0 0 1 0 0 0 1 0 0 0 1 0 0 0 1 0 0 0 1 0 0 0 1 0 0 0 1 0 0 0 1 0 0 0 0.4546051 0.3470695 0.1983254 0 0.4546051 0.3470695 0.1983254 0 0.4546051 0.3470695 0.1983254 0 0.4546051 0.3470695 0.1983254 0 0.4546051 0.3470695 0.1983254 0 0.4546051 0.3470695 0.1983254 0 0.4546051 0.3470695 0.1983254 0 0.4546051 0.3470695 0.1983254 0 0.4546051 0.3470695 0.1983254 0 0.4546051 0.3470695 0.1983254 0 0.4546051 0.3470695 0.1983254 0 0.4546051 0.3470695 0.1983254 0 0.4546051 0.3470695 0.1983254 0 0.4546051 0.3470695 0.1983254 0 0.4546051 0.3470695 0.1983254 0 0.4546051 0.3470695 0.1983254 0 0.4546051 0.3470695 0.1983254 0 0.4546051 0.3470695 0.1983254 0 0.4546051 0.3470695 0.1983254 0 0.4546051 0.3470695 0.1983254 0 0.4546051 0.3470695 0.1983254 0 0.4546051 0.3470695 0.1983254 0 0.4546051 0.3470695 0.1983254 0 0.4546051 0.3470695 0.1983254 0 0.4546051 0.3470695 0.1983254 0 0.4546051 0.3470695 0.1983254 0 0.4546051 0.3470695 0.1983254 0 0.4546051 0.3470695 0.1983254 0 0.4546051 0.3470695 0.1983254 0 0.4546051 0.3470695 0.1983254 0 0.4546051 0.3470695 0.1983254 0 0.4546051 0.3470695 0.1983254 0 0.4546051 0.3470695 0.1983254 0 0.4546051 0.3470695 0.1983254 0 0.4546051 0.3470695 0.1983254 0 0.4546051 0.3470695 0.1983254 0 0.4546051 0.3470695 0.1983254 0 0.4546051 0.3470695 0.1983254 0 0.4546051 0.3470695 0.1983254 0 0.4546051 0.3470695 0.1983254 0 0.4546051 0.3470695 0.1983254 0 0.4546051 0.3470695 0.1983254 0 0.4546051 0.3470695 0.1983254 0 0.4546051 0.3470695 0.1983254 0 0.4546051 0.3470695 0.1983254 0 0.4546051 0.3470695 0.1983254 0 0.4546051 0.3470695 0.1983254 0 0.4546051 0.3470695 0.1983254 0 0.4546051 0.3470695 0.1983254 0 0.4546051 0.3470695 0.1983254 0 0.4546051 0.3470695 0.1983254 0 0.4546051 0.3470695 0.1983254 0 0.4546051 0.3470695 0.1983254 0 0.4546051 0.3470695 0.1983254 0 0.4546051 0.3470695 0.1983254 0 0.4546051 0.3470695 0.1983254 0 0.4546051 0.3470695 0.1983254 0 0.4546051 0.3470695 0.1983254 0 0.4546051 0.3470695 0.1983254 0 0.4546051 0.3470695 0.1983254 0 0.4546051 0.3470695 0.1983254 0 0.4546051 0.3470695 0.1983254 0 0.4546051 0.3470695 0.1983254 0 0.4546051 0.3470695 0.1983254 0 0.4546051 0.3470695 0.1983254 0 0.4546051 0.3470695 0.1983254 0 0.4546051 0.3470695 0.1983254 0 0.4546051 0.3470695 0.1983254 0 0.4546051 0.3470695 0.1983254 0 0.4546051 0.3470695 0.1983254 0 0.4546051 0.3470695 0.1983254 0 0.4546051 0.3470695 0.1983254 0 0.4546051 0.3470695 0.1983254 0 0.4546051 0.3470695 0.1983254 0 0.4546051 0.3470695 0.1983254 0 0.4546051 0.3470695 0.1983254 0 0.4546051 0.3470695 0.1983254 0 0.4546051 0.3470695 0.1983254 0 0.4546051 0.3470695 0.1983254 0 0.4546051 0.3470695 0.1983254 0 0.4546051 0.3470695 0.1983254 0 0.4546051 0.3470695 0.1983254 0 0.4546051 0.3470695 0.1983254 0 0.4546051 0.3470695 0.1983254 0 0.4546051 0.3470695 0.1983254 0 0.4546051 0.3470695 0.1983254 0 0.4546051 0.3470695 0.1983254 0 0.4546051 0.3470695 0.1983254 0 0.4546051 0.3470695 0.1983254 0 0.4546051 0.3470695 0.1983254 0 0.4546051 0.3470695 0.1983254 0 0.4546051 0.3470695 0.1983254 0 0.4546051 0.3470695 0.1983254 0 0.4546051 0.3470695 0.1983254 0 0.4546051 0.3470695 0.1983254 0 0.4546051 0.3470695 0.1983254 0 0.4546051 0.3470695 0.1983254 0 0.4546051 0.3470695 0.1983254 0 0.4546051 0.3470695 0.1983254 0 0.4546051 0.3470695 0.1983254 0 0.4546051 0.3470695 0.1983254 0 0.4546051 0.3470695 0.1983254 0 0.4546051 0.3470695 0.1983254 0 0.4546051 0.3470695 0.1983254 0 0.4546051 0.3470695 0.1983254 0 0.4546051 0.3470695 0.1983254 0 0.4546051 0.3470695 0.1983254 0 0.4546051 0.3470695 0.1983254 0 0.4546051 0.3470695 0.1983254 0 0.4546051 0.3470695 0.1983254 0 0.4546051 0.3470695 0.1983254 0 0.4546051 0.3470695 0.1983254 0 0.4546051 0.3470695 0.1983254 0 0.4546051 0.3470695 0.1983254 0 0.4546051 0.3470695 0.1983254 0 0.4546051 0.3470695 0.1983254 0 0.4546051 0.3470695 0.1983254 0 0.4546051 0.3470695 0.1983254 0 0.4546051 0.3470695 0.1983254 0 0.4546051 0.3470695 0.1983254 0 0.4546051 0.3470695 0.1983254 0 0.4546051 0.3470695 0.1983254 0 0.4546051 0.3470695 0.1983254 0 0.4546051 0.3470695 0.1983254 0 0.4546051 0.3470695 0.1983254 0 0.4546051 0.3470695 0.1983254 0 0.4546051 0.3470695 0.1983254 0 0.4546051 0.3470695 0.1983254 0 0.4546051 0.3470695 0.1983254 0 0.4546051 0.3470695 0.1983254 0 0.4546051 0.3470695 0.1983254 0 0.4546051 0.3470695 0.1983254 0 0.4546051 0.3470695 0.1983254 0 0.4546051 0.3470695 0.1983254 0 0.4546051 0.3470695 0.1983254 0 0.4546051 0.3470695 0.1983254 0 0.4546051 0.3470695 0.1983254 0 0.4546051 0.3470695 0.1983254 0 0.4546051 0.3470695 0.1983254 0 0.4546051 0.3470695 0.1983254 0 0.4546051 0.3470695 0.1983254 0 0.4546051 0.3470695 0.1983254 0 0.4546051 0.3470695 0.1983254 0 0.4546051 0.3470695 0.1983254 0 0.4546051 0.3470695 0.1983254 0 0.4546051 0.3470695 0.1983254 0 0.4546051 0.3470695 0.1983254 0 0.4546051 0.3470695 0.1983254 0 0.4546051 0.3470695 0.1983254 0 0.4546051 0.3470695 0.1983254 0 0.4546051 0.3470695 0.1983254 0 0.4546051 0.3470695 0.1983254 0 0.4546051 0.3470695 0.1983254 0 0.4546051 0.3470695 0.1983254 0 0.4546051 0.3470695 0.1983254 0 0.4546051 0.3470695 0.1983254 0 0.4546051 0.3470695 0.1983254 0 0.4546051 0.3470695 0.1983254 0 0.4546051 0.3470695 0.1983254 0 0.4546051 0.3470695 0.1983254 0 0.4546051 0.3470695 0.1983254 0 0.4546051 0.3470695 0.1983254 0 0.4546051 0.3470695 0.1983254 0 0.4546051 0.3470695 0.1983254 0 0.4546051 0.3470695 0.1983254 0 0.7505313 0.2483168 0.001151941 0 0.7411186 0.2588814 0 0 0.7509086 0.2490915 0 0 0.7143379 0.2842775 0.00138454 0 0.681994 0.3155137 0.002492312 0 0.6816118 0.316914 0.001474241 0 0.6852115 0.3128047 0.00198377 0 0.7027484 0.2905874 0.0045995 0.002064708 0.7668352 0.2258798 0.004798163 0.002486793 0.6833391 0.3071568 0.007410089 0.002094015 0.8140132 0.1761479 0.007193255 0.002645494 0.6904174 0.2929102 0.00972029 0.006952026 0.8046862 0.1566257 0.02285698 0.01583111 0.6368232 0.3505881 0.01258875 0 0.8938489 0.0543005 0.02781509 0.02403553 0.616502 0.3666503 0.01684781 0 0.8958826 0.08325611 0.01071429 0.01014701 0.5661966 0.4142589 0.01954457 0 0.8456581 0.09394561 0.03134984 0.02904651 0.5465143 0.4330465 0.02043926 0 0.8786623 0.08945863 0.02018 0.01169906 0.6819937 0.315514 0.002492288 0 0.6816118 0.316914 0.001474231 0 0.6852115 0.3128047 0.001983759 0 0.7143378 0.2842776 0.001384534 0 0.7505311 0.248317 0.001151932 0 0.7411186 0.2588814 0 0 0.7509086 0.2490914 0 0 0.766835 0.22588 0.004798152 0.002486792 0.7027489 0.2905869 0.004599455 0.002064717 0.8140134 0.1761479 0.007193256 0.002645491 0.683339 0.307157 0.007410072 0.002093973 0.8046862 0.1566257 0.02285699 0.01583111 0.6904184 0.2929094 0.009720178 0.006952069 0.893849 0.05430052 0.02781507 0.02403551 0.6368232 0.350588 0.01258873 0 0.8958826 0.08325611 0.01071429 0.01014701 0.6165025 0.3666497 0.01684773 0 0.8469229 0.08986689 0.03255448 0.0306557 0.5661969 0.4142586 0.0195445 0 0.8786623 0.08945864 0.02018001 0.01169906 0.5465147 0.4330461 0.02043918 0 0.6900272 0.3066164 0.003356434 0 0.6819937 0.315514 0.002492288 0 0.6852115 0.3128047 0.001983759 0 0.6922009 0.3058042 0.001994846 0 0.7061399 0.2909492 0.002910976 0 0.6883124 0.3106324 0.001055182 0 0.6816118 0.316914 0.001474231 0 0.7052535 0.2931617 0.001584819 0 0.7175127 0.2824873 0 0 0.7143378 0.2842776 0.001384534 0 0.7017475 0.2982526 0 0 0.746681 0.253319 0 0 0.7411186 0.2588814 0 0 0.718978 0.281022 0 0 0.7222241 0.2777759 0 0 0.7601478 0.2398522 0 0 0.7509086 0.2490914 0 0 0.7505311 0.248317 0.001151932 0 0.7924387 0.2060277 0.001533544 0 0.734319 0.2656809 0 0 0.7493932 0.2506068 0 0 0.7803665 0.2196335 0 0 0.7338768 0.2645587 0.001564516 0 0.7889647 0.2027906 0.006172106 0.002072692 0.7423137 0.2520365 0.002858533 0.002791301 0.7998448 0.1879632 0.009444924 0.002747117 0.7924387 0.2060277 0.001533544 0 0.766835 0.22588 0.004798152 0.002486792 0.7505311 0.248317 0.001151932 0 0.8140134 0.1761479 0.007193256 0.002645491 0.850363 0.116789 0.02527113 0.007576853 0.8046862 0.1566257 0.02285699 0.01583111 0.8196944 0.1642757 0.01149532 0.004534563 0.6968263 0.2965874 0.005167224 0.001419101 0.6900272 0.3066164 0.003356434 0 0.8155063 0.1027395 0.04921827 0.0325359 0.7458053 0.2478933 0.0032594 0.003041905 0.679114 0.3136364 0.00603363 0.001216041 0.6819937 0.315514 0.002492288 0 0.7027489 0.2905869 0.004599455 0.002064717 0.7997161 0.1154262 0.08145095 0.003406832 0.893849 0.05430052 0.02781507 0.02403551 0.7945216 0.148065 0.03263466 0.02477869 0.6610252 0.3290086 0.008892151 0.001074077 0.6280859 0.3608771 0.01103709 0 0.683339 0.307157 0.007410072 0.002093973 0.7487295 0.1342222 0.1146244 0.002423854 0.8958826 0.08325611 0.01071429 0.01014701 0.7314212 0.2518377 0.009731228 0.007009821 0.7701666 0.1201973 0.05729188 0.05234423 0.6615549 0.3222562 0.01271598 0.003472877 0.6286207 0.3533065 0.01525563 0.002817109 0.6904184 0.2929094 0.009720178 0.006952069 0.6368232 0.350588 0.01258873 0 0.7434142 0.1222641 0.1204003 0.01392147 0.8469229 0.08986689 0.03255448 0.0306557 0.8786623 0.08945864 0.02018001 0.01169906 0.7364741 0.1062997 0.07962023 0.07760601 0.7223892 0.2776108 0 0 0.5665965 0.4126397 0.02076383 0 0.5346253 0.4378587 0.02751606 0 0.6165025 0.3666497 0.01684773 0 0.696093 0.303907 0 0 0.7534783 0.0957872 0.07801808 0.0727164 0.8084227 0.1081223 0.07459333 0.008861694 0.5098021 0.4666634 0.0235345 0 0.5225915 0.4450186 0.03238995 0 0.5661969 0.4142586 0.0195445 0 0.8642134 0.08674902 0.04614948 0.002888127 0.9099447 0.0750101 0.01027711 0.004768162 0.9119131 0.08808688 0 0 0.6823999 0.3176001 0 0 0.6981773 0.3018227 0 0 0.4942845 0.4797231 0.02599238 0 0.4880943 0.4772972 0.03460853 0 0.5465147 0.4330461 0.02043918 0 0.8079865 0.07255941 0.07114852 0.0483056 0.5078889 0.4626497 0.02946141 0 0.4903709 0.4750972 0.03453189 0 0.5725817 0.4053816 0.02203668 0 0.8673528 0.06390987 0.03908566 0.02965159 0.4983908 0.4644422 0.03716701 0 0.6045785 0.3682556 0.02716593 0 0.4843942 0.4814194 0.0341864 0 0.534354 0.4233657 0.04228029 0 0.5929195 0.3748801 0.03220041 0 0.9387226 0.0476461 0.01363134 0 0.9796804 0.02031958 0 0 1 0 0 0 0.5895594 0.3935034 0.01693721 0 0.5190285 0.4408473 0.04012411 0 0.5072637 0.4397902 0.0529461 0 0.5636726 0.3998267 0.03650071 0 0.920377 0.05019878 0.0294242 0 0.8875802 0.1124199 0 0 0.9799054 0.01481733 0.005277294 0 0.8327669 0.1672331 0 0 0.7030357 0.2969643 0 0 0.7385893 0.2572941 0.004116508 0 0.5400279 0.4157512 0.044221 0 0.9658117 0.03418832 0 0 1 0 0 0 0.9782724 0.01552709 0.006200559 0 1 0 0 0 1 0 0 0 0.9683549 0.03164512 0 0 0.978391 0.02160899 0 0 0.9658117 0.03418832 0 0 1 0 0 0 0.9796804 0.02031958 0 0 0.9119131 0.08808688 0 0 0.9860177 0.009992097 0.003990225 0 0.9683549 0.03164512 0 0 1 0 0 0 0.9799054 0.01481733 0.005277298 0 0.9387226 0.0476461 0.01363134 0 0.920377 0.05019878 0.0294242 0 0.8875799 0.1124201 0 0 0.978391 0.02160899 0 0 0.8673528 0.06390987 0.03908566 0.02965159 0.8642134 0.08674902 0.04614948 0.002888127 0.9099447 0.0750101 0.01027711 0.004768162 0.8786623 0.08945863 0.02018 0.01169906 1 0 0 0 1 0 0 0 1 0 0 0 1 0 0 0 1 0 0 0 0.9895653 0.01043475 0 0 1 0 0 0 0.9895653 0.01043475 0 0 0.9775272 0.02247282 0 0 0.8755769 0.1244231 0 0 1 0 0 0 0.9775272 0.02247282 0 0 0.875577 0.124423 0 0 1 0 0 0 0.7396291 0.2564191 0.003951853 0 1 0 0 0 0.8323267 0.1676733 0 0 0.6205618 0.3530068 0.02643136 0 0.7196689 0.2734664 0.006864708 0 0.6078098 0.3705461 0.0216442 0 0.6106822 0.362615 0.02670282 0 0.5263671 0.4278854 0.0457475 0 0.6574764 0.3205871 0.02193651 0 0.8148375 0.1851625 0 0 0.5222027 0.4310105 0.04678677 0 0.6124705 0.3571405 0.03038899 0 0.5692918 0.3918686 0.03883965 0 0.5681714 0.392287 0.03954168 0 0.6504589 0.2951188 0.03512227 0.01930008 0.5944634 0.3384441 0.04002247 0.02707005 0.5261279 0.2526884 0.2129964 0.008187293 0.6105311 0.3319433 0.03142017 0.02610549 0.7203201 0.247719 0.01989262 0.01206822 0.5850565 0.2148459 0.1974112 0.00268641 0.8881497 0.1118502 0 0 0.5275803 0.293555 0.1646247 0.01423997 0.5200199 0.2931234 0.1729295 0.01392714 0.3548045 0.3260558 0.3077388 0.01140091 0.3488124 0.3461756 0.2978421 0.00716991 0.3858353 0.3274724 0.2793304 0.007361896 0.3632349 0.32724 0.297524 0.01200111 0.9643519 0.03564811 0 0 0.8430406 0.08492853 0.07203091 0 0.9095091 0.09049094 0 0 1 0 0 0 1 0 0 0 1 0 0 0 1 0 0 0 0.9759837 0.01689061 0.007125673 0 1 0 0 0 0.9146963 0.08530375 0 0 1 0 0 0 0.9472179 0.05278213 0 0 1 0 0 0 1 0 0 0 0.9095091 0.09049094 0 0 1 0 0 0 0.9146963 0.08530375 0 0 0.9660457 0.03395431 0 0 0.8323269 0.1676731 0 0 0.739629 0.2564192 0.00395187 0 0.7871072 0.2128928 0 0 0.790219 0.209781 0 0 0.7910754 0.199649 0.009275563 0 0.7023708 0.2317892 0.06583994 0 0.5074018 0.3241803 0.168418 0 0.3994473 0.3446351 0.2538553 0.002062158 0.7927341 0.1990675 0.008198314 0 0.6890943 0.2451845 0.06459855 0.001122632 0.4996644 0.3339959 0.1663397 0 0.7826103 0.2173897 0 0 0.4058535 0.3416401 0.2508076 0.00169882 0.4175999 0.3089263 0.2683329 0.005140875 0.4460737 0.3087284 0.2404329 0.004765002 0.459642 0.3451827 0.189959 0.005216327 0.5958672 0.2106339 0.183398 0.01010073 0.5519625 0.2849837 0.1513886 0.01166526 0.3787351 0.3329685 0.2799804 0.00831597 0.3732477 0.3368536 0.2812295 0.008669232 0.4265853 0.3589729 0.206983 0.007458752 0.4206816 0.3609177 0.2108026 0.007598148 0.4354658 0.3477692 0.2105164 0.006248584 0.4461436 0.3401529 0.2082831 0.00542037 0.4463692 0.3652723 0.1826349 0.005723675 0.4472982 0.3655322 0.1815199 0.005649666 0.4560351 0.3662797 0.1723292 0.005356022 0.4614618 0.3683594 0.1658879 0.004290865 0.4636693 0.3628373 0.1693793 0.004114127 0.4732034 0.36 0.1632165 0.003580161 0.5265439 0.3000543 0.1713954 0.002006497 0.5248038 0.3012205 0.1719366 0.00203907 0.5840805 0.2408744 0.1750451 0 0.5337235 0.2955616 0.1690188 0.001696055 0.5861862 0.2350758 0.178738 0 0.6341988 0.1813901 0.163754 0.02065708 0.5841365 0.2355183 0.1803452 0 0.550735 0.2869224 0.1611362 0.001206477 0.5274454 0.3151898 0.1554415 0.001923376 0.6381228 0.1729492 0.1592727 0.02965531 0.7029243 0.1222437 0.1154794 0.05935252 0.6385895 0.1728206 0.1584632 0.03012663 0.591036 0.2500158 0.1589482 0 0.6957168 0.1348328 0.1034673 0.0659832 0.7020273 0.1320253 0.1111161 0.05483136 0.6957833 0.1346583 0.103639 0.06591955 0.678815 0.209804 0.08861277 0.02276823 0.6047939 0.356649 0.03855708 0 0.4807006 0.3476642 0.1677623 0.003872951 0.6065841 0.246129 0.1472869 0 0.6583976 0.1676304 0.1396658 0.03430616 0.6171246 0.2150445 0.1517636 0.01606732 0.649892 0.1707572 0.1514096 0.02794118 0.6780031 0.2123724 0.08774607 0.02187842 0.7040708 0.1258112 0.1107651 0.05935282 0.4818869 0.3599295 0.1544082 0.003775439 0.5017608 0.3437884 0.1518577 0.002593067 0.4919922 0.3567688 0.1483494 0.002889544 0.5461028 0.3040338 0.1498633 0 0.5612564 0.2938618 0.1448818 0 0.6103469 0.2010093 0.1772026 0.01144122 0.5896491 0.2627104 0.1476406 0 0.588925 0.2628229 0.148252 0 0.61397 0.2194693 0.1519568 0.01460395 0.6216871 0.1822526 0.1783601 0.01770022 0.6007493 0.2130781 0.173378 0.01279473 0.6417491 0.1650106 0.1618065 0.03143365 0.6320191 0.1949733 0.1441722 0.0288354 0.555524 0.2858221 0.145427 0.01322687 0.6597601 0.1558903 0.1406586 0.04369115 0.5016435 0.3830473 0.1039956 0.01131353 0.4900676 0.4457012 0.05286951 0.01136169 0.5064967 0.3802032 0.1011052 0.01219495 0.5764027 0.411282 0.01231529 0 0.6069815 0.2495338 0.1127672 0.03071748 0.4852531 0.4509348 0.05195329 0.0118589 0.6047674 0.386352 0.008880567 0 0.5762597 0.4114259 0.01231433 0 0.5350085 0.398544 0.04147413 0.02497328 0.5703348 0.3236036 0.07862765 0.02743392 0.5102174 0.4612527 0.02853 0 0.6346563 0.1912709 0.1433572 0.03071562 0.611475 0.2453733 0.1103855 0.03276621 0.5759584 0.3180166 0.0765521 0.02947289 0.5424463 0.3910722 0.03931127 0.02717032 0.644823 0.1633405 0.1579207 0.03391581 0.6826266 0.1264264 0.1070047 0.08394232 0.6590297 0.1567382 0.14106 0.04317207 0.6725435 0.1393781 0.1330468 0.05503151 0.6718371 0.1409266 0.1334793 0.05375695 0.6883227 0.121123 0.1113529 0.07920136 0.6877083 0.1214867 0.1127362 0.07806876 0.6992924 0.1208461 0.1036793 0.07618225 0.7060928 0.1262216 0.1022183 0.06546727 0.6998166 0.1204789 0.1034914 0.076213 0.6867925 0.1788639 0.0855412 0.04880244 0.6837675 0.2104026 0.07982633 0.02600353 0.6838741 0.1704863 0.1042799 0.04135965 0.6874676 0.1758376 0.08647159 0.0502232 0.6596444 0.2821455 0.05513657 0.00307358 0.5530555 0.419998 0.02694655 0 0.6798238 0.1509536 0.1260864 0.04313622 0.6815182 0.1817072 0.1001928 0.0365818 0.6536857 0.2852422 0.05285053 0.008221528 0.5933108 0.3717932 0.03489587 0 0.5433211 0.4323609 0.02431806 0 0.5307374 0.4499176 0.01934494 0 0.6616562 0.2072039 0.09655288 0.03458703 0.5257 0.4555844 0.01871559 0 0.5710174 0.4019777 0.02700488 0 0.5310796 0.4493718 0.01954863 0 0.6451257 0.352671 0.00220326 0 0.5067842 0.4816733 0.01154247 0 0.6806092 0.1458962 0.1342222 0.03927247 0.6448831 0.2473839 0.09362908 0.01410389 0.5398909 0.4514583 0.008650722 0 0.632919 0.3648569 0.002224145 0 0.5892255 0.405491 0.005283406 0 0.6157807 0.3818281 0.002391261 0 0.6648184 0.1965154 0.1067589 0.03190739 0.6335771 0.364202 0.002220886 0 0.6150271 0.3825681 0.002404791 0 0.6441917 0.3540702 0.001738119 0 0.6177577 0.3799129 0.002329451 0 0.645687 0.3526167 0.001696254 0 0.6448812 0.3532297 0.001889168 0 0.6313492 0.3665707 0.002080136 0 0.6428757 0.3551871 0.001937094 0 0.6736316 0.308753 0.01416119 0.003454217 0.6204657 0.3767762 0.002758116 0 0.6416814 0.3561645 0.002154144 0 0.6598038 0.3200845 0.01572701 0.004384729 0.6143454 0.3823697 0.003284892 0 0.6457003 0.352123 0.002176735 0 0.6473107 0.3268768 0.02077217 0.005040341 0.6176744 0.3788036 0.003522115 0 0.6537057 0.3444416 0.001852679 0 0.6301615 0.3358908 0.02824828 0.005699403 0.6453556 0.3525908 0.002053521 0 0.6572064 0.3399798 0.001621851 0.001191971 0.559012 0.435236 0.005752032 0 0.6537113 0.3432922 0.001700699 0.001295806 0.5239784 0.4528848 0.02313683 0 0.5184793 0.4583496 0.02317109 0 0.5043645 0.473587 0.02204852 0 0.5033163 0.4854048 0.0112788 0 0.5019303 0.4829213 0.01514834 0 0.5277159 0.464556 0.007728122 0 0.5514163 0.4429836 0.005600099 0 0.5092797 0.4803795 0.01034084 0 0.4938262 0.4931541 0.01301969 0 0.5302801 0.4506895 0.01903044 0 0.5523247 0.4262846 0.02139068 0 0.5031202 0.4876283 0.009251473 0 0.5051249 0.4792785 0.01559656 0 0.5215009 0.470355 0.008144043 0 0.5585663 0.4188154 0.02261838 0 0.5455563 0.4484746 0.005969099 0 0.5053078 0.4855772 0.009115013 0 0.5116705 0.4753403 0.01298921 0 0.5890652 0.3811936 0.02974115 0 0.5158419 0.4704703 0.01368779 0 0.6306466 0.3273328 0.0420205 0 0.5870419 0.3838118 0.02914629 0 0.6284317 0.3301992 0.04136911 0 0.642948 0.2927259 0.05860671 0.005719522 0.644084 0.291158 0.05871966 0.006038288 0.6645202 0.2243712 0.09759575 0.01351278 0.6609637 0.2358118 0.09211827 0.01110626 0.6630885 0.1859865 0.1363456 0.01457932 0.6599243 0.1988906 0.1283718 0.0128133 0.6587868 0.174481 0.1619722 0.004759944 0.5334914 0.4407616 0.02574708 0 0.6559191 0.1868061 0.1536388 0.003636036 0.5271462 0.446678 0.02617592 0 0.6452928 0.2465657 0.09482137 0.0133201 0.6458513 0.1925453 0.1616033 0 0.5066662 0.4707209 0.0226129 0 0.6445872 0.1977951 0.1576177 0 0.6343914 0.274425 0.09118365 0 0.5001561 0.488263 0.01158091 0 0.630294 0.2838514 0.08585465 0 0.6161801 0.3199221 0.06389776 0 0.6321799 0.2554827 0.1123374 0 0.5097718 0.4617803 0.02844795 0 0.6147622 0.3175917 0.06764606 0 0.6145884 0.3179223 0.06748935 0 0.6450089 0.1804289 0.1745622 0 0.6439564 0.1809657 0.1750779 0 0.5101391 0.4666243 0.02323666 0 0.5095837 0.4673356 0.02308065 0 0.619159 0.3007746 0.08006638 0 0.5296485 0.4609276 0.009423925 0 0.5318749 0.4589801 0.009144947 0 0.6191357 0.3013232 0.07954109 0 0.6029127 0.3880756 0.00901167 0 0.5627677 0.4257852 0.01144714 0 0.5619726 0.4265415 0.01148585 0 0.7926552 0.2073449 0 0 0.6410426 0.3559197 0.001824158 0.001213592 0.6564354 0.3407565 0.00150875 0.001299378 0.640892 0.3560613 0.001820994 0.001225755 0.6558659 0.3412537 0.001550392 0.001330037 0.6547968 0.3422577 0.001606452 0.001339078 0.5593838 0.4348801 0.005736094 0 0.640892 0.3560613 0.001820994 0.001225755 0.6572064 0.3399798 0.001621851 0.001191971 0.6304255 0.335752 0.02813322 0.005689259 0.8191434 0.1808567 0 0 0.790219 0.209781 0 0 0.8140278 0.1859722 0 0 0.5989763 0.3905237 0.01050001 0 0.7926552 0.2073449 0 0 0.7871072 0.2128928 0 0 0.6410426 0.3559197 0.001824158 0.001213592 0.9472179 0.05278213 0 0 0.5627677 0.4257852 0.01144714 0 0.7826103 0.2173897 0 0 0.7910754 0.199649 0.009275563 0 0.9759837 0.01689061 0.007125673 0 0.6001641 0.3894822 0.01035368 0 0.9643519 0.03564811 0 0 0.814837 0.185163 0 0 0.7196689 0.2734663 0.006864697 0 0.6047674 0.386352 0.008880567 0 0.7927341 0.1990675 0.008198314 0 0.5619726 0.4265415 0.01148585 0 0.7023708 0.2317893 0.06583994 0 0.8430405 0.08492852 0.07203093 0 0.8881494 0.1118506 0 0 0.5850567 0.2148453 0.1974115 0.002686459 0.5074018 0.3241802 0.1684179 0 0.6890943 0.2451845 0.06459855 0.001122632 0.5764027 0.411282 0.01231529 0 0.6574757 0.3205877 0.02193661 0 0.7203199 0.2477193 0.01989255 0.01206825 0.6029127 0.3880756 0.00901167 0 0.4996645 0.3339958 0.1663396 0 0.490068 0.4457008 0.05286955 0.01136167 0.5762597 0.4114259 0.01231433 0 0.3994466 0.3446355 0.2538556 0.002062211 0.5101391 0.4666243 0.02323666 0 0.4852531 0.4509348 0.05195327 0.0118589 0.5016435 0.3830473 0.1039956 0.01131353 0.5102174 0.4612527 0.02853 0 0.5519618 0.2849839 0.151389 0.01166521 0.5064967 0.3802032 0.1011052 0.01219495 0.4058533 0.3416404 0.2508075 0.001698817 0.5350085 0.398544 0.04147414 0.02497327 0.3632362 0.3272398 0.2975229 0.01200113 0.4175992 0.3089268 0.2683331 0.005140936 0.5958666 0.2106341 0.1833986 0.01010069 0.555524 0.2858221 0.145427 0.01322687 0.4460736 0.3087283 0.2404332 0.004764994 0.459642 0.3451825 0.1899592 0.005216325 0.4461432 0.3401533 0.2082832 0.005420412 0.5097718 0.4617803 0.02844795 0 0.5095837 0.4673356 0.02308065 0 0.5703346 0.3236039 0.07862775 0.02743385 0.6069813 0.249534 0.1127674 0.0307174 0.5424463 0.3910722 0.03931127 0.02717032 0.5759584 0.3180166 0.0765521 0.02947289 0.6007492 0.2130782 0.173378 0.01279473 0.6320191 0.1949733 0.1441723 0.02883537 0.6103462 0.20101 0.1772027 0.01144117 0.611475 0.2453733 0.1103855 0.03276621 0.6216869 0.1822527 0.1783602 0.01770019 0.6343914 0.274425 0.09118365 0 0.6448831 0.247384 0.09362908 0.01410389 0.6616562 0.2072039 0.09655288 0.03458703 0.6147622 0.3175917 0.06764606 0 0.6346563 0.1912709 0.1433572 0.03071562 0.641749 0.1650108 0.1618067 0.03143352 0.6171243 0.215045 0.1517636 0.01606715 0.6139695 0.21947 0.1519569 0.01460363 0.5889242 0.2628236 0.1482522 0 0.5461021 0.3040345 0.1498633 0 0.6798236 0.1509538 0.1260862 0.04313637 0.5896485 0.2627109 0.1476406 0 0.5612551 0.2938629 0.1448819 0 0.5017601 0.343789 0.1518579 0.002593113 0.6065838 0.2461293 0.1472869 0 0.6583973 0.167631 0.1396659 0.03430593 0.6597596 0.1558908 0.1406587 0.04369088 0.644823 0.1633406 0.1579206 0.03391581 0.6826265 0.1264264 0.1070049 0.08394217 0.6590297 0.1567383 0.14106 0.04317205 0.671837 0.1409267 0.1334794 0.05375687 0.6725434 0.1393782 0.1330469 0.05503141 0.6877082 0.1214868 0.1127365 0.07806854 0.6838741 0.1704863 0.1042799 0.04135966 0.6883226 0.1211231 0.1113532 0.07920113 0.6998166 0.1204789 0.1034914 0.076213 0.6992923 0.1208457 0.1036794 0.07618252 0.6867925 0.1788635 0.08554135 0.04880266 0.6874676 0.1758376 0.08647159 0.0502232 0.6815182 0.1817072 0.1001928 0.03658179 0.6806092 0.1458962 0.1342222 0.03927248 0.7060928 0.1262216 0.1022183 0.06546727 0.6648184 0.1965154 0.1067589 0.03190739 0.6452928 0.2465657 0.09482137 0.0133201 0.630294 0.2838514 0.08585465 0 0.6145884 0.3179223 0.06748935 0 0.6630885 0.1859865 0.1363456 0.01457932 0.6587868 0.174481 0.1619722 0.004759944 0.6458513 0.1925453 0.1616033 0 0.6161801 0.3199221 0.06389776 0 0.6645202 0.2243713 0.09759574 0.01351277 0.6191357 0.3013232 0.07954109 0 0.6450089 0.1804289 0.1745622 0 0.619159 0.3007746 0.08006638 0 0.6115857 0.2838905 0.1045237 0 0.4973623 0.4836497 0.01898795 0 0.5038382 0.4782474 0.01791448 0 0.5196591 0.4480002 0.0323407 0 0.5605836 0.3804371 0.05897929 0 0.5038382 0.4782474 0.01791448 0 0.4973623 0.4836497 0.01898795 0 0.6115631 0.2836678 0.1047691 0 0.6114811 0.282859 0.10566 0 0.6114568 0.2826197 0.1059236 0 0.6439564 0.1809657 0.1750779 0 0.5047972 0.4757444 0.01945844 0 0.5026743 0.4784867 0.01883903 0 0.5296485 0.4609276 0.009423925 0 0.5318749 0.4589801 0.009144947 0 0.6321799 0.2554827 0.1123374 0 0.5001561 0.488263 0.01158091 0 0.6537113 0.3432922 0.001700699 0.001295806 0.6445872 0.1977951 0.1576177 0 0.5066662 0.4707209 0.0226129 0 0.5033163 0.4854048 0.0112788 0 0.6537057 0.3444416 0.001852679 0 0.6485308 0.3262134 0.02027948 0.004976316 0.6559191 0.1868061 0.1536388 0.003636036 0.6453556 0.3525908 0.002053521 0 0.6457003 0.352123 0.002176735 0 0.6607399 0.3193173 0.01562101 0.004321735 0.5271462 0.446678 0.02617592 0 0.5043645 0.473587 0.02204852 0 0.6599243 0.1988906 0.1283718 0.0128133 0.6416814 0.3561645 0.002154144 0 0.6714275 0.3121578 0.01308033 0.003334359 0.6176744 0.3788036 0.003522115 0 0.5334914 0.4407616 0.02574708 0 0.5184793 0.4583496 0.02317109 0 0.6428757 0.3551871 0.001937094 0 0.6450288 0.3530758 0.001895373 0 0.6143454 0.3823697 0.003284892 0 0.5239784 0.4528848 0.02313683 0 0.5051249 0.4792785 0.01559656 0 0.645687 0.3526167 0.001696254 0 0.6531579 0.3351374 0.009059983 0.002644759 0.6204657 0.3767762 0.002758116 0 0.6150271 0.3825681 0.002404791 0 0.6142798 0.3831611 0.00255903 0 0.5019303 0.4829213 0.01514834 0 0.6313492 0.3665707 0.002080136 0 0.632919 0.3648569 0.002224145 0 0.5982029 0.3974915 0.004305676 0 0.5067842 0.4816733 0.01154247 0 0.6177577 0.3799129 0.002329451 0 0.5383092 0.45454 0.007150786 0 0.6451257 0.352671 0.00220326 0 0.5307374 0.4499176 0.01934494 0 0.6335771 0.364202 0.002220886 0 0.5215009 0.470355 0.008144043 0 0.5585663 0.4188154 0.02261838 0 0.6609637 0.2358118 0.09211827 0.01110626 0.5514163 0.4429836 0.005600099 0 0.5455563 0.4484746 0.005969099 0 0.6429479 0.2927258 0.05860671 0.005719522 0.644084 0.291158 0.05871966 0.006038289 0.6306466 0.3273328 0.0420205 0 0.5053078 0.4855772 0.009115013 0 0.6284317 0.3301992 0.04136911 0 0.6536857 0.2852422 0.05285053 0.008221528 0.5890652 0.3811936 0.02974115 0 0.5870419 0.3838118 0.02914629 0 0.5158419 0.4704703 0.01368779 0 0.5031202 0.4876283 0.009251473 0 0.5116705 0.4753403 0.01298921 0 0.5523247 0.4262846 0.02139068 0 0.5092797 0.4803795 0.01034084 0 0.6596444 0.2821455 0.05513657 0.00307358 0.5710174 0.4019777 0.02700488 0 0.5398909 0.4514583 0.008650722 0 0.4938262 0.4931541 0.01301969 0 0.5310796 0.4493718 0.01954863 0 0.5257 0.4555844 0.01871559 0 0.5433211 0.4323609 0.02431806 0 0.6047939 0.356649 0.03855708 0 0.5302801 0.4506895 0.01903044 0 0.5933108 0.3717932 0.03489587 0 0.678815 0.209804 0.08861277 0.02276823 0.7020273 0.1320252 0.1111161 0.05483137 0.5530555 0.419998 0.02694655 0 0.6837675 0.2104026 0.07982633 0.02600353 0.6957168 0.1348328 0.1034673 0.06598319 0.7029243 0.1222437 0.1154794 0.05935252 0.6780031 0.2123724 0.08774607 0.02187842 0.7040707 0.1258109 0.1107653 0.0593532 0.6381224 0.1729493 0.1592732 0.02965512 0.6341984 0.1813905 0.1637541 0.02065692 0.6957831 0.1346583 0.1036388 0.06591979 0.6498916 0.1707578 0.1514096 0.02794099 0.5861858 0.2350763 0.178738 0 0.5840799 0.240875 0.1750451 0 0.6385892 0.1728206 0.1584637 0.03012644 0.5910355 0.2500162 0.1589482 0 0.5265431 0.3000551 0.1713953 0.002006523 0.5248026 0.3012217 0.1719366 0.00203911 0.4636692 0.3628374 0.1693793 0.004114141 0.5841363 0.2355186 0.180345 0 0.5507345 0.2869228 0.1611362 0.001206492 0.4614617 0.3683594 0.1658881 0.004290876 0.4472982 0.3655322 0.18152 0.005649669 0.5337228 0.2955623 0.1690188 0.00169608 0.5274441 0.3151907 0.1554417 0.001923416 0.4732033 0.36 0.1632166 0.003580173 0.4463691 0.3652723 0.182635 0.005723684 0.4354655 0.3477695 0.2105163 0.006248611 0.4560349 0.3662797 0.1723294 0.005356036 0.4206814 0.3609175 0.2108029 0.007598152 0.3858351 0.3274726 0.2793304 0.007361922 0.4919918 0.3567685 0.1483501 0.002889581 0.4807 0.3476645 0.1677625 0.003872988 0.4818867 0.3599294 0.1544084 0.003775447 0.4265851 0.3589727 0.2069834 0.007458757 0.3732478 0.3368536 0.2812294 0.008669227 0.3787351 0.3329685 0.2799804 0.00831597 0.3548059 0.3260556 0.3077376 0.01140094 0.3488114 0.3461764 0.2978423 0.007169963 0.5261282 0.2526887 0.2129958 0.00818735 0.5200206 0.2931238 0.1729284 0.01392725 0.527581 0.2935553 0.1646237 0.01424006 0.5944634 0.3384444 0.04002204 0.02707014 0.6504582 0.2951196 0.03512206 0.01930023 0.6105308 0.3319438 0.03141991 0.0261056 0.568171 0.3922873 0.03954173 0 0.6124695 0.3571413 0.03038917 0 0.5692914 0.3918689 0.03883971 0 0.5222027 0.4310105 0.04678682 0 0.5636721 0.3998271 0.03650087 0 0.5263674 0.4278852 0.04574749 0 0.5072651 0.4397893 0.0529457 0 0.5929188 0.3748806 0.03220052 0 0.6106822 0.362615 0.02670281 0 0.534353 0.4233669 0.04228014 0 0.6045772 0.3682567 0.02716605 0 0.5400276 0.4157514 0.04422096 0 0.6205617 0.353007 0.02643134 0 0.4983897 0.4644434 0.03716684 0 0.5725808 0.4053824 0.02203679 0 0.5190279 0.4408481 0.04012401 0 0.7385893 0.2572942 0.004116518 0 0.4903719 0.4750965 0.03453156 0 0.5465143 0.4330465 0.02043926 0 0.6078095 0.3705463 0.02164415 0 0.4843944 0.4814193 0.03418636 0 0.4880937 0.4772984 0.03460796 0 0.5661966 0.4142589 0.01954457 0 0.5895594 0.3935035 0.01693722 0 0.5078889 0.4626497 0.02946141 0 0.6981773 0.3018227 0 0 0.4942845 0.4797231 0.02599238 0 0.5225904 0.4450202 0.03238941 0 0.616502 0.3666503 0.01684781 0 0.7030357 0.2969643 0 0 0.8327669 0.1672331 0 0 0.5346263 0.437858 0.02751572 0 0.6368232 0.3505881 0.01258875 0 0.5098019 0.4666636 0.02353451 0 0.6286209 0.3533064 0.01525562 0.002817095 0.6904174 0.2929102 0.00972029 0.006952026 0.6833391 0.3071568 0.007410089 0.002094015 0.6823999 0.3176001 0 0 0.8079865 0.07255941 0.07114852 0.0483056 0.5665961 0.41264 0.02076385 0 0.6280868 0.3608761 0.01103707 0 0.7027484 0.2905874 0.0045995 0.002064708 0.696093 0.3039071 0 0 0.7534783 0.0957872 0.07801808 0.0727164 0.8084227 0.1081223 0.07459332 0.00886169 0.7434141 0.1222641 0.1204003 0.01392148 0.8456581 0.09394561 0.03134984 0.02904651 0.8958826 0.08325611 0.01071429 0.01014701 0.7364741 0.1062997 0.07962023 0.077606 0.7487295 0.1342222 0.1146244 0.002423854 0.8938489 0.0543005 0.02781509 0.02403553 0.722389 0.2776109 0 0 0.7701666 0.1201973 0.05729188 0.05234423 0.7997161 0.1154262 0.08145095 0.003406832 0.8046862 0.1566257 0.02285698 0.01583111 0.6615542 0.322257 0.01271605 0.00347285 0.7314211 0.2518379 0.009731178 0.007009785 0.7945215 0.1480651 0.03263463 0.02477867 0.815506 0.1027397 0.04921829 0.03253598 0.6610251 0.3290087 0.008892172 0.001074083 0.8503624 0.1167897 0.025271 0.007576886 0.8140132 0.1761479 0.007193255 0.002645494 0.7458053 0.2478934 0.003259401 0.003041914 0.8196945 0.1642756 0.01149537 0.004534596 0.6791139 0.3136364 0.006033659 0.001216042 0.681994 0.3155137 0.002492312 0 0.6900271 0.3066165 0.003356458 0 0.6968259 0.2965878 0.005167266 0.001419097 0.7061398 0.2909493 0.002911001 0 0.7423138 0.2520364 0.002858534 0.002791303 0.7998448 0.1879631 0.009444945 0.002747128 0.7668352 0.2258798 0.004798163 0.002486793 0.7889647 0.2027904 0.00617214 0.002072702 0.7924385 0.206028 0.001533531 0 0.7505313 0.2483168 0.001151941 0 0.7803666 0.2196334 0 0 0.7338769 0.2645586 0.001564524 0 0.7493934 0.2506066 0 0 0.7924385 0.206028 0.001533531 0 0.7601479 0.2398521 0 0 0.7505313 0.2483168 0.001151941 0 0.7509086 0.2490915 0 0 0.7411186 0.2588814 0 0 0.746681 0.253319 0 0 0.7143379 0.2842775 0.00138454 0 0.734319 0.265681 0 0 0.7222242 0.2777758 0 0 0.7052537 0.2931616 0.001584834 0 0.7175125 0.2824874 0 0 0.6816118 0.316914 0.001474241 0 0.718978 0.281022 0 0 0.7017477 0.2982523 0 0 0.688313 0.3106319 0.001055172 0 0.6852115 0.3128047 0.00198377 0 0.6922008 0.3058043 0.001994858 0 0.6900271 0.3066165 0.003356458 0 0.681994 0.3155137 0.002492312 0 0.8813019 0.1186981 0 0 0.8860989 0.1139011 0 0 0.8915631 0.1084369 0 0 0.8251801 0.17482 0 0 0.8180836 0.1819164 0 0 0.7542682 0.2457318 0 0 0.7962357 0.2037643 0 0 0.6530403 0.3469597 0 0 0.7315454 0.2684546 0 0 0.6227282 0.3772718 0 0 0.5872361 0.4127639 0 0 0.6092508 0.3907492 0 0 0.9772197 0.02278029 0 0 0.9772974 0.02270258 0 0 0.9772974 0.0227026 0 0 0.9772193 0.02278063 0 0 0.9592687 0.04073128 0 0 0.9562294 0.04377056 0 0 0.82549 0.17451 0 0 0.8532136 0.1467864 0 0 0.8066432 0.1933568 0 0 0.8341185 0.1658815 0 0 0.7747762 0.2252239 0 0 0.8102832 0.1897168 0 0 0.7592576 0.2407425 0 0 0.7688748 0.2311253 0 0 0.7502832 0.2497168 0 0 0.7640051 0.235995 0 0 0.7460518 0.2539482 0 0 0.7569838 0.2430162 0 0 0.7463453 0.2536547 0 0 0.7544594 0.2455406 0 0 0.7534209 0.2465791 0 0 0.7624522 0.2375478 0 0 0.7856031 0.2143969 0 0 0.7788996 0.2211005 0 0 0.8017385 0.1982615 0 0 0.791774 0.208226 0 0 0.8220316 0.1779684 0 0 0.8170779 0.1829221 0 0 0.8492368 0.1507632 0 0 0.8295938 0.1704062 0 0 0.86084 0.1391601 0 0 0.8509699 0.1490301 0 0 0.8931816 0.1068184 0 0 0.8813019 0.1186981 0 0 0.911289 0.08871096 0 0 0.8915631 0.1084369 0 0 0.8251801 0.17482 0 0 0.9161295 0.08387046 0 0 0.7255816 0.2744184 0 0 0.7542682 0.2457318 0 0 0.6922005 0.3077995 0 0 0.6467451 0.3532549 0 0 0.5601862 0.4398138 0 0 0.6530403 0.3469597 0 0 0.5872361 0.4127639 0 0 0.5136257 0.4863743 0 0 0.896791 0.103209 0 0 0.9179604 0.08203958 0 0 0.6292956 0.3707043 0 0 0.5181992 0.4818008 0 0 0.9036511 0.09634892 0 0 0.9172899 0.08271007 0 0 0.624775 0.375225 0 0 0.5281977 0.4718023 0 0 0.9112809 0.08871909 0 0 0.9281666 0.07183335 0 0 0.6133878 0.3866123 0 0 0.5022861 0.4977139 0 0 0.9177291 0.08227094 0 0 0.9292349 0.07076515 0 0 0.6357874 0.3642126 0 0 0.5741404 0.4258595 0 0 0.9152663 0.08473375 0 0 0.9155811 0.08441892 0 0 0.9127763 0.08722371 0 0 0.9131576 0.08684237 0 0 0.9090972 0.09090278 0 0 0.6790487 0.3209513 0 0 0.5461138 0.4538861 0 0 0.6590945 0.3409056 0 0 0.5021837 0.4978163 0 0 0.6672612 0.3327388 0 0 0.5172949 0.4827051 0 0 0.6999354 0.3000646 0 0 0.5549496 0.4450504 0 0 0.7341556 0.2658444 0 0 0.5872403 0.4127597 0 0 0.7631881 0.236812 0 0 0.6260026 0.3739974 0 0 0.7343968 0.2656032 0 0 0.6413547 0.3586453 0 0 0.783491 0.216509 0 0 0.6849316 0.3150684 0 0 0.8069315 0.1930685 0 0 0.6451077 0.3548922 0 0 0.7949807 0.2050193 0 0 0.9772974 0.02270258 0 0 0.6392296 0.3607704 0 0 0.6418794 0.3581207 0 0 0.6418794 0.3581207 0 0 0.6422694 0.3577306 0 0 0.5845536 0.4154464 0 0 0.6459336 0.3540663 0 0 0.6341013 0.3658987 0 0 0.6007904 0.3992096 0 0 0.5552868 0.4447132 0 0 0.5367408 0.4632592 0 0 0.509303 0.490697 0 0 0.5548314 0.4451686 0 0 0.5877365 0.4122635 0 0 0.5101379 0.4898621 0 0 0.5327381 0.4672619 0 0 0.5401545 0.4598455 0 0 0.5263411 0.4736588 0 0 0.5071573 0.4928427 0 0 0.5522117 0.4477883 0 0 0.6092508 0.3907492 0 0 0.597868 0.402132 0 0 0.6550615 0.3449385 0 0 0.6423235 0.3576765 0 0 0.6818106 0.3181894 0 0 0.6548459 0.3451541 0 0 0.6680673 0.3319327 0 0 0.601375 0.398625 0 0 0.675186 0.324814 0 0 0.6820177 0.3179823 0 0 0.6866056 0.3133944 0 0 0.6829686 0.3170314 0 0 0.6987307 0.3012693 0 0 0.6830689 0.3169311 0 0 0.6638091 0.3361909 0 0 0.6794019 0.3205981 0 0 0.6997487 0.3002513 0 0 0.6828709 0.3171292 0 0 0.8386108 0.1613892 0 0 0.8268306 0.1731695 0 0 0.8114031 0.1885969 0 0 0.8433465 0.1566534 0 0 0.8075048 0.1924952 0 0 0.9155811 0.08441892 0 0 0.9014128 0.09858718 0 0 0.8326049 0.1673951 0 0 0.9292349 0.07076515 0 0 0.8233065 0.1766935 0 0 0.8883988 0.1116012 0 0 0.6973967 0.3026033 0 0 0.6866056 0.3133944 0 0 0.6829686 0.3170314 0 0 0.7995382 0.2004618 0 0 0.8749768 0.1250232 0 0 0.7855099 0.2144901 0 0 0.8715008 0.1284992 0 0 0.6918166 0.3081834 0 0 0.863978 0.136022 0 0 0.873932 0.126068 0 0 0.8412374 0.1587626 0 0 0.8579803 0.1420197 0 0 0.8085544 0.1914456 0 0 0.8144091 0.1855909 0 0 0.7754635 0.2245366 0 0 0.7683836 0.2316164 0 0 0.7249355 0.2750645 0 0 0.7250561 0.2749439 0 0 0.6322722 0.3677278 0 0 0.6828535 0.3171465 0 0 0.6633766 0.3366233 0 0 0.873932 0.126068 0 0 0.8915631 0.1084369 0 0 0.8860989 0.1139011 0 0 0.8579803 0.1420197 0 0 0.8180836 0.1819164 0 0 0.8144091 0.1855909 0 0 0.7962357 0.2037643 0 0 0.7754635 0.2245366 0 0 0.7315454 0.2684546 0 0 0.7249355 0.2750645 0 0 0.6227282 0.3772718 0 0 0.6322722 0.3677278 0 0 0.6092508 0.3907492 0 0 0.6108176 0.3891824 0 0 0.6104432 0.3895568 0 0 0.6109502 0.3890498 0 0 0.6109793 0.3890207 0 0 0.6116874 0.3883126 0 0 0.6121476 0.3878524 0 0 0.6138226 0.3849317 0.001245712 0 0.6143867 0.3843274 0.001285901 0 0.6187422 0.379428 0.001829852 0 0.6192365 0.3789008 0.001862662 0 0.6256989 0.371763 0.002538094 0 0.6260059 0.3714358 0.002558349 0 0.6333913 0.3633094 0.003299347 0 0.6339024 0.3627723 0.003325289 0 0.6404063 0.3555577 0.004036041 0 0.6412523 0.3546684 0.004079353 0 0.6562257 0.3393277 0.004446537 0 0.6457698 0.349515 0.004715203 0 0.6126955 0.3873045 0 0 0.614953 0.3837245 0.001322552 0 0.619673 0.3784362 0.001890819 0 0.6261286 0.3713021 0.002569328 0 0.6335624 0.363124 0.003313521 0 0.6407877 0.355152 0.004060309 0 0.6458462 0.3494347 0.004719044 0 0.6113779 0.3886221 0 0 0.6609693 0.3340238 0.005006962 0 0.6468186 0.3479527 0.005228677 0 0.610772 0.3892281 0 0 0.611344 0.388656 0 0 0.7036523 0.2915516 0.004796087 0 0.679926 0.31486 0.00521401 0 0.6117763 0.3882237 0 0 0.6122955 0.3877046 0 0 0.7299656 0.2651805 0.004853954 0 0.6898863 0.3045048 0.005608848 0 0.6128736 0.3871264 0 0 0.6140006 0.3859994 0 0 0.7499529 0.2450193 0.005027818 0 0.7163776 0.2779014 0.00572107 0 0.6143742 0.3856257 0 0 0.6152672 0.3847328 0 0 0.6152462 0.3847538 0 0 0.764721 0.2300006 0.005278442 0 0.7349244 0.2591195 0.005956137 0 0.7691404 0.2251122 0.005747461 0 0.7236184 0.2695104 0.006871178 0 0.7644371 0.2291777 0.006385129 0 0.7340336 0.2589218 0.007044497 0 0.7407704 0.2517583 0.007471327 0 0.7138226 0.2782918 0.00788567 0 0.7188144 0.2728341 0.008351639 0 0.6952379 0.2965358 0.008226292 0 0.7420927 0.2521319 0.005775408 0 0.6977454 0.2965115 0.005743156 0 0.7624784 0.2299795 0.007542065 0 0.8012733 0.1926048 0.00612181 0 0.8136761 0.1810416 0.005282348 0 0.8328879 0.1628863 0.004225768 0 0.6700986 0.3259693 0.003932152 0 0.6559433 0.3408292 0.003227473 0 0.9025575 0.09525412 0.002188382 0 0.6 0.4 0 0 0.6 0.4 0 0 0.9095128 0.08867679 0.001810452 0 0.6 0.4 0 0 0.6 0.4 0 0 0.8897029 0.1083317 0.001965442 0 0.6 0.4 0 0 0.6 0.4 0 0 0.6 0.4 0 0 0.6 0.4 0 0 0.8497592 0.1478313 0.002409562 0 0.7707828 0.2258742 0.003343014 0 0.6544939 0.3410274 0.004478694 0 0.6401533 0.355815 0.00403163 0 0.6335365 0.363153 0.003310548 0 0.6260136 0.371426 0.002560374 0 0.6193953 0.3787327 0.001871957 0 0.6146049 0.3840974 0.001297685 0 0.6123598 0.3876402 0 0 0.6110655 0.3889345 0 0 0.6108419 0.389158 0 0 0.6121155 0.3878846 0 0 0.6135909 0.3864091 0 0 0.6151925 0.3848075 0 0 0.6190993 0.3790494 0.00185136 0 0.6142716 0.3844552 0.001273198 0 0.6121484 0.3878516 0 0 0.6112922 0.3887077 0 0 0.6111379 0.3888621 0 0 0.6126462 0.3873538 0 0 0.6144225 0.3855775 0 0 0.6258975 0.3715525 0.002549991 0 0.6337692 0.3629148 0.003316031 0 0.6408771 0.3550666 0.004056407 0 0.6604294 0.3351969 0.004373781 0 0.8200934 0.1772856 0.002621013 0 0.8717544 0.1261834 0.002062211 0 0.9297241 0.06904337 0.001232538 0 0.9773282 0.02267184 0 0 0.9738569 0.02614306 0 0 0.9305448 0.06765656 0.001798648 0 0.9160084 0.08136538 0.002626269 0 0.8877088 0.108087 0.004204138 0 0.8493218 0.1446888 0.005989406 0 0.8617198 0.1338912 0.00438892 0 0.9021455 0.09585711 0.001997389 0 0.899356 0.09832925 0.002314743 0 0.8858795 0.1120635 0.002057018 0 0.9146116 0.08319416 0.002194259 0 0.868997 0.1288858 0.002117155 0 0.8890076 0.1076064 0.003386003 0 0.7592354 0.2372745 0.003490101 0 0.8492864 0.1454889 0.005224681 0 0.6562257 0.3393277 0.004446537 0 0.8502646 0.1443544 0.005380999 0 0.6404063 0.3555577 0.004036041 0 0.8357126 0.1588033 0.005484148 0 0.6333913 0.3633094 0.003299347 0 0.6256989 0.371763 0.002538094 0 0.6187422 0.379428 0.001829852 0 0.6138226 0.3849317 0.001245712 0 0.6116874 0.3883126 0 0 0.6108176 0.3891824 0 0 0.6109502 0.3890498 0 0 0.6129085 0.3870914 0 0 0.6150394 0.3849606 0 0 0.6156134 0.3843866 0 0 0.6160091 0.3839909 0 0 0.6161397 0.3838603 0 0 0.6167084 0.3832916 0 0 0.6160971 0.3839029 0 0 0.6163706 0.3836293 0 0 0.6167084 0.3832916 0 0 0.6152672 0.3847328 0 0 0.731428 0.2609602 0.007611808 0 0.7344102 0.2577515 0.007838242 0 0.7363894 0.2560952 0.007515421 0 0.7355657 0.2577378 0.006696546 0 0.7256582 0.2674905 0.006851308 0 0.738223 0.256423 0.005354068 0 0.7138192 0.2805254 0.005655406 0 0.7256582 0.2674905 0.006851308 0 0.7138192 0.2805254 0.005655406 0 0.7017506 0.2929899 0.005259537 0 0.7215623 0.2717157 0.006722 0 0.7090594 0.2855943 0.005346279 0 0.7286204 0.2640633 0.007316395 0 0.731428 0.2609602 0.007611808 0 0.7301624 0.2623849 0.007452796 0 0.7222166 0.2725403 0.005243063 0 0.7312924 0.2612352 0.007472344 0 0.7344102 0.2577515 0.007838242 0 0.7319577 0.2607646 0.007277651 0 0.7363894 0.2560952 0.007515421 0 0.7355657 0.2577378 0.006696546 0 0.7299756 0.2633569 0.006667514 0 0.738223 0.256423 0.005354068 0 0.6 0.4 0 0 0.6 0.4 0 0 0.6 0.4 0 0 0.6 0.4 0 0 0.6 0.4 0 0 0.6 0.4 0 0 0.6 0.4 0 0 0.6273042 0.3714677 0.001228175 0 0.6 0.4 0 0 0.6 0.4 0 0 0.6 0.4 0 0 0.6 0.4 0 0 0.6592157 0.3407843 0 0 0.6866667 0.3133333 0 0 0.6 0.4 0 0 0.6467034 0.35169 0.001606592 0 0.6625132 0.3341807 0.00330611 0 0.6918817 0.3062367 0.001881682 0 0.6728973 0.3253301 0.001772501 0 0.6773342 0.3208949 0.00177094 0 0.7306283 0.2653885 0.003983287 0 0.7268543 0.2697069 0.00343886 0 0.682108 0.3144623 0.003429721 0 0.7115797 0.2848217 0.003598524 0 0.7138192 0.2805254 0.005655406 0 0.7017506 0.2929899 0.005259537 0 0.7090594 0.2855943 0.005346279 0 0.7222166 0.2725403 0.005243063 0 0.738223 0.256423 0.005354068 0 0.7699733 0.2252122 0.004814517 0 0.7772407 0.2181887 0.004570609 0 0.6 0.4 0 0 0.6 0.4 0 0 0.6 0.4 0 0 0.6 0.4 0 0 0.6 0.4 0 0 0.6 0.4 0 0 0.6 0.4 0 0 0.6 0.4 0 0 0.6 0.4 0 0 0.6 0.4 0 0 0.6 0.4 0 0 0.6 0.4 0 0 0.8886718 0.1098018 0.001526413 0 0.9548855 0.04362513 0.001489388 0 0.9535068 0.04502895 0.001464241 0 0.8911019 0.10763 0.001268094 0 0.9431826 0.05548785 0.001329574 0 0.8824437 0.1175563 0 0 0.9363138 0.06368624 0 0 0.8757886 0.1242114 0 0 0.9302623 0.06973768 0 0 0.8701261 0.1298739 0 0 0.9381922 0.06180773 0 0 0.8538391 0.1461609 0 0 0.9611142 0.03888583 0 0 0.8393919 0.1606081 0 0 0.9585006 0.04149941 0 0 0.9280536 0.07194643 0 0 0.958534 0.04146598 0 0 0.9273953 0.07260465 0 0 0.9651415 0.03485845 0 0 0.9205006 0.07949945 0 0 0.9670442 0.0329558 0 0 0.9180859 0.0819141 0 0 0.9707112 0.02928877 0 0 0.9124513 0.08754871 0 0 0.9773463 0.017745 0.004908677 0 0.9760144 0.01880074 0.005184853 0 0.9249836 0.07068274 0.004333675 0 0.9773463 0.017745 0.004908677 0 0.9548855 0.04362513 0.001489388 0 0.8756331 0.121612 0.002754969 0 0.9548855 0.04362513 0.001489388 0 0.9535068 0.04502895 0.001464241 0 0.8745915 0.1233091 0.00209946 0 0.8834723 0.1134419 0.003085819 0 0.8919026 0.1063844 0.001712959 0 0.8881192 0.1102774 0.001603417 0 0.8886718 0.1098018 0.001526413 0 0.9534647 0.04507136 0.00146387 0 0.9431826 0.05548785 0.001329574 0 0.8792645 0.1194801 0.00125546 0 0.8911019 0.10763 0.001268094 0 0.9418114 0.05687597 0.001312641 0 0.9363138 0.06368624 0 0 0.8826167 0.1173833 0 0 0.8824437 0.1175563 0 0 0.9349713 0.06502867 0 0 0.9302623 0.06973768 0 0 0.8809924 0.1190077 0 0 0.8757886 0.1242114 0 0 0.9290751 0.07092496 0 0 0.9381922 0.06180773 0 0 0.8761954 0.1238047 0 0 0.8701261 0.1298739 0 0 0.9376761 0.06232388 0 0 0.9611142 0.03888583 0 0 0.8593366 0.1406635 0 0 0.8538391 0.1461609 0 0 0.9621917 0.03780834 0 0 0.9585006 0.04149941 0 0 0.9118831 0.08811696 0 0 0.8393919 0.1606081 0 0 0.959862 0.04013804 0 0 0.958534 0.04146598 0 0 0.9262831 0.07371689 0 0 0.9280536 0.07194643 0 0 0.959402 0.04059799 0 0 0.9651415 0.03485845 0 0 0.9202023 0.07979773 0 0 0.9273953 0.07260465 0 0 0.9619116 0.03808843 0 0 0.9670442 0.0329558 0 0 0.9203244 0.07967557 0 0 0.9205006 0.07949945 0 0 0.962679 0.03732102 0 0 0.9707112 0.02928877 0 0 0.9192982 0.08070178 0 0 0.9180859 0.0819141 0 0 0.9630554 0.03694465 0 0 0.9708338 0.02916624 0 0 0.9236692 0.07633086 0 0 0.9124513 0.08754871 0 0 0.9635213 0.03647873 0 0 0.9666091 0.03339089 0 0 0.9268233 0.07317673 0 0 0.9031777 0.09682228 0 0 0.9624515 0.03754854 0 0 0.9677894 0.03221062 0 0 0.9271646 0.07283548 0 0 0.9098076 0.09019237 0 0 0.9626043 0.03739565 0 0 0.9679035 0.03209652 0 0 0.9263551 0.07364485 0 0 0.9103835 0.08961653 0 0 0.9616539 0.03834611 0 0 0.9610255 0.03897451 0 0 0.9219966 0.07800342 0 0 0.9124819 0.08751808 0 0 0.9606208 0.03937922 0 0 0.9647985 0.03520153 0 0 0.9193934 0.08060665 0 0 0.911775 0.088225 0 0 0.9600688 0.03993122 0 0 0.9649736 0.03502633 0 0 0.9174309 0.08256916 0 0 0.917276 0.082724 0 0 0.9590267 0.04097333 0 0 0.9638041 0.0349337 0.001262207 0 0.9176956 0.0823044 0 0 0.9149198 0.08508019 0 0 0.957444 0.0414382 0.001117865 0 0.9612658 0.03708858 0.001645635 0 0.9217049 0.07829501 0 0 0.9089047 0.09109531 0 0 0.9571461 0.04137865 0.001475237 0 0.9573267 0.04050581 0.002167551 0 0.920397 0.07960299 0 0 0.9103463 0.08965371 0 0 0.9538275 0.0442128 0.001959668 0 0.9533428 0.04392936 0.002727878 0 0.9172868 0.08156145 0.001151784 0 0.908787 0.09013432 0.001078731 0 0.9494227 0.04806737 0.00250993 0 0.9501505 0.04661516 0.003234288 0 0.9163887 0.08216551 0.001445818 0 0.9059343 0.09275386 0.001311919 0 0.9463199 0.05064198 0.003038182 0 0.9458442 0.05039246 0.003763247 0 0.9127895 0.08544075 0.001769761 0 0.9041958 0.09422181 0.001582436 0 0.943548 0.0528736 0.003578406 0 0.9411713 0.05460662 0.004222006 0 0.9063346 0.09163187 0.002033577 0 0.900832 0.0972873 0.001880683 0 0.9384797 0.05745136 0.004068892 0 0.9345702 0.06084945 0.004580367 0 0.89955 0.09815732 0.002292721 0 0.8936407 0.104279 0.002080312 0 0.933623 0.06183484 0.004542171 0 0.9283136 0.06696636 0.004720065 0 0.8902697 0.1072373 0.002492967 0 0.8884497 0.1091987 0.002351667 0 0.9278584 0.06733955 0.004802103 0 0.9249735 0.07021661 0.004809924 0 0.8810331 0.116325 0.002641911 0 0.8876016 0.1096955 0.002702962 0 0.9233989 0.07185207 0.004749102 0 0.9345288 0.0598815 0.005589654 0 0.879285 0.1179101 0.002804922 0 0.8807446 0.1164817 0.002773619 0 0.9285401 0.06636432 0.005095663 0 0.9760144 0.01880074 0.005184853 0 0.9249836 0.07068274 0.004333675 0 0.873777 0.1234623 0.002760625 0 0.8843211 0.1126565 0.003022398 0 0.8756331 0.121612 0.002754969 0 0.8834723 0.1134419 0.003085819 0 0.8860989 0.1139011 0 0 0.8813019 0.1186981 0 0 0.8915631 0.1084369 0 0 0.8251801 0.1748199 0 0 0.8180844 0.1819156 0 0 0.7542682 0.2457318 0 0 0.7962357 0.2037643 0 0 0.6530415 0.3469585 0 0 0.7315454 0.2684546 0 0 0.6227303 0.3772697 0 0 0.5872373 0.4127627 0 0 0.6092511 0.3907489 0 0 0.9772974 0.0227026 0 0 0.9772974 0.02270258 0 0 0.9772197 0.0227803 0 0 0.9772193 0.02278063 0 0 0.9592687 0.04073131 0 0 0.9562294 0.04377056 0 0 0.8254901 0.1745099 0 0 0.8532136 0.1467864 0 0 0.8066433 0.1933567 0 0 0.8341185 0.1658815 0 0 0.7747763 0.2252237 0 0 0.8102832 0.1897168 0 0 0.7592576 0.2407424 0 0 0.7688748 0.2311253 0 0 0.7502832 0.2497167 0 0 0.7640051 0.235995 0 0 0.7460518 0.2539482 0 0 0.7569838 0.2430162 0 0 0.7463453 0.2536547 0 0 0.7544594 0.2455406 0 0 0.7534209 0.246579 0 0 0.7624522 0.2375478 0 0 0.7856031 0.2143969 0 0 0.7788996 0.2211005 0 0 0.8017385 0.1982615 0 0 0.791774 0.208226 0 0 0.8220316 0.1779684 0 0 0.8170779 0.1829221 0 0 0.8492368 0.1507632 0 0 0.8295938 0.1704062 0 0 0.86084 0.1391601 0 0 0.8509699 0.1490301 0 0 0.8931816 0.1068184 0 0 0.8813019 0.1186981 0 0 0.911289 0.08871096 0 0 0.8915631 0.1084369 0 0 0.8251801 0.1748199 0 0 0.9161295 0.08387047 0 0 0.7255821 0.2744179 0 0 0.7542682 0.2457318 0 0 0.6922005 0.3077995 0 0 0.6467455 0.3532545 0 0 0.5601865 0.4398135 0 0 0.6530415 0.3469585 0 0 0.5872373 0.4127627 0 0 0.5136259 0.4863741 0 0 0.896791 0.103209 0 0 0.9179604 0.08203958 0 0 0.6292962 0.3707038 0 0 0.5181988 0.4818011 0 0 0.9036511 0.09634892 0 0 0.9172899 0.08271006 0 0 0.5281973 0.4718027 0 0 0.6247759 0.3752241 0 0 0.9112809 0.08871909 0 0 0.9281666 0.07183335 0 0 0.5022869 0.4977131 0 0 0.6133887 0.3866113 0 0 0.9177291 0.08227094 0 0 0.9292349 0.07076516 0 0 0.5741407 0.4258594 0 0 0.6357878 0.3642122 0 0 0.9152663 0.08473375 0 0 0.915581 0.08441893 0 0 0.9127763 0.08722371 0 0 0.9131576 0.08684237 0 0 0.9090972 0.09090278 0 0 0.5461128 0.4538872 0 0 0.679049 0.320951 0 0 0.5021831 0.4978169 0 0 0.6590946 0.3409054 0 0 0.5172952 0.4827047 0 0 0.6672616 0.3327384 0 0 0.5549502 0.4450498 0 0 0.6999359 0.3000641 0 0 0.5872408 0.4127592 0 0 0.7341559 0.2658441 0 0 0.6260031 0.3739969 0 0 0.7631881 0.236812 0 0 0.6413554 0.3586446 0 0 0.7343975 0.2656025 0 0 0.6849316 0.3150684 0 0 0.7834917 0.2165083 0 0 0.6451087 0.3548913 0 0 0.8069321 0.1930679 0 0 0.6392307 0.3607694 0 0 0.7949814 0.2050186 0 0 0.9772974 0.02270258 0 0 0.6418803 0.3581197 0 0 0.6418803 0.3581197 0 0 0.6422694 0.3577306 0 0 0.5845539 0.4154461 0 0 0.6459336 0.3540664 0 0 0.6341013 0.3658987 0 0 0.6007904 0.3992096 0 0 0.5552868 0.4447132 0 0 0.5367408 0.4632592 0 0 0.509303 0.490697 0 0 0.5548314 0.4451686 0 0 0.5877364 0.4122636 0 0 0.5101378 0.4898622 0 0 0.5327381 0.4672619 0 0 0.5401545 0.4598455 0 0 0.5263411 0.4736588 0 0 0.5071573 0.4928427 0 0 0.5522121 0.4477879 0 0 0.6092511 0.3907489 0 0 0.5978681 0.4021319 0 0 0.6550615 0.3449385 0 0 0.6423236 0.3576764 0 0 0.6818106 0.3181894 0 0 0.6548461 0.345154 0 0 0.6680673 0.3319327 0 0 0.601375 0.398625 0 0 0.675186 0.324814 0 0 0.6820177 0.3179823 0 0 0.6866056 0.3133944 0 0 0.6829686 0.3170314 0 0 0.6987312 0.3012688 0 0 0.6830695 0.3169306 0 0 0.66381 0.33619 0 0 0.6794028 0.3205972 0 0 0.6997487 0.3002513 0 0 0.6828709 0.3171292 0 0 0.8386108 0.1613892 0 0 0.8268306 0.1731695 0 0 0.8114031 0.1885969 0 0 0.8433465 0.1566535 0 0 0.8075048 0.1924952 0 0 0.915581 0.08441893 0 0 0.9014128 0.09858718 0 0 0.8326049 0.1673951 0 0 0.9292349 0.07076516 0 0 0.8233065 0.1766935 0 0 0.8883989 0.1116011 0 0 0.6973967 0.3026033 0 0 0.6866056 0.3133944 0 0 0.6829686 0.3170314 0 0 0.7995382 0.2004618 0 0 0.8749768 0.1250232 0 0 0.7855099 0.2144901 0 0 0.8715008 0.1284992 0 0 0.6918166 0.3081834 0 0 0.863978 0.136022 0 0 0.873932 0.126068 0 0 0.8412375 0.1587625 0 0 0.8579803 0.1420197 0 0 0.8085544 0.1914456 0 0 0.8144091 0.1855909 0 0 0.7754635 0.2245366 0 0 0.7683836 0.2316164 0 0 0.7249355 0.2750645 0 0 0.7250561 0.2749439 0 0 0.6322732 0.3677268 0 0 0.682854 0.317146 0 0 0.6633769 0.3366231 0 0 0.8860989 0.1139011 0 0 0.8915631 0.1084369 0 0 0.873932 0.126068 0 0 0.8579803 0.1420197 0 0 0.8180844 0.1819156 0 0 0.8144091 0.1855909 0 0 0.7962357 0.2037643 0 0 0.7754635 0.2245366 0 0 0.7315454 0.2684546 0 0 0.7249355 0.2750645 0 0 0.6227303 0.3772697 0 0 0.6322732 0.3677268 0 0 0.6104432 0.3895568 0 0 0.6108176 0.3891824 0 0 0.6109502 0.3890498 0 0 0.6109793 0.3890207 0 0 0.6116874 0.3883126 0 0 0.6121476 0.3878524 0 0 0.6138226 0.3849317 0.001245712 0 0.6143867 0.3843274 0.001285901 0 0.6187422 0.379428 0.001829852 0 0.6192365 0.3789008 0.001862662 0 0.6256989 0.371763 0.002538093 0 0.6260059 0.3714358 0.002558349 0 0.6333913 0.3633094 0.003299347 0 0.6339023 0.3627723 0.003325288 0 0.6404063 0.3555577 0.004036041 0 0.6412523 0.3546684 0.004079353 0 0.6562257 0.3393277 0.004446537 0 0.6457698 0.349515 0.004715203 0 0.6126955 0.3873045 0 0 0.614953 0.3837245 0.001322552 0 0.619673 0.3784362 0.001890819 0 0.6261286 0.3713021 0.002569328 0 0.6335624 0.363124 0.003313521 0 0.6407877 0.355152 0.004060309 0 0.6458462 0.3494347 0.004719044 0 0.6113779 0.3886221 0 0 0.6609693 0.3340238 0.005006962 0 0.6468186 0.3479527 0.005228677 0 0.610772 0.3892281 0 0 0.611344 0.388656 0 0 0.7036523 0.2915516 0.004796087 0 0.679926 0.31486 0.00521401 0 0.6117763 0.3882237 0 0 0.6122955 0.3877046 0 0 0.7299655 0.2651805 0.004853955 0 0.6898863 0.3045048 0.005608848 0 0.6128736 0.3871264 0 0 0.6140006 0.3859994 0 0 0.7499529 0.2450193 0.005027818 0 0.7163776 0.2779014 0.00572107 0 0.6143742 0.3856257 0 0 0.6152672 0.3847328 0 0 0.6152462 0.3847538 0 0 0.764721 0.2300006 0.005278443 0 0.7349244 0.2591195 0.005956137 0 0.7691404 0.2251122 0.005747462 0 0.7236184 0.2695104 0.006871178 0 0.7644371 0.2291777 0.006385129 0 0.7340336 0.2589218 0.007044497 0 0.7407704 0.2517583 0.007471327 0 0.7138226 0.2782918 0.00788567 0 0.7188144 0.2728341 0.008351639 0 0.6952379 0.2965358 0.008226292 0 0.7420927 0.2521319 0.005775408 0 0.6977454 0.2965114 0.005743156 0 0.7624784 0.2299795 0.007542065 0 0.8012733 0.1926048 0.00612181 0 0.8136761 0.1810416 0.005282348 0 0.8328879 0.1628863 0.004225768 0 0.6700986 0.3259693 0.003932152 0 0.6559433 0.3408292 0.003227473 0 0.9025575 0.09525413 0.002188382 0 0.6 0.4 0 0 0.6 0.4 0 0 0.9095128 0.0886768 0.001810452 0 0.6 0.4 0 0 0.6 0.4 0 0 0.8897029 0.1083317 0.001965442 0 0.6 0.4 0 0 0.6 0.4 0 0 0.6 0.4 0 0 0.6 0.4 0 0 0.8497592 0.1478313 0.002409562 0 0.7707828 0.2258742 0.003343014 0 0.6544939 0.3410274 0.004478694 0 0.6401533 0.355815 0.00403163 0 0.6335365 0.363153 0.003310548 0 0.6260136 0.371426 0.002560373 0 0.6193953 0.3787327 0.001871957 0 0.6146049 0.3840974 0.001297685 0 0.6123597 0.3876402 0 0 0.6110655 0.3889345 0 0 0.6108419 0.389158 0 0 0.6121155 0.3878846 0 0 0.6135909 0.3864091 0 0 0.6151925 0.3848075 0 0 0.6190993 0.3790494 0.00185136 0 0.6142716 0.3844552 0.001273198 0 0.6121484 0.3878516 0 0 0.6112922 0.3887077 0 0 0.6111379 0.3888621 0 0 0.6126462 0.3873538 0 0 0.6144225 0.3855775 0 0 0.6258975 0.3715526 0.00254999 0 0.6337692 0.3629148 0.003316031 0 0.6408771 0.3550666 0.004056407 0 0.6604294 0.3351969 0.004373781 0 0.8200934 0.1772856 0.002621013 0 0.8717544 0.1261834 0.002062211 0 0.9297241 0.06904337 0.001232538 0 0.9773282 0.02267184 0 0 0.9738569 0.02614311 0 0 0.9305448 0.06765656 0.001798648 0 0.9160083 0.08136541 0.002626271 0 0.8877088 0.108087 0.004204138 0 0.8493218 0.1446888 0.005989406 0 0.8617198 0.1338913 0.00438892 0 0.9021455 0.09585711 0.001997389 0 0.8858795 0.1120635 0.002057017 0 0.899356 0.09832924 0.002314743 0 0.868997 0.1288858 0.002117155 0 0.9146116 0.08319416 0.002194259 0 0.7592354 0.2372745 0.003490101 0 0.8890076 0.1076064 0.003386003 0 0.6562257 0.3393277 0.004446537 0 0.8492864 0.1454889 0.005224681 0 0.6404063 0.3555577 0.004036041 0 0.8502646 0.1443544 0.005380999 0 0.6333913 0.3633094 0.003299347 0 0.8357125 0.1588034 0.005484147 0 0.6256989 0.371763 0.002538093 0 0.6187422 0.379428 0.001829852 0 0.6138226 0.3849317 0.001245712 0 0.6116874 0.3883126 0 0 0.6108176 0.3891824 0 0 0.6109502 0.3890498 0 0 0.6129085 0.3870914 0 0 0.6150394 0.3849606 0 0 0.6156134 0.3843866 0 0 0.6160091 0.3839909 0 0 0.6161397 0.3838603 0 0 0.6167084 0.3832916 0 0 0.6160971 0.3839029 0 0 0.6163706 0.3836293 0 0 0.6167084 0.3832916 0 0 0.6152672 0.3847328 0 0 0.7363894 0.2560952 0.007515421 0 0.7344102 0.2577515 0.007838241 0 0.731428 0.2609602 0.007611807 0 0.7355657 0.2577378 0.006696545 0 0.7256582 0.2674905 0.006851306 0 0.738223 0.256423 0.005354068 0 0.7138192 0.2805254 0.005655406 0 0.7017506 0.2929899 0.005259537 0 0.7138192 0.2805254 0.005655406 0 0.7256582 0.2674905 0.006851306 0 0.7215623 0.2717158 0.006721999 0 0.7090594 0.2855943 0.005346279 0 0.7286204 0.2640633 0.007316394 0 0.731428 0.2609602 0.007611807 0 0.7301624 0.2623849 0.007452795 0 0.7222166 0.2725403 0.005243063 0 0.7312924 0.2612352 0.007472344 0 0.7344102 0.2577515 0.007838241 0 0.7319577 0.2607646 0.007277651 0 0.7363894 0.2560952 0.007515421 0 0.7355657 0.2577378 0.006696545 0 0.7299756 0.2633569 0.006667513 0 0.738223 0.256423 0.005354068 0 0.6 0.4 0 0 0.6 0.4 0 0 0.6 0.4 0 0 0.6 0.4 0 0 0.6 0.4 0 0 0.6 0.4 0 0 0.6 0.4 0 0 0.6273042 0.3714677 0.001228175 0 0.6 0.4 0 0 0.6 0.4 0 0 0.6 0.4 0 0 0.6 0.4 0 0 0.6592157 0.3407843 0 0 0.6866665 0.3133334 0 0 0.6 0.4 0 0 0.6467034 0.35169 0.001606591 0 0.6625132 0.3341807 0.00330611 0 0.6918817 0.3062367 0.001881682 0 0.6728974 0.3253301 0.001772501 0 0.6773342 0.320895 0.001770939 0 0.7306283 0.2653885 0.003983287 0 0.7268543 0.2697069 0.00343886 0 0.682108 0.3144623 0.00342972 0 0.7115797 0.2848217 0.003598524 0 0.7138192 0.2805254 0.005655406 0 0.7017506 0.2929899 0.005259537 0 0.7090594 0.2855943 0.005346279 0 0.7222166 0.2725403 0.005243063 0 0.738223 0.256423 0.005354068 0 0.7699733 0.2252122 0.004814517 0 0.7772407 0.2181887 0.004570609 0 0.6 0.4 0 0 0.6 0.4 0 0 0.6 0.4 0 0 0.6 0.4 0 0 0.6 0.4 0 0 0.6 0.4 0 0 0.6 0.4 0 0 0.6 0.4 0 0 0.6 0.4 0 0 0.6 0.4 0 0 0.6 0.4 0 0 0.6 0.4 0 0 0.9534976 0.04503831 0.001464121 0 0.9548844 0.04362633 0.001489367 0 0.8886708 0.1098031 0.001526159 0 0.8910941 0.107638 0.001267864 0 0.943176 0.05549476 0.001329275 0 0.882443 0.117557 0 0 0.9363104 0.06368966 0 0 0.8757898 0.1242102 0 0 0.9302638 0.06973623 0 0 0.8701257 0.1298744 0 0 0.9381948 0.06180517 0 0 0.8538483 0.1461517 0 0 0.9611143 0.03888561 0 0 0.8394154 0.1605846 0 0 0.958501 0.04149906 0 0 0.9280531 0.07194693 0 0 0.9585342 0.04146579 0 0 0.9273943 0.07260561 0 0 0.9651409 0.03485911 0 0 0.9205005 0.07949946 0 0 0.9670435 0.03295651 0 0 0.9180861 0.08191397 0 0 0.9707105 0.02928954 0 0 0.912452 0.087548 0 0 0.9251229 0.07054188 0.004335205 0 0.97601 0.01880642 0.005183602 0 0.9772645 0.01783927 0.004896222 0 0.9772741 0.01782823 0.004897681 0 0.8756357 0.1216106 0.002753705 0 0.9548844 0.04362633 0.001489367 0 0.8746148 0.1232862 0.002098952 0 0.8834873 0.1134293 0.003083374 0 0.8918986 0.1063887 0.001712725 0 0.9548844 0.04362627 0.001489369 0 0.9534976 0.04503831 0.001464121 0 0.8881139 0.1102831 0.001603087 0 0.8886708 0.1098031 0.001526159 0 0.9534569 0.04507932 0.001463768 0 0.943176 0.05549476 0.001329275 0 0.8792692 0.1194755 0.001255282 0 0.8910941 0.107638 0.001267864 0 0.9418073 0.05688024 0.001312412 0 0.9363104 0.06368966 0 0 0.8826185 0.1173815 0 0 0.882443 0.117557 0 0 0.9349695 0.06503049 0 0 0.9302638 0.06973623 0 0 0.8809934 0.1190066 0 0 0.8757898 0.1242102 0 0 0.9290773 0.07092267 0 0 0.9381948 0.06180517 0 0 0.8761948 0.1238052 0 0 0.8701257 0.1298744 0 0 0.9376786 0.06232136 0 0 0.9611143 0.03888561 0 0 0.8593436 0.1406564 0 0 0.8538483 0.1461517 0 0 0.9621916 0.03780843 0 0 0.958501 0.04149906 0 0 0.9118853 0.08811469 0 0 0.8394154 0.1605846 0 0 0.959862 0.04013805 0 0 0.9585342 0.04146579 0 0 0.9262835 0.07371644 0 0 0.9280531 0.07194693 0 0 0.959402 0.04059799 0 0 0.9651409 0.03485911 0 0 0.9202026 0.07979742 0 0 0.9273943 0.07260561 0 0 0.9619116 0.03808844 0 0 0.9670435 0.03295651 0 0 0.9203247 0.07967536 0 0 0.9205005 0.07949946 0 0 0.962679 0.03732103 0 0 0.9707105 0.02928954 0 0 0.9192982 0.08070176 0 0 0.9180861 0.08191397 0 0 0.9630554 0.03694466 0 0 0.9708332 0.02916679 0 0 0.9236692 0.07633083 0 0 0.912452 0.087548 0 0 0.9635212 0.03647875 0 0 0.9666092 0.03339086 0 0 0.9268233 0.07317672 0 0 0.9031787 0.09682132 0 0 0.9624515 0.03754848 0 0 0.9677889 0.03221105 0 0 0.9271646 0.07283536 0 0 0.909808 0.09019194 0 0 0.9626043 0.03739567 0 0 0.9679034 0.03209665 0 0 0.9263552 0.07364473 0 0 0.9103839 0.08961602 0 0 0.961654 0.03834599 0 0 0.961027 0.03897305 0 0 0.921997 0.07800304 0 0 0.9124819 0.08751809 0 0 0.9606212 0.03937876 0 0 0.9647973 0.0352027 0 0 0.9193935 0.08060646 0 0 0.9117751 0.08822491 0 0 0.960069 0.03993103 0 0 0.9649736 0.0350264 0 0 0.9174306 0.08256944 0 0 0.917275 0.08272507 0 0 0.9590285 0.04097146 0 0 0.9638042 0.03493372 0.001262085 0 0.9176955 0.08230449 0 0 0.9149204 0.08507961 0 0 0.9574479 0.04143431 0.001117848 0 0.9612668 0.03708774 0.001645486 0 0.9217017 0.07829825 0 0 0.9089062 0.09109377 0 0 0.9571512 0.04137353 0.001475278 0 0.9573278 0.04050482 0.0021674 0 0.92039 0.07960995 0 0 0.9103459 0.0896541 0 0 0.9538341 0.04420609 0.001959856 0 0.9533421 0.0439299 0.00272798 0 0.9172785 0.08156992 0.00115165 0 0.9087871 0.09013418 0.001078671 0 0.9494314 0.04805819 0.00251037 0 0.9501482 0.04661719 0.003234573 0 0.9163742 0.08218022 0.001445607 0 0.9059346 0.09275351 0.001311888 0 0.9463291 0.05063207 0.003038822 0 0.9458397 0.05039656 0.003763692 0 0.9127739 0.08545665 0.001769489 0 0.904195 0.09422247 0.001582501 0 0.9435511 0.05286961 0.003579289 0 0.9411618 0.05461566 0.004222525 0 0.9063206 0.09164602 0.002033402 0 0.9008288 0.0972904 0.001880771 0 0.938482 0.05744812 0.004069891 0 0.934558 0.06086143 0.004580641 0 0.8995347 0.09817272 0.002292581 0 0.8936372 0.1042823 0.002080492 0 0.9336156 0.06184167 0.004542728 0 0.9283054 0.06697438 0.004720286 0 0.8902657 0.1072412 0.002493152 0 0.8884488 0.1091992 0.002351989 0 0.9278492 0.06734892 0.004801794 0 0.9250011 0.07018669 0.004812181 0 0.8810326 0.1163252 0.002642099 0 0.887593 0.109704 0.00270305 0 0.9234143 0.0718357 0.004750073 0 0.9346864 0.05972549 0.005588117 0 0.8792883 0.1179066 0.002805154 0 0.88075 0.116476 0.002773993 0 0.9285671 0.06633898 0.005093944 0 0.97601 0.01880642 0.005183602 0 0.9251229 0.07054188 0.004335205 0 0.8737864 0.1234527 0.002760866 0 0.8843191 0.1126583 0.003022545 0 0.8756357 0.1216106 0.002753705 0 0.8834873 0.1134293 0.003083374 0 0.8349085 0.1561771 0.008914371 0 0.8385248 0.1512645 0.01021073 0 0.53404 0.463423 0.002537074 0 0.5219179 0.4765759 0.001506183 0 0.8317311 0.1633211 0.004947796 0 0.8125459 0.1847391 0.002715038 0 0.501473 0.498527 0 0 0.8247225 0.1681497 0.007127781 0 0.7579574 0.2323516 0.009690966 0 0.5020505 0.4979495 0 0 0.8188678 0.1750448 0.006087418 0 0.7199882 0.2422536 0.03775823 0 0.844734 0.149246 0.006020003 0 0.5134385 0.4865615 0 0 0.7035655 0.2348673 0.06156717 0 0.5472234 0.4527766 0 0 0.8610206 0.1333283 0.00565101 0 0.6858417 0.2791953 0.03496299 0 0.881031 0.1129876 0.005981421 0 0.5472029 0.4527971 0 0 0.6643989 0.3057674 0.02983369 0 0.889728 0.1040089 0.006263058 0 0.6746678 0.3128204 0.01251171 0 0.565589 0.434411 0 0 0.9046863 0.08829763 0.007016123 0 0.6104591 0.3880972 0.001443738 0 0.709583 0.290417 0 0 0.9189382 0.07268436 0.008377476 0 0.6041055 0.39416 0.001734492 0 0.7286158 0.2713843 0 0 0.9204625 0.06981257 0.009724878 0 0.7301071 0.2698928 0 0 0.6117582 0.38583 0.002411715 0 0.8917939 0.09677597 0.01143012 0 0.7393702 0.2586794 0.001950372 0 0.5830469 0.4140295 0.002923597 0 0.8936985 0.09302258 0.01327896 0 0.7483727 0.24849 0.003137298 0 0.5851446 0.4106553 0.004200149 0 0.8824365 0.102899 0.01466454 0 0.7581444 0.2371204 0.004735165 0 0.5596546 0.4349591 0.00421156 0.00117475 0.8505308 0.1339555 0.01551368 0 0.7716432 0.2218249 0.006531892 0 0.5309187 0.4643024 0.002404309 0.002374642 0.8599092 0.1237603 0.01633049 0 0.5321726 0.46191 0.003067473 0.002849923 0.7965425 0.1951548 0.008302673 0 0.8683814 0.1143577 0.01726098 0 0.5248058 0.4682307 0.003922482 0.003041064 0.8015909 0.1888106 0.009598563 0 0.8558326 0.1271596 0.01700781 0 0.530214 0.4624346 0.004374233 0.002977338 0.7977104 0.1924409 0.009848738 0 0.8387095 0.1456616 0.01562882 0 0.8121462 0.1777619 0.01009183 0 0.5042751 0.4893768 0.003184503 0.003163627 0.7918878 0.1947469 0.01336537 0 0.5447564 0.4496896 0.003427869 0.002126184 0.8205716 0.1699431 0.00948529 0 0.7934796 0.1936607 0.01285966 0 0.5654206 0.4296337 0.003329341 0.001616283 0.821618 0.1703886 0.007993466 0 0.5455794 0.4493229 0.002549449 0.002548258 0.7980583 0.1905329 0.01140874 0 0.8164721 0.172571 0.01095688 0 0.5388311 0.4558247 0.003295054 0.002049194 0.8385248 0.1512645 0.01021073 0 0.8256109 0.1682125 0.006176563 0 0.53404 0.463423 0.002537074 0 0.8317311 0.1633211 0.004947796 0 0.8385248 0.1512645 0.01021073 0 0.8263728 0.1650115 0.008615666 0 0.8215257 0.168748 0.009726314 0 0.8349085 0.1561771 0.008914371 0 0.8247269 0.1681447 0.007128297 0 0.8247225 0.1681497 0.007127781 0 0.8188678 0.1750448 0.006087418 0 0.8117701 0.1821992 0.006030776 0 0.844734 0.149246 0.006020003 0 0.5019438 0.4980562 0 0 0.5063557 0.4936442 0 0 0.7154695 0.2845304 0 0 0.8275403 0.1668569 0.00560277 0 0.8610206 0.1333283 0.00565101 0 0.51535 0.48465 0 0 0.5309457 0.4690544 0 0 0.8477522 0.1470907 0.005157156 0 0.8591368 0.1355627 0.005300542 0 0.881031 0.1129876 0.005981421 0 0.7120152 0.2638535 0.02413125 0 0.8796911 0.1144195 0.005889426 0 0.889728 0.1040089 0.006263058 0 0.9046863 0.08829763 0.007016123 0 0.681031 0.318969 0 0 0.5293038 0.4706962 0 0 0.5536343 0.4463657 0 0 0.8990856 0.09411293 0.006801498 0 0.9189382 0.07268436 0.008377476 0 0.691681 0.2714742 0.03684489 0 0.5737894 0.4262106 0 0 0.5343727 0.4656272 0 0 0.700243 0.299757 0 0 0.77074 0.2233012 0.005958782 0 0.7815909 0.2123492 0.006059889 0 0.8009111 0.1913169 0.007772 0 0.5331281 0.4650349 0.001836935 0 0.7850447 0.2075338 0.007421472 0 0.8215257 0.168748 0.009726314 0 0.8014179 0.1894553 0.009126869 0 0.5369743 0.4596481 0.003377596 0 0.7183995 0.279929 0.001671563 0 0.737596 0.262404 0 0 0.7499447 0.2474624 0.00259292 0 0.7732441 0.2235773 0.003178629 0 0.7681095 0.2305966 0.001293981 0 0.7405205 0.2479041 0.01157537 0 0.8004171 0.1974418 0.002140986 0 0.8151729 0.1805141 0.004313068 0 0.83259 0.1626335 0.004776527 0 0.7507241 0.2282443 0.02103159 0 0.7220995 0.2371678 0.04073272 0 0.6994844 0.2506542 0.04986149 0 0.6726496 0.3015309 0.02581951 0 0.65459 0.3222618 0.02314827 0 0.6838789 0.2807474 0.03537378 0 0.7078335 0.2231615 0.06900501 0 0.7386237 0.2049211 0.05645525 0 0.7648852 0.1978156 0.0372992 0 0.8091744 0.188515 0.002310554 0 0.7647985 0.1963831 0.03881843 0 0.8112628 0.1862154 0.002521727 0 0.8324336 0.1627585 0.004807867 0 0.8125459 0.1847391 0.002715038 0 0.8317311 0.1633211 0.004947796 0 0.7579574 0.2323516 0.009690966 0 0.7199882 0.2422536 0.03775823 0 0.7406977 0.2018179 0.05748439 0 0.7060878 0.2286765 0.06523567 0 0.7035655 0.2348673 0.06156717 0 0.6858417 0.2791953 0.03496299 0 0.6988585 0.2473732 0.05376833 0 0.7056727 0.2630731 0.0312541 0 0.6643989 0.3057674 0.02983369 0 0.6746678 0.3128204 0.01251171 0 0.6972452 0.241513 0.06124178 0 0.6670982 0.3018066 0.03109525 0 0.747932 0.252068 0 0 0.709583 0.290417 0 0 0.7010017 0.2645566 0.03444177 0 0.7369032 0.2630968 0 0 0.6860837 0.3051788 0.008737599 0 0.7379007 0.2620993 0 0 0.7496099 0.2503901 0 0 0.7507877 0.2492123 0 0 0.7286158 0.2713843 0 0 0.7449708 0.2550292 0 0 0.7657538 0.2342462 0 0 0.7301071 0.2698928 0 0 0.7495639 0.2504361 0 0 0.715856 0.2841441 0 0 0.7702827 0.2274675 0.002249834 0 0.7393702 0.2586794 0.001950372 0 0.7035016 0.2964984 0 0 0.7109098 0.2890902 0 0 0.6750214 0.3249786 0 0 0.7554525 0.2424864 0.002061213 0 0.7765763 0.2196975 0.003726254 0 0.7483727 0.24849 0.003137298 0 0.7581444 0.2371204 0.004735165 0 0.6647122 0.3242996 0.01098815 0 0.6205094 0.3778922 0.001598392 0 0.6764346 0.3235654 0 0 0.6361377 0.3617454 0.002116908 0 0.9098225 0.08216108 0.008016421 0 0.6110752 0.3866256 0.0022993 0 0.9162197 0.07413579 0.00964448 0 0.8936691 0.09491292 0.01141802 0 0.9204625 0.06981257 0.009724878 0 0.8917939 0.09677597 0.01143012 0 0.8936985 0.09302258 0.01327896 0 0.6807546 0.3192454 0 0 0.579757 0.4174957 0.002747307 0 0.697855 0.300726 0.001419025 0 0.7056279 0.2919775 0.00239456 0 0.7272259 0.2710133 0.001760921 0 0.5807313 0.4151376 0.004131097 0 0.8942658 0.09252339 0.0132108 0 0.7341822 0.2629402 0.002877589 0 0.8894045 0.09577528 0.0148203 0 0.8824365 0.102899 0.01466454 0 0.5445351 0.450328 0.003895119 0.001241876 0.7609857 0.2355871 0.003427143 0 0.8530287 0.13142 0.01555136 0 0.8505308 0.1339555 0.01551368 0 0.7494166 0.24605 0.004533375 0 0.543849 0.4513324 0.002623687 0.002195029 0.7227394 0.2733189 0.003941679 0 0.7757772 0.2190522 0.005170621 0 0.8699853 0.1130798 0.0169349 0 0.8599092 0.1237603 0.01633049 0 0.8683814 0.1143577 0.01726098 0 0.7603592 0.2335138 0.006127039 0 0.7887135 0.2055752 0.00571139 0 0.7716432 0.2218249 0.006531892 0 0.5405911 0.4540083 0.002743984 0.002656751 0.8717117 0.1108623 0.01742602 0 0.8558326 0.1271596 0.01700781 0 0.7354775 0.259288 0.00523451 0 0.7838991 0.2091292 0.006971727 0 0.7968403 0.1957238 0.007435997 0 0.7965425 0.1951548 0.008302673 0 0.7566327 0.2371421 0.006225286 0 0.7828894 0.2096882 0.007422331 0 0.802475 0.1889929 0.008532065 0 0.8166149 0.1740472 0.0093379 0 0.7637234 0.2292204 0.007056225 0 0.8190717 0.1703604 0.01056793 0 0.8015909 0.1888106 0.009598563 0 0.7977104 0.1924409 0.009848738 0 0.805106 0.1852398 0.009654135 0 0.7873089 0.2040827 0.008608447 0 0.822739 0.1657587 0.01150229 0 0.8121462 0.1777619 0.01009183 0 0.7873659 0.203352 0.009282053 0 0.5369169 0.4560029 0.004163589 0.002916627 0.7640355 0.2281149 0.007849679 0 0.8130123 0.1760432 0.01094449 0 0.8035443 0.1867975 0.009658093 0 0.820023 0.1685736 0.01140337 0 0.8202823 0.1685549 0.01116278 0 0.8180171 0.1710621 0.01092085 0 0.5387068 0.453769 0.00462306 0.002901125 0.8160105 0.1736619 0.0103276 0 0.8239668 0.1661784 0.009854739 0 0.8205716 0.1699431 0.00948529 0 0.8252864 0.1646881 0.01002549 0 0.8274761 0.1640398 0.00848409 0 0.8261002 0.165539 0.008360793 0 0.821618 0.1703886 0.007993466 0 0.8256109 0.1682125 0.006176563 0 0.8331982 0.1602561 0.006545651 0 0.8317311 0.1633211 0.004947796 0 0.8324336 0.1627585 0.004807867 0 0.8332312 0.1601794 0.006589378 0 0.8257633 0.1680906 0.006146051 0 0.83259 0.1626335 0.004776527 0 0.8151729 0.1805141 0.004313068 0 0.7732441 0.2235773 0.003178629 0 0.8206086 0.1699543 0.009437134 0 0.8217847 0.1704546 0.007760649 0 0.7821021 0.2132019 0.004696027 0 0.7499447 0.2474624 0.00259292 0 0.7925497 0.2003774 0.007072928 0 0.7946344 0.1992019 0.006163644 0 0.7689509 0.2267051 0.004343932 0 0.7183995 0.279929 0.001671563 0 0.7836676 0.2105661 0.005766339 0 0.7326045 0.2640946 0.003300917 0 0.7481067 0.2472088 0.004684596 0 0.5069149 0.487269 0.004079679 0.001736448 0.5369743 0.4596481 0.003377596 0 0.7585222 0.2356984 0.005779403 0 0.788514 0.2032917 0.008194363 0 0.7655111 0.2275101 0.00697884 0 0.8132429 0.1761666 0.01059057 0 0.8014179 0.1894553 0.009126869 0 0.81529 0.17392 0.01079005 0 0.8215257 0.168748 0.009726314 0 0.8215257 0.168748 0.009726314 0 0.8385248 0.1512645 0.01021073 0 0.8164721 0.172571 0.01095688 0 0.7980583 0.1905329 0.01140874 0 0.8127665 0.1753906 0.01184296 0 0.8062755 0.1821546 0.01156989 0 0.7934796 0.1936607 0.01285966 0 0.8029106 0.1842695 0.01281993 0 0.7918878 0.1947469 0.01336537 0 0.4980797 0.4959496 0.00409416 0.001876505 0.5042269 0.4896979 0.003718075 0.002357083 0.8156015 0.1711429 0.01325556 0 0.515169 0.4783149 0.003806181 0.00270998 0.8146045 0.1713483 0.01404721 0 0.8387095 0.1456616 0.01562882 0 0.8213143 0.1643836 0.01430206 0 0.5232053 0.4697911 0.004127235 0.002876233 0.8406166 0.1436881 0.01569526 0 0.8579165 0.1249613 0.01712216 0 0.770291 0.2215258 0.008183256 0 0.5293038 0.4706962 0 0 0.7815909 0.2123492 0.006059889 0 0.8009111 0.1913169 0.007772 0 0.5068442 0.4931558 0 0 0.5063557 0.4936442 0 0 0.8215257 0.168748 0.009726314 0 0.8247269 0.1681447 0.007128297 0 0.8215257 0.168748 0.009726314 0 0.8263728 0.1650115 0.008615666 0 0.4546051 0.3470695 0.1983254 0 0.4546051 0.3470695 0.1983254 0 0.4546051 0.3470695 0.1983254 0 0.4546051 0.3470695 0.1983254 0 0.4546051 0.3470695 0.1983254 0 0.4546051 0.3470695 0.1983254 0 0.4546051 0.3470695 0.1983254 0 0.4546051 0.3470695 0.1983254 0 0.4546051 0.3470695 0.1983254 0 0.4546051 0.3470695 0.1983254 0 0.4546051 0.3470695 0.1983254 0 0.4546051 0.3470695 0.1983254 0 0.4546051 0.3470695 0.1983254 0 0.4546051 0.3470695 0.1983254 0 0.4546051 0.3470695 0.1983254 0 0.4546051 0.3470695 0.1983254 0 0.4546051 0.3470695 0.1983254 0 0.4546051 0.3470695 0.1983254 0 0.4546051 0.3470695 0.1983254 0 0.4546051 0.3470695 0.1983254 0 0.4546051 0.3470695 0.1983254 0 0.4546051 0.3470695 0.1983254 0 0.4546051 0.3470695 0.1983254 0 0.4546051 0.3470695 0.1983254 0 0.4546051 0.3470695 0.1983254 0 0.4546051 0.3470695 0.1983254 0 0.4546051 0.3470695 0.1983254 0 0.4546051 0.3470695 0.1983254 0 0.4546051 0.3470695 0.1983254 0 0.4546051 0.3470695 0.1983254 0 0.4546051 0.3470695 0.1983254 0 0.4546051 0.3470695 0.1983254 0 0.4546051 0.3470695 0.1983254 0 0.4546051 0.3470695 0.1983254 0 0.4546051 0.3470695 0.1983254 0 0.4546051 0.3470695 0.1983254 0 0.4546051 0.3470695 0.1983254 0 0.4546051 0.3470695 0.1983254 0 0.4546051 0.3470695 0.1983254 0 0.4546051 0.3470695 0.1983254 0 0.4546051 0.3470695 0.1983254 0 0.4546051 0.3470695 0.1983254 0 0.4546051 0.3470695 0.1983254 0 0.4546051 0.3470695 0.1983254 0 0.4546051 0.3470695 0.1983254 0 0.4546051 0.3470695 0.1983254 0 0.4546051 0.3470695 0.1983254 0 0.4546051 0.3470695 0.1983254 0 0.4546051 0.3470695 0.1983254 0 0.4546051 0.3470695 0.1983254 0 0.4546051 0.3470695 0.1983254 0 0.4546051 0.3470695 0.1983254 0 0.4546051 0.3470695 0.1983254 0 0.4546051 0.3470695 0.1983254 0 0.4546051 0.3470695 0.1983254 0 0.4546051 0.3470695 0.1983254 0 0.4546051 0.3470695 0.1983254 0 0.4546051 0.3470695 0.1983254 0 0.4546051 0.3470695 0.1983254 0 0.4546051 0.3470695 0.1983254 0 0.4546051 0.3470695 0.1983254 0 0.4546051 0.3470695 0.1983254 0 0.4546051 0.3470695 0.1983254 0 0.4546051 0.3470695 0.1983254 0 0.4546051 0.3470695 0.1983254 0 0.4546051 0.3470695 0.1983254 0 0.4546051 0.3470695 0.1983254 0 0.4546051 0.3470695 0.1983254 0 0.4546051 0.3470695 0.1983254 0 0.4546051 0.3470695 0.1983254 0 0.4546051 0.3470695 0.1983254 0 0.4546051 0.3470695 0.1983254 0 0.4546051 0.3470695 0.1983254 0 0.4546051 0.3470695 0.1983254 0 0.4546051 0.3470695 0.1983254 0 0.4546051 0.3470695 0.1983254 0 0.4546051 0.3470695 0.1983254 0 0.4546051 0.3470695 0.1983254 0 0.4546051 0.3470695 0.1983254 0 0.4546051 0.3470695 0.1983254 0 0.4546051 0.3470695 0.1983254 0 0.4546051 0.3470695 0.1983254 0 0.4546051 0.3470695 0.1983254 0 0.4546051 0.3470695 0.1983254 0 0.4546051 0.3470695 0.1983254 0 0.4546051 0.3470695 0.1983254 0 0.4546051 0.3470695 0.1983254 0 0.4546051 0.3470695 0.1983254 0 0.4546051 0.3470695 0.1983254 0 0.4546051 0.3470695 0.1983254 0 0.4546051 0.3470695 0.1983254 0 0.4546051 0.3470695 0.1983254 0 0.4546051 0.3470695 0.1983254 0 0.4546051 0.3470695 0.1983254 0 0.4546051 0.3470695 0.1983254 0 0.4546051 0.3470695 0.1983254 0 0.4546051 0.3470695 0.1983254 0 0.4546051 0.3470695 0.1983254 0 0.4546051 0.3470695 0.1983254 0 0.4546051 0.3470695 0.1983254 0 0.4546051 0.3470695 0.1983254 0 0.4546051 0.3470695 0.1983254 0 0.4546051 0.3470695 0.1983254 0 0.4546051 0.3470695 0.1983254 0 0.4546051 0.3470695 0.1983254 0 0.4546051 0.3470695 0.1983254 0 0.4546051 0.3470695 0.1983254 0 0.4546051 0.3470695 0.1983254 0 0.4546051 0.3470695 0.1983254 0 0.4546051 0.3470695 0.1983254 0 0.4546051 0.3470695 0.1983254 0 0.4546051 0.3470695 0.1983254 0 0.4546051 0.3470695 0.1983254 0 0.4546051 0.3470695 0.1983254 0 0.4546051 0.3470695 0.1983254 0 0.4546051 0.3470695 0.1983254 0 0.4546051 0.3470695 0.1983254 0 0.4546051 0.3470695 0.1983254 0 0.4546051 0.3470695 0.1983254 0 0.4546051 0.3470695 0.1983254 0 0.4546051 0.3470695 0.1983254 0 0.4546051 0.3470695 0.1983254 0 0.4546051 0.3470695 0.1983254 0 0.4546051 0.3470695 0.1983254 0 0.4546051 0.3470695 0.1983254 0 0.4546051 0.3470695 0.1983254 0 0.4546051 0.3470695 0.1983254 0 0.4546051 0.3470695 0.1983254 0 0.4546051 0.3470695 0.1983254 0 0.4546051 0.3470695 0.1983254 0 0.4546051 0.3470695 0.1983254 0 0.4546051 0.3470695 0.1983254 0 0.4546051 0.3470695 0.1983254 0 0.4546051 0.3470695 0.1983254 0 0.4546051 0.3470695 0.1983254 0 0.4546051 0.3470695 0.1983254 0 0.4546051 0.3470695 0.1983254 0 0.4546051 0.3470695 0.1983254 0 0.4546051 0.3470695 0.1983254 0 0.4546051 0.3470695 0.1983254 0 0.4546051 0.3470695 0.1983254 0 0.4546051 0.3470695 0.1983254 0 0.4546051 0.3470695 0.1983254 0 0.4546051 0.3470695 0.1983254 0 0.4546051 0.3470695 0.1983254 0 0.4546051 0.3470695 0.1983254 0 0.4546051 0.3470695 0.1983254 0 0.4546051 0.3470695 0.1983254 0 0.4546051 0.3470695 0.1983254 0 0.4546051 0.3470695 0.1983254 0 0.4546051 0.3470695 0.1983254 0 0.4546051 0.3470695 0.1983254 0 0.4546051 0.3470695 0.1983254 0 0.4546051 0.3470695 0.1983254 0 0.4546051 0.3470695 0.1983254 0 0.4546051 0.3470695 0.1983254 0 0.4546051 0.3470695 0.1983254 0 0.4546051 0.3470695 0.1983254 0 0.4546051 0.3470695 0.1983254 0 0.4546051 0.3470695 0.1983254 0 0.4546051 0.3470695 0.1983254 0 0.4546051 0.3470695 0.1983254 0 0.4546051 0.3470695 0.1983254 0 0.4546051 0.3470695 0.1983254 0 0.4546051 0.3470695 0.1983254 0 1 0 0 0 1 0 0 0 1 0 0 0 1 0 0 0 1 0 0 0 1 0 0 0 1 0 0 0 1 0 0 0 1 0 0 0 1 0 0 0 1 0 0 0 1 0 0 0 1 0 0 0 1 0 0 0 1 0 0 0 1 0 0 0 1 0 0 0 1 0 0 0 1 0 0 0 1 0 0 0 1 0 0 0 1 0 0 0 1 0 0 0 1 0 0 0 1 0 0 0 1 0 0 0 1 0 0 0 1 0 0 0 1 0 0 0 1 0 0 0 1 0 0 0 1 0 0 0 1 0 0 0 1 0 0 0 1 0 0 0 1 0 0 0 1 0 0 0 1 0 0 0 1 0 0 0 1 0 0 0 1 0 0 0 1 0 0 0 1 0 0 0 1 0 0 0 1 0 0 0 1 0 0 0 1 0 0 0 1 0 0 0 1 0 0 0 1 0 0 0 1 0 0 0 1 0 0 0 1 0 0 0 1 0 0 0 1 0 0 0 1 0 0 0 1 0 0 0 1 0 0 0 1 0 0 0 1 0 0 0 1 0 0 0 1 0 0 0 1 0 0 0 1 0 0 0 1 0 0 0 1 0 0 0 1 0 0 0 1 0 0 0 1 0 0 0 1 0 0 0 1 0 0 0 1 0 0 0 1 0 0 0 1 0 0 0 1 0 0 0 1 0 0 0 1 0 0 0 1 0 0 0 1 0 0 0 1 0 0 0 1 0 0 0 1 0 0 0 1 0 0 0 1 0 0 0 1 0 0 0 1 0 0 0 1 0 0 0 1 0 0 0 1 0 0 0 1 0 0 0 1 0 0 0 1 0 0 0 0.6796725 0.3203275 0 0 0.6452819 0.3547181 0 0 0.6277962 0.3722038 0 0 0.6590576 0.3409425 0 0 0.6945572 0.3054428 0 0 0.7258855 0.2504621 0.02365245 0 0.6793752 0.3206248 0 0 0.6944754 0.3055246 0 0 0.705255 0.2728077 0.02193736 0 0.7427511 0.2305762 0.02667273 0 0.7235438 0.251009 0.02544724 0 0.6802827 0.2989148 0.02080248 0 0.7058406 0.2697906 0.02436883 0 0.6913058 0.3086943 0 0 0.6835487 0.3164513 0 0 0.6731251 0.3076091 0.01926575 0 0.6828119 0.2966109 0.02057717 0 0.6914174 0.3085826 0 0 0.680176 0.319824 0 0 0.6651803 0.3201311 0.01468859 0 0.6811697 0.3003758 0.01845459 0 0.6796981 0.3203019 0 0 0.6788682 0.3211317 0 0 0.6934587 0.2859756 0.02056563 0 0.6884149 0.2925252 0.01905992 0 0.6495843 0.3504157 0 0 0.6674539 0.3325461 0 0 0.713313 0.2619462 0.02474076 0 0.7171115 0.2571975 0.02569106 0 0.6338552 0.3661448 0 0 0.6562692 0.3437308 0 0 0.7332835 0.2371564 0.02956003 0 0.7436848 0.224483 0.03183221 0 0.6191531 0.3808469 0 0 0.6505723 0.3494277 0 0 0.7680851 0.1948299 0.03708509 0 0.7846689 0.1731039 0.04222721 0 0.604905 0.395095 0 0 0.6381038 0.3618961 0 0 0.8138481 0.1388041 0.04734784 0 0.81518 0.1364152 0.0484048 0 0.6067192 0.3932808 0 0 0.6194799 0.3805201 0 0 0.8355563 0.1121509 0.05229279 0 0.8356164 0.1120428 0.05234078 0 0.6042814 0.3957186 0 0 0.5786648 0.4213352 0 0 0.8639037 0.07748085 0.05861543 0 0.8629564 0.0786786 0.05836498 0 0.5426334 0.4573666 0 0 0.5393389 0.4606611 0 0 0.8996196 0.06607804 0.0343023 0 0.8997375 0.06677088 0.03349163 0 0.5334744 0.4665256 0 0 0.5573054 0.4426946 0 0 0.896372 0.05734907 0.04627892 0 0.8994769 0.05961194 0.04091117 0 0.5689154 0.4310846 0 0 0.5826281 0.4173719 0 0 0.894473 0.05627368 0.04925327 0 0.8977663 0.05189208 0.05034161 0 0.5867224 0.4132777 0 0 0.5648223 0.4351777 0 0 0.8979444 0.05626049 0.04579514 0 0.9009632 0.05021444 0.04882234 0 0.5838549 0.4161451 0 0 0.5371329 0.4628671 0 0 0.8864244 0.07056475 0.04301082 0 0.8883775 0.06606422 0.04555832 0 0.5495818 0.4504182 0 0 0.5133107 0.4866893 0 0 0.8696847 0.08845013 0.04186523 0 0.8702974 0.08825509 0.04144755 0 0.5163367 0.4836633 0 0 0.5667293 0.4332707 0 0 0.844875 0.1160538 0.03907117 0 0.8532127 0.1050227 0.04176462 0 0.5263679 0.4736321 0 0 0.5934575 0.4065426 0 0 0.8212784 0.1427083 0.03601332 0 0.8292999 0.1326417 0.0380584 0 0.5571726 0.4428274 0 0 0.6217036 0.3782964 0 0 0.794347 0.1732695 0.03238345 0 0.7904628 0.1775995 0.03193776 0 0.5948541 0.4051459 0 0 0.6452819 0.3547181 0 0 0.6277962 0.3722038 0 0 0.7601535 0.2120176 0.02782891 0 0.7687426 0.2010782 0.03017918 0 0.7258855 0.2504621 0.02365245 0 0.7427511 0.2305762 0.02667273 0 1 0 0 0 1 0 0 0 1 0 0 0 1 0 0 0 1 0 0 0 1 0 0 0 1 0 0 0 1 0 0 0 1 0 0 0 1 0 0 0 1 0 0 0 1 0 0 0 1 0 0 0 1 0 0 0 1 0 0 0 1 0 0 0 1 0 0 0 1 0 0 0 1 0 0 0 1 0 0 0 1 0 0 0 1 0 0 0 1 0 0 0 1 0 0 0 1 0 0 0 1 0 0 0 1 0 0 0 1 0 0 0 1 0 0 0 1 0 0 0 1 0 0 0 1 0 0 0 1 0 0 0 1 0 0 0 1 0 0 0 1 0 0 0 1 0 0 0 1 0 0 0 1 0 0 0 1 0 0 0 1 0 0 0 1 0 0 0 1 0 0 0 1 0 0 0 1 0 0 0 1 0 0 0 1 0 0 0 1 0 0 0 1 0 0 0 1 0 0 0 1 0 0 0 1 0 0 0 1 0 0 0 1 0 0 0 1 0 0 0 1 0 0 0 1 0 0 0 1 0 0 0 1 0 0 0 1 0 0 0 1 0 0 0 1 0 0 0 1 0 0 0 1 0 0 0 1 0 0 0 1 0 0 0 1 0 0 0 1 0 0 0 1 0 0 0 1 0 0 0 1 0 0 0 1 0 0 0 1 0 0 0 1 0 0 0 1 0 0 0 1 0 0 0 1 0 0 0 1 0 0 0 1 0 0 0 1 0 0 0 1 0 0 0 1 0 0 0 1 0 0 0 1 0 0 0 1 0 0 0 1 0 0 0 1 0 0 0 1 0 0 0 1 0 0 0 1 0 0 0 1 0 0 0 1 0 0 0 1 0 0 0 1 0 0 0 1 0 0 0 1 0 0 0 1 0 0 0 1 0 0 0 1 0 0 0 1 0 0 0 1 0 0 0 1 0 0 0 1 0 0 0 1 0 0 0 1 0 0 0 1 0 0 0 1 0 0 0 1 0 0 0 1 0 0 0 1 0 0 0 1 0 0 0 1 0 0 0 1 0 0 0 1 0 0 0 1 0 0 0 1 0 0 0 1 0 0 0 1 0 0 0 1 0 0 0 1 0 0 0 1 0 0 0 1 0 0 0 1 0 0 0 1 0 0 0 1 0 0 0 1 0 0 0 1 0 0 0 1 0 0 0 1 0 0 0 1 0 0 0 1 0 0 0 1 0 0 0 0.5340441 0.4634188 0.002537047 0 0.838519 0.1512704 0.01021057 0 0.8349028 0.156183 0.008914208 0 0.5219224 0.4765714 0.001506161 0 0.831731 0.1633212 0.004947822 0 0.8125468 0.184738 0.002715133 0 0.501468 0.498532 0 0 0.824716 0.1681563 0.007127631 0 0.7579609 0.2323475 0.009691614 0 0.5020459 0.4979541 0 0 0.8188622 0.1750505 0.006087307 0 0.7199919 0.2422495 0.0377587 0 0.8447282 0.1492519 0.00601989 0 0.513434 0.486566 0 0 0.7035682 0.2348648 0.06156693 0 0.5472193 0.4527807 0 0 0.8610159 0.1333332 0.005650921 0 0.6858428 0.2791926 0.03496464 0 0.8810297 0.1129889 0.005981387 0 0.5471992 0.4528008 0 0 0.6644022 0.3057638 0.02983394 0 0.8897232 0.1040138 0.006262966 0 0.6746718 0.3128167 0.01251153 0 0.5655853 0.4344147 0 0 0.9046857 0.08829818 0.007016103 0 0.6104523 0.3881041 0.001443707 0 0.7095854 0.2904146 0 0 0.9189371 0.0726854 0.008377425 0 0.6041003 0.3941653 0.001734463 0 0.728617 0.2713831 0 0 0.9204578 0.06981747 0.009724746 0 0.7301095 0.2698906 0 0 0.6117517 0.3858367 0.002411669 0 0.8917889 0.09678116 0.01142994 0 0.7393724 0.2586772 0.00195042 0 0.5830406 0.4140359 0.00292354 0 0.893693 0.09302828 0.01327876 0 0.7483744 0.2484882 0.003137377 0 0.5851379 0.410662 0.004200066 0 0.8824316 0.1029041 0.01466434 0 0.7581463 0.2371183 0.004735295 0 0.5596494 0.4349643 0.004211492 0.001174807 0.8505268 0.1339598 0.01551343 0 0.7716461 0.2218218 0.006532076 0 0.5309129 0.4643081 0.002404267 0.002374737 0.8599038 0.1237659 0.01633026 0 0.5321665 0.461916 0.00306742 0.002850041 0.7965445 0.1951527 0.008302867 0 0.8683757 0.1143636 0.01726073 0 0.5248002 0.4682362 0.003922416 0.003041179 0.8015934 0.188808 0.009598763 0 0.8558279 0.1271646 0.01700761 0 0.5302089 0.4624395 0.004374169 0.002977437 0.7977133 0.1924378 0.009848905 0 0.8387049 0.1456663 0.01562867 0 0.812147 0.1777611 0.01009189 0 0.504279 0.4893729 0.003184463 0.003163714 0.7918823 0.1947526 0.01336519 0 0.5447599 0.4496861 0.003427956 0.002126156 0.8205721 0.1699425 0.009485361 0 0.7934743 0.1936662 0.01285949 0 0.565425 0.4296293 0.003329447 0.001616255 0.8216189 0.1703876 0.007993538 0 0.5455827 0.4493195 0.002549418 0.002548343 0.7980534 0.190538 0.01140861 0 0.8164669 0.1725763 0.01095674 0 0.538835 0.4558208 0.003295004 0.002049254 0.838519 0.1512704 0.01021057 0 0.8256122 0.1682112 0.00617666 0 0.5340441 0.4634188 0.002537047 0 0.831731 0.1633212 0.004947822 0 0.8263672 0.1650173 0.008615502 0 0.838519 0.1512704 0.01021057 0 0.8215205 0.1687533 0.009726161 0 0.8349028 0.156183 0.008914208 0 0.8247207 0.1681511 0.007128151 0 0.824716 0.1681563 0.007127631 0 0.8188622 0.1750505 0.006087307 0 0.8117647 0.1822047 0.006030662 0 0.8447282 0.1492519 0.00601989 0 0.5019485 0.4980515 0 0 0.5063602 0.4936398 0 0 0.7154737 0.2845263 0 0 0.827535 0.1668623 0.005602668 0 0.8610159 0.1333332 0.005650921 0 0.5153456 0.4846543 0 0 0.5309414 0.4690586 0 0 0.8477471 0.1470958 0.005157073 0 0.8591322 0.1355673 0.005300468 0 0.8810297 0.1129889 0.005981387 0 0.7120165 0.2638524 0.02413114 0 0.8796865 0.1144242 0.005889344 0 0.8897232 0.1040138 0.006262966 0 0.9046857 0.08829818 0.007016103 0 0.6810319 0.3189681 0 0 0.5292989 0.4707011 0 0 0.5536307 0.4463693 0 0 0.8990812 0.09411733 0.006801418 0 0.9189371 0.0726854 0.008377425 0 0.6916821 0.2714732 0.03684482 0 0.5737852 0.4262148 0 0 0.5343682 0.4656318 0 0 0.7002437 0.2997563 0 0 0.7707368 0.2233045 0.005958708 0 0.7815858 0.2123545 0.006059781 0 0.8009049 0.1913232 0.007771836 0 0.5331237 0.4650395 0.001836902 0 0.7850407 0.2075379 0.007421353 0 0.8215205 0.1687533 0.009726161 0 0.8014138 0.1894595 0.009126749 0 0.5369693 0.4596531 0.003377537 0 0.7183998 0.2799286 0.001671606 0 0.7375993 0.2624008 0 0 0.7499473 0.2474597 0.00259302 0 0.7732443 0.223577 0.00317867 0 0.7681097 0.2305963 0.001294042 0 0.7405216 0.2479035 0.01157496 0 0.8004152 0.1974438 0.002141004 0 0.8151708 0.1805161 0.004313061 0 0.83259 0.1626334 0.004776576 0 0.7507266 0.2282425 0.02103088 0 0.7221019 0.2371657 0.04073247 0 0.6994871 0.2506503 0.04986271 0 0.6726512 0.3015279 0.02582087 0 0.654592 0.3222586 0.0231494 0 0.6838809 0.280742 0.03537708 0 0.7078349 0.2231607 0.06900443 0 0.7386248 0.2049209 0.05645435 0 0.7648887 0.1978115 0.03729975 0 0.8091752 0.1885142 0.002310632 0 0.7648006 0.196383 0.03881638 0 0.8112635 0.1862147 0.002521802 0 0.8324337 0.1627584 0.004807922 0 0.8125468 0.184738 0.002715133 0 0.831731 0.1633212 0.004947822 0 0.7579609 0.2323475 0.009691614 0 0.7199919 0.2422495 0.0377587 0 0.7406989 0.2018179 0.05748329 0 0.7060894 0.2286754 0.06523525 0 0.7035682 0.2348648 0.06156693 0 0.6858428 0.2791926 0.03496464 0 0.6988589 0.2473723 0.0537689 0 0.7056726 0.2630727 0.03125474 0 0.6644022 0.3057638 0.02983394 0 0.6746718 0.3128167 0.01251153 0 0.6972457 0.2415122 0.06124211 0 0.6671024 0.301801 0.03109661 0 0.7479317 0.2520683 0 0 0.7095854 0.2904146 0 0 0.7010019 0.2645559 0.0344422 0 0.7369044 0.2630956 0 0 0.6860893 0.3051734 0.008737296 0 0.7379024 0.2620976 0 0 0.7496099 0.2503901 0 0 0.7507878 0.2492122 0 0 0.728617 0.2713831 0 0 0.7449716 0.2550284 0 0 0.7657539 0.2342461 0 0 0.7301095 0.2698906 0 0 0.7495666 0.2504334 0 0 0.7158608 0.2841392 0 0 0.7702829 0.2274673 0.002249873 0 0.7393724 0.2586772 0.00195042 0 0.7035062 0.2964938 0 0 0.7109143 0.2890858 0 0 0.6750256 0.3249744 0 0 0.7554548 0.242484 0.002061272 0 0.7765758 0.2196979 0.003726278 0 0.7483744 0.2484882 0.003137377 0 0.7581463 0.2371183 0.004735295 0 0.664715 0.3242969 0.01098816 0 0.6205027 0.377899 0.001598355 0 0.6764394 0.3235606 0 0 0.6361312 0.361752 0.002116864 0 0.9098181 0.08216564 0.008016324 0 0.6110691 0.3866317 0.002299253 0 0.9162153 0.07414039 0.009644354 0 0.8936638 0.09491832 0.01141784 0 0.9204578 0.06981747 0.009724746 0 0.8917889 0.09678116 0.01142994 0 0.893693 0.09302828 0.01327876 0 0.6807595 0.3192405 0 0 0.5797513 0.4175015 0.002747251 0 0.6978587 0.3007222 0.001419081 0 0.7056314 0.291974 0.002394638 0 0.7272299 0.2710091 0.001760983 0 0.5807253 0.4151437 0.00413101 0 0.8942601 0.09252928 0.01321059 0 0.7341861 0.2629362 0.002877696 0 0.8893992 0.09578076 0.01482009 0 0.8824316 0.1029041 0.01466434 0 0.5445305 0.4503325 0.003895054 0.001241921 0.7609881 0.2355847 0.003427234 0 0.8530249 0.131424 0.01555112 0 0.8505268 0.1339598 0.01551343 0 0.7494206 0.2460458 0.004533525 0 0.5438442 0.4513371 0.002623643 0.00219508 0.7227422 0.2733161 0.003941766 0 0.7757785 0.2190508 0.005170736 0 0.8699797 0.1130856 0.01693463 0 0.8599038 0.1237659 0.01633026 0 0.8683757 0.1143636 0.01726073 0 0.760363 0.2335098 0.006127221 0 0.7887138 0.2055747 0.005711475 0 0.7716461 0.2218218 0.006532076 0 0.5405855 0.4540137 0.002743935 0.002656828 0.8717067 0.1108676 0.0174258 0 0.8558279 0.1271646 0.01700761 0 0.7354797 0.2592857 0.005234594 0 0.7839 0.2091282 0.006971806 0 0.7968413 0.1957226 0.007436103 0 0.7965445 0.1951527 0.008302867 0 0.7566342 0.2371405 0.00622538 0 0.7828926 0.2096848 0.007422572 0 0.8024753 0.1889927 0.008532136 0 0.8166146 0.1740475 0.009337953 0 0.7637235 0.2292203 0.007056267 0 0.819071 0.1703611 0.01056794 0 0.8015934 0.188808 0.009598763 0 0.7977133 0.1924378 0.009848905 0 0.8051066 0.1852392 0.009654217 0 0.787312 0.2040794 0.008608683 0 0.8227367 0.1657611 0.01150213 0 0.812147 0.1777611 0.01009189 0 0.7873694 0.2033483 0.009282278 0 0.5369114 0.4560084 0.004163516 0.002916713 0.7640356 0.2281147 0.00784969 0 0.8130127 0.1760429 0.01094451 0 0.8035468 0.1867949 0.009658311 0 0.820023 0.1685736 0.01140336 0 0.8202823 0.1685549 0.01116278 0 0.8180173 0.1710618 0.0109209 0 0.5387016 0.4537741 0.004622983 0.00290121 0.8160113 0.1736611 0.01032768 0 0.8239669 0.1661783 0.00985477 0 0.8205721 0.1699425 0.009485361 0 0.8252863 0.1646882 0.01002549 0 0.827476 0.1640399 0.008484124 0 0.8261005 0.1655387 0.008360812 0 0.8216189 0.1703876 0.007993538 0 0.8256122 0.1682112 0.00617666 0 0.833198 0.1602563 0.006545722 0 0.831731 0.1633212 0.004947822 0 0.8324337 0.1627584 0.004807922 0 0.833231 0.1601795 0.006589435 0 0.8257613 0.1680927 0.006146027 0 0.83259 0.1626334 0.004776576 0 0.8151708 0.1805161 0.004313061 0 0.7732443 0.223577 0.00317867 0 0.8206094 0.1699533 0.009437241 0 0.821783 0.1704564 0.007760608 0 0.7821023 0.2132016 0.004696057 0 0.7499473 0.2474597 0.00259302 0 0.7925462 0.200381 0.007072813 0 0.7946344 0.199202 0.006163661 0 0.768948 0.2267081 0.004343885 0 0.7183998 0.2799286 0.001671606 0 0.7836642 0.2105696 0.005766258 0 0.7326045 0.2640946 0.003300917 0 0.7481067 0.2472088 0.004684596 0 0.5069108 0.4872732 0.00407961 0.001736475 0.5369693 0.4596531 0.003377537 0 0.7585222 0.2356984 0.005779403 0 0.7885106 0.2032953 0.008194174 0 0.7655111 0.2275101 0.00697884 0 0.8132388 0.1761708 0.01059045 0 0.8014138 0.1894595 0.009126749 0 0.8152907 0.1739192 0.01079004 0 0.8215205 0.1687533 0.009726161 0 0.8215205 0.1687533 0.009726161 0 0.838519 0.1512704 0.01021057 0 0.8164669 0.1725763 0.01095674 0 0.7980534 0.190538 0.01140861 0 0.8127621 0.175395 0.01184283 0 0.8062756 0.1821545 0.01156986 0 0.7934743 0.1936662 0.01285949 0 0.8029101 0.1842701 0.01281988 0 0.7918823 0.1947526 0.01336519 0 0.4980756 0.4959537 0.004094093 0.001876552 0.5042235 0.4897014 0.003718028 0.002357141 0.8155971 0.1711475 0.01325543 0 0.5151644 0.4783195 0.00380612 0.002710049 0.8146026 0.1713503 0.01404714 0 0.8387049 0.1456663 0.01562867 0 0.8213136 0.1643843 0.01430204 0 0.5232007 0.4697959 0.00412717 0.002876306 0.8406166 0.1436881 0.01569528 0 0.8579121 0.1249659 0.01712198 0 0.7702909 0.2215259 0.008183233 0 0.8009049 0.1913232 0.007771836 0 0.7815858 0.2123545 0.006059781 0 0.5292989 0.4707011 0 0 0.5068442 0.4931558 0 0 0.8215205 0.1687533 0.009726161 0 0.5063602 0.4936398 0 0 0.8215205 0.1687533 0.009726161 0 0.8247207 0.1681511 0.007128151 0 0.8263672 0.1650173 0.008615502 0 0.4546051 0.3470695 0.1983254 0 0.4546051 0.3470695 0.1983254 0 0.4546051 0.3470695 0.1983254 0 0.4546051 0.3470695 0.1983254 0 0.4546051 0.3470695 0.1983254 0 0.4546051 0.3470695 0.1983254 0 0.4546051 0.3470695 0.1983254 0 0.4546051 0.3470695 0.1983254 0 0.4546051 0.3470695 0.1983254 0 0.4546051 0.3470695 0.1983254 0 0.4546051 0.3470695 0.1983254 0 0.4546051 0.3470695 0.1983254 0 0.4546051 0.3470695 0.1983254 0 0.4546051 0.3470695 0.1983254 0 0.4546051 0.3470695 0.1983254 0 0.4546051 0.3470695 0.1983254 0 0.4546051 0.3470695 0.1983254 0 0.4546051 0.3470695 0.1983254 0 0.4546051 0.3470695 0.1983254 0 0.4546051 0.3470695 0.1983254 0 0.4546051 0.3470695 0.1983254 0 0.4546051 0.3470695 0.1983254 0 0.4546051 0.3470695 0.1983254 0 0.4546051 0.3470695 0.1983254 0 0.4546051 0.3470695 0.1983254 0 0.4546051 0.3470695 0.1983254 0 0.4546051 0.3470695 0.1983254 0 0.4546051 0.3470695 0.1983254 0 0.4546051 0.3470695 0.1983254 0 0.4546051 0.3470695 0.1983254 0 0.4546051 0.3470695 0.1983254 0 0.4546051 0.3470695 0.1983254 0 0.4546051 0.3470695 0.1983254 0 0.4546051 0.3470695 0.1983254 0 0.4546051 0.3470695 0.1983254 0 0.4546051 0.3470695 0.1983254 0 0.4546051 0.3470695 0.1983254 0 0.4546051 0.3470695 0.1983254 0 0.4546051 0.3470695 0.1983254 0 0.4546051 0.3470695 0.1983254 0 0.4546051 0.3470695 0.1983254 0 0.4546051 0.3470695 0.1983254 0 0.4546051 0.3470695 0.1983254 0 0.4546051 0.3470695 0.1983254 0 0.4546051 0.3470695 0.1983254 0 0.4546051 0.3470695 0.1983254 0 0.4546051 0.3470695 0.1983254 0 0.4546051 0.3470695 0.1983254 0 0.4546051 0.3470695 0.1983254 0 0.4546051 0.3470695 0.1983254 0 0.4546051 0.3470695 0.1983254 0 0.4546051 0.3470695 0.1983254 0 0.4546051 0.3470695 0.1983254 0 0.4546051 0.3470695 0.1983254 0 0.4546051 0.3470695 0.1983254 0 0.4546051 0.3470695 0.1983254 0 0.4546051 0.3470695 0.1983254 0 0.4546051 0.3470695 0.1983254 0 0.4546051 0.3470695 0.1983254 0 0.4546051 0.3470695 0.1983254 0 0.4546051 0.3470695 0.1983254 0 0.4546051 0.3470695 0.1983254 0 0.4546051 0.3470695 0.1983254 0 0.4546051 0.3470695 0.1983254 0 0.4546051 0.3470695 0.1983254 0 0.4546051 0.3470695 0.1983254 0 0.4546051 0.3470695 0.1983254 0 0.4546051 0.3470695 0.1983254 0 0.4546051 0.3470695 0.1983254 0 0.4546051 0.3470695 0.1983254 0 0.4546051 0.3470695 0.1983254 0 0.4546051 0.3470695 0.1983254 0 0.4546051 0.3470695 0.1983254 0 0.4546051 0.3470695 0.1983254 0 0.4546051 0.3470695 0.1983254 0 0.4546051 0.3470695 0.1983254 0 0.4546051 0.3470695 0.1983254 0 0.4546051 0.3470695 0.1983254 0 0.4546051 0.3470695 0.1983254 0 0.4546051 0.3470695 0.1983254 0 0.4546051 0.3470695 0.1983254 0 0.4546051 0.3470695 0.1983254 0 0.4546051 0.3470695 0.1983254 0 0.4546051 0.3470695 0.1983254 0 0.4546051 0.3470695 0.1983254 0 0.4546051 0.3470695 0.1983254 0 0.4546051 0.3470695 0.1983254 0 0.4546051 0.3470695 0.1983254 0 0.4546051 0.3470695 0.1983254 0 0.4546051 0.3470695 0.1983254 0 0.4546051 0.3470695 0.1983254 0 0.4546051 0.3470695 0.1983254 0 0.4546051 0.3470695 0.1983254 0 0.4546051 0.3470695 0.1983254 0 0.4546051 0.3470695 0.1983254 0 0.4546051 0.3470695 0.1983254 0 0.4546051 0.3470695 0.1983254 0 0.4546051 0.3470695 0.1983254 0 0.4546051 0.3470695 0.1983254 0 0.4546051 0.3470695 0.1983254 0 0.4546051 0.3470695 0.1983254 0 0.4546051 0.3470695 0.1983254 0 0.4546051 0.3470695 0.1983254 0 0.4546051 0.3470695 0.1983254 0 0.4546051 0.3470695 0.1983254 0 0.4546051 0.3470695 0.1983254 0 0.4546051 0.3470695 0.1983254 0 0.4546051 0.3470695 0.1983254 0 0.4546051 0.3470695 0.1983254 0 0.4546051 0.3470695 0.1983254 0 0.4546051 0.3470695 0.1983254 0 0.4546051 0.3470695 0.1983254 0 0.4546051 0.3470695 0.1983254 0 0.4546051 0.3470695 0.1983254 0 0.4546051 0.3470695 0.1983254 0 0.4546051 0.3470695 0.1983254 0 0.4546051 0.3470695 0.1983254 0 0.4546051 0.3470695 0.1983254 0 0.4546051 0.3470695 0.1983254 0 0.4546051 0.3470695 0.1983254 0 0.4546051 0.3470695 0.1983254 0 0.4546051 0.3470695 0.1983254 0 0.4546051 0.3470695 0.1983254 0 0.4546051 0.3470695 0.1983254 0 0.4546051 0.3470695 0.1983254 0 0.4546051 0.3470695 0.1983254 0 0.4546051 0.3470695 0.1983254 0 0.4546051 0.3470695 0.1983254 0 0.4546051 0.3470695 0.1983254 0 0.4546051 0.3470695 0.1983254 0 0.4546051 0.3470695 0.1983254 0 0.4546051 0.3470695 0.1983254 0 0.4546051 0.3470695 0.1983254 0 0.4546051 0.3470695 0.1983254 0 0.4546051 0.3470695 0.1983254 0 0.4546051 0.3470695 0.1983254 0 0.4546051 0.3470695 0.1983254 0 0.4546051 0.3470695 0.1983254 0 0.4546051 0.3470695 0.1983254 0 0.4546051 0.3470695 0.1983254 0 0.4546051 0.3470695 0.1983254 0 0.4546051 0.3470695 0.1983254 0 0.4546051 0.3470695 0.1983254 0 0.4546051 0.3470695 0.1983254 0 0.4546051 0.3470695 0.1983254 0 0.4546051 0.3470695 0.1983254 0 0.4546051 0.3470695 0.1983254 0 0.4546051 0.3470695 0.1983254 0 0.4546051 0.3470695 0.1983254 0 0.4546051 0.3470695 0.1983254 0 0.4546051 0.3470695 0.1983254 0 0.4546051 0.3470695 0.1983254 0 0.4546051 0.3470695 0.1983254 0 0.4546051 0.3470695 0.1983254 0 0.4546051 0.3470695 0.1983254 0 0.4546051 0.3470695 0.1983254 0 0.4546051 0.3470695 0.1983254 0 0.4546051 0.3470695 0.1983254 0 0.4546051 0.3470695 0.1983254 0 0.4546051 0.3470695 0.1983254 0 0.4546051 0.3470695 0.1983254 0 0.4546051 0.3470695 0.1983254 0 0.4546051 0.3470695 0.1983254 0 0.4546051 0.3470695 0.1983254 0 0.4546051 0.3470695 0.1983254 0 1 0 0 0 1 0 0 0 1 0 0 0 1 0 0 0 1 0 0 0 1 0 0 0 1 0 0 0 1 0 0 0 1 0 0 0 1 0 0 0 1 0 0 0 1 0 0 0 1 0 0 0 1 0 0 0 1 0 0 0 1 0 0 0 1 0 0 0 1 0 0 0 1 0 0 0 1 0 0 0 1 0 0 0 1 0 0 0 1 0 0 0 1 0 0 0 1 0 0 0 1 0 0 0 1 0 0 0 1 0 0 0 1 0 0 0 1 0 0 0 1 0 0 0 1 0 0 0 1 0 0 0 1 0 0 0 1 0 0 0 1 0 0 0 1 0 0 0 1 0 0 0 1 0 0 0 1 0 0 0 1 0 0 0 1 0 0 0 1 0 0 0 1 0 0 0 1 0 0 0 1 0 0 0 1 0 0 0 1 0 0 0 1 0 0 0 1 0 0 0 1 0 0 0 1 0 0 0 1 0 0 0 1 0 0 0 1 0 0 0 1 0 0 0 1 0 0 0 1 0 0 0 1 0 0 0 1 0 0 0 1 0 0 0 1 0 0 0 1 0 0 0 1 0 0 0 1 0 0 0 1 0 0 0 1 0 0 0 1 0 0 0 1 0 0 0 1 0 0 0 1 0 0 0 1 0 0 0 1 0 0 0 1 0 0 0 1 0 0 0 1 0 0 0 1 0 0 0 1 0 0 0 1 0 0 0 1 0 0 0 1 0 0 0 1 0 0 0 1 0 0 0 1 0 0 0 1 0 0 0 1 0 0 0 1 0 0 0 1 0 0 0 1 0 0 0 1 0 0 0 1 0 0 0 1 0 0 0 0.6277979 0.3722021 0 0 0.6452832 0.3547168 0 0 0.6796731 0.3203269 0 0 0.659059 0.340941 0 0 0.7258777 0.2504704 0.02365189 0 0.6945572 0.3054428 0 0 0.7052464 0.2728168 0.02193684 0 0.7427511 0.2305762 0.02667273 0 0.7235433 0.2510095 0.02544721 0 0.6793755 0.3206244 0 0 0.6944749 0.305525 0 0 0.6802738 0.2989242 0.02080194 0 0.7058398 0.2697915 0.02436868 0 0.6913057 0.3086943 0 0 0.6835486 0.3164514 0 0 0.6731155 0.3076194 0.01926508 0 0.6828119 0.2966111 0.02057707 0 0.691417 0.308583 0 0 0.6801759 0.3198241 0 0 0.6651719 0.3201397 0.01468843 0 0.68117 0.3003754 0.01845462 0 0.6796972 0.3203028 0 0 0.6788673 0.3211327 0 0 0.693449 0.2859858 0.0205652 0 0.6884162 0.2925236 0.01906022 0 0.6495837 0.3504162 0 0 0.6674526 0.3325474 0 0 0.7133031 0.2619566 0.02474023 0 0.717113 0.2571956 0.02569143 0 0.6338549 0.3661452 0 0 0.6562674 0.3437326 0 0 0.7332734 0.2371673 0.02955936 0 0.7436866 0.2244807 0.03183267 0 0.6191529 0.3808471 0 0 0.6505699 0.3494301 0 0 0.7680742 0.1948416 0.03708422 0 0.78467 0.1731026 0.04222743 0 0.604905 0.395095 0 0 0.6381022 0.3618978 0 0 0.8138354 0.1388181 0.04734641 0 0.8151806 0.1364145 0.04840488 0 0.6067192 0.3932808 0 0 0.6194791 0.3805209 0 0 0.8355438 0.1121649 0.0522913 0 0.8356171 0.1120419 0.05234094 0 0.6042814 0.3957186 0 0 0.5786632 0.4213369 0 0 0.8638903 0.07749592 0.05861376 0 0.8629571 0.07867774 0.05836514 0 0.5426334 0.4573666 0 0 0.539336 0.460664 0 0 0.899608 0.06607625 0.03431579 0 0.8997375 0.0667708 0.03349173 0 0.5334731 0.4665269 0 0 0.5573053 0.4426947 0 0 0.8963623 0.05734754 0.04629014 0 0.8994765 0.05961159 0.04091195 0 0.5689147 0.4310854 0 0 0.5826276 0.4173724 0 0 0.8944643 0.05628385 0.04925193 0 0.8977659 0.0518925 0.05034161 0 0.5867218 0.4132783 0 0 0.5648233 0.4351768 0 0 0.8979356 0.05627051 0.04579396 0 0.9009627 0.05021511 0.04882215 0 0.583855 0.4161449 0 0 0.5371342 0.4628659 0 0 0.886417 0.07057317 0.04300982 0 0.8883781 0.06606364 0.04555831 0 0.5495828 0.4504171 0 0 0.5133092 0.4866907 0 0 0.8696778 0.08845796 0.04186427 0 0.8702984 0.08825383 0.04144774 0 0.5163359 0.4836641 0 0 0.5667281 0.4332719 0 0 0.8448684 0.1160612 0.03907037 0 0.8532137 0.1050216 0.0417646 0 0.5263699 0.4736301 0 0 0.593457 0.406543 0 0 0.8212715 0.142716 0.03601251 0 0.8293014 0.13264 0.03805862 0 0.5571749 0.442825 0 0 0.6217039 0.378296 0 0 0.7943393 0.173278 0.03238269 0 0.7904645 0.1775974 0.03193803 0 0.5948563 0.4051438 0 0 0.6452832 0.3547168 0 0 0.6277979 0.3722021 0 0 0.7601454 0.2120264 0.02782821 0 0.7687433 0.2010775 0.03017923 0 0.7258777 0.2504704 0.02365189 0 0.7427511 0.2305762 0.02667273 0 1 0 0 0 1 0 0 0 1 0 0 0 1 0 0 0 1 0 0 0 1 0 0 0 1 0 0 0 1 0 0 0 1 0 0 0 1 0 0 0 1 0 0 0 1 0 0 0 1 0 0 0 1 0 0 0 1 0 0 0 1 0 0 0 1 0 0 0 1 0 0 0 1 0 0 0 1 0 0 0 1 0 0 0 1 0 0 0 1 0 0 0 1 0 0 0 1 0 0 0 1 0 0 0 1 0 0 0 1 0 0 0 1 0 0 0 1 0 0 0 1 0 0 0 1 0 0 0 1 0 0 0 1 0 0 0 1 0 0 0 1 0 0 0 1 0 0 0 1 0 0 0 1 0 0 0 1 0 0 0 1 0 0 0 1 0 0 0 1 0 0 0 1 0 0 0 1 0 0 0 1 0 0 0 1 0 0 0 1 0 0 0 1 0 0 0 1 0 0 0 1 0 0 0 1 0 0 0 1 0 0 0 1 0 0 0 1 0 0 0 1 0 0 0 1 0 0 0 1 0 0 0 1 0 0 0 1 0 0 0 1 0 0 0 1 0 0 0 1 0 0 0 1 0 0 0 1 0 0 0 1 0 0 0 1 0 0 0 1 0 0 0 1 0 0 0 1 0 0 0 1 0 0 0 1 0 0 0 1 0 0 0 1 0 0 0 1 0 0 0 1 0 0 0 1 0 0 0 1 0 0 0 1 0 0 0 1 0 0 0 1 0 0 0 1 0 0 0 1 0 0 0 1 0 0 0 1 0 0 0 1 0 0 0 1 0 0 0 1 0 0 0 1 0 0 0 1 0 0 0 1 0 0 0 1 0 0 0 1 0 0 0 1 0 0 0 1 0 0 0 1 0 0 0 1 0 0 0 1 0 0 0 1 0 0 0 1 0 0 0 1 0 0 0 1 0 0 0 1 0 0 0 1 0 0 0 1 0 0 0 1 0 0 0 1 0 0 0 1 0 0 0 1 0 0 0 1 0 0 0 1 0 0 0 1 0 0 0 1 0 0 0 1 0 0 0 1 0 0 0 1 0 0 0 1 0 0 0 1 0 0 0 1 0 0 0 1 0 0 0 1 0 0 0 1 0 0 0 1 0 0 0 1 0 0 0 1 0 0 0 1 0 0 0 1 0 0 0 1 0 0 0 1 0 0 0 1 0 0 0 1 0 0 0 1 0 0 0 0.7280774 0.2719226 0 0 0.6169797 0.3830203 0 0 0.7188932 0.2811068 0 0 0.6165305 0.3834696 0 0 0.7669466 0.2330534 0 0 0.7188932 0.2811068 0 0 0.7570144 0.2429856 0 0 0.6550362 0.3449638 0 0 0.6169797 0.3830203 0 0 0.653415 0.3465851 0 0 0.7987266 0.2012734 0 0 0.789303 0.210697 0 0 0.8165544 0.1834456 0 0 0.6802734 0.3197266 0 0 0.6789387 0.3210613 0 0 0.8166351 0.1833648 0 0 0.9578722 0.04212776 0 0 0.710516 0.2894839 0 0 0.7084956 0.2915044 0 0 0.7128689 0.2871311 0 0 0.9568834 0.04311662 0 0 0.7132103 0.2867897 0 0 0.8581665 0.1418335 0 0 0.8491569 0.1508431 0 0 0.8476228 0.1523772 0 0 0.7180513 0.2819487 0 0 0.7213879 0.2786121 0 0 0.8555323 0.1444677 0 0 0.7066715 0.2933285 0 0 0.7058018 0.2941982 0 0 0.8824125 0.1175875 0 0 0.8778023 0.1221977 0 0 0.8748467 0.1251533 0 0 0.7358063 0.2641936 0 0 0.7206697 0.2793303 0 0 0.7359029 0.2640971 0 0 0.8827975 0.1172025 0 0 0.7606152 0.2393848 0 0 0.8837134 0.1162866 0 0 0.8791285 0.1208716 0 0 0.7686674 0.2313326 0 0 0.744512 0.2554879 0 0 0.8810436 0.1189564 0 0 0.8776954 0.1223045 0 0 0.7663815 0.2336185 0 0 0.7497319 0.2502681 0 0 0.8795784 0.1204216 0 0 0.7595013 0.2404987 0 0 0.7474483 0.2525517 0 0 0.7609426 0.2390575 0 0 0.8761986 0.1238014 0 0 0.8775125 0.1224875 0 0 0.8641399 0.1358601 0 0 0.9033071 0.09669286 0 0 0.8695186 0.1304815 0 0 0.8597251 0.1402749 0 0 0.8775125 0.1224875 0 0 0.8731641 0.126836 0 0 0.8761986 0.1238014 0 0 0.7609426 0.2390575 0 0 0.7408386 0.2591613 0 0 0.7474483 0.2525517 0 0 0.725161 0.274839 0 0 0.7393056 0.2606944 0 0 0.7671443 0.2328557 0 0 0.7671443 0.2328557 0 0 0.8695186 0.1304815 0 0 0.7395906 0.2604094 0 0 0.7474483 0.2525517 0 0 0.7395906 0.2604094 0 0 0.9033071 0.09669286 0 0 0.7474483 0.2525517 0 0 0.8775125 0.1224875 0 0 0.653415 0.3465851 0 0 0.7188932 0.2811068 0 0 0.6169797 0.3830203 0 0 0.7570144 0.2429856 0 0 0.6789387 0.3210613 0 0 0.789303 0.210697 0 0 0.7084956 0.2915044 0 0 0.8165544 0.1834456 0 0 0.9578722 0.04212776 0 0 0.7128689 0.2871311 0 0 0.7213879 0.2786121 0 0 0.8491569 0.1508431 0 0 0.7058018 0.2941982 0 0 0.8476228 0.1523772 0 0 0.7206697 0.2793303 0 0 0.8778023 0.1221977 0 0 0.7359029 0.2640971 0 0 0.8748467 0.1251533 0 0 0.744512 0.2554879 0 0 0.8791285 0.1208716 0 0 0.7497319 0.2502681 0 0 0.8776954 0.1223045 0 0 0.8775125 0.1224875 0 0 0.7474483 0.2525517 0 0 0.65 0.35 0 0 0.65 0.35 0 0 0.65 0.35 0 0 0.65 0.35 0 0 0.65 0.35 0 0 0.65 0.35 0 0 0.65 0.35 0 0 0.65 0.35 0 0 0.65 0.35 0 0 0.65 0.35 0 0 0.65 0.35 0 0 0.65 0.35 0 0 0.65 0.35 0 0 0.65 0.35 0 0 0.65 0.35 0 0 0.65 0.35 0 0 0.65 0.35 0 0 0.65 0.35 0 0 0.65 0.35 0 0 0.65 0.35 0 0 0.65 0.35 0 0 0.65 0.35 0 0 0.65 0.35 0 0 0.65 0.35 0 0 0.65 0.35 0 0 0.65 0.35 0 0 0.65 0.35 0 0 0.65 0.35 0 0 0.65 0.35 0 0 0.65 0.35 0 0 0.65 0.35 0 0 0.65 0.35 0 0 0.65 0.35 0 0 0.65 0.35 0 0 0.65 0.35 0 0 0.65 0.35 0 0 0.65 0.35 0 0 0.65 0.35 0 0 0.65 0.35 0 0 0.65 0.35 0 0 0.65 0.35 0 0 0.65 0.35 0 0 0.65 0.35 0 0 0.65 0.35 0 0 0.65 0.35 0 0 0.65 0.35 0 0 0.65 0.35 0 0 0.65 0.35 0 0 0.65 0.35 0 0 0.65 0.35 0 0 0.65 0.35 0 0 0.65 0.35 0 0 0.65 0.35 0 0 0.65 0.35 0 0 0.65 0.35 0 0 0.65 0.35 0 0 0.65 0.35 0 0 0.65 0.35 0 0 0.65 0.35 0 0 0.65 0.35 0 0 0.65 0.35 0 0 0.65 0.35 0 0 0.65 0.35 0 0 0.65 0.35 0 0 0.65 0.35 0 0 0.65 0.35 0 0 0.65 0.35 0 0 0.65 0.35 0 0 0.65 0.35 0 0 0.65 0.35 0 0 0.65 0.35 0 0 0.65 0.35 0 0 0.65 0.35 0 0 0.65 0.35 0 0 0.65 0.35 0 0 0.65 0.35 0 0 0.65 0.35 0 0 0.65 0.35 0 0 0.65 0.35 0 0 0.65 0.35 0 0 0.65 0.35 0 0 0.65 0.35 0 0 0.65 0.35 0 0 0.65 0.35 0 0 0.65 0.35 0 0 0.65 0.35 0 0 0.65 0.35 0 0 0.65 0.35 0 0 0.65 0.35 0 0 0.65 0.35 0 0 0.65 0.35 0 0 0.707115 0.292885 0 0 0.6092022 0.3907978 0 0 0.7063633 0.2936367 0 0 0.5956594 0.4043406 0 0 0.6736645 0.3263355 0 0 0.5674002 0.4325998 0 0 0.6729711 0.3270289 0 0 0.5716034 0.4283966 0 0 0.7054668 0.2945332 0 0 0.707115 0.292885 0 0 0.6736645 0.3263355 0 0 0.7063633 0.2936367 0 0 0.5997546 0.4002453 0 0 0.5674002 0.4325998 0 0 0.5956594 0.4043406 0 0 0.6092022 0.3907978 0 0 0.6605996 0.3394004 0 0 0.6715922 0.3284077 0 0 0.6479208 0.3520792 0 0 0.6230518 0.3769483 0 0 0.6139467 0.3860533 0 0 0.6423357 0.3576643 0 0 0.6 0.4 0 0 0.6179059 0.3820941 0 0 0.6096342 0.3903658 0 0 0.6 0.4 0 0 0.6 0.4 0 0 0.6 0.4 0 0 0.6 0.4 0 0 0.6 0.4 0 0 0.6 0.4 0 0 0.6 0.4 0 0 0.6 0.4 0 0 0.6 0.4 0 0 0.6 0.4 0 0 0.6 0.4 0 0 0.6 0.4 0 0 0.6 0.4 0 0 0.6 0.4 0 0 0.6 0.4 0 0 0.6 0.4 0 0 0.6 0.4 0 0 0.6 0.4 0 0 0.6 0.4 0 0 0.6 0.4 0 0 0.6 0.4 0 0 0.6 0.4 0 0 0.6 0.4 0 0 0.6 0.4 0 0 0.6 0.4 0 0 0.6 0.4 0 0 0.6 0.4 0 0 0.6 0.4 0 0 0.6 0.4 0 0 0.6 0.4 0 0 0.6 0.4 0 0 0.6 0.4 0 0 0.6 0.4 0 0 0.6 0.4 0 0 0.6 0.4 0 0 0.6 0.4 0 0 0.6 0.4 0 0 0.6 0.4 0 0 0.6 0.4 0 0 0.6 0.4 0 0 0.6 0.4 0 0 0.6 0.4 0 0 0.6 0.4 0 0 0.6 0.4 0 0 0.6 0.4 0 0 0.6 0.4 0 0 0.6 0.4 0 0 0.6 0.4 0 0 0.6 0.4 0 0 0.6 0.4 0 0 0.6 0.4 0 0 0.6 0.4 0 0 0.6 0.4 0 0 0.6 0.4 0 0 0.6 0.4 0 0 0.6 0.4 0 0 0.6 0.4 0 0 0.6 0.4 0 0 0.7609432 0.2390568 0 0 0.7474488 0.2525512 0 0 0.7408387 0.2591613 0 0 0.8731641 0.126836 0 0 0.8761986 0.1238014 0 0 0.8775125 0.1224875 0 0 0.8597251 0.1402749 0 0 0.9033071 0.09669286 0 0 0.7251616 0.2748384 0 0 0.86414 0.1358601 0 0 0.8695186 0.1304815 0 0 0.7395914 0.2604086 0 0 0.7474488 0.2525512 0 0 0.7671447 0.2328552 0 0 0.7393063 0.2606937 0 0 0.7671447 0.2328552 0 0 0.8695186 0.1304815 0 0 0.7395914 0.2604086 0 0 0.9033071 0.09669286 0 0 0.7474488 0.2525512 0 0 0.8775125 0.1224875 0 0 0.6169805 0.3830195 0 0 0.7280774 0.2719226 0 0 0.7188933 0.2811067 0 0 0.6165313 0.3834687 0 0 0.7669466 0.2330534 0 0 0.7188933 0.2811067 0 0 0.7570145 0.2429856 0 0 0.655037 0.344963 0 0 0.6169805 0.3830195 0 0 0.6534157 0.3465843 0 0 0.7987266 0.2012734 0 0 0.7893031 0.2106969 0 0 0.8165545 0.1834455 0 0 0.6802739 0.3197261 0 0 0.6789387 0.3210613 0 0 0.8166351 0.1833648 0 0 0.9578722 0.04212776 0 0 0.710516 0.2894839 0 0 0.7084957 0.2915044 0 0 0.7128689 0.2871311 0 0 0.9568834 0.04311665 0 0 0.7132103 0.2867897 0 0 0.8581665 0.1418335 0 0 0.8491569 0.1508431 0 0 0.8476228 0.1523772 0 0 0.7180513 0.2819487 0 0 0.7213883 0.2786116 0 0 0.8555323 0.1444677 0 0 0.7066715 0.2933285 0 0 0.7058024 0.2941976 0 0 0.8824125 0.1175875 0 0 0.8778023 0.1221977 0 0 0.8748468 0.1251532 0 0 0.7358063 0.2641936 0 0 0.7206703 0.2793296 0 0 0.7359029 0.2640971 0 0 0.8827975 0.1172025 0 0 0.7606152 0.2393848 0 0 0.8837134 0.1162866 0 0 0.8791285 0.1208715 0 0 0.7686674 0.2313326 0 0 0.7445123 0.2554878 0 0 0.8810436 0.1189564 0 0 0.8776954 0.1223045 0 0 0.7663815 0.2336185 0 0 0.749732 0.250268 0 0 0.8795784 0.1204216 0 0 0.7595013 0.2404987 0 0 0.7474488 0.2525512 0 0 0.7609432 0.2390568 0 0 0.8761986 0.1238014 0 0 0.8775125 0.1224875 0 0 0.7188933 0.2811067 0 0 0.6534157 0.3465843 0 0 0.6169805 0.3830195 0 0 0.7570145 0.2429856 0 0 0.6789387 0.3210613 0 0 0.7893031 0.2106969 0 0 0.7084957 0.2915044 0 0 0.8165545 0.1834455 0 0 0.9578722 0.04212776 0 0 0.7128689 0.2871311 0 0 0.7213883 0.2786116 0 0 0.8491569 0.1508431 0 0 0.7058024 0.2941976 0 0 0.8476228 0.1523772 0 0 0.7206703 0.2793296 0 0 0.8778023 0.1221977 0 0 0.7359029 0.2640971 0 0 0.8748468 0.1251532 0 0 0.7445123 0.2554878 0 0 0.8791285 0.1208715 0 0 0.749732 0.250268 0 0 0.8776954 0.1223045 0 0 0.8775125 0.1224875 0 0 0.7474488 0.2525512 0 0 0.65 0.35 0 0 0.65 0.35 0 0 0.65 0.35 0 0 0.65 0.35 0 0 0.65 0.35 0 0 0.65 0.35 0 0 0.65 0.35 0 0 0.65 0.35 0 0 0.65 0.35 0 0 0.65 0.35 0 0 0.65 0.35 0 0 0.65 0.35 0 0 0.65 0.35 0 0 0.65 0.35 0 0 0.65 0.35 0 0 0.65 0.35 0 0 0.65 0.35 0 0 0.65 0.35 0 0 0.65 0.35 0 0 0.65 0.35 0 0 0.65 0.35 0 0 0.65 0.35 0 0 0.65 0.35 0 0 0.65 0.35 0 0 0.65 0.35 0 0 0.65 0.35 0 0 0.65 0.35 0 0 0.65 0.35 0 0 0.65 0.35 0 0 0.65 0.35 0 0 0.65 0.35 0 0 0.65 0.35 0 0 0.65 0.35 0 0 0.65 0.35 0 0 0.65 0.35 0 0 0.65 0.35 0 0 0.65 0.35 0 0 0.65 0.35 0 0 0.65 0.35 0 0 0.65 0.35 0 0 0.65 0.35 0 0 0.65 0.35 0 0 0.65 0.35 0 0 0.65 0.35 0 0 0.65 0.35 0 0 0.65 0.35 0 0 0.65 0.35 0 0 0.65 0.35 0 0 0.65 0.35 0 0 0.65 0.35 0 0 0.65 0.35 0 0 0.65 0.35 0 0 0.65 0.35 0 0 0.65 0.35 0 0 0.65 0.35 0 0 0.65 0.35 0 0 0.65 0.35 0 0 0.65 0.35 0 0 0.65 0.35 0 0 0.65 0.35 0 0 0.65 0.35 0 0 0.65 0.35 0 0 0.65 0.35 0 0 0.65 0.35 0 0 0.65 0.35 0 0 0.65 0.35 0 0 0.65 0.35 0 0 0.65 0.35 0 0 0.65 0.35 0 0 0.65 0.35 0 0 0.65 0.35 0 0 0.65 0.35 0 0 0.65 0.35 0 0 0.65 0.35 0 0 0.65 0.35 0 0 0.65 0.35 0 0 0.65 0.35 0 0 0.65 0.35 0 0 0.65 0.35 0 0 0.65 0.35 0 0 0.65 0.35 0 0 0.65 0.35 0 0 0.65 0.35 0 0 0.65 0.35 0 0 0.65 0.35 0 0 0.65 0.35 0 0 0.65 0.35 0 0 0.65 0.35 0 0 0.65 0.35 0 0 0.65 0.35 0 0 0.65 0.35 0 0 0.6092022 0.3907978 0 0 0.707115 0.292885 0 0 0.7063633 0.2936367 0 0 0.5956594 0.4043406 0 0 0.6736645 0.3263355 0 0 0.5674002 0.4325998 0 0 0.6729711 0.3270289 0 0 0.5716035 0.4283966 0 0 0.7054668 0.2945332 0 0 0.707115 0.292885 0 0 0.6736645 0.3263355 0 0 0.7063633 0.2936367 0 0 0.5997546 0.4002453 0 0 0.5674002 0.4325998 0 0 0.5956594 0.4043406 0 0 0.6092022 0.3907978 0 0 0.6605996 0.3394004 0 0 0.6715922 0.3284078 0 0 0.6479208 0.3520792 0 0 0.6230518 0.3769483 0 0 0.6139467 0.3860533 0 0 0.6423357 0.3576643 0 0 0.6 0.4 0 0 0.6179059 0.3820941 0 0 0.6096342 0.3903658 0 0 0.6 0.4 0 0 0.6 0.4 0 0 0.6 0.4 0 0 0.6 0.4 0 0 0.6 0.4 0 0 0.6 0.4 0 0 0.6 0.4 0 0 0.6 0.4 0 0 0.6 0.4 0 0 0.6 0.4 0 0 0.6 0.4 0 0 0.6 0.4 0 0 0.6 0.4 0 0 0.6 0.4 0 0 0.6 0.4 0 0 0.6 0.4 0 0 0.6 0.4 0 0 0.6 0.4 0 0 0.6 0.4 0 0 0.6 0.4 0 0 0.6 0.4 0 0 0.6 0.4 0 0 0.6 0.4 0 0 0.6 0.4 0 0 0.6 0.4 0 0 0.6 0.4 0 0 0.6 0.4 0 0 0.6 0.4 0 0 0.6 0.4 0 0 0.6 0.4 0 0 0.6 0.4 0 0 0.6 0.4 0 0 0.6 0.4 0 0 0.6 0.4 0 0 0.6 0.4 0 0 0.6 0.4 0 0 0.6 0.4 0 0 0.6 0.4 0 0 0.6 0.4 0 0 0.6 0.4 0 0 0.6 0.4 0 0 0.6 0.4 0 0 0.6 0.4 0 0 0.6 0.4 0 0 0.6 0.4 0 0 0.6 0.4 0 0 0.6 0.4 0 0 0.6 0.4 0 0 0.6 0.4 0 0 0.6 0.4 0 0 0.6 0.4 0 0 0.6 0.4 0 0 0.6 0.4 0 0 0.6 0.4 0 0 0.6 0.4 0 0 0.6 0.4 0 0 0.6 0.4 0 0 0.6 0.4 0 0 1 0 0 0 1 0 0 0 1 0 0 0 1 0 0 0 1 0 0 0 1 0 0 0 1 0 0 0 1 0 0 0 1 0 0 0 1 0 0 0 1 0 0 0 1 0 0 0 1 0 0 0 1 0 0 0 1 0 0 0 1 0 0 0 1 0 0 0 1 0 0 0 1 0 0 0 1 0 0 0 1 0 0 0 1 0 0 0 1 0 0 0 1 0 0 0 1 0 0 0 1 0 0 0 1 0 0 0 1 0 0 0 1 0 0 0 1 0 0 0 1 0 0 0 1 0 0 0 1 0 0 0 1 0 0 0 1 0 0 0 1 0 0 0 1 0 0 0 1 0 0 0 1 0 0 0 1 0 0 0 1 0 0 0 1 0 0 0 1 0 0 0 1 0 0 0 1 0 0 0 1 0 0 0 1 0 0 0 0.592039 0.407961 0 0 0.5754842 0.4245158 0 0 0.5412862 0.45138 0.007333785 0 0.6086842 0.3913158 0 0 0.5327326 0.4637089 0.003558596 0 0.6597679 0.3402321 0 0 0.6002885 0.3997115 0 0 0.5432547 0.4541945 0.002550769 0 0.6787336 0.3212664 0 0 0.683727 0.316273 0 0 0.5675873 0.4324126 0 0 0.5412862 0.45138 0.007333785 0 0.5754842 0.4245158 0 0 0.6842437 0.3157563 0 0 0.7125667 0.2874334 0 0 0.7203513 0.2796487 0 0 0.6595485 0.3404515 0 0 0.6597679 0.3402321 0 0 0.7202849 0.2797151 0 0 0.7378438 0.2621562 0 0 0.7203357 0.2796644 0 0 0.6963347 0.3036653 0 0 0.683727 0.316273 0 0 0.739648 0.260352 0 0 0.7529765 0.2470236 0 0 0.8369115 0.1630885 0 0 0.7172425 0.2827575 0 0 0.7203513 0.2796487 0 0 0.753733 0.246267 0 0 0.8091656 0.1908344 0 0 0.8919717 0.1080283 0 0 0.7210121 0.2789879 0 0 0.7203357 0.2796644 0 0 0.8595256 0.1404744 0 0 0.9189351 0.0810649 0 0 0.9148472 0.08515286 0 0 0.9189929 0.08100706 0 0 0.8316188 0.1683812 0 0 0.8369115 0.1630885 0 0 0.9188689 0.08113109 0 0 0.9188288 0.08117117 0 0 0.8601952 0.1398048 0 0 0.8919717 0.1080283 0 0 0.9177446 0.08225537 0 0 0.9148472 0.08515286 0 0 0.9189929 0.08100706 0 0 0.9148472 0.08515286 0 0 0.5887196 0.4112804 0 0 0.6325901 0.3674099 0 0 0.5866583 0.4133417 0 0 0.6334875 0.3665125 0 0 0.5887196 0.4112804 0 0 0.6562539 0.3437462 0 0 0.6562466 0.3437534 0 0 0.6334875 0.3665125 0 0 0.5841648 0.4158352 0 0 0.6562539 0.3437462 0 0 0.6162089 0.3837911 0 0 0.6103227 0.3896773 0 0 0.6273272 0.3726728 0 0 0.5694544 0.4305456 0 0 0.5887196 0.4112804 0 0 0.5866583 0.4133417 0 0 0.5887196 0.4112804 0 0 0.6162089 0.3837911 0 0 0.5841648 0.4158352 0 0 0.5999109 0.4000891 0 0 0.5694544 0.4305456 0 0 0.6428416 0.3571584 0 0 0.5749152 0.4250849 0 0 0.5294232 0.4705768 0 0 0.614131 0.385869 0 0 0.5347711 0.4652288 0 0 0.5108161 0.4891839 0 0 0.6114792 0.3885208 0 0 0.5294232 0.4705768 0 0 0.5206444 0.4793555 0 0 0.6103649 0.3789877 0.01064734 0 0.5793662 0.4206338 0 0 0.5790442 0.4209557 0 0 0.5108161 0.4891839 0 0 0.603546 0.3868043 0.009649834 0 0.7268817 0.2459958 0.02712255 0 0.527445 0.472555 0 0 0.5198225 0.4801775 0 0 0.6103649 0.3789877 0.01064734 0 0.7276189 0.2451867 0.02719439 0 0.7889442 0.1712306 0.03982525 0 0.5491126 0.4465291 0.004358268 0 0.5476934 0.4498543 0.002452181 0 0.7268817 0.2459958 0.02712255 0 0.7873669 0.1732796 0.03935345 0 0.8130034 0.1403501 0.04664657 0 0.6709781 0.3157491 0.0132728 0 0.6612789 0.327727 0.01099403 0 0.7889442 0.1712306 0.03982525 0 0.8163553 0.13606 0.0475846 0 0.8228789 0.1276484 0.04947276 0 0.7415204 0.2300106 0.028469 0 0.738856 0.2332967 0.02784727 0 0.8130034 0.1403501 0.04664657 0 0.8303736 0.116974 0.05265244 0 0.8246143 0.1253742 0.05001161 0 0.7742828 0.1887153 0.03700193 0 0.768281 0.1961213 0.03559777 0 0.8228789 0.1276484 0.04947276 0 0.8367774 0.1081515 0.05507103 0 0.8246143 0.1253742 0.05001161 0 0.8378683 0.1068352 0.05529656 0 0.7949091 0.1609899 0.0441011 0 0.7835806 0.1755384 0.04088097 0 0.8246143 0.1253742 0.05001161 0 0.8104968 0.1408876 0.04861562 0 0.8136396 0.1355679 0.05079258 0 0.7939289 0.1615499 0.04452129 0 0.8246143 0.1253742 0.05001161 0 0.7981739 0.1556247 0.04620141 0 0.4711627 0.3437774 0.1850599 0 0.4709891 0.3438126 0.1851983 0 0.4709586 0.3438188 0.1852226 0 0.4719734 0.3436125 0.184414 0 0.4718983 0.3436278 0.1844739 0 0.4712066 0.3437684 0.1850249 0 0.4710747 0.3437952 0.1851301 0 0.4719734 0.3436125 0.184414 0 0.4730045 0.3434024 0.1835931 0 0.4712388 0.3437619 0.1849993 0 0.4710289 0.3438045 0.1851666 0 0.4720829 0.3435902 0.1843268 0 0.4730711 0.3433888 0.1835401 0 0.474802 0.3430347 0.1821633 0 0.4711627 0.3437774 0.1850599 0 0.4709586 0.3438188 0.1852226 0 0.4718983 0.3436278 0.1844739 0 0.4719969 0.3436078 0.1843954 0 0.4730045 0.3434024 0.1835931 0 0.4730467 0.3433938 0.1835595 0 0.474802 0.3430347 0.1821633 0 0.4731591 0.3433709 0.1834701 0 0.4748424 0.3430264 0.1821313 0 0.4768984 0.3426037 0.180498 0 0.4749367 0.3430071 0.1820562 0 0.476962 0.3425905 0.1804475 0 0.4791926 0.3421292 0.1786782 0 0.4748596 0.3430229 0.1821176 0 0.4768984 0.3426037 0.180498 0 0.4792019 0.3421273 0.1786708 0 0.4816646 0.3416148 0.1767206 0 0.4770393 0.3425746 0.1803861 0 0.4769704 0.3425888 0.1804408 0 0.4791926 0.3421292 0.1786782 0 0.4816413 0.3416197 0.176739 0 0.4841825 0.3410874 0.1747301 0 0.4792561 0.342116 0.1786278 0 0.4792182 0.3421239 0.1786579 0 0.4816646 0.3416148 0.1767206 0 0.4841402 0.3410963 0.1747635 0 0.4865796 0.340582 0.1728384 0 0.4816717 0.3416133 0.176715 0 0.4816652 0.3416147 0.1767201 0 0.4841825 0.3410874 0.1747301 0 0.4864815 0.3406028 0.1729157 0 0.4882396 0.3402301 0.1715302 0 0.4841072 0.3411033 0.1747896 0 0.4841276 0.3410989 0.1747735 0 0.4865796 0.340582 0.1728384 0 0.4881424 0.3402508 0.1716068 0 0.4895056 0.3399608 0.1705337 0 0.4864196 0.3406158 0.1729645 0 0.4864126 0.3406173 0.1729701 0 0.4882396 0.3402301 0.1715302 0 0.489523 0.339957 0.17052 0 0.489879 0.3398811 0.1702399 0 0.4897789 0.3399025 0.1703186 0 0.4880053 0.3402799 0.1717148 0 0.4546051 0.3470695 0.1983254 0 0.4895056 0.3399608 0.1705337 0 0.4893584 0.3399921 0.1706495 0 0.4896174 0.3399369 0.1704457 0 0.4893277 0.3399987 0.1706737 0 0.489879 0.3398811 0.1702399 0 0.489714 0.3399163 0.1703697 0 1 0 0 0 1 0 0 0 1 0 0 0 1 0 0 0 1 0 0 0 1 0 0 0 1 0 0 0 1 0 0 0 1 0 0 0 1 0 0 0 1 0 0 0 1 0 0 0 1 0 0 0 1 0 0 0 1 0 0 0 1 0 0 0 1 0 0 0 1 0 0 0 1 0 0 0 1 0 0 0 1 0 0 0 1 0 0 0 1 0 0 0 1 0 0 0 1 0 0 0 1 0 0 0 1 0 0 0 1 0 0 0 1 0 0 0 1 0 0 0 1 0 0 0 1 0 0 0 1 0 0 0 1 0 0 0 1 0 0 0 1 0 0 0 1 0 0 0 1 0 0 0 1 0 0 0 1 0 0 0 1 0 0 0 1 0 0 0 1 0 0 0 1 0 0 0 1 0 0 0 1 0 0 0 1 0 0 0 0.5754901 0.4245099 0 0 0.59204 0.40796 0 0 0.5412775 0.4513893 0.007333234 0 0.6086891 0.391311 0 0 0.6597703 0.3402298 0 0 0.5327207 0.4637209 0.003558265 0 0.6787375 0.3212625 0 0 0.6837298 0.3162702 0 0 0.6002946 0.3997054 0 0 0.5432463 0.454203 0.002550577 0 0.7125687 0.2874313 0 0 0.720351 0.279649 0 0 0.5675936 0.4324064 0 0 0.5412775 0.4513893 0.007333234 0 0.5754901 0.4245099 0 0 0.6842467 0.3157533 0 0 0.6595521 0.3404479 0 0 0.6597703 0.3402298 0 0 0.7378445 0.2621555 0 0 0.7203419 0.2796582 0 0 0.7202855 0.2797145 0 0 0.6963356 0.3036644 0 0 0.6837298 0.3162702 0 0 0.752982 0.2470181 0 0 0.8369121 0.1630879 0 0 0.7396483 0.2603517 0 0 0.7172428 0.2827573 0 0 0.720351 0.279649 0 0 0.8091736 0.1908264 0 0 0.8919711 0.108029 0 0 0.7537371 0.2462629 0 0 0.7210163 0.2789837 0 0 0.7203419 0.2796582 0 0 0.9189351 0.08106491 0 0 0.9148475 0.08515252 0 0 0.9189929 0.08100708 0 0 0.8595273 0.1404726 0 0 0.8316207 0.1683793 0 0 0.8369121 0.1630879 0 0 0.9188689 0.08113109 0 0 0.9188288 0.08117117 0 0 0.8601972 0.1398028 0 0 0.8919711 0.108029 0 0 0.9177447 0.08225536 0 0 0.9148475 0.08515252 0 0 0.9189929 0.08100708 0 0 0.9148475 0.08515252 0 0 0.6325923 0.3674078 0 0 0.5887237 0.4112763 0 0 0.5866615 0.4133385 0 0 0.6334893 0.3665107 0 0 0.5887237 0.4112763 0 0 0.6562517 0.3437484 0 0 0.6562461 0.3437538 0 0 0.6334893 0.3665107 0 0 0.5841681 0.4158319 0 0 0.6562517 0.3437484 0 0 0.6162066 0.3837934 0 0 0.6103254 0.3896746 0 0 0.6273299 0.3726701 0 0 0.5694576 0.4305424 0 0 0.5887237 0.4112763 0 0 0.5866615 0.4133385 0 0 0.5887237 0.4112763 0 0 0.6162066 0.3837934 0 0 0.5841681 0.4158319 0 0 0.5999109 0.4000891 0 0 0.5694576 0.4305424 0 0 0.6428414 0.3571586 0 0 0.5749152 0.4250849 0 0 0.5294313 0.4705686 0 0 0.6141322 0.3858678 0 0 0.5347762 0.4652238 0 0 0.5108104 0.4891896 0 0 0.6114818 0.3885181 0 0 0.5294313 0.4705686 0 0 0.57937 0.42063 0 0 0.5206364 0.4793636 0 0 0.6103498 0.3790045 0.0106457 0 0.57905 0.42095 0 0 0.5108104 0.4891896 0 0 0.5274515 0.4725485 0 0 0.6035348 0.3868167 0.009648538 0 0.7268698 0.2460094 0.02712087 0 0.5198327 0.4801673 0 0 0.6103498 0.3790045 0.0106457 0 0.7276071 0.2452002 0.02719271 0 0.7889336 0.1712433 0.03982309 0 0.5491039 0.4465383 0.00435771 0 0.5476846 0.4498635 0.002451836 0 0.7268698 0.2460094 0.02712087 0 0.7873579 0.1732906 0.0393516 0 0.8129968 0.1403585 0.04664471 0 0.6709684 0.3157595 0.01327213 0 0.6612695 0.3277371 0.01099341 0 0.7889336 0.1712433 0.03982309 0 0.816349 0.1360682 0.04758279 0 0.822875 0.1276533 0.04947166 0 0.7415112 0.2300217 0.02846707 0 0.7388449 0.2333102 0.02784489 0 0.8129968 0.1403585 0.04664471 0 0.8303694 0.1169798 0.05265085 0 0.8246137 0.1253749 0.05001142 0 0.7742767 0.1887229 0.03700033 0 0.7682744 0.1961296 0.035596 0 0.822875 0.1276533 0.04947166 0 0.836774 0.1081564 0.05506961 0 0.8246137 0.1253749 0.05001142 0 0.8378651 0.1068397 0.05529525 0 0.7949054 0.1609949 0.0440997 0 0.783577 0.1755434 0.04087958 0 0.8246137 0.1253749 0.05001142 0 0.8104907 0.1408953 0.04861405 0 0.8136351 0.1355737 0.05079124 0 0.793927 0.1615527 0.04452042 0 0.8246137 0.1253749 0.05001142 0 0.798174 0.1556248 0.04620121 0 0.4709891 0.3438126 0.1851982 0 0.471163 0.3437773 0.1850597 0 0.4709587 0.3438188 0.1852225 0 0.4719734 0.3436125 0.184414 0 0.4718983 0.3436278 0.1844739 0 0.4712067 0.3437684 0.1850249 0 0.4710747 0.3437952 0.18513 0 0.4719734 0.3436125 0.184414 0 0.4730044 0.3434024 0.1835932 0 0.4712389 0.3437619 0.1849992 0 0.4710289 0.3438045 0.1851666 0 0.4720829 0.3435902 0.1843268 0 0.4730711 0.3433888 0.1835401 0 0.4748019 0.3430347 0.1821634 0 0.471163 0.3437773 0.1850597 0 0.4709587 0.3438188 0.1852225 0 0.4718983 0.3436278 0.1844739 0 0.4719969 0.3436078 0.1843954 0 0.4730044 0.3434024 0.1835932 0 0.4730467 0.3433938 0.1835595 0 0.4748019 0.3430347 0.1821634 0 0.473159 0.3433709 0.1834701 0 0.4748423 0.3430264 0.1821313 0 0.4768983 0.3426037 0.1804981 0 0.4749366 0.3430071 0.1820564 0 0.4769619 0.3425906 0.1804476 0 0.4791924 0.3421293 0.1786783 0 0.4748594 0.3430229 0.1821177 0 0.4768983 0.3426037 0.1804981 0 0.4770392 0.3425746 0.1803862 0 0.4792017 0.3421274 0.178671 0 0.4816645 0.3416148 0.1767207 0 0.4769703 0.3425888 0.1804409 0 0.4791924 0.3421293 0.1786783 0 0.4816412 0.3416197 0.1767391 0 0.4841822 0.3410875 0.1747303 0 0.4792559 0.3421161 0.178628 0 0.479218 0.3421239 0.178658 0 0.4816645 0.3416148 0.1767207 0 0.4841399 0.3410963 0.1747637 0 0.4865789 0.3405822 0.1728389 0 0.4816716 0.3416134 0.1767151 0 0.481665 0.3416147 0.1767202 0 0.4841822 0.3410875 0.1747303 0 0.4864812 0.3406028 0.172916 0 0.4882391 0.3402303 0.1715307 0 0.4841069 0.3411033 0.1747898 0 0.4841273 0.341099 0.1747737 0 0.4865789 0.3405822 0.1728389 0 0.4881421 0.3402508 0.171607 0 0.4895053 0.3399608 0.1705339 0 0.4864193 0.3406159 0.1729648 0 0.486412 0.3406174 0.1729705 0 0.4882391 0.3402303 0.1715307 0 0.4895228 0.3399571 0.1705201 0 0.489879 0.3398811 0.1702399 0 0.4897789 0.3399025 0.1703187 0 0.488005 0.34028 0.1717151 0 0.4546051 0.3470695 0.1983254 0 0.4895053 0.3399608 0.1705339 0 0.4893582 0.3399922 0.1706496 0 0.4896174 0.3399369 0.1704457 0 0.4893274 0.3399987 0.1706739 0 0.489879 0.3398811 0.1702399 0 0.4897139 0.3399163 0.1703698 0 0.9711106 0.019628 0.007742193 0.001519191 0.971925 0.01900631 0.0075747 0.001494031 0.971925 0.01900631 0.0075747 0.001494031 0.9711106 0.019628 0.007742193 0.001519191 0.969074 0.02125989 0.008193632 0.001472474 0.9725521 0.01850196 0.007426664 0.00151925 0.9697486 0.0206992 0.008035441 0.001516795 0.9676428 0.02240068 0.008508295 0.001448212 0.9719198 0.01896632 0.00755712 0.001556736 0.9728917 0.01822713 0.007346112 0.001535073 0.9725103 0.01848489 0.007422682 0.001582062 0.9703798 0.02017745 0.007888674 0.001554028 0.970885 0.0197632 0.007772624 0.001579203 0.9680018 0.02209153 0.008419489 0.001487183 0.9655808 0.02406886 0.008946838 0.001403586 0.9684049 0.02175166 0.00832289 0.001520548 0.9688005 0.02142471 0.008230923 0.001543866 0.9655663 0.02405921 0.008945085 0.001429346 0.9624172 0.02665445 0.009587581 0.001340766 0.9655231 0.024079 0.008950453 0.001447463 0.9654562 0.024126 0.008962329 0.001455445 0.9617052 0.02721498 0.009727126 0.001352673 0.9596307 0.02894355 0.0101545 0.00127124 0.9607752 0.02795146 0.009914774 0.001358585 0.9602904 0.02833107 0.01002098 0.001357582 0.9583043 0.03000888 0.01041907 0.001267816 0.9575574 0.03066 0.01057921 0.001203395 0.9570985 0.0309722 0.01066796 0.001261285 0.9564099 0.03151931 0.01081593 0.001254888 0.9557738 0.0321038 0.01093742 0.001185012 0.9564474 0.03159675 0.01081046 0.001145416 0.9540461 0.03349775 0.01128677 0.001169328 0.9531882 0.03418492 0.01146905 0.001157831 0.954419 0.03324709 0.01121966 0.001114247 0.9564345 0.0316408 0.01082038 0.001104294 0.9529195 0.03446713 0.01152217 0.001091201 0.9521536 0.03509034 0.01167669 0.001079423 0.9544033 0.03330086 0.01123177 0.001064057 0.9575204 0.03078683 0.01060775 0.001084991 0.9529018 0.03452793 0.01153585 0.001034455 0.9516522 0.03555253 0.01179147 0.001003776 0.9556946 0.03228653 0.01097961 0.001039315 0.959574 0.02913789 0.01019824 0.001089834 0.9544792 0.0332821 0.01122915 0.001009591 0.9546293 0.03396693 0.01140376 0 0.9583134 0.03018044 0.01045758 0.001048601 0.9623477 0.02689283 0.009641232 0.001118239 0.9574401 0.03090087 0.01063892 0.00102009 0.9568101 0.03142006 0.01076952 0.001000315 0.9616204 0.02750593 0.009792608 0.001081076 0.9655069 0.02432248 0.009003918 0.001166779 0.9610789 0.02795982 0.009907677 0.001053599 0.9606507 0.02831588 0.009997721 0.001035681 0.9654762 0.02436876 0.009014753 0.00114032 0.9683787 0.02197673 0.008416325 0.00122835 0.9654211 0.02442894 0.009029211 0.001120681 0.9647435 0.02499525 0.009170182 0.001091068 0.9688998 0.02157408 0.008307233 0.001218839 0.9696739 0.02091426 0.008118651 0.00129324 0.9694204 0.02116658 0.008195961 0.00121715 0.9696344 0.02099749 0.008149566 0.001218508 0.9704049 0.02034046 0.007959122 0.001295501 0.9705815 0.02015664 0.007904427 0.00135745 0.9708335 0.02001037 0.007861299 0.001294786 0.9710778 0.01981919 0.007804847 0.001298162 0.9714124 0.0195035 0.007715184 0.001369009 0.9719402 0.01904015 0.007581674 0.001437958 0.9719725 0.01906409 0.007585498 0.001377896 0.97228 0.01882043 0.007513751 0.001385881 0.9719402 0.01904015 0.007581674 0.001437958 0.971925 0.01900631 0.0075747 0.001494031 0.971925 0.01900631 0.0075747 0.001494031 0.9725694 0.01854022 0.007434549 0.001455851 0.9729099 0.0182675 0.007354431 0.00146816 0.9725521 0.01850196 0.007426664 0.00151925 0.9728917 0.01822713 0.007346112 0.001535073 0.998303 0.001697003 0 0 0.9889081 0.01109186 0 0 1 0 0 0 1 0 0 0 1 0 0 0 1 0 0 0 1 0 0 0 1 0 0 0 1 0 0 0 1 0 0 0 1 0 0 0 1 0 0 0 1 0 0 0 1 0 0 0 1 0 0 0 1 0 0 0 1 0 0 0 1 0 0 0 1 0 0 0 1 0 0 0 1 0 0 0 1 0 0 0 1 0 0 0 1 0 0 0 1 0 0 0 1 0 0 0 1 0 0 0 1 0 0 0 1 0 0 0 1 0 0 0 1 0 0 0 1 0 0 0 1 0 0 0 1 0 0 0 1 0 0 0 1 0 0 0 1 0 0 0 1 0 0 0 1 0 0 0 1 0 0 0 1 0 0 0 1 0 0 0 1 0 0 0 1 0 0 0 0.996467 0.003533023 0 0 1 0 0 0 0.9889196 0.01108045 0 0 1 0 0 0 0.9889081 0.01109186 0 0 1 0 0 0 1 0 0 0 1 0 0 0 1 0 0 0 1 0 0 0 1 0 0 0 1 0 0 0 1 0 0 0 1 0 0 0 1 0 0 0 1 0 0 0 1 0 0 0 1 0 0 0 1 0 0 0 1 0 0 0 1 0 0 0 1 0 0 0 1 0 0 0 1 0 0 0 1 0 0 0 1 0 0 0 1 0 0 0 1 0 0 0 1 0 0 0 1 0 0 0 1 0 0 0 1 0 0 0 1 0 0 0 1 0 0 0 1 0 0 0 1 0 0 0 1 0 0 0 1 0 0 0 1 0 0 0 1 0 0 0 1 0 0 0 1 0 0 0 1 0 0 0 1 0 0 0 1 0 0 0 1 0 0 0 1 0 0 0 1 0 0 0 1 0 0 0 1 0 0 0 1 0 0 0 1 0 0 0 1 0 0 0 1 0 0 0 1 0 0 0 1 0 0 0 1 0 0 0 1 0 0 0 1 0 0 0 1 0 0 0 1 0 0 0 1 0 0 0 1 0 0 0 1 0 0 0 1 0 0 0 1 0 0 0 1 0 0 0 1 0 0 0 1 0 0 0 1 0 0 0 1 0 0 0 1 0 0 0 1 0 0 0 1 0 0 0 1 0 0 0 1 0 0 0 1 0 0 0 1 0 0 0 1 0 0 0 1 0 0 0 1 0 0 0 1 0 0 0 1 0 0 0 1 0 0 0 1 0 0 0 1 0 0 0 1 0 0 0 1 0 0 0 1 0 0 0 1 0 0 0 1 0 0 0 1 0 0 0 1 0 0 0 1 0 0 0 1 0 0 0 1 0 0 0 1 0 0 0 1 0 0 0 1 0 0 0 1 0 0 0 1 0 0 0 1 0 0 0 1 0 0 0 1 0 0 0 1 0 0 0 1 0 0 0 1 0 0 0 1 0 0 0 1 0 0 0 1 0 0 0 1 0 0 0 1 0 0 0 1 0 0 0 1 0 0 0 1 0 0 0 1 0 0 0 1 0 0 0 1 0 0 0 1 0 0 0 1 0 0 0 1 0 0 0 1 0 0 0 1 0 0 0 1 0 0 0 1 0 0 0 1 0 0 0 1 0 0 0 1 0 0 0 1 0 0 0 1 0 0 0 1 0 0 0 1 0 0 0 1 0 0 0 1 0 0 0 1 0 0 0 1 0 0 0 1 0 0 0 1 0 0 0 1 0 0 0 1 0 0 0 1 0 0 0 1 0 0 0 1 0 0 0 1 0 0 0 1 0 0 0 1 0 0 0 1 0 0 0 1 0 0 0 1 0 0 0 1 0 0 0 1 0 0 0 1 0 0 0 1 0 0 0 1 0 0 0 1 0 0 0 1 0 0 0 1 0 0 0 1 0 0 0 1 0 0 0 1 0 0 0 1 0 0 0 1 0 0 0 1 0 0 0 1 0 0 0 1 0 0 0 1 0 0 0 1 0 0 0 1 0 0 0 1 0 0 0 1 0 0 0 1 0 0 0 1 0 0 0 1 0 0 0 1 0 0 0 1 0 0 0 1 0 0 0 1 0 0 0 1 0 0 0 1 0 0 0 1 0 0 0 1 0 0 0 1 0 0 0 1 0 0 0 1 0 0 0 1 0 0 0 1 0 0 0 1 0 0 0 1 0 0 0 1 0 0 0 1 0 0 0 1 0 0 0 1 0 0 0 1 0 0 0 1 0 0 0 1 0 0 0 1 0 0 0 1 0 0 0 1 0 0 0 1 0 0 0 1 0 0 0 1 0 0 0 1 0 0 0 1 0 0 0 1 0 0 0 1 0 0 0 1 0 0 0 1 0 0 0 1 0 0 0 1 0 0 0 1 0 0 0 1 0 0 0 1 0 0 0 1 0 0 0 1 0 0 0 1 0 0 0 1 0 0 0 1 0 0 0 1 0 0 0 1 0 0 0 1 0 0 0 1 0 0 0 1 0 0 0 1 0 0 0 1 0 0 0 1 0 0 0 1 0 0 0 1 0 0 0 1 0 0 0 1 0 0 0 1 0 0 0 1 0 0 0 1 0 0 0 1 0 0 0 1 0 0 0 1 0 0 0 1 0 0 0 1 0 0 0 1 0 0 0 1 0 0 0 1 0 0 0 1 0 0 0 1 0 0 0 1 0 0 0 1 0 0 0 1 0 0 0 1 0 0 0 1 0 0 0 1 0 0 0 1 0 0 0 1 0 0 0 1 0 0 0 1 0 0 0 1 0 0 0 1 0 0 0 1 0 0 0 1 0 0 0 1 0 0 0 1 0 0 0 1 0 0 0 1 0 0 0 1 0 0 0 1 0 0 0 1 0 0 0 1 0 0 0 1 0 0 0 1 0 0 0 1 0 0 0 1 0 0 0 1 0 0 0 1 0 0 0 1 0 0 0 1 0 0 0 1 0 0 0 1 0 0 0 1 0 0 0 1 0 0 0 1 0 0 0 1 0 0 0 1 0 0 0 1 0 0 0 1 0 0 0 1 0 0 0 1 0 0 0 1 0 0 0 1 0 0 0 1 0 0 0 1 0 0 0 1 0 0 0 1 0 0 0 1 0 0 0 1 0 0 0 1 0 0 0 1 0 0 0 1 0 0 0 1 0 0 0 1 0 0 0 1 0 0 0 1 0 0 0 1 0 0 0 1 0 0 0 1 0 0 0 1 0 0 0 1 0 0 0 1 0 0 0 1 0 0 0 1 0 0 0 1 0 0 0 1 0 0 0 1 0 0 0 1 0 0 0 1 0 0 0 1 0 0 0 1 0 0 0 1 0 0 0 1 0 0 0 1 0 0 0 1 0 0 0 1 0 0 0 1 0 0 0 1 0 0 0 1 0 0 0 1 0 0 0 1 0 0 0 1 0 0 0 1 0 0 0 1 0 0 0 1 0 0 0 1 0 0 0 1 0 0 0 1 0 0 0 1 0 0 0 1 0 0 0 1 0 0 0 1 0 0 0 1 0 0 0 1 0 0 0 1 0 0 0 1 0 0 0 1 0 0 0 1 0 0 0 1 0 0 0 1 0 0 0 1 0 0 0 1 0 0 0 1 0 0 0 1 0 0 0 1 0 0 0 1 0 0 0 1 0 0 0 1 0 0 0 1 0 0 0 1 0 0 0 1 0 0 0 1 0 0 0 1 0 0 0 1 0 0 0 1 0 0 0 1 0 0 0 1 0 0 0 1 0 0 0 1 0 0 0 1 0 0 0 1 0 0 0 1 0 0 0 1 0 0 0 1 0 0 0 1 0 0 0 1 0 0 0 1 0 0 0 1 0 0 0 1 0 0 0 1 0 0 0 1 0 0 0 1 0 0 0 0.9444104 0.05558958 0 0 0.9772895 0.02271052 0 0 0.9766456 0.02335432 0 0 0.9148402 0.08515986 0 0 0.8845078 0.1154922 0 0 0.8866668 0.1133332 0 0 0.8812343 0.1187657 0 0 0.8537226 0.1462774 0 0 0.9578496 0.04215041 0 0 0.9567505 0.04324947 0 0 0.9595277 0.04047231 0 0 0.9293286 0.07067135 0 0 0.7402061 0.2597939 0 0 0.7139408 0.2860592 0 0 0.9578496 0.04215041 0 0 0.7520332 0.2479668 0 0 0.8866668 0.1133332 0 0 0.7031222 0.2968778 0 0 0.7031222 0.2968778 0 0 0.7139408 0.2860592 0 0 0.7139408 0.2860592 0 0 0.8866668 0.1133332 0 0 0.7031222 0.2968778 0 0 0.9578496 0.04215041 0 0 0.9567505 0.04324947 0 0 0.9772895 0.02271052 0 0 0.9595277 0.04047231 0 0 0.9766456 0.02335432 0 0 0.9444104 0.05558958 0 0 0.9293286 0.07067135 0 0 0.9447767 0.05522329 0 0 0.9266714 0.07332858 0 0 0.8953858 0.1046142 0 0 0.9293286 0.07067135 0 0 0.8812343 0.1187657 0 0 0.9197935 0.08020643 0 0 0.9444104 0.05558958 0 0 0.9148402 0.08515986 0 0 0.9148402 0.08515986 0 0 0.8812343 0.1187657 0 0 0.9906837 0.009316302 0 0 0.9873411 0.01265887 0 0 0.9906477 0.009352309 0 0 0.9875329 0.0124671 0 0 0.9895773 0.01042269 0 0 0.9866062 0.01339377 0 0 0.9939451 0.006054908 0 0 0.9906837 0.009316302 0 0 0.9938849 0.006115132 0 0 0.9903601 0.009639868 0 0 0.9906477 0.009352309 0 0 0.9823344 0.01766565 0 0 0.9938849 0.006115132 0 0 0.979548 0.02045204 0 0 0.9903601 0.009639868 0 0 0.9814306 0.01856935 0 0 0.979548 0.02045204 0 0 0.9875329 0.0124671 0 0 0.9873411 0.01265887 0 0 0.9814306 0.01856935 0 0 0.9906477 0.009352309 0 0 0.9903601 0.009639868 0 0 1 0 0 0 1 0 0 0 1 0 0 0 1 0 0 0 1 0 0 0 1 0 0 0 1 0 0 0 1 0 0 0 1 0 0 0 1 0 0 0 1 0 0 0 1 0 0 0 1 0 0 0 1 0 0 0 1 0 0 0 1 0 0 0 1 0 0 0 1 0 0 0 1 0 0 0 1 0 0 0 1 0 0 0 1 0 0 0 1 0 0 0 1 0 0 0 1 0 0 0 1 0 0 0 1 0 0 0 1 0 0 0 1 0 0 0 1 0 0 0 1 0 0 0 1 0 0 0 1 0 0 0 1 0 0 0 1 0 0 0 1 0 0 0 1 0 0 0 1 0 0 0 1 0 0 0 1 0 0 0 1 0 0 0 1 0 0 0 1 0 0 0 1 0 0 0 1 0 0 0 1 0 0 0 1 0 0 0 1 0 0 0 1 0 0 0 1 0 0 0 1 0 0 0 1 0 0 0 0.9728874 0.01828654 0.007359959 0.001466096 0.9728823 0.0182357 0.007348566 0.001533508 0.9725266 0.01852334 0.007432886 0.001517155 0.9725333 0.01856995 0.007443231 0.001453495 0.9722437 0.01885019 0.007522444 0.001383615 0.9718658 0.01905509 0.007588263 0.001490822 0.9719264 0.01910157 0.007596474 0.001375553 0.9710376 0.01985176 0.007814388 0.001296199 0.9718857 0.01908456 0.007594481 0.001435196 0.9718658 0.01905509 0.007588263 0.001490822 0.9718857 0.01908456 0.007594481 0.001435196 0.9713579 0.01954755 0.007727983 0.001366547 0.9705417 0.02018974 0.007913728 0.001354864 0.9707862 0.02004857 0.007872413 0.001292849 0.9695278 0.02108447 0.008171848 0.001215837 0.9703478 0.02038686 0.007972173 0.001293176 0.9696226 0.02095627 0.008130421 0.001290675 0.9693193 0.0212486 0.008217072 0.00121504 0.9646932 0.0250356 0.009180242 0.001090915 0.9688039 0.02165229 0.008327053 0.001216706 0.9682786 0.02205841 0.008436783 0.001226206 0.9653469 0.02448897 0.009044154 0.001119922 0.9606336 0.02832947 0.01000106 0.001035908 0.9653933 0.02443608 0.009031445 0.001139049 0.9654201 0.02439326 0.009021461 0.001165207 0.9610605 0.02797434 0.009911243 0.001053869 0.9568287 0.03140477 0.01076567 0.001000897 0.9615859 0.02753383 0.009799547 0.001080737 0.9622941 0.02693665 0.009652091 0.00111715 0.9574575 0.03088655 0.01063531 0.001020657 0.9546662 0.03393743 0.01139639 0 0.9583134 0.03018044 0.01045758 0.001048601 0.9595466 0.02916056 0.01020388 0.001088937 0.9545152 0.03325274 0.01122181 0.001010275 0.9517308 0.03548891 0.01177568 0.001004563 0.9557074 0.03227617 0.01097705 0.001039361 0.9574972 0.03080622 0.01061255 0.001084024 0.9529687 0.03447402 0.01152253 0.001034761 0.9521672 0.03508079 0.01167433 0.001077666 0.9544315 0.0332787 0.01122626 0.001063517 0.9564317 0.03164401 0.01082114 0.001103114 0.9529665 0.03443033 0.011513 0.001090214 0.9531838 0.03419118 0.01146955 0.001155444 0.9544184 0.03324902 0.0112201 0.001112445 0.9564418 0.03160271 0.0108119 0.001143587 0.8827563 0.1105746 0.006669102 0 0.9563199 0.03159463 0.01083384 0.001251613 0.9557464 0.03212792 0.01094334 0.001182311 0.9574993 0.03070899 0.0105913 0.001200364 0.9570392 0.03102284 0.01067979 0.001258131 0.9601876 0.02841628 0.01004177 0.001354402 0.9582478 0.03005682 0.01043089 0.001264481 0.9595186 0.02903643 0.01017748 0.001267569 0.9607031 0.02801201 0.009929664 0.001355168 0.9653438 0.02421783 0.008985437 0.001452982 0.9616253 0.02728195 0.009743671 0.00134908 0.9623062 0.02674621 0.00961029 0.001337309 0.9654185 0.02416511 0.008971871 0.001444552 0.9687435 0.02147102 0.008243578 0.001541923 0.9654753 0.02413497 0.008963817 0.001425867 0.9654797 0.02415238 0.008967506 0.00140043 0.968348 0.02179833 0.008335721 0.001517947 0.97086 0.01978349 0.00777828 0.001578242 0.9679466 0.02213743 0.008432182 0.001483726 0.9675809 0.02245202 0.008521733 0.001445366 0.970343 0.02020776 0.007897175 0.001552097 0.9724966 0.01849668 0.007425926 0.001580815 0.9696986 0.02074068 0.008047138 0.001513557 0.9696986 0.02074068 0.008047138 0.001513557 0.9718894 0.01899173 0.007564227 0.001554677 0.9728823 0.0182357 0.007348566 0.001533508 0.9725266 0.01852334 0.007432886 0.001517155 0.9710568 0.01967245 0.007754694 0.001516026 0.9710568 0.01967245 0.007754694 0.001516026 0.9718658 0.01905509 0.007588263 0.001490822 0.9718658 0.01905509 0.007588263 0.001490822 1 0 0 0 0.9889081 0.01109186 0 0 0.998303 0.001697003 0 0 1 0 0 0 1 0 0 0 1 0 0 0 1 0 0 0 1 0 0 0 1 0 0 0 1 0 0 0 1 0 0 0 1 0 0 0 1 0 0 0 1 0 0 0 1 0 0 0 1 0 0 0 1 0 0 0 1 0 0 0 1 0 0 0 1 0 0 0 1 0 0 0 1 0 0 0 1 0 0 0 1 0 0 0 1 0 0 0 1 0 0 0 1 0 0 0 1 0 0 0 1 0 0 0 1 0 0 0 1 0 0 0 1 0 0 0 1 0 0 0 1 0 0 0 1 0 0 0 1 0 0 0 1 0 0 0 1 0 0 0 1 0 0 0 1 0 0 0 1 0 0 0 1 0 0 0 1 0 0 0 1 0 0 0 0.996467 0.003533023 0 0 1 0 0 0 0.9889196 0.01108045 0 0 1 0 0 0 0.9889081 0.01109186 0 0 1 0 0 0 1 0 0 0 1 0 0 0 1 0 0 0 1 0 0 0 1 0 0 0 1 0 0 0 1 0 0 0 1 0 0 0 1 0 0 0 1 0 0 0 1 0 0 0 1 0 0 0 1 0 0 0 1 0 0 0 1 0 0 0 1 0 0 0 1 0 0 0 1 0 0 0 1 0 0 0 1 0 0 0 1 0 0 0 1 0 0 0 1 0 0 0 1 0 0 0 1 0 0 0 1 0 0 0 1 0 0 0 1 0 0 0 1 0 0 0 1 0 0 0 1 0 0 0 1 0 0 0 1 0 0 0 1 0 0 0 1 0 0 0 1 0 0 0 1 0 0 0 1 0 0 0 1 0 0 0 1 0 0 0 1 0 0 0 1 0 0 0 1 0 0 0 1 0 0 0 1 0 0 0 1 0 0 0 1 0 0 0 1 0 0 0 1 0 0 0 1 0 0 0 1 0 0 0 1 0 0 0 1 0 0 0 1 0 0 0 1 0 0 0 1 0 0 0 1 0 0 0 1 0 0 0 1 0 0 0 1 0 0 0 1 0 0 0 1 0 0 0 1 0 0 0 1 0 0 0 1 0 0 0 1 0 0 0 1 0 0 0 1 0 0 0 1 0 0 0 1 0 0 0 1 0 0 0 1 0 0 0 1 0 0 0 1 0 0 0 1 0 0 0 1 0 0 0 1 0 0 0 1 0 0 0 1 0 0 0 1 0 0 0 1 0 0 0 1 0 0 0 1 0 0 0 1 0 0 0 1 0 0 0 1 0 0 0 1 0 0 0 1 0 0 0 1 0 0 0 1 0 0 0 1 0 0 0 1 0 0 0 1 0 0 0 1 0 0 0 1 0 0 0 1 0 0 0 1 0 0 0 1 0 0 0 1 0 0 0 1 0 0 0 1 0 0 0 1 0 0 0 1 0 0 0 1 0 0 0 1 0 0 0 1 0 0 0 1 0 0 0 1 0 0 0 1 0 0 0 1 0 0 0 1 0 0 0 1 0 0 0 1 0 0 0 1 0 0 0 1 0 0 0 1 0 0 0 1 0 0 0 1 0 0 0 1 0 0 0 1 0 0 0 1 0 0 0 1 0 0 0 1 0 0 0 1 0 0 0 1 0 0 0 1 0 0 0 1 0 0 0 1 0 0 0 1 0 0 0 1 0 0 0 1 0 0 0 1 0 0 0 1 0 0 0 1 0 0 0 1 0 0 0 1 0 0 0 1 0 0 0 1 0 0 0 1 0 0 0 1 0 0 0 1 0 0 0 1 0 0 0 1 0 0 0 1 0 0 0 1 0 0 0 1 0 0 0 1 0 0 0 1 0 0 0 1 0 0 0 1 0 0 0 1 0 0 0 1 0 0 0 1 0 0 0 1 0 0 0 1 0 0 0 1 0 0 0 1 0 0 0 1 0 0 0 1 0 0 0 1 0 0 0 1 0 0 0 1 0 0 0 1 0 0 0 1 0 0 0 1 0 0 0 1 0 0 0 1 0 0 0 1 0 0 0 1 0 0 0 1 0 0 0 1 0 0 0 1 0 0 0 1 0 0 0 1 0 0 0 1 0 0 0 1 0 0 0 1 0 0 0 1 0 0 0 1 0 0 0 1 0 0 0 1 0 0 0 1 0 0 0 1 0 0 0 1 0 0 0 1 0 0 0 1 0 0 0 1 0 0 0 1 0 0 0 1 0 0 0 1 0 0 0 1 0 0 0 1 0 0 0 1 0 0 0 1 0 0 0 1 0 0 0 1 0 0 0 1 0 0 0 1 0 0 0 1 0 0 0 1 0 0 0 1 0 0 0 1 0 0 0 1 0 0 0 1 0 0 0 1 0 0 0 1 0 0 0 1 0 0 0 1 0 0 0 1 0 0 0 1 0 0 0 1 0 0 0 1 0 0 0 1 0 0 0 1 0 0 0 1 0 0 0 1 0 0 0 1 0 0 0 1 0 0 0 1 0 0 0 1 0 0 0 1 0 0 0 1 0 0 0 1 0 0 0 1 0 0 0 1 0 0 0 1 0 0 0 1 0 0 0 1 0 0 0 1 0 0 0 1 0 0 0 1 0 0 0 1 0 0 0 1 0 0 0 1 0 0 0 1 0 0 0 1 0 0 0 1 0 0 0 1 0 0 0 1 0 0 0 1 0 0 0 1 0 0 0 1 0 0 0 1 0 0 0 1 0 0 0 1 0 0 0 1 0 0 0 1 0 0 0 1 0 0 0 1 0 0 0 1 0 0 0 1 0 0 0 1 0 0 0 1 0 0 0 1 0 0 0 1 0 0 0 1 0 0 0 1 0 0 0 1 0 0 0 1 0 0 0 1 0 0 0 1 0 0 0 1 0 0 0 1 0 0 0 1 0 0 0 1 0 0 0 1 0 0 0 1 0 0 0 1 0 0 0 1 0 0 0 1 0 0 0 1 0 0 0 1 0 0 0 1 0 0 0 1 0 0 0 1 0 0 0 1 0 0 0 1 0 0 0 1 0 0 0 1 0 0 0 1 0 0 0 1 0 0 0 1 0 0 0 1 0 0 0 1 0 0 0 1 0 0 0 1 0 0 0 1 0 0 0 1 0 0 0 1 0 0 0 1 0 0 0 1 0 0 0 1 0 0 0 1 0 0 0 1 0 0 0 1 0 0 0 1 0 0 0 1 0 0 0 1 0 0 0 1 0 0 0 1 0 0 0 1 0 0 0 1 0 0 0 1 0 0 0 1 0 0 0 1 0 0 0 1 0 0 0 1 0 0 0 1 0 0 0 1 0 0 0 1 0 0 0 1 0 0 0 1 0 0 0 1 0 0 0 1 0 0 0 1 0 0 0 1 0 0 0 1 0 0 0 1 0 0 0 1 0 0 0 1 0 0 0 1 0 0 0 1 0 0 0 1 0 0 0 1 0 0 0 1 0 0 0 1 0 0 0 1 0 0 0 1 0 0 0 1 0 0 0 1 0 0 0 1 0 0 0 1 0 0 0 1 0 0 0 1 0 0 0 1 0 0 0 1 0 0 0 1 0 0 0 1 0 0 0 1 0 0 0 1 0 0 0 1 0 0 0 1 0 0 0 1 0 0 0 1 0 0 0 1 0 0 0 1 0 0 0 1 0 0 0 1 0 0 0 1 0 0 0 1 0 0 0 1 0 0 0 1 0 0 0 1 0 0 0 1 0 0 0 1 0 0 0 1 0 0 0 1 0 0 0 1 0 0 0 1 0 0 0 1 0 0 0 1 0 0 0 1 0 0 0 1 0 0 0 1 0 0 0 1 0 0 0 1 0 0 0 1 0 0 0 1 0 0 0 0.9772895 0.02271052 0 0 0.9444104 0.05558958 0 0 0.9766456 0.02335432 0 0 0.91484 0.08515999 0 0 0.8845078 0.1154922 0 0 0.8866663 0.1133337 0 0 0.881234 0.1187659 0 0 0.8537226 0.1462774 0 0 0.9578496 0.0421504 0 0 0.9567505 0.04324947 0 0 0.9595277 0.04047231 0 0 0.9293286 0.07067135 0 0 0.7402056 0.2597944 0 0 0.71394 0.28606 0 0 0.9578496 0.0421504 0 0 0.7520327 0.2479673 0 0 0.8866663 0.1133337 0 0 0.7031218 0.2968782 0 0 0.7031218 0.2968782 0 0 0.71394 0.28606 0 0 0.8866663 0.1133337 0 0 0.71394 0.28606 0 0 0.7031218 0.2968782 0 0 0.9578496 0.0421504 0 0 0.9567505 0.04324947 0 0 0.9772895 0.02271052 0 0 0.9595277 0.04047231 0 0 0.9766456 0.02335432 0 0 0.9444104 0.05558958 0 0 0.9293286 0.07067135 0 0 0.9447767 0.05522329 0 0 0.9266714 0.07332858 0 0 0.8953856 0.1046144 0 0 0.9293286 0.07067135 0 0 0.881234 0.1187659 0 0 0.9197935 0.08020654 0 0 0.9444104 0.05558958 0 0 0.91484 0.08515999 0 0 0.91484 0.08515999 0 0 0.881234 0.1187659 0 0 0.9873411 0.01265887 0 0 0.9906837 0.009316302 0 0 0.9906477 0.009352309 0 0 0.9875329 0.0124671 0 0 0.9895773 0.01042269 0 0 0.9866062 0.01339377 0 0 0.9939451 0.006054908 0 0 0.9906837 0.009316302 0 0 0.9938849 0.006115132 0 0 0.9903601 0.009639868 0 0 0.9906477 0.009352309 0 0 0.9823344 0.01766565 0 0 0.9938849 0.006115132 0 0 0.979548 0.02045204 0 0 0.9903601 0.009639868 0 0 0.9814306 0.01856935 0 0 0.979548 0.02045204 0 0 0.9875329 0.0124671 0 0 0.9873411 0.01265887 0 0 0.9814306 0.01856935 0 0 0.9906477 0.009352309 0 0 0.9903601 0.009639868 0 0 0.9599475 0.04005253 0 0 0.9615812 0.03841878 0 0 0.9633435 0.03665651 0 0 0.9611064 0.03889356 0 0 0.9288172 0.07118285 0 0 0.9698699 0.03013015 0 0 0.9437827 0.05621726 0 0 0.9269806 0.07301942 0 0 0.9688332 0.0311668 0 0 0.9797983 0.02020173 0 0 0.9755385 0.02446152 0 0 0.9765468 0.02345315 0 0 0.9629622 0.03703777 0 0 0.9453491 0.0546509 0 0 0.9632512 0.03674875 0 0 0.9776328 0.02236721 0 0 0.9820395 0.01796055 0 0 0.9585565 0.04144345 0 0 0.9415582 0.05844177 0 0 0.9426509 0.05734906 0 0 0.9727917 0.0272083 0 0 0.957966 0.042034 0 0 0.9733524 0.02664757 0 0 0.9824653 0.01753472 0 0 0.9578711 0.04212892 0 0 0.9433808 0.05661916 0 0 0.9768466 0.02315335 0 0 0.9750323 0.02496772 0 0 0.9819081 0.01809184 0 0 0.9746261 0.02537394 0 0 0.9615812 0.03841878 0 0 0.9633435 0.03665651 0 0 0.9775181 0.02248186 0 0 0.9832696 0.01673035 0 0 0.9698699 0.03013015 0 0 0.9797983 0.02020173 0 0 1 0 0 0 1 0 0 0 1 0 0 0 1 0 0 0 1 0 0 0 1 0 0 0 1 0 0 0 1 0 0 0 1 0 0 0 1 0 0 0 1 0 0 0 1 0 0 0 1 0 0 0 1 0 0 0 1 0 0 0 1 0 0 0 1 0 0 0 1 0 0 0 1 0 0 0 1 0 0 0 1 0 0 0 1 0 0 0 1 0 0 0 1 0 0 0 1 0 0 0 1 0 0 0 1 0 0 0 1 0 0 0 1 0 0 0 1 0 0 0 1 0 0 0 1 0 0 0 1 0 0 0 1 0 0 0 1 0 0 0 1 0 0 0 1 0 0 0 1 0 0 0 1 0 0 0 1 0 0 0 1 0 0 0 1 0 0 0 1 0 0 0 1 0 0 0 1 0 0 0 1 0 0 0 1 0 0 0 1 0 0 0 1 0 0 0 1 0 0 0 1 0 0 0 1 0 0 0 1 0 0 0 1 0 0 0 1 0 0 0 1 0 0 0 1 0 0 0 1 0 0 0 1 0 0 0 1 0 0 0 1 0 0 0 1 0 0 0 1 0 0 0 1 0 0 0 1 0 0 0 1 0 0 0 1 0 0 0 1 0 0 0 1 0 0 0 1 0 0 0 1 0 0 0 1 0 0 0 1 0 0 0 1 0 0 0 1 0 0 0 1 0 0 0 1 0 0 0 1 0 0 0 1 0 0 0 1 0 0 0 1 0 0 0 1 0 0 0 1 0 0 0 1 0 0 0 1 0 0 0 1 0 0 0 1 0 0 0 1 0 0 0 1 0 0 0 1 0 0 0 1 0 0 0 1 0 0 0 1 0 0 0 1 0 0 0 1 0 0 0 1 0 0 0 1 0 0 0 1 0 0 0 1 0 0 0 1 0 0 0 1 0 0 0 1 0 0 0 1 0 0 0 1 0 0 0 1 0 0 0 1 0 0 0 1 0 0 0 1 0 0 0 1 0 0 0 1 0 0 0 1 0 0 0 1 0 0 0 1 0 0 0 1 0 0 0 1 0 0 0 1 0 0 0 1 0 0 0 1 0 0 0 1 0 0 0 1 0 0 0 1 0 0 0 1 0 0 0 1 0 0 0 1 0 0 0 1 0 0 0 1 0 0 0 1 0 0 0 1 0 0 0 1 0 0 0 1 0 0 0 1 0 0 0 1 0 0 0 1 0 0 0 1 0 0 0 1 0 0 0 1 0 0 0 1 0 0 0 1 0 0 0 1 0 0 0 1 0 0 0 1 0 0 0 1 0 0 0 1 0 0 0 1 0 0 0 1 0 0 0 1 0 0 0 1 0 0 0 1 0 0 0 1 0 0 0 1 0 0 0 1 0 0 0 1 0 0 0 1 0 0 0 1 0 0 0 1 0 0 0 1 0 0 0 1 0 0 0 1 0 0 0 1 0 0 0 1 0 0 0 1 0 0 0 1 0 0 0 1 0 0 0 1 0 0 0 1 0 0 0 1 0 0 0 1 0 0 0 1 0 0 0 1 0 0 0 1 0 0 0 1 0 0 0 1 0 0 0 1 0 0 0 1 0 0 0 1 0 0 0 1 0 0 0 1 0 0 0 1 0 0 0 1 0 0 0 1 0 0 0 1 0 0 0 1 0 0 0 1 0 0 0 1 0 0 0 1 0 0 0 1 0 0 0 1 0 0 0 1 0 0 0 1 0 0 0 1 0 0 0 1 0 0 0 1 0 0 0 1 0 0 0 1 0 0 0 1 0 0 0 1 0 0 0 1 0 0 0 1 0 0 0 1 0 0 0 1 0 0 0 1 0 0 0 1 0 0 0 1 0 0 0 1 0 0 0 1 0 0 0 0.9358801 0.06125791 0.002862051 0 1 0 0 0 0.9358431 0.06128011 0.002876826 0 0.851266 0.1445777 0.004156298 0 1 0 0 0 1 0 0 0 1 0 0 0 1 0 0 0 0.8512297 0.1446009 0.004169451 0 0.7666467 0.2279025 0.005450796 0 1 0 0 0 1 0 0 0 1 0 0 0 0.9358394 0.06127863 0.002882017 0 0.7665879 0.2279415 0.005470665 0 0.6410986 0.3540849 0.004816552 0 1 0 0 0 1 0 0 0 0.9358707 0.06125523 0.002874077 0 0.8512218 0.1446042 0.004174024 0 0.7665715 0.227951 0.005477561 0 0.6410623 0.3541107 0.004826979 0 1 0 0 0 1 0 0 0 1 0 0 0 1 0 0 0 0.9359145 0.06122654 0.002858957 0 0.8512466 0.1445863 0.004167081 0 0.5155163 0.4802936 0.004190129 0 0.5155523 0.480265 0.004182673 0 0.6469458 0.3501661 0.002888186 0 1 0 0 0 1 0 0 0 0.9359462 0.06120807 0.002845715 0 1 0 0 0 1 0 0 0 1 0 0 0 1 0 0 0 0.9359508 0.06120808 0.002841159 0 0.9359255 0.06122694 0.002847585 0 0.9358801 0.06125791 0.002862051 0 0.8512874 0.1445593 0.004153352 0 0.8513209 0.1445381 0.004141006 0 0.8513077 0.1445495 0.004142898 0 0.851266 0.1445777 0.004156298 0 0.8513293 0.1445339 0.004136762 0 0.7667097 0.2278593 0.005430975 0 0.7666467 0.2279025 0.005450796 0 0.7666675 0.2278861 0.005446403 0 0.7667381 0.22784 0.005421984 0 0.641133 0.3540613 0.004805762 0 0.6410986 0.3540849 0.004816552 0 0.5155523 0.480265 0.004182673 0 0.6411448 0.3540545 0.00480073 0 0.7667204 0.2278514 0.005428215 0 0.5155788 0.4802465 0.004174795 0 0.6411286 0.3540673 0.004804129 0 0.6469362 0.3501796 0.002884165 0 0.6469458 0.3501661 0.002888186 0 0.8136204 0.1847857 0.001593936 0 0.5155796 0.4802493 0.004171045 0 0.6410941 0.3540919 0.004814094 0 0.8136142 0.1847944 0.001591423 0 1 0 0 0 0.5155551 0.4802714 0.004173499 0 0.6469385 0.3501793 0.00288223 0 1 0 0 0 1 0 0 0 0.6469511 0.3501654 0.002883475 0 0.8136174 0.1847924 0.001590209 0 0.5155199 0.4802994 0.004180769 0 0.6410603 0.3541147 0.004825074 0 1 0 0 0 1 0 0 0 1 0 0 0 1 0 0 0 1 0 0 0 1 0 0 0 1 0 0 0 0.8136281 0.184781 0.001590982 0 0.6469665 0.3501464 0.002887189 0 1 0 0 0 1 0 0 0 1 0 0 0 1 0 0 0 1 0 0 0 0.8136398 0.1847669 0.001593299 0 0.515494 0.4803173 0.004188715 0 1 0 0 0 1 0 0 0 0.6469758 0.350133 0.002891233 0 1 0 0 0 1 0 0 0 0.8136458 0.1847584 0.001595827 0 1 0 0 0 1 0 0 0 1 0 0 0 1 0 0 0 1 0 0 0 1 0 0 0 1 0 0 0 1 0 0 0 0.8136204 0.1847857 0.001593936 0 0.8136322 0.1847715 0.001596292 0 0.8136427 0.1847602 0.001597079 0 0.6469613 0.3501467 0.002891959 0 0.6469737 0.350133 0.00289323 0 0.5154923 0.4803151 0.004192648 0 0.6410466 0.3541229 0.004830563 0 0.7666063 0.2279267 0.005466933 0 1 0 0 0 1 0 0 0 1 0 0 0 1 0 0 0 0.9281418 0.03659882 0.03525934 0 1 0 0 0 0.9281281 0.03660493 0.03526694 0 0.8562911 0.07319619 0.07051275 0 1 0 0 0 1 0 0 0 0.8562571 0.07321235 0.07053052 0 0.7772587 0.1384243 0.08431704 0 0.9281135 0.03660857 0.03527792 0 1 0 0 0 1 0 0 0 0.7766712 0.1383225 0.08500633 0 0.6971072 0.2052309 0.09766189 0 0.8562223 0.07322106 0.07055666 0 0.9281036 0.0366083 0.03528809 0 1 0 0 0 1 0 0 0 0.6957378 0.2033351 0.1009271 0 0.6146073 0.2771406 0.108252 0 0.7774311 0.1383183 0.08425066 0 0.8561995 0.07321937 0.07058114 0 0.9281014 0.03660527 0.03529333 0 1 0 0 0 1 0 0 0 0.6137036 0.2808652 0.1054312 0 0.5245929 0.3657626 0.1096445 0 0.6978385 0.204347 0.0978145 0 0.7785186 0.1377787 0.08370268 0 0.8561947 0.07321155 0.07059374 0 0.9281073 0.0366012 0.03529152 0 1 0 0 0 1 0 0 0 0.525277 0.3655593 0.1091636 0 0.4466256 0.4401237 0.1132507 0 0.6169409 0.2795748 0.1034844 0 0.7006065 0.2027953 0.09659819 0 0.7794541 0.1371036 0.08344237 0 0.8562085 0.07320223 0.07058928 0 0.9281193 0.03659724 0.03528345 0 1 0 0 0 1 0 0 0 1 0 0 0 1 0 0 0 0.9281335 0.03659415 0.03527239 0 0.8562366 0.0731936 0.07056984 0 0.7799457 0.1366468 0.08340747 0 0.7029878 0.2009224 0.09608983 0 1 0 0 0 1 0 0 0 1 0 0 0 0.9281446 0.03659276 0.03526261 0 0.9281482 0.03659416 0.03525771 0 0.9281418 0.03659882 0.03525934 0 0.85627 0.07318658 0.07054342 0 0.7799811 0.1364274 0.08359148 0 0.8563061 0.07318508 0.07050887 0 0.8562911 0.07319619 0.07051275 0 0.856297 0.07318272 0.0705203 0 0.7776347 0.1380583 0.08430701 0 0.7772587 0.1384243 0.08431704 0 0.7795059 0.1364029 0.08409119 0 0.7785621 0.1365823 0.08485562 0 0.7042297 0.1997839 0.09598634 0 0.6981423 0.2042651 0.09759265 0 0.6971072 0.2052309 0.09766189 0 0.7042274 0.199468 0.09630458 0 0.7007242 0.198756 0.1005199 0 0.7031814 0.1994372 0.0973813 0 0.6162462 0.2757297 0.1080242 0 0.6146073 0.2771406 0.108252 0 0.6210597 0.2741437 0.1047967 0 0.6240432 0.2730201 0.1029368 0 0.6251944 0.2726523 0.1021533 0 0.6252779 0.2728879 0.1018342 0 0.5256964 0.3647656 0.109538 0 0.5245929 0.3657626 0.1096445 0 0.5277326 0.3632352 0.1090322 0 0.5286117 0.3625621 0.1088262 0 0.5283339 0.3627933 0.1088728 0 0.4470837 0.4396544 0.113262 0 0.4466256 0.4401237 0.1132507 0 0.4474148 0.4391551 0.1134301 0 0.4470788 0.4391182 0.113803 0 0.5145744 0.3685987 0.1168269 0 0.5148943 0.3683338 0.1167719 0 0.5146099 0.3677703 0.1176198 0 0.5696877 0.3095033 0.120809 0 0.5698593 0.3094036 0.1207372 0 0.5276656 0.3634131 0.1089213 0 0.4461556 0.4396283 0.1142161 0 0.5151241 0.3661385 0.1187374 0 0.5705063 0.3080513 0.1214423 0 0.6239949 0.2517652 0.1242398 0 0.6243852 0.2514323 0.1241824 0 0.4453076 0.4402797 0.1144127 0 0.5163209 0.3639036 0.1197755 0 0.5713096 0.3064379 0.1222525 0 0.6264691 0.2484441 0.1250867 0 0.67263 0.2038603 0.1235098 0 0.6732519 0.2033497 0.1233984 0 0.5174637 0.362276 0.1202603 0 0.572324 0.3046685 0.1230075 0 0.6272938 0.2468869 0.1258193 0 0.6729392 0.2029551 0.1241057 0 0.7203352 0.1573724 0.1222923 0 0.7212511 0.1566685 0.1220804 0 0.5732365 0.3033682 0.1233952 0 0.6284276 0.244968 0.1266044 0 0.6732233 0.2019864 0.1247903 0 0.7194338 0.1575344 0.1230317 0 0.7638735 0.1218869 0.1142397 0 0.7650014 0.1213431 0.1136556 0 0.6294715 0.2434863 0.1270422 0 0.6738116 0.2008141 0.1253744 0 0.7188458 0.1572961 0.1238581 0 0.7621441 0.1219627 0.1158933 0 0.8080113 0.1051187 0.0868701 0 0.8096446 0.1039828 0.08637252 0 0.6745612 0.1997901 0.1256487 0 0.7190287 0.1565197 0.1244516 0 0.7609406 0.1215906 0.1174688 0 0.8043246 0.1088377 0.08683769 0 0.8522339 0.08814313 0.05962297 0 0.8527336 0.09047711 0.05678936 0 0.7197173 0.15564 0.1246428 0 0.7609624 0.1207069 0.1183306 0 0.8018041 0.1118026 0.08639334 0 0.8499138 0.09071221 0.05937396 0 0.8982239 0.0662948 0.03548127 0 0.8993255 0.06521212 0.03546232 0 0.7617401 0.1197714 0.1184885 0 0.8021355 0.1129242 0.08494031 0 0.8483092 0.09286153 0.05882923 0 0.894703 0.07305548 0.03224149 0 0.9466044 0.03878419 0.01461146 0 0.9473379 0.0377422 0.01491995 0 0.8036965 0.1128263 0.08347721 0 0.84804 0.09397398 0.05798603 0 0.8933712 0.07501751 0.03161134 0 0.9457676 0.03999206 0.01424035 0 1 0 0 0 1 0 0 0 1 0 0 0 1 0 0 0 1 0 0 0 1 0 0 0 1 0 0 0 1 0 0 0 1 0 0 0 0.9464256 0.03826807 0.01530635 0 1 0 0 0 1 0 0 0 0.9465635 0.03806273 0.0153737 0 1 0 0 0 1 0 0 0 0.8931077 0.07590865 0.03098369 0 1 0 0 0 1 0 0 0 0.9467211 0.03807417 0.01520474 0 0.8934285 0.07615224 0.03041931 0 1 0 0 0 1 0 0 0 0.9468926 0.03808167 0.01502581 0 0.8485531 0.09422714 0.05721981 0 1 0 0 0 1 0 0 0 0.8938392 0.07595265 0.03020812 0 0.9470103 0.03829976 0.01469 0 0.8493978 0.09379718 0.0568051 0 1 0 0 0 1 0 0 0 1 0 0 0 0.8947113 0.07506486 0.03022383 0 0.9464378 0.04005284 0.01350938 0 0.9471672 0.03878985 0.0140429 0 0.9473379 0.0377422 0.01491995 0 0.8046988 0.1123325 0.08296864 0 0.8504255 0.09270456 0.05686995 0 0.8961397 0.07317314 0.03068713 0 0.899007 0.06633438 0.0346587 0 0.8993255 0.06521212 0.03546232 0 0.7625886 0.1192562 0.1181553 0 0.8057497 0.111204 0.08304633 0 0.8518488 0.09074321 0.05740806 0 0.8533663 0.08817808 0.05845558 0 0.8527336 0.09047711 0.05678936 0 0.7204618 0.1550665 0.1244716 0 0.763465 0.1192145 0.1173204 0 0.8074501 0.1089172 0.0836327 0 0.8097672 0.1052074 0.08502541 0 0.8096446 0.1039828 0.08637252 0 0.6752355 0.1992289 0.1255356 0 0.7644311 0.1196233 0.1159457 0 0.7652361 0.1204443 0.1143197 0 0.7650014 0.1213431 0.1136556 0 0.7211007 0.1549315 0.1239679 0 0.6302995 0.2427537 0.1269468 0 0.721575 0.1552058 0.1232192 0 0.7217406 0.1557915 0.1224679 0 0.7212511 0.1566685 0.1220804 0 0.6756144 0.1993088 0.1250768 0 0.5736232 0.30311 0.1232668 0 0.6755213 0.2000404 0.1244384 0 0.674743 0.2014356 0.1238214 0 0.6732519 0.2033497 0.1233984 0 0.6305978 0.2430352 0.126367 0 0.5177571 0.3622037 0.1200392 0 0.6301522 0.2442108 0.125637 0 0.6284582 0.2465609 0.1249809 0 0.6243852 0.2514323 0.1241824 0 0.57332 0.3039839 0.122696 0 0.4451322 0.4406137 0.1142541 0 0.571404 0.3073412 0.1212547 0 0.5698593 0.3094036 0.1207372 0 0.5725146 0.3055329 0.1219525 0 0.5168149 0.3639666 0.1192185 0 0.52742 0.3638994 0.1086807 0 0.514784 0.3678676 0.1173483 0 0.5148943 0.3683338 0.1167719 0 0.5155155 0.366237 0.1182475 0 0.4455963 0.4405186 0.1138852 0 0.6239365 0.2741703 0.1018931 0 0.4464841 0.4401901 0.1133257 0 0.4461664 0.4402934 0.1135403 0 0.5271184 0.3643526 0.1085289 0 0.6208703 0.2767324 0.1023973 0 0.5263457 0.3649508 0.1087035 0 0.9832394 0.01676065 0 0 1 0 0 0 1 0 0 0 0.9865492 0.01345079 0 0 0.9651746 0.03482541 0 0 1 0 0 0 0.9719045 0.02809556 0 0 0.938245 0.06175498 0 0 0.991053 0.008946966 0 0 1 0 0 0 0.9432821 0.05671784 0 0 0.9098713 0.09012871 0 0 0.9776695 0.02233053 0 0 1 0 0 0 1 0 0 0 0.9155527 0.08444734 0 0 0.8683686 0.1316314 0 0 0.9474265 0.0525735 0 0 0.9795434 0.0204566 0 0 0.9913734 0.008626593 0 0 1 0 0 0 0.8718511 0.1281489 0 0 0.8263004 0.1736996 0 0 0.9197832 0.08021677 0 0 0.9489771 0.05102286 0 0 0.9781219 0.02187806 0 0 0.9873717 0.01262831 0 0 1 0 0 0 0.8291678 0.1708322 0 0 0.7705023 0.2294977 0 0 0.8743155 0.1256845 0 0 0.9212626 0.07873745 0 0 0.9476762 0.05232384 0 0 0.9736181 0.02638194 0 0 0.9844943 0.01550571 0 0 1 0 0 0 0.7722638 0.2277362 0 0 0.7149757 0.2850243 0 0 0.8307564 0.1692436 0 0 0.8748748 0.1251252 0 0 0.9193815 0.08061851 0 0 0.9442117 0.0557883 0 0 0.9683586 0.03164141 0 0 0.9822429 0.01775706 0 0 1 0 0 0 0.9809897 0.01901031 0 0 1 0 0 0 0.963479 0.03652101 0 0 0.9399244 0.06007566 0 0 0.9156013 0.08439878 0 0 0.8734058 0.1265942 0 0 0.9812531 0.01874694 0 0 1 0 0 0 0.9832394 0.01676065 0 0 0.9604557 0.03954433 0 0 0.9608029 0.03919717 0 0 0.9651746 0.03482541 0 0 0.936083 0.06391702 0 0 0.9110121 0.08898792 0 0 0.9346779 0.06532211 0 0 0.938245 0.06175498 0 0 0.933992 0.06600802 0 0 0.9056804 0.09431959 0 0 0.9098713 0.09012871 0 0 0.9069145 0.09308553 0 0 0.9047443 0.09525567 0 0 0.870681 0.129319 0 0 0.8654711 0.1345289 0 0 0.8683686 0.1316314 0 0 0.8676297 0.1323703 0 0 0.8643402 0.1356598 0 0 0.8652257 0.1347744 0 0 0.8235043 0.1764957 0 0 0.8263004 0.1736996 0 0 0.8219185 0.1780814 0 0 0.8220049 0.1779951 0 0 0.8235786 0.1764214 0 0 0.8260664 0.1739336 0 0 0.7684812 0.2315188 0 0 0.7705023 0.2294977 0 0 0.7670116 0.2329884 0 0 0.7666048 0.2333952 0 0 0.76735 0.23265 0 0 0.7129166 0.2870834 0 0 0.7149757 0.2850243 0 0 0.7110463 0.2889536 0 0 0.7100496 0.2899503 0 0 0.6448184 0.3551816 0 0 0.6463482 0.3536518 0 0 0.6432986 0.3567014 0 0 0.5749735 0.4250265 0 0 0.5767199 0.42328 0 0 0.5783281 0.4216718 0 0 0.6423631 0.3576369 0 0 0.7102406 0.2897594 0 0 0.5737632 0.4262368 0 0 0.6423425 0.3576575 0 0 0.5735266 0.4264734 0 0 0.5054035 0.4945965 0 0 0.5047894 0.4952106 0 0 0.5041746 0.4958254 0 0 0.5060821 0.4939179 0 0 0.5874537 0.4125462 0 0 0.5863826 0.4136173 0 0 0.684413 0.315587 0 0 0.506753 0.493247 0 0 0.6850523 0.3149478 0 0 0.7821145 0.2178855 0 0 0.588653 0.4113471 0 0 0.7825714 0.2174286 0 0 0.891107 0.108893 0 0 0.6857721 0.3142278 0 0 0.5895167 0.4104833 0 0 0.5072342 0.4927659 0 0 0.5077038 0.4922962 0 0 0.5897244 0.4102756 0 0 0.6862961 0.3137039 0 0 0.8912985 0.1087015 0 0 1 0 0 0 0.7830894 0.2169106 0 0 0.5078101 0.49219 0 0 0.5079054 0.4920946 0 0 1 0 0 0 1 0 0 0 0.8915158 0.1084842 0 0 0.7834703 0.2165297 0 0 0.5743362 0.4256638 0 0 0.5076014 0.4923986 0 0 0.6864275 0.3135725 0 0 0.5072912 0.4927088 0 0 0.5758905 0.4241095 0 0 0.6432348 0.3567652 0 0 0.5892059 0.4107941 0 0 0.7115344 0.2884656 0 0 0.5066912 0.4933088 0 0 0.6447155 0.3552845 0 0 0.7689655 0.2310344 0 0 0.7134853 0.2865147 0 0 0.7708973 0.2291027 0 0 0.5060918 0.4939082 0 0 0.8286744 0.1713256 0 0 0.8305135 0.1694865 0 0 0.7724543 0.2275458 0 0 0.7730012 0.2269988 0 0 0.7154011 0.2845989 0 0 0.7163839 0.2836161 0 0 0.6463482 0.3536518 0 0 0.7165312 0.2834688 0 0 0.6472784 0.3527216 0 0 0.5783281 0.4216718 0 0 0.5791507 0.4208492 0 0 0.5041746 0.4958254 0 0 0.6472309 0.3527691 0 0 0.6462427 0.3537573 0 0 0.5788705 0.4211295 0 0 0.577619 0.422381 0 0 0.5047532 0.4952468 0 0 0.5054187 0.4945813 0 0 0.586968 0.413032 0 0 0.5042616 0.4957384 0 0 0.5037829 0.4962171 0 0 0.5881563 0.4118437 0 0 0.6861196 0.3138804 0 0 0.6854884 0.3145116 0 0 0.7835708 0.2164292 0 0 0.7833542 0.2166459 0 0 0.891676 0.108324 0 0 0.8917186 0.1082814 0 0 1 0 0 0 1 0 0 0 1 0 0 0 1 0 0 0 1 0 0 0 1 0 0 0 1 0 0 0 1 0 0 0 1 0 0 0 1 0 0 0 1 0 0 0 1 0 0 0 1 0 0 0 0.8916278 0.1083722 0 0 1 0 0 0 1 0 0 0 1 0 0 0 0.7829015 0.2170985 0 0 1 0 0 0 1 0 0 0 0.8914378 0.1085622 0 0 1 0 0 0 0.6847718 0.3152283 0 0 1 0 0 0 1 0 0 0 1 0 0 0 0.7823842 0.2176158 0 0 0.8912206 0.1087794 0 0 0.5860901 0.4139099 0 0 0.5036666 0.4963334 0 0 0.5035591 0.4964409 0 0 0.6842418 0.3157582 0 0 0.7819994 0.2180006 0 0 0.891059 0.108941 0 0 0.5038583 0.4961417 0 0 0.5863826 0.4136173 0 0 0.5858622 0.4141378 0 0 0.6841028 0.3158972 0 0 0.684413 0.315587 0 0 0.7818952 0.2181048 0 0 0.7821145 0.2178855 0 0 0.8910152 0.1089848 0 0 0.891107 0.108893 0 0 1 0 0 0 1 0 0 0 1 0 0 0 1 0 0 0 1 0 0 0 1 0 0 0 1 0 0 0 1 0 0 0 0.9633435 0.03665651 0 0 0.9615812 0.03841877 0 0 0.9599475 0.04005252 0 0 0.9611065 0.03889353 0 0 0.9698699 0.03013015 0 0 0.9288174 0.07118263 0 0 0.9688332 0.03116678 0 0 0.9797983 0.02020173 0 0 0.9755385 0.02446152 0 0 0.9765468 0.02345315 0 0 0.9437829 0.05621715 0 0 0.9269807 0.07301933 0 0 0.9629623 0.03703773 0 0 0.9453491 0.0546509 0 0 0.9632512 0.03674875 0 0 0.9776328 0.02236721 0 0 0.9820395 0.01796055 0 0 0.9585565 0.04144345 0 0 0.9415583 0.05844168 0 0 0.942651 0.05734895 0 0 0.9727917 0.0272083 0 0 0.957966 0.042034 0 0 0.9733524 0.02664757 0 0 0.9824653 0.01753472 0 0 0.9578711 0.04212892 0 0 0.9433809 0.05661909 0 0 0.9768466 0.02315336 0 0 0.9750323 0.02496772 0 0 0.9819081 0.01809184 0 0 0.9746261 0.02537394 0 0 0.9615812 0.03841877 0 0 0.9633435 0.03665651 0 0 0.9775181 0.02248186 0 0 0.9832696 0.01673035 0 0 0.9698699 0.03013015 0 0 0.9797983 0.02020173 0 0 1 0 0 0 1 0 0 0 1 0 0 0 1 0 0 0 1 0 0 0 1 0 0 0 1 0 0 0 1 0 0 0 1 0 0 0 1 0 0 0 1 0 0 0 1 0 0 0 1 0 0 0 1 0 0 0 1 0 0 0 1 0 0 0 1 0 0 0 1 0 0 0 1 0 0 0 1 0 0 0 1 0 0 0 1 0 0 0 1 0 0 0 1 0 0 0 1 0 0 0 1 0 0 0 1 0 0 0 1 0 0 0 1 0 0 0 1 0 0 0 1 0 0 0 1 0 0 0 1 0 0 0 1 0 0 0 1 0 0 0 1 0 0 0 1 0 0 0 1 0 0 0 1 0 0 0 1 0 0 0 1 0 0 0 1 0 0 0 1 0 0 0 1 0 0 0 1 0 0 0 1 0 0 0 1 0 0 0 1 0 0 0 1 0 0 0 1 0 0 0 1 0 0 0 1 0 0 0 1 0 0 0 1 0 0 0 1 0 0 0 1 0 0 0 1 0 0 0 1 0 0 0 1 0 0 0 1 0 0 0 1 0 0 0 1 0 0 0 1 0 0 0 1 0 0 0 1 0 0 0 1 0 0 0 1 0 0 0 1 0 0 0 1 0 0 0 1 0 0 0 1 0 0 0 1 0 0 0 1 0 0 0 1 0 0 0 1 0 0 0 1 0 0 0 1 0 0 0 1 0 0 0 1 0 0 0 1 0 0 0 1 0 0 0 1 0 0 0 1 0 0 0 1 0 0 0 1 0 0 0 1 0 0 0 1 0 0 0 1 0 0 0 1 0 0 0 1 0 0 0 1 0 0 0 1 0 0 0 1 0 0 0 1 0 0 0 1 0 0 0 1 0 0 0 1 0 0 0 1 0 0 0 1 0 0 0 1 0 0 0 1 0 0 0 1 0 0 0 1 0 0 0 1 0 0 0 1 0 0 0 1 0 0 0 1 0 0 0 1 0 0 0 1 0 0 0 1 0 0 0 1 0 0 0 1 0 0 0 1 0 0 0 1 0 0 0 1 0 0 0 1 0 0 0 1 0 0 0 1 0 0 0 1 0 0 0 1 0 0 0 1 0 0 0 1 0 0 0 1 0 0 0 1 0 0 0 1 0 0 0 1 0 0 0 1 0 0 0 1 0 0 0 1 0 0 0 1 0 0 0 1 0 0 0 1 0 0 0 1 0 0 0 1 0 0 0 1 0 0 0 1 0 0 0 1 0 0 0 1 0 0 0 1 0 0 0 1 0 0 0 1 0 0 0 1 0 0 0 1 0 0 0 1 0 0 0 1 0 0 0 1 0 0 0 1 0 0 0 1 0 0 0 1 0 0 0 1 0 0 0 1 0 0 0 1 0 0 0 1 0 0 0 1 0 0 0 1 0 0 0 1 0 0 0 1 0 0 0 1 0 0 0 1 0 0 0 1 0 0 0 1 0 0 0 1 0 0 0 1 0 0 0 1 0 0 0 1 0 0 0 1 0 0 0 1 0 0 0 1 0 0 0 1 0 0 0 1 0 0 0 1 0 0 0 1 0 0 0 1 0 0 0 1 0 0 0 1 0 0 0 1 0 0 0 1 0 0 0 1 0 0 0 1 0 0 0 1 0 0 0 1 0 0 0 1 0 0 0 1 0 0 0 1 0 0 0 1 0 0 0 1 0 0 0 1 0 0 0 1 0 0 0 1 0 0 0 1 0 0 0 1 0 0 0 1 0 0 0 1 0 0 0 1 0 0 0 1 0 0 0 1 0 0 0 1 0 0 0 1 0 0 0 1 0 0 0 1 0 0 0 1 0 0 0 1 0 0 0 1 0 0 0 1 0 0 0 1 0 0 0 0.9358651 0.0612726 0.002862282 0 1 0 0 0 0.935828 0.06129495 0.002877057 0 0.8512509 0.1445926 0.004156533 0 1 0 0 0 1 0 0 0 1 0 0 0 1 0 0 0 0.8512152 0.1446151 0.004169674 0 0.7666252 0.2279242 0.005450691 0 1 0 0 0 1 0 0 0 1 0 0 0 0.9358229 0.06129486 0.002882268 0 0.7665675 0.2279619 0.005470562 0 0.6410785 0.3541051 0.004816453 0 1 0 0 0 1 0 0 0 0.9358532 0.06127242 0.002874343 0 0.8512077 0.1446181 0.004174241 0 0.7665528 0.2279697 0.005477464 0 0.6410457 0.3541274 0.004826895 0 1 0 0 0 1 0 0 0 1 0 0 0 1 0 0 0 0.9358968 0.06124397 0.002859229 0 0.8512331 0.1445997 0.004167289 0 0.5155012 0.4803088 0.004190011 0 0.5155367 0.4802808 0.004182551 0 0.6469527 0.3501592 0.002888132 0 1 0 0 0 1 0 0 0 0.9359288 0.06122517 0.002845983 0 1 0 0 0 1 0 0 0 1 0 0 0 1 0 0 0 0.9359344 0.0612242 0.00284141 0 0.9359098 0.06124234 0.002847824 0 0.9358651 0.0612726 0.002862282 0 0.8512738 0.1445726 0.004153561 0 0.8513064 0.1445524 0.004141228 0 0.8512918 0.1445651 0.004143139 0 0.8512509 0.1445926 0.004156533 0 0.8513139 0.1445492 0.004136998 0 0.766688 0.2278811 0.005430866 0 0.7666252 0.2279242 0.005450691 0 0.7666513 0.2279024 0.005446324 0 0.7667183 0.2278598 0.005421887 0 0.6411175 0.3540769 0.004805683 0 0.6410785 0.3541051 0.004816453 0 0.5155367 0.4802808 0.004182551 0 0.6411288 0.3540706 0.00480065 0 0.7667022 0.2278696 0.005428127 0 0.515563 0.4802624 0.004174672 0 0.6411146 0.3540814 0.00480406 0 0.6469437 0.3501722 0.002884107 0 0.6469527 0.3501592 0.002888132 0 0.8136268 0.1847793 0.001593881 0 0.5155638 0.4802653 0.004170922 0 0.6410826 0.3541034 0.004814037 0 0.81362 0.1847886 0.001591373 0 1 0 0 0 0.5155421 0.4802845 0.004173398 0 0.6469468 0.350171 0.002882166 0 1 0 0 0 1 0 0 0 0.6469579 0.3501587 0.002883423 0 0.8136228 0.1847871 0.001590164 0 0.515511 0.4803083 0.0041807 0 0.6410471 0.3541279 0.004825007 0 1 0 0 0 1 0 0 0 1 0 0 0 1 0 0 0 1 0 0 0 1 0 0 0 1 0 0 0 0.8136338 0.1847753 0.001590934 0 0.6469691 0.3501437 0.002887168 0 1 0 0 0 1 0 0 0 1 0 0 0 1 0 0 0 1 0 0 0 0.8136398 0.1847669 0.001593299 0 0.5154828 0.4803286 0.004188627 0 1 0 0 0 1 0 0 0 0.6469758 0.350133 0.002891233 0 1 0 0 0 1 0 0 0 0.8136458 0.1847584 0.001595827 0 1 0 0 0 1 0 0 0 1 0 0 0 1 0 0 0 1 0 0 0 1 0 0 0 1 0 0 0 1 0 0 0 0.8136268 0.1847793 0.001593881 0 0.8136381 0.1847657 0.001596242 0 0.8136489 0.1847541 0.001597026 0 0.6469693 0.3501388 0.002891897 0 0.6469803 0.3501265 0.002893178 0 0.51548 0.4803275 0.004192552 0 0.641031 0.3541385 0.004830483 0 0.7665888 0.2279444 0.005466843 0 1 0 0 0 1 0 0 0 1 0 0 0 1 0 0 0 1 0 0 0 0.9281415 0.03659897 0.03525949 0 1 0 0 0 1 0 0 0 0.9281279 0.03660508 0.03526708 0 0.8562901 0.07319696 0.07051292 0 1 0 0 0 1 0 0 0 0.9281132 0.03660872 0.03527806 0 0.8562562 0.07321309 0.07053068 0 0.7772573 0.1384254 0.08431733 0 1 0 0 0 1 0 0 0 0.9281033 0.03660844 0.03528823 0 0.7766699 0.1383236 0.08500656 0 0.6971054 0.2052325 0.09766205 0 0.8562216 0.07322167 0.07055678 0 1 0 0 0 1 0 0 0 0.6957361 0.2033367 0.1009272 0 0.6146044 0.2771436 0.1082521 0 0.9281011 0.0366054 0.03529346 0 0.7774299 0.1383193 0.08425086 0 0.8561989 0.07321984 0.07058123 0 1 0 0 0 1 0 0 0 0.6137009 0.2808678 0.1054313 0 0.5245894 0.365766 0.1096446 0 0.928107 0.03660133 0.03529165 0 0.8561939 0.07321224 0.07059388 0 0.6978369 0.2043485 0.09781459 0 0.7785174 0.1377797 0.08370288 0 1 0 0 0 1 0 0 0 0.5252739 0.3655623 0.1091638 0 0.4466219 0.4401273 0.1132509 0 0.9281191 0.03659739 0.03528359 0 0.8562077 0.07320291 0.07058942 0 0.7794529 0.1371046 0.08344256 0 0.6169382 0.2795773 0.1034845 0 0.7006049 0.2027968 0.0965983 0 0.4464807 0.4401935 0.1133259 0 0.5148978 0.36833 0.1167722 0 0.5263426 0.3649537 0.1087037 0 0.6208675 0.276735 0.1023974 0 0.7029862 0.2009239 0.09608995 0 0.7799445 0.1366478 0.08340766 0 0.5147873 0.3678641 0.1173486 0 0.569863 0.3093996 0.1207374 0 0.446163 0.4402965 0.1135405 0 0.5271152 0.3643556 0.1085291 0 0.6239336 0.274173 0.1018934 0 0.5714074 0.3073376 0.121255 0 0.6243882 0.2514294 0.1241824 0 0.5155185 0.3662338 0.1182478 0 0.4455926 0.440522 0.1138854 0 0.6284609 0.2465581 0.1249809 0 0.6732545 0.2033471 0.1233984 0 0.5725176 0.3055297 0.1219527 0 0.6747456 0.2014331 0.1238214 0 0.7212534 0.1566666 0.12208 0 0.7042281 0.1997855 0.09598646 0 0.5274168 0.3639023 0.1086809 0 0.5168179 0.3639634 0.1192187 0 0.6301546 0.2442084 0.125637 0 0.7217429 0.1557896 0.1224676 0 0.7650037 0.1213411 0.1136552 0 0.625275 0.2728906 0.1018344 0 0.4451285 0.4406171 0.1142544 0 0.5733229 0.3039808 0.1226962 0 0.6755236 0.200038 0.1244384 0 0.7652382 0.1204423 0.1143196 0 0.8096459 0.1039825 0.08637163 0 0.5276623 0.3634161 0.1089216 0 0.5177601 0.3622006 0.1200393 0 0.6306 0.243033 0.126367 0 0.7215771 0.155204 0.1232189 0 0.8097686 0.1052073 0.0850241 0 0.8527336 0.09047694 0.05678949 0 0.4453039 0.4402831 0.114413 0 0.5736262 0.3031068 0.123267 0 0.6756167 0.1993065 0.1250768 0 0.7644331 0.1196213 0.1159456 0 0.8533665 0.08817834 0.05845518 0 0.8993253 0.06521235 0.03546241 0 0.5174667 0.3622729 0.1202605 0 0.6303019 0.2427514 0.1269467 0 0.7211028 0.1549297 0.1239676 0 0.8074519 0.1089168 0.08363131 0 0.8990065 0.06633545 0.03465807 0 0.9473377 0.03774234 0.01491991 0 0.5732396 0.303365 0.1233954 0 0.6752378 0.1992266 0.1255356 0 0.763467 0.1192127 0.1173203 0 0.8518495 0.09074321 0.05740727 0 0.9471654 0.03879103 0.01404357 0 1 0 0 0 0.6294741 0.2434838 0.1270421 0 0.7204639 0.1550648 0.1244714 0 0.8057513 0.1112034 0.08304524 0 0.8961394 0.07317357 0.03068703 0 1 0 0 0 1 0 0 0 1 0 0 0 0.9464366 0.04005333 0.01351008 0 1 0 0 0 1 0 0 0 0.8504263 0.0927044 0.0568693 0 0.7625902 0.1192547 0.1181551 0 0.8947112 0.075065 0.03022379 0 0.9470093 0.03830037 0.01469035 0 1 0 0 0 1 0 0 0 0.8046998 0.1123321 0.08296805 0 0.8493979 0.09379712 0.05680499 0 0.8938392 0.07595268 0.03020815 0 0.9468915 0.03808241 0.01502613 0 1 0 0 0 1 0 0 0 1 0 0 0 1 0 0 0 0.9467199 0.03807499 0.01520506 0 0.8934285 0.07615224 0.03041931 0 0.8485531 0.09422714 0.05721981 0 0.8036969 0.1128262 0.08347698 0 1 0 0 0 1 0 0 0 0.9465623 0.03806363 0.01537406 0 0.8931077 0.07590865 0.03098366 0 0.84804 0.09397399 0.05798598 0 1 0 0 0 1 0 0 0 0.9464244 0.0382689 0.01530671 0 0.8933711 0.07501765 0.03161124 0 1 0 0 0 1 0 0 0 0.9457666 0.03999239 0.01424098 0 1 0 0 0 1 0 0 0 1 0 0 0 1 0 0 0 0.9473377 0.03774234 0.01491991 0 0.9466032 0.03878498 0.01461176 0 0.8993253 0.06521235 0.03546241 0 0.8982231 0.06629639 0.03548051 0 0.8527336 0.09047694 0.05678949 0 0.8947027 0.07305592 0.03224135 0 0.8522345 0.08814326 0.0596222 0 0.8096459 0.1039825 0.08637163 0 0.8499144 0.0907123 0.05937326 0 0.8080127 0.1051185 0.08686882 0 0.7650037 0.1213411 0.1136552 0 0.8483096 0.09286155 0.05882886 0 0.7638755 0.121885 0.1142395 0 0.7212534 0.1566666 0.12208 0 0.8043261 0.1088375 0.08683643 0 0.8018055 0.1118022 0.08639232 0 0.7203375 0.1573706 0.122292 0 0.6732545 0.2033471 0.1233984 0 0.762146 0.1219608 0.1158932 0 0.8021366 0.1129238 0.08493961 0 0.6726323 0.2038578 0.1235098 0 0.6243882 0.2514294 0.1241824 0 0.7609425 0.1215889 0.1174686 0 0.7194361 0.1575325 0.1230315 0 0.7609641 0.1207055 0.1183304 0 0.6239977 0.2517624 0.1242399 0 0.569863 0.3093996 0.1207374 0 0.6729417 0.2029525 0.1241057 0 0.718848 0.1572942 0.1238578 0 0.7617417 0.11977 0.1184883 0 0.5696907 0.3095 0.1208092 0 0.5148978 0.36833 0.1167722 0 0.7190307 0.1565179 0.1244513 0 0.7197193 0.1556382 0.1246425 0 0.6264718 0.2484415 0.1250867 0 0.6732259 0.2019837 0.1247904 0 0.5145777 0.3685951 0.1168271 0 0.4466219 0.4401273 0.1132509 0 0.6745637 0.1997876 0.1256487 0 0.6738142 0.2008115 0.1253743 0 0.5705094 0.308048 0.1214426 0 0.6272966 0.2468841 0.1258194 0 0.6284304 0.2449653 0.1266043 0 0.4470802 0.4396577 0.1132621 0 0.5245894 0.365766 0.1096446 0 0.5713128 0.3064345 0.1222528 0 0.5723273 0.3046651 0.1230077 0 0.5146127 0.3677672 0.1176201 0 0.5256931 0.3647687 0.1095382 0 0.6146044 0.2771436 0.1082521 0 0.5151271 0.3661352 0.1187377 0 0.516324 0.3639003 0.1197757 0 0.4474116 0.4391582 0.1134302 0 0.6162434 0.2757325 0.1080242 0 0.6971054 0.2052325 0.09766205 0 0.4470754 0.4391214 0.1138032 0 0.4461519 0.4396317 0.1142163 0 0.5277295 0.3632382 0.1090323 0 0.6981404 0.2042667 0.09759289 0 0.7772573 0.1384254 0.08431733 0 0.5286084 0.3625651 0.1088264 0 0.5283306 0.3627964 0.108873 0 0.6210569 0.2741463 0.1047968 0 0.7776334 0.1380594 0.08430724 0 0.8562901 0.07319696 0.07051292 0 0.6240403 0.2730228 0.1029369 0 0.6251915 0.272655 0.1021535 0 0.7007225 0.1987576 0.1005199 0 0.8563051 0.07318586 0.07050903 0 0.9281415 0.03659897 0.03525949 0 0.7031798 0.1994388 0.0973814 0 0.7042258 0.1994695 0.09630469 0 0.7785608 0.1365834 0.08485588 0 0.9281479 0.03659431 0.03525786 0 1 0 0 0 0.7795047 0.1364039 0.0840914 0 0.7799799 0.1364284 0.08359168 0 0.8562961 0.07318345 0.07052046 0 1 0 0 0 1 0 0 0 1 0 0 0 0.8562691 0.07318728 0.07054356 0 0.8562357 0.0731943 0.07056998 0 0.9281443 0.0365929 0.03526276 0 1 0 0 0 0.9281332 0.03659429 0.03527253 0 1 0 0 0 1 0 0 0 0.9832394 0.01676065 0 0 0.9865492 0.01345079 0 0 1 0 0 0 0.9651746 0.03482541 0 0 0.991053 0.008946966 0 0 1 0 0 0 0.9719045 0.02809556 0 0 0.938245 0.06175498 0 0 1 0 0 0 1 0 0 0 0.9432821 0.05671784 0 0 0.9098713 0.09012871 0 0 0.9776695 0.02233053 0 0 0.9913734 0.008626593 0 0 1 0 0 0 0.9155527 0.08444734 0 0 0.8683686 0.1316314 0 0 0.9474265 0.0525735 0 0 0.9795434 0.0204566 0 0 0.9873717 0.01262831 0 0 1 0 0 0 0.8718511 0.1281489 0 0 0.8263004 0.1736996 0 0 0.9781219 0.02187806 0 0 0.9197832 0.08021677 0 0 0.9489771 0.05102286 0 0 0.9844943 0.01550571 0 0 1 0 0 0 0.8291678 0.1708322 0 0 0.7705023 0.2294977 0 0 0.9736181 0.02638194 0 0 0.9476762 0.05232384 0 0 0.8743155 0.1256845 0 0 0.9212626 0.07873745 0 0 0.9822429 0.01775706 0 0 1 0 0 0 0.7722638 0.2277362 0 0 0.7149757 0.2850243 0 0 0.9683586 0.03164141 0 0 0.9442117 0.0557883 0 0 0.9193815 0.08061851 0 0 0.8307564 0.1692436 0 0 0.8748748 0.1251252 0 0 0.7163839 0.2836161 0 0 0.6463482 0.3536518 0 0 0.7730012 0.2269988 0 0 0.8305135 0.1694865 0 0 0.8734058 0.1265942 0 0 0.9156013 0.08439878 0 0 0.6472784 0.3527216 0 0 0.5783281 0.4216718 0 0 0.5791507 0.4208492 0 0 0.5041746 0.4958254 0 0 0.7165312 0.2834688 0 0 0.7724543 0.2275458 0 0 0.8286744 0.1713256 0 0 0.6472309 0.3527691 0 0 0.7154011 0.2845989 0 0 0.870681 0.129319 0 0 0.7708973 0.2291027 0 0 0.5038583 0.4961417 0 0 0.5863827 0.4136173 0 0 0.8260664 0.1739336 0 0 0.5035591 0.4964409 0 0 0.5788705 0.4211295 0 0 0.6462427 0.3537573 0 0 0.7134853 0.2865147 0 0 0.7689655 0.2310344 0 0 0.5037829 0.4962171 0 0 0.8676297 0.1323703 0 0 0.8235786 0.1764214 0 0 0.9110121 0.08898792 0 0 0.9399244 0.06007566 0 0 0.963479 0.03652101 0 0 0.936083 0.06391702 0 0 0.9069145 0.09308553 0 0 0.9809897 0.01901031 0 0 1 0 0 0 0.9604557 0.03954433 0 0 0.9812531 0.01874694 0 0 1 0 0 0 0.9832394 0.01676065 0 0 0.9608029 0.03919717 0 0 0.9651746 0.03482541 0 0 0.933992 0.06600802 0 0 0.9346779 0.06532211 0 0 0.938245 0.06175498 0 0 0.9047443 0.09525567 0 0 0.9056804 0.09431959 0 0 0.9098713 0.09012871 0 0 0.8652257 0.1347744 0 0 0.8654711 0.1345289 0 0 0.8683686 0.1316314 0 0 0.8643402 0.1356598 0 0 0.8220049 0.1779951 0 0 0.8235043 0.1764957 0 0 0.8263004 0.1736996 0 0 0.8219185 0.1780814 0 0 0.76735 0.23265 0 0 0.7684812 0.2315188 0 0 0.7705023 0.2294977 0 0 0.7670116 0.2329884 0 0 0.7666048 0.2333952 0 0 0.7115344 0.2884656 0 0 0.7129166 0.2870834 0 0 0.7149757 0.2850243 0 0 0.7102406 0.2897594 0 0 0.7110463 0.2889536 0 0 0.7100496 0.2899503 0 0 0.6447155 0.3552845 0 0 0.6448184 0.3551816 0 0 0.6463482 0.3536518 0 0 0.6432348 0.3567652 0 0 0.6423425 0.3576575 0 0 0.6432986 0.3567014 0 0 0.6423631 0.3576369 0 0 0.577619 0.422381 0 0 0.5767199 0.42328 0 0 0.5783281 0.4216718 0 0 0.5758905 0.4241095 0 0 0.5060918 0.4939082 0 0 0.5072912 0.4927088 0 0 0.5743362 0.4256638 0 0 0.5735266 0.4264734 0 0 0.5047532 0.4952468 0 0 0.5737632 0.4262368 0 0 0.5079054 0.4920946 0 0 0.5042616 0.4957384 0 0 0.5869681 0.413032 0 0 0.5054187 0.4945813 0 0 0.5749735 0.4250265 0 0 0.5860901 0.4139099 0 0 0.5036666 0.4963334 0 0 0.5858623 0.4141377 0 0 0.6841028 0.3158972 0 0 0.6844131 0.3155869 0 0 0.6842418 0.3157582 0 0 0.7818953 0.2181047 0 0 0.7821146 0.2178854 0 0 0.6847718 0.3152282 0 0 0.7819995 0.2180005 0 0 0.8910154 0.1089846 0 0 0.8911072 0.1088928 0 0 0.7823843 0.2176157 0 0 0.8910592 0.1089408 0 0 1 0 0 0 1 0 0 0 0.8912207 0.1087792 0 0 1 0 0 0 1 0 0 0 1 0 0 0 1 0 0 0 1 0 0 0 1 0 0 0 1 0 0 0 1 0 0 0 1 0 0 0 1 0 0 0 1 0 0 0 1 0 0 0 1 0 0 0 1 0 0 0 1 0 0 0 0.8914379 0.108562 0 0 1 0 0 0 1 0 0 0 1 0 0 0 0.7829016 0.2170984 0 0 0.891628 0.108372 0 0 1 0 0 0 1 0 0 0 1 0 0 0 0.6854885 0.3145115 0 0 0.7833542 0.2166458 0 0 0.8917187 0.1082813 0 0 1 0 0 0 1 0 0 0 1 0 0 0 0.5881563 0.4118437 0 0 0.6861197 0.3138803 0 0 0.7835708 0.2164292 0 0 0.8916761 0.1083239 0 0 1 0 0 0 1 0 0 0 1 0 0 0 0.589206 0.410794 0 0 0.6864275 0.3135725 0 0 0.5897244 0.4102756 0 0 0.5066912 0.4933088 0 0 0.7834704 0.2165296 0 0 0.8915159 0.1084841 0 0 1 0 0 0 1 0 0 0 1 0 0 0 1 0 0 0 0.8912986 0.1087014 0 0 0.8911072 0.1088928 0 0 0.6862962 0.3137038 0 0 0.7830895 0.2169105 0 0 0.7825714 0.2174285 0 0 0.7821146 0.2178854 0 0 0.6857722 0.3142278 0 0 0.6850523 0.3149477 0 0 0.6844131 0.3155869 0 0 0.5895167 0.4104833 0 0 0.588653 0.411347 0 0 0.5874538 0.4125462 0 0 0.5863827 0.4136173 0 0 0.5041746 0.4958254 0 0 0.5047894 0.4952106 0 0 0.5054035 0.4945965 0 0 0.5060821 0.4939179 0 0 0.506753 0.493247 0 0 0.5072342 0.4927659 0 0 0.5077038 0.4922962 0 0 0.5078101 0.49219 0 0 0.5076014 0.4923986 0 0 1 0 0 0 1 0 0 0 1 0 0 0 1 0 0 0 1 0 0 0 1 0 0 0 1 0 0 0 1 0 0 0 1 0 0 0 1 0 0 0 1 0 0 0 1 0 0 0 1 0 0 0 1 0 0 0 1 0 0 0 1 0 0 0 1 0 0 0 1 0 0 0 1 0 0 0 1 0 0 0 1 0 0 0 1 0 0 0 1 0 0 0 1 0 0 0 1 0 0 0 1 0 0 0 1 0 0 0 1 0 0 0 1 0 0 0 1 0 0 0 1 0 0 0 1 0 0 0 1 0 0 0 1 0 0 0 1 0 0 0 1 0 0 0 1 0 0 0 1 0 0 0 1 0 0 0 1 0 0 0 1 0 0 0 1 0 0 0 1 0 0 0 1 0 0 0 1 0 0 0 1 0 0 0 1 0 0 0 1 0 0 0 1 0 0 0 1 0 0 0 1 0 0 0 1 0 0 0 1 0 0 0 1 0 0 0 1 0 0 0 1 0 0 0 1 0 0 0 1 0 0 0 1 0 0 0 1 0 0 0 1 0 0 0 1 0 0 0 1 0 0 0 1 0 0 0 1 0 0 0 1 0 0 0 1 0 0 0 1 0 0 0 1 0 0 0 1 0 0 0 1 0 0 0 1 0 0 0 1 0 0 0 1 0 0 0 1 0 0 0 1 0 0 0 1 0 0 0 1 0 0 0 1 0 0 0 1 0 0 0 1 0 0 0 1 0 0 0 1 0 0 0 1 0 0 0 1 0 0 0 1 0 0 0 1 0 0 0 1 0 0 0 1 0 0 0 1 0 0 0 1 0 0 0 1 0 0 0 1 0 0 0 1 0 0 0 1 0 0 0 1 0 0 0 1 0 0 0 1 0 0 0 1 0 0 0 1 0 0 0 1 0 0 0 1 0 0 0 1 0 0 0 1 0 0 0 1 0 0 0 1 0 0 0 1 0 0 0 1 0 0 0 1 0 0 0 1 0 0 0 1 0 0 0 1 0 0 0 1 0 0 0 1 0 0 0 1 0 0 0 1 0 0 0 1 0 0 0 1 0 0 0 1 0 0 0 1 0 0 0 1 0 0 0 1 0 0 0 1 0 0 0 1 0 0 0 1 0 0 0 1 0 0 0 1 0 0 0 1 0 0 0 1 0 0 0 1 0 0 0 1 0 0 0 1 0 0 0 1 0 0 0 1 0 0 0 1 0 0 0 1 0 0 0 1 0 0 0 1 0 0 0 1 0 0 0 1 0 0 0 1 0 0 0 1 0 0 0 1 0 0 0 1 0 0 0 1 0 0 0 1 0 0 0 1 0 0 0 1 0 0 0 1 0 0 0 1 0 0 0 1 0 0 0 1 0 0 0 1 0 0 0 1 0 0 0 1 0 0 0 1 0 0 0 1 0 0 0 1 0 0 0 1 0 0 0 1 0 0 0 1 0 0 0 1 0 0 0 1 0 0 0 1 0 0 0 1 0 0 0 1 0 0 0 1 0 0 0 1 0 0 0 1 0 0 0 1 0 0 0 1 0 0 0 1 0 0 0 1 0 0 0 1 0 0 0 1 0 0 0 1 0 0 0 1 0 0 0 1 0 0 0 1 0 0 0 1 0 0 0 1 0 0 0 1 0 0 0 1 0 0 0 1 0 0 0 1 0 0 0 1 0 0 0 1 0 0 0 1 0 0 0 1 0 0 0 1 0 0 0 1 0 0 0 1 0 0 0 1 0 0 0 1 0 0 0 1 0 0 0 1 0 0 0 1 0 0 0 1 0 0 0 1 0 0 0 1 0 0 0 1 0 0 0 1 0 0 0 1 0 0 0 1 0 0 0 1 0 0 0 1 0 0 0 1 0 0 0 1 0 0 0 1 0 0 0 1 0 0 0 1 0 0 0 1 0 0 0 1 0 0 0 1 0 0 0 1 0 0 0 1 0 0 0 1 0 0 0 1 0 0 0 1 0 0 0 1 0 0 0 1 0 0 0 1 0 0 0 1 0 0 0 1 0 0 0 1 0 0 0 1 0 0 0 1 0 0 0 1 0 0 0 1 0 0 0 1 0 0 0 1 0 0 0 1 0 0 0 1 0 0 0 1 0 0 0 1 0 0 0 1 0 0 0 1 0 0 0 1 0 0 0 1 0 0 0 1 0 0 0 1 0 0 0 1 0 0 0 1 0 0 0 1 0 0 0 1 0 0 0 1 0 0 0 1 0 0 0 1 0 0 0 1 0 0 0 1 0 0 0 1 0 0 0 1 0 0 0 1 0 0 0 1 0 0 0 1 0 0 0 1 0 0 0 1 0 0 0 1 0 0 0 1 0 0 0 1 0 0 0 1 0 0 0 1 0 0 0 1 0 0 0 1 0 0 0 1 0 0 0 1 0 0 0 1 0 0 0 1 0 0 0 1 0 0 0 1 0 0 0 1 0 0 0 1 0 0 0 1 0 0 0 1 0 0 0 1 0 0 0 1 0 0 0 1 0 0 0 1 0 0 0 1 0 0 0 1 0 0 0 1 0 0 0 1 0 0 0 1 0 0 0 1 0 0 0 1 0 0 0 1 0 0 0 1 0 0 0 1 0 0 0 1 0 0 0 1 0 0 0 1 0 0 0 1 0 0 0 1 0 0 0 1 0 0 0 1 0 0 0 1 0 0 0 1 0 0 0 1 0 0 0 1 0 0 0 1 0 0 0 1 0 0 0 1 0 0 0 1 0 0 0 1 0 0 0 1 0 0 0 1 0 0 0 1 0 0 0 1 0 0 0 1 0 0 0 1 0 0 0 1 0 0 0 1 0 0 0 1 0 0 0 1 0 0 0 1 0 0 0 1 0 0 0 1 0 0 0 1 0 0 0 1 0 0 0 1 0 0 0 1 0 0 0 1 0 0 0 1 0 0 0 1 0 0 0 1 0 0 0 1 0 0 0 1 0 0 0 1 0 0 0 1 0 0 0 1 0 0 0 1 0 0 0 1 0 0 0 1 0 0 0 1 0 0 0 1 0 0 0 1 0 0 0 1 0 0 0 1 0 0 0 1 0 0 0 1 0 0 0 1 0 0 0 1 0 0 0 1 0 0 0 1 0 0 0 1 0 0 0 1 0 0 0 1 0 0 0 1 0 0 0 1 0 0 0 1 0 0 0 1 0 0 0 1 0 0 0 1 0 0 0 1 0 0 0 1 0 0 0 1 0 0 0 1 0 0 0 0.7656576 0.2282834 0.006059091 0 1 0 0 0 1 0 0 0 1 0 0 0 1 0 0 0 1 0 0 0 1 0 0 0 1 0 0 0 1 0 0 0 1 0 0 0 1 0 0 0 1 0 0 0 1 0 0 0 1 0 0 0 1 0 0 0 1 0 0 0 1 0 0 0 1 0 0 0 1 0 0 0 1 0 0 0 1 0 0 0 1 0 0 0 1 0 0 0 1 0 0 0 1 0 0 0 1 0 0 0 1 0 0 0 1 0 0 0 1 0 0 0 1 0 0 0 1 0 0 0 1 0 0 0 1 0 0 0 1 0 0 0 1 0 0 0 1 0 0 0 1 0 0 0 1 0 0 0 1 0 0 0 1 0 0 0 1 0 0 0 1 0 0 0 1 0 0 0 1 0 0 0 1 0 0 0 1 0 0 0 1 0 0 0 1 0 0 0 1 0 0 0 1 0 0 0 1 0 0 0 1 0 0 0 1 0 0 0 1 0 0 0 1 0 0 0 1 0 0 0 1 0 0 0 1 0 0 0 1 0 0 0 1 0 0 0 1 0 0 0 1 0 0 0 1 0 0 0 1 0 0 0 1 0 0 0 1 0 0 0 1 0 0 0 1 0 0 0 1 0 0 0 1 0 0 0 1 0 0 0 1 0 0 0 1 0 0 0 1 0 0 0 1 0 0 0 1 0 0 0 1 0 0 0 1 0 0 0 1 0 0 0 1 0 0 0 1 0 0 0 1 0 0 0 1 0 0 0 1 0 0 0 1 0 0 0 1 0 0 0 1 0 0 0 1 0 0 0 1 0 0 0 1 0 0 0 1 0 0 0 1 0 0 0 1 0 0 0 1 0 0 0 1 0 0 0 1 0 0 0 1 0 0 0 1 0 0 0 1 0 0 0 1 0 0 0 1 0 0 0 1 0 0 0 1 0 0 0 1 0 0 0 1 0 0 0 1 0 0 0 1 0 0 0 1 0 0 0 1 0 0 0 1 0 0 0 1 0 0 0 1 0 0 0 1 0 0 0 1 0 0 0 1 0 0 0 1 0 0 0 1 0 0 0 1 0 0 0 1 0 0 0 1 0 0 0 1 0 0 0 1 0 0 0 1 0 0 0 1 0 0 0 1 0 0 0 1 0 0 0 1 0 0 0 1 0 0 0 1 0 0 0 1 0 0 0 1 0 0 0 1 0 0 0 1 0 0 0 1 0 0 0 1 0 0 0 1 0 0 0 1 0 0 0 1 0 0 0 1 0 0 0 1 0 0 0 1 0 0 0 1 0 0 0 1 0 0 0 1 0 0 0 1 0 0 0 1 0 0 0 1 0 0 0 1 0 0 0 1 0 0 0 1 0 0 0 1 0 0 0 1 0 0 0 1 0 0 0 1 0 0 0 1 0 0 0 1 0 0 0 1 0 0 0 1 0 0 0 1 0 0 0 1 0 0 0 1 0 0 0 1 0 0 0 1 0 0 0 1 0 0 0 1 0 0 0 1 0 0 0 1 0 0 0 1 0 0 0 1 0 0 0 1 0 0 0 1 0 0 0 1 0 0 0 1 0 0 0 1 0 0 0 1 0 0 0 1 0 0 0 1 0 0 0 1 0 0 0 1 0 0 0 1 0 0 0 1 0 0 0 1 0 0 0 1 0 0 0 1 0 0 0 1 0 0 0 1 0 0 0 1 0 0 0 1 0 0 0 1 0 0 0 1 0 0 0 1 0 0 0 1 0 0 0 1 0 0 0 1 0 0 0 1 0 0 0 1 0 0 0 1 0 0 0 1 0 0 0 1 0 0 0 1 0 0 0 1 0 0 0 1 0 0 0 1 0 0 0 1 0 0 0 1 0 0 0 1 0 0 0 1 0 0 0 1 0 0 0 1 0 0 0 1 0 0 0 1 0 0 0 1 0 0 0 1 0 0 0 1 0 0 0 1 0 0 0 1 0 0 0 1 0 0 0 1 0 0 0 1 0 0 0 1 0 0 0 1 0 0 0 1 0 0 0 1 0 0 0 1 0 0 0 1 0 0 0 1 0 0 0 1 0 0 0 1 0 0 0 1 0 0 0 1 0 0 0 1 0 0 0 1 0 0 0 1 0 0 0 1 0 0 0 1 0 0 0 1 0 0 0 1 0 0 0 1 0 0 0 1 0 0 0 1 0 0 0 1 0 0 0 1 0 0 0 1 0 0 0 1 0 0 0 1 0 0 0 1 0 0 0 1 0 0 0 1 0 0 0 1 0 0 0 1 0 0 0 1 0 0 0 1 0 0 0 1 0 0 0 1 0 0 0 1 0 0 0 1 0 0 0 1 0 0 0 1 0 0 0 1 0 0 0 1 0 0 0 1 0 0 0 1 0 0 0 1 0 0 0 1 0 0 0 1 0 0 0 1 0 0 0 1 0 0 0 1 0 0 0 1 0 0 0 1 0 0 0 1 0 0 0 1 0 0 0 1 0 0 0 1 0 0 0 1 0 0 0 1 0 0 0 1 0 0 0 1 0 0 0 1 0 0 0 1 0 0 0 1 0 0 0 1 0 0 0 1 0 0 0 1 0 0 0 1 0 0 0 1 0 0 0 1 0 0 0 1 0 0 0 1 0 0 0 1 0 0 0 1 0 0 0 1 0 0 0 1 0 0 0 1 0 0 0 1 0 0 0 1 0 0 0 1 0 0 0 1 0 0 0 1 0 0 0 1 0 0 0 1 0 0 0 1 0 0 0 1 0 0 0 1 0 0 0 1 0 0 0 1 0 0 0 1 0 0 0 1 0 0 0 1 0 0 0 1 0 0 0 1 0 0 0 1 0 0 0 1 0 0 0 1 0 0 0 1 0 0 0 1 0 0 0 1 0 0 0 1 0 0 0 1 0 0 0 1 0 0 0 1 0 0 0 1 0 0 0 1 0 0 0 1 0 0 0 1 0 0 0 1 0 0 0 1 0 0 0 1 0 0 0 1 0 0 0 1 0 0 0 1 0 0 0 1 0 0 0 1 0 0 0 1 0 0 0 1 0 0 0 1 0 0 0 1 0 0 0 1 0 0 0 1 0 0 0 1 0 0 0 1 0 0 0 1 0 0 0 1 0 0 0 1 0 0 0 1 0 0 0 1 0 0 0 1 0 0 0 1 0 0 0 1 0 0 0 1 0 0 0 1 0 0 0 1 0 0 0 1 0 0 0 1 0 0 0 1 0 0 0 1 0 0 0 1 0 0 0 1 0 0 0 1 0 0 0 1 0 0 0 1 0 0 0 1 0 0 0 1 0 0 0 1 0 0 0 1 0 0 0 1 0 0 0 1 0 0 0 1 0 0 0 1 0 0 0 1 0 0 0 1 0 0 0 1 0 0 0 1 0 0 0 1 0 0 0 1 0 0 0 1 0 0 0 1 0 0 0 1 0 0 0 1 0 0 0 1 0 0 0 1 0 0 0 1 0 0 0 1 0 0 0 1 0 0 0 1 0 0 0 1 0 0 0 1 0 0 0 1 0 0 0 1 0 0 0 1 0 0 0 1 0 0 0 1 0 0 0 1 0 0 0 1 0 0 0 1 0 0 0 1 0 0 0 1 0 0 0 1 0 0 0 1 0 0 0 1 0 0 0 1 0 0 0 1 0 0 0 1 0 0 0 1 0 0 0 1 0 0 0 1 0 0 0 1 0 0 0 1 0 0 0 1 0 0 0 1 0 0 0 1 0 0 0 1 0 0 0 1 0 0 0 1 0 0 0 1 0 0 0 1 0 0 0 1 0 0 0 1 0 0 0 1 0 0 0 1 0 0 0 1 0 0 0 1 0 0 0 1 0 0 0 1 0 0 0 1 0 0 0 1 0 0 0 1 0 0 0 1 0 0 0 1 0 0 0 1 0 0 0 1 0 0 0 1 0 0 0 1 0 0 0 1 0 0 0 1 0 0 0 1 0 0 0 1 0 0 0 1 0 0 0 1 0 0 0 1 0 0 0 1 0 0 0 1 0 0 0 1 0 0 0 1 0 0 0 1 0 0 0 1 0 0 0 1 0 0 0 1 0 0 0 1 0 0 0 1 0 0 0 1 0 0 0 1 0 0 0 1 0 0 0 1 0 0 0 1 0 0 0 1 0 0 0 1 0 0 0 1 0 0 0 1 0 0 0 1 0 0 0 1 0 0 0 1 0 0 0 1 0 0 0 1 0 0 0 1 0 0 0 1 0 0 0 1 0 0 0 1 0 0 0 1 0 0 0 1 0 0 0 1 0 0 0 1 0 0 0 1 0 0 0 1 0 0 0 1 0 0 0 1 0 0 0 1 0 0 0 1 0 0 0 1 0 0 0 1 0 0 0 1 0 0 0 1 0 0 0 1 0 0 0 1 0 0 0 1 0 0 0 1 0 0 0 1 0 0 0 1 0 0 0 1 0 0 0 1 0 0 0 1 0 0 0 1 0 0 0 1 0 0 0 1 0 0 0 1 0 0 0 1 0 0 0 1 0 0 0 1 0 0 0 1 0 0 0 1 0 0 0 1 0 0 0 1 0 0 0 1 0 0 0 1 0 0 0 1 0 0 0 1 0 0 0 1 0 0 0 1 0 0 0 1 0 0 0 1 0 0 0 1 0 0 0 1 0 0 0 1 0 0 0 1 0 0 0 1 0 0 0 1 0 0 0 1 0 0 0 1 0 0 0 1 0 0 0 1 0 0 0 1 0 0 0 1 0 0 0 1 0 0 0 1 0 0 0 1 0 0 0 1 0 0 0 1 0 0 0 1 0 0 0 1 0 0 0 1 0 0 0 1 0 0 0 1 0 0 0 1 0 0 0 1 0 0 0 1 0 0 0 1 0 0 0 1 0 0 0 1 0 0 0 1 0 0 0 1 0 0 0 1 0 0 0 1 0 0 0 1 0 0 0 1 0 0 0 1 0 0 0 1 0 0 0 1 0 0 0 1 0 0 0 1 0 0 0 1 0 0 0 1 0 0 0 1 0 0 0 1 0 0 0 1 0 0 0 1 0 0 0 1 0 0 0 1 0 0 0 1 0 0 0 1 0 0 0 1 0 0 0 1 0 0 0 1 0 0 0 1 0 0 0 1 0 0 0 1 0 0 0 1 0 0 0 1 0 0 0 1 0 0 0 1 0 0 0 1 0 0 0 1 0 0 0 1 0 0 0 1 0 0 0 1 0 0 0 1 0 0 0 1 0 0 0 1 0 0 0 1 0 0 0 1 0 0 0 1 0 0 0 1 0 0 0 1 0 0 0 1 0 0 0 1 0 0 0 1 0 0 0 1 0 0 0 1 0 0 0 1 0 0 0 1 0 0 0 1 0 0 0 1 0 0 0 1 0 0 0 1 0 0 0 1 0 0 0 1 0 0 0 1 0 0 0 1 0 0 0 1 0 0 0 1 0 0 0 1 0 0 0 1 0 0 0 1 0 0 0 1 0 0 0 1 0 0 0 1 0 0 0 1 0 0 0 1 0 0 0 1 0 0 0 1 0 0 0 1 0 0 0 1 0 0 0 1 0 0 0 1 0 0 0 1 0 0 0 1 0 0 0 1 0 0 0 1 0 0 0 1 0 0 0 1 0 0 0 1 0 0 0 1 0 0 0 1 0 0 0 1 0 0 0 1 0 0 0 1 0 0 0 1 0 0 0 1 0 0 0 1 0 0 0 1 0 0 0 1 0 0 0 1 0 0 0 1 0 0 0 1 0 0 0 1 0 0 0 1 0 0 0 1 0 0 0 1 0 0 0 1 0 0 0 1 0 0 0 1 0 0 0 1 0 0 0 1 0 0 0 1 0 0 0 1 0 0 0 1 0 0 0 1 0 0 0 1 0 0 0 1 0 0 0 1 0 0 0 1 0 0 0 1 0 0 0 1 0 0 0 1 0 0 0 1 0 0 0 1 0 0 0 1 0 0 0 1 0 0 0 1 0 0 0 1 0 0 0 1 0 0 0 1 0 0 0 1 0 0 0 1 0 0 0 1 0 0 0 1 0 0 0 1 0 0 0 1 0 0 0 1 0 0 0 1 0 0 0 1 0 0 0 1 0 0 0 1 0 0 0 1 0 0 0 1 0 0 0 1 0 0 0 1 0 0 0 1 0 0 0 1 0 0 0 1 0 0 0 1 0 0 0 1 0 0 0 1 0 0 0 1 0 0 0 1 0 0 0 1 0 0 0 1 0 0 0 1 0 0 0 1 0 0 0 1 0 0 0 1 0 0 0 1 0 0 0 1 0 0 0 1 0 0 0 1 0 0 0 1 0 0 0 1 0 0 0 1 0 0 0 1 0 0 0 1 0 0 0 1 0 0 0 1 0 0 0 1 0 0 0 1 0 0 0 1 0 0 0 1 0 0 0 1 0 0 0 1 0 0 0 1 0 0 0 1 0 0 0 1 0 0 0 1 0 0 0 1 0 0 0 1 0 0 0 1 0 0 0 1 0 0 0 1 0 0 0 1 0 0 0 1 0 0 0 1 0 0 0 1 0 0 0 1 0 0 0 1 0 0 0 1 0 0 0 1 0 0 0 1 0 0 0 1 0 0 0 1 0 0 0 1 0 0 0 1 0 0 0 1 0 0 0 1 0 0 0 1 0 0 0 1 0 0 0 1 0 0 0 1 0 0 0 1 0 0 0 1 0 0 0 1 0 0 0 1 0 0 0 1 0 0 0 1 0 0 0 1 0 0 0 1 0 0 0 1 0 0 0 1 0 0 0 1 0 0 0 1 0 0 0 1 0 0 0 1 0 0 0 1 0 0 0 1 0 0 0 1 0 0 0 1 0 0 0 1 0 0 0 1 0 0 0 1 0 0 0 1 0 0 0 1 0 0 0 1 0 0 0 1 0 0 0 1 0 0 0 1 0 0 0 1 0 0 0 1 0 0 0 1 0 0 0 1 0 0 0 1 0 0 0 1 0 0 0 1 0 0 0 1 0 0 0 1 0 0 0 1 0 0 0 1 0 0 0 1 0 0 0 1 0 0 0 1 0 0 0 1 0 0 0 1 0 0 0 1 0 0 0 1 0 0 0 1 0 0 0 1 0 0 0 1 0 0 0 1 0 0 0 1 0 0 0 1 0 0 0 1 0 0 0 1 0 0 0 1 0 0 0 1 0 0 0 1 0 0 0 1 0 0 0 1 0 0 0 1 0 0 0 1 0 0 0 1 0 0 0 1 0 0 0 1 0 0 0 1 0 0 0 1 0 0 0 1 0 0 0 1 0 0 0 1 0 0 0 1 0 0 0 1 0 0 0 1 0 0 0 1 0 0 0 1 0 0 0 1 0 0 0 1 0 0 0 1 0 0 0 1 0 0 0 1 0 0 0 1 0 0 0 1 0 0 0 1 0 0 0 1 0 0 0 1 0 0 0 1 0 0 0 1 0 0 0 1 0 0 0 1 0 0 0 1 0 0 0 1 0 0 0 1 0 0 0 1 0 0 0 1 0 0 0 1 0 0 0 1 0 0 0 1 0 0 0 1 0 0 0 1 0 0 0 1 0 0 0 1 0 0 0 1 0 0 0 1 0 0 0 1 0 0 0 1 0 0 0 1 0 0 0 1 0 0 0 1 0 0 0 1 0 0 0 1 0 0 0 1 0 0 0 1 0 0 0 1 0 0 0 1 0 0 0 1 0 0 0 1 0 0 0 1 0 0 0 1 0 0 0 1 0 0 0 1 0 0 0 1 0 0 0 1 0 0 0 1 0 0 0 1 0 0 0 1 0 0 0 1 0 0 0 1 0 0 0 1 0 0 0 1 0 0 0 1 0 0 0 1 0 0 0 1 0 0 0 1 0 0 0 1 0 0 0 1 0 0 0 1 0 0 0 1 0 0 0 1 0 0 0 1 0 0 0 1 0 0 0 1 0 0 0 1 0 0 0 1 0 0 0 1 0 0 0 1 0 0 0 1 0 0 0 1 0 0 0 1 0 0 0 1 0 0 0 1 0 0 0 1 0 0 0 1 0 0 0 1 0 0 0 1 0 0 0 1 0 0 0 1 0 0 0 1 0 0 0 1 0 0 0 1 0 0 0 1 0 0 0 1 0 0 0 1 0 0 0 1 0 0 0 1 0 0 0 1 0 0 0 1 0 0 0 1 0 0 0 1 0 0 0 1 0 0 0 1 0 0 0 1 0 0 0 1 0 0 0 1 0 0 0 1 0 0 0 1 0 0 0 1 0 0 0 1 0 0 0 1 0 0 0 1 0 0 0 1 0 0 0 1 0 0 0 1 0 0 0 1 0 0 0 1 0 0 0 1 0 0 0 1 0 0 0 1 0 0 0 1 0 0 0 1 0 0 0 1 0 0 0 1 0 0 0 1 0 0 0 1 0 0 0 1 0 0 0 1 0 0 0 1 0 0 0 1 0 0 0 1 0 0 0 1 0 0 0 1 0 0 0 1 0 0 0 1 0 0 0 1 0 0 0 1 0 0 0 1 0 0 0 1 0 0 0 1 0 0 0 1 0 0 0 1 0 0 0 1 0 0 0 1 0 0 0 1 0 0 0 1 0 0 0 1 0 0 0 1 0 0 0 1 0 0 0 1 0 0 0 1 0 0 0 1 0 0 0 1 0 0 0 1 0 0 0 1 0 0 0 1 0 0 0 1 0 0 0 1 0 0 0 1 0 0 0 1 0 0 0 1 0 0 0 1 0 0 0 1 0 0 0 1 0 0 0 1 0 0 0 1 0 0 0 1 0 0 0 1 0 0 0 1 0 0 0 1 0 0 0 1 0 0 0 1 0 0 0 1 0 0 0 1 0 0 0 1 0 0 0 1 0 0 0 1 0 0 0 1 0 0 0 1 0 0 0 1 0 0 0 1 0 0 0 1 0 0 0 1 0 0 0 1 0 0 0 1 0 0 0 1 0 0 0 1 0 0 0 1 0 0 0 1 0 0 0 1 0 0 0 1 0 0 0 1 0 0 0 1 0 0 0 1 0 0 0 1 0 0 0 1 0 0 0 1 0 0 0 1 0 0 0 1 0 0 0 1 0 0 0 1 0 0 0 1 0 0 0 1 0 0 0 1 0 0 0 1 0 0 0 1 0 0 0 1 0 0 0 1 0 0 0 1 0 0 0 1 0 0 0 1 0 0 0 1 0 0 0 1 0 0 0 1 0 0 0 1 0 0 0 1 0 0 0 1 0 0 0 1 0 0 0 1 0 0 0 1 0 0 0 1 0 0 0 1 0 0 0 1 0 0 0 1 0 0 0 1 0 0 0 1 0 0 0 1 0 0 0 1 0 0 0 1 0 0 0 1 0 0 0 1 0 0 0 1 0 0 0 1 0 0 0 1 0 0 0 1 0 0 0 1 0 0 0 1 0 0 0 1 0 0 0 1 0 0 0 1 0 0 0 1 0 0 0 1 0 0 0 1 0 0 0 1 0 0 0 1 0 0 0 1 0 0 0 1 0 0 0 1 0 0 0 1 0 0 0 1 0 0 0 1 0 0 0 1 0 0 0 1 0 0 0 1 0 0 0 1 0 0 0 1 0 0 0 1 0 0 0 1 0 0 0 1 0 0 0 1 0 0 0 1 0 0 0 1 0 0 0 1 0 0 0 1 0 0 0 1 0 0 0 1 0 0 0 1 0 0 0 1 0 0 0 1 0 0 0 1 0 0 0 1 0 0 0 1 0 0 0 1 0 0 0 1 0 0 0 1 0 0 0 1 0 0 0 1 0 0 0 1 0 0 0 1 0 0 0 1 0 0 0 1 0 0 0 1 0 0 0 1 0 0 0 1 0 0 0 1 0 0 0 1 0 0 0 1 0 0 0 1 0 0 0 1 0 0 0 1 0 0 0 1 0 0 0 1 0 0 0 1 0 0 0 1 0 0 0 1 0 0 0 1 0 0 0 1 0 0 0 1 0 0 0 1 0 0 0 1 0 0 0 1 0 0 0 1 0 0 0 1 0 0 0 1 0 0 0 1 0 0 0 1 0 0 0 1 0 0 0 1 0 0 0 1 0 0 0 1 0 0 0 1 0 0 0 1 0 0 0 1 0 0 0 1 0 0 0 1 0 0 0 1 0 0 0 1 0 0 0 1 0 0 0 1 0 0 0 1 0 0 0 1 0 0 0 1 0 0 0 1 0 0 0 1 0 0 0 1 0 0 0 1 0 0 0 1 0 0 0 1 0 0 0 1 0 0 0 1 0 0 0 1 0 0 0 1 0 0 0 1 0 0 0 1 0 0 0 1 0 0 0 1 0 0 0 1 0 0 0 1 0 0 0 1 0 0 0 1 0 0 0 1 0 0 0 1 0 0 0 1 0 0 0 1 0 0 0 1 0 0 0 1 0 0 0 1 0 0 0 1 0 0 0 1 0 0 0 1 0 0 0 1 0 0 0 1 0 0 0 1 0 0 0 1 0 0 0 1 0 0 0 1 0 0 0 1 0 0 0 1 0 0 0 1 0 0 0 1 0 0 0 1 0 0 0 1 0 0 0 1 0 0 0 1 0 0 0 1 0 0 0 1 0 0 0 1 0 0 0 1 0 0 0 1 0 0 0 1 0 0 0 1 0 0 0 1 0 0 0 1 0 0 0 1 0 0 0 1 0 0 0 1 0 0 0 1 0 0 0 1 0 0 0 1 0 0 0 1 0 0 0 1 0 0 0 1 0 0 0 1 0 0 0 1 0 0 0 1 0 0 0 1 0 0 0 1 0 0 0 1 0 0 0 1 0 0 0 1 0 0 0 1 0 0 0 1 0 0 0 1 0 0 0 1 0 0 0 1 0 0 0 1 0 0 0 1 0 0 0 1 0 0 0 1 0 0 0 1 0 0 0 1 0 0 0 1 0 0 0 1 0 0 0 1 0 0 0 1 0 0 0 1 0 0 0 1 0 0 0 1 0 0 0 1 0 0 0 1 0 0 0 1 0 0 0 1 0 0 0 1 0 0 0 1 0 0 0 1 0 0 0 1 0 0 0 1 0 0 0 1 0 0 0 1 0 0 0 1 0 0 0 1 0 0 0 1 0 0 0 1 0 0 0 1 0 0 0 1 0 0 0 1 0 0 0 1 0 0 0 1 0 0 0 1 0 0 0 1 0 0 0 1 0 0 0 1 0 0 0 1 0 0 0 1 0 0 0 1 0 0 0 1 0 0 0 1 0 0 0 1 0 0 0 1 0 0 0 1 0 0 0 1 0 0 0 1 0 0 0 1 0 0 0 1 0 0 0 1 0 0 0 1 0 0 0 1 0 0 0 1 0 0 0 1 0 0 0 1 0 0 0 1 0 0 0 1 0 0 0 1 0 0 0 1 0 0 0 1 0 0 0 1 0 0 0 1 0 0 0 1 0 0 0 1 0 0 0 1 0 0 0 1 0 0 0 1 0 0 0 1 0 0 0 1 0 0 0 1 0 0 0 1 0 0 0 1 0 0 0 1 0 0 0 1 0 0 0 1 0 0 0 1 0 0 0 1 0 0 0 1 0 0 0 1 0 0 0 1 0 0 0 1 0 0 0 1 0 0 0 1 0 0 0 1 0 0 0 1 0 0 0 1 0 0 0 1 0 0 0 1 0 0 0 1 0 0 0 1 0 0 0 1 0 0 0 1 0 0 0 1 0 0 0 1 0 0 0 1 0 0 0 1 0 0 0 1 0 0 0 1 0 0 0 1 0 0 0 1 0 0 0 1 0 0 0 1 0 0 0 1 0 0 0 1 0 0 0 1 0 0 0 1 0 0 0 1 0 0 0 1 0 0 0 1 0 0 0 1 0 0 0 1 0 0 0 1 0 0 0 1 0 0 0 1 0 0 0 1 0 0 0 1 0 0 0 1 0 0 0 1 0 0 0 1 0 0 0 1 0 0 0 1 0 0 0 1 0 0 0 1 0 0 0 1 0 0 0 1 0 0 0 1 0 0 0 1 0 0 0 1 0 0 0 1 0 0 0 1 0 0 0 1 0 0 0 1 0 0 0 1 0 0 0 1 0 0 0 1 0 0 0 1 0 0 0 1 0 0 0 1 0 0 0 1 0 0 0 1 0 0 0 1 0 0 0 1 0 0 0 1 0 0 0 1 0 0 0 1 0 0 0 1 0 0 0 1 0 0 0 1 0 0 0 1 0 0 0 1 0 0 0 1 0 0 0 1 0 0 0 1 0 0 0 1 0 0 0 1 0 0 0 1 0 0 0 1 0 0 0 1 0 0 0 1 0 0 0 1 0 0 0 1 0 0 0 1 0 0 0 1 0 0 0 1 0 0 0 1 0 0 0 1 0 0 0 1 0 0 0 1 0 0 0 1 0 0 0 1 0 0 0 1 0 0 0 1 0 0 0 1 0 0 0 1 0 0 0 1 0 0 0 1 0 0 0 1 0 0 0 1 0 0 0 1 0 0 0 1 0 0 0 1 0 0 0 1 0 0 0 1 0 0 0 1 0 0 0 1 0 0 0 1 0 0 0 1 0 0 0 1 0 0 0 1 0 0 0 1 0 0 0 1 0 0 0 1 0 0 0 1 0 0 0 1 0 0 0 1 0 0 0 1 0 0 0 1 0 0 0 1 0 0 0 1 0 0 0 1 0 0 0 1 0 0 0 1 0 0 0 1 0 0 0 1 0 0 0 1 0 0 0 1 0 0 0 1 0 0 0 1 0 0 0 1 0 0 0 1 0 0 0 1 0 0 0 1 0 0 0 1 0 0 0 1 0 0 0 1 0 0 0 1 0 0 0 1 0 0 0 1 0 0 0 1 0 0 0 1 0 0 0 1 0 0 0 1 0 0 0 1 0 0 0 1 0 0 0 1 0 0 0 1 0 0 0 1 0 0 0 1 0 0 0 1 0 0 0 1 0 0 0 1 0 0 0 1 0 0 0 1 0 0 0 1 0 0 0 1 0 0 0 1 0 0 0 1 0 0 0 1 0 0 0 1 0 0 0 1 0 0 0 1 0 0 0 1 0 0 0 1 0 0 0 1 0 0 0 1 0 0 0 1 0 0 0 1 0 0 0 1 0 0 0 1 0 0 0 1 0 0 0 1 0 0 0 1 0 0 0 1 0 0 0 1 0 0 0 1 0 0 0 1 0 0 0 1 0 0 0 1 0 0 0 1 0 0 0 1 0 0 0 1 0 0 0 1 0 0 0 1 0 0 0 1 0 0 0 1 0 0 0 1 0 0 0 1 0 0 0 1 0 0 0 1 0 0 0 1 0 0 0 1 0 0 0 1 0 0 0 1 0 0 0 1 0 0 0 1 0 0 0 1 0 0 0 1 0 0 0 1 0 0 0 1 0 0 0 1 0 0 0 1 0 0 0 1 0 0 0 1 0 0 0 1 0 0 0 1 0 0 0 1 0 0 0 1 0 0 0 1 0 0 0 1 0 0 0 1 0 0 0 1 0 0 0 1 0 0 0 1 0 0 0 1 0 0 0 1 0 0 0 1 0 0 0 1 0 0 0 1 0 0 0 1 0 0 0 1 0 0 0 1 0 0 0 1 0 0 0 1 0 0 0 1 0 0 0 1 0 0 0 1 0 0 0 1 0 0 0 1 0 0 0 1 0 0 0 1 0 0 0 1 0 0 0 1 0 0 0 1 0 0 0 1 0 0 0 1 0 0 0 1 0 0 0 1 0 0 0 1 0 0 0 1 0 0 0 1 0 0 0 1 0 0 0 1 0 0 0 1 0 0 0 1 0 0 0 1 0 0 0 1 0 0 0 1 0 0 0 1 0 0 0 1 0 0 0 1 0 0 0 1 0 0 0 1 0 0 0 1 0 0 0 1 0 0 0 1 0 0 0 1 0 0 0 1 0 0 0 1 0 0 0 1 0 0 0 1 0 0 0 1 0 0 0 1 0 0 0 1 0 0 0 1 0 0 0 1 0 0 0 1 0 0 0 1 0 0 0 1 0 0 0 1 0 0 0 1 0 0 0 1 0 0 0 1 0 0 0 1 0 0 0 1 0 0 0 1 0 0 0 1 0 0 0 1 0 0 0 1 0 0 0 1 0 0 0 1 0 0 0 1 0 0 0 1 0 0 0 1 0 0 0 1 0 0 0 1 0 0 0 1 0 0 0 1 0 0 0 1 0 0 0 1 0 0 0 1 0 0 0 1 0 0 0 1 0 0 0 1 0 0 0 1 0 0 0 1 0 0 0 1 0 0 0 1 0 0 0 1 0 0 0 1 0 0 0 1 0 0 0 1 0 0 0 1 0 0 0 1 0 0 0 1 0 0 0 1 0 0 0 1 0 0 0 1 0 0 0 1 0 0 0 1 0 0 0 1 0 0 0 1 0 0 0 1 0 0 0 1 0 0 0 1 0 0 0 1 0 0 0 1 0 0 0 1 0 0 0 1 0 0 0 1 0 0 0 1 0 0 0 1 0 0 0 1 0 0 0 1 0 0 0 1 0 0 0 1 0 0 0 1 0 0 0 1 0 0 0 1 0 0 0 1 0 0 0 1 0 0 0 1 0 0 0 1 0 0 0 1 0 0 0 1 0 0 0 1 0 0 0 1 0 0 0 1 0 0 0 1 0 0 0 1 0 0 0 1 0 0 0 1 0 0 0 1 0 0 0 1 0 0 0 1 0 0 0 1 0 0 0 1 0 0 0 1 0 0 0 1 0 0 0 1 0 0 0 1 0 0 0 1 0 0 0 1 0 0 0 1 0 0 0 1 0 0 0 1 0 0 0 1 0 0 0 1 0 0 0 1 0 0 0 1 0 0 0 1 0 0 0 1 0 0 0 1 0 0 0 1 0 0 0 1 0 0 0 1 0 0 0 1 0 0 0 1 0 0 0 1 0 0 0 1 0 0 0 1 0 0 0 1 0 0 0 1 0 0 0 1 0 0 0 1 0 0 0 1 0 0 0 1 0 0 0 1 0 0 0 1 0 0 0 1 0 0 0 1 0 0 0 1 0 0 0 1 0 0 0 1 0 0 0 1 0 0 0 1 0 0 0 1 0 0 0 1 0 0 0 1 0 0 0 1 0 0 0 1 0 0 0 1 0 0 0 1 0 0 0 1 0 0 0 1 0 0 0 1 0 0 0 1 0 0 0 1 0 0 0 1 0 0 0 1 0 0 0 1 0 0 0 1 0 0 0 1 0 0 0 1 0 0 0 1 0 0 0 1 0 0 0 1 0 0 0 1 0 0 0 1 0 0 0 1 0 0 0 1 0 0 0 1 0 0 0 1 0 0 0 1 0 0 0 1 0 0 0 1 0 0 0 1 0 0 0 1 0 0 0 1 0 0 0 1 0 0 0 1 0 0 0 1 0 0 0 1 0 0 0 1 0 0 0 1 0 0 0 1 0 0 0 1 0 0 0 1 0 0 0 1 0 0 0 1 0 0 0 1 0 0 0 1 0 0 0 1 0 0 0 1 0 0 0 1 0 0 0 1 0 0 0 1 0 0 0 1 0 0 0 1 0 0 0 1 0 0 0 1 0 0 0 1 0 0 0 1 0 0 0 1 0 0 0 1 0 0 0 1 0 0 0 1 0 0 0 1 0 0 0 1 0 0 0 1 0 0 0 1 0 0 0 1 0 0 0 1 0 0 0 1 0 0 0 1 0 0 0 1 0 0 0 1 0 0 0 1 0 0 0 1 0 0 0 1 0 0 0 1 0 0 0 1 0 0 0 1 0 0 0 1 0 0 0 1 0 0 0 1 0 0 0 1 0 0 0 1 0 0 0 1 0 0 0 1 0 0 0 1 0 0 0 1 0 0 0 1 0 0 0 1 0 0 0 1 0 0 0 1 0 0 0 1 0 0 0 1 0 0 0 1 0 0 0 1 0 0 0 1 0 0 0 1 0 0 0 1 0 0 0 1 0 0 0 1 0 0 0 1 0 0 0 1 0 0 0 1 0 0 0 1 0 0 0 1 0 0 0 1 0 0 0 1 0 0 0 1 0 0 0 1 0 0 0 1 0 0 0 1 0 0 0 1 0 0 0 1 0 0 0 1 0 0 0 1 0 0 0 1 0 0 0 1 0 0 0 1 0 0 0 1 0 0 0 1 0 0 0 1 0 0 0 1 0 0 0 1 0 0 0 1 0 0 0 1 0 0 0 1 0 0 0 1 0 0 0 1 0 0 0 1 0 0 0 1 0 0 0 1 0 0 0 1 0 0 0 1 0 0 0 1 0 0 0 1 0 0 0 1 0 0 0 1 0 0 0 1 0 0 0 1 0 0 0 1 0 0 0 1 0 0 0 1 0 0 0 1 0 0 0 1 0 0 0 1 0 0 0 1 0 0 0 1 0 0 0 1 0 0 0 1 0 0 0 1 0 0 0 1 0 0 0 1 0 0 0 1 0 0 0 1 0 0 0 1 0 0 0 1 0 0 0 1 0 0 0 1 0 0 0 1 0 0 0 1 0 0 0 1 0 0 0 1 0 0 0 1 0 0 0 1 0 0 0 1 0 0 0 1 0 0 0 1 0 0 0 1 0 0 0 1 0 0 0 1 0 0 0 1 0 0 0 1 0 0 0 1 0 0 0 1 0 0 0 1 0 0 0 1 0 0 0 1 0 0 0 1 0 0 0 1 0 0 0 1 0 0 0 1 0 0 0 1 0 0 0 1 0 0 0 1 0 0 0 1 0 0 0 1 0 0 0 1 0 0 0 1 0 0 0 1 0 0 0 1 0 0 0 1 0 0 0 1 0 0 0 1 0 0 0 1 0 0 0 1 0 0 0 1 0 0 0 1 0 0 0 1 0 0 0 1 0 0 0 1 0 0 0 1 0 0 0 1 0 0 0 1 0 0 0 1 0 0 0 1 0 0 0 1 0 0 0 1 0 0 0 1 0 0 0 1 0 0 0 1 0 0 0 1 0 0 0 1 0 0 0 1 0 0 0 1 0 0 0 1 0 0 0 1 0 0 0 1 0 0 0 1 0 0 0 1 0 0 0 1 0 0 0 1 0 0 0 1 0 0 0 1 0 0 0 1 0 0 0 1 0 0 0 1 0 0 0 1 0 0 0 1 0 0 0 1 0 0 0 1 0 0 0 1 0 0 0 1 0 0 0 1 0 0 0 1 0 0 0 1 0 0 0 1 0 0 0 1 0 0 0 1 0 0 0 1 0 0 0 1 0 0 0 1 0 0 0 1 0 0 0 1 0 0 0 1 0 0 0 1 0 0 0 1 0 0 0 1 0 0 0 1 0 0 0 1 0 0 0 1 0 0 0 1 0 0 0 1 0 0 0 1 0 0 0 1 0 0 0 1 0 0 0 1 0 0 0 1 0 0 0 1 0 0 0 1 0 0 0 1 0 0 0 1 0 0 0 1 0 0 0 1 0 0 0 1 0 0 0 1 0 0 0 1 0 0 0 1 0 0 0 1 0 0 0 1 0 0 0 1 0 0 0 1 0 0 0 1 0 0 0 1 0 0 0 1 0 0 0 1 0 0 0 1 0 0 0 1 0 0 0 1 0 0 0 1 0 0 0 1 0 0 0 1 0 0 0 1 0 0 0 1 0 0 0 1 0 0 0 1 0 0 0 1 0 0 0 1 0 0 0 1 0 0 0 1 0 0 0 1 0 0 0 1 0 0 0 1 0 0 0 1 0 0 0 1 0 0 0 1 0 0 0 1 0 0 0 1 0 0 0 1 0 0 0 1 0 0 0 1 0 0 0 1 0 0 0 1 0 0 0 1 0 0 0 1 0 0 0 1 0 0 0 1 0 0 0 1 0 0 0 1 0 0 0 1 0 0 0 1 0 0 0 1 0 0 0 1 0 0 0 1 0 0 0 1 0 0 0 1 0 0 0 1 0 0 0 1 0 0 0 1 0 0 0 1 0 0 0 1 0 0 0 1 0 0 0 1 0 0 0 1 0 0 0 1 0 0 0 1 0 0 0 1 0 0 0 1 0 0 0 1 0 0 0 1 0 0 0 1 0 0 0 1 0 0 0 1 0 0 0 1 0 0 0 1 0 0 0 1 0 0 0 1 0 0 0 1 0 0 0 1 0 0 0 1 0 0 0 1 0 0 0 1 0 0 0 1 0 0 0 1 0 0 0 1 0 0 0 1 0 0 0 1 0 0 0 1 0 0 0 1 0 0 0 1 0 0 0 1 0 0 0 1 0 0 0 1 0 0 0 1 0 0 0 1 0 0 0 1 0 0 0 1 0 0 0 1 0 0 0 1 0 0 0 1 0 0 0 1 0 0 0 1 0 0 0 1 0 0 0 1 0 0 0 1 0 0 0 1 0 0 0 1 0 0 0 1 0 0 0 1 0 0 0 1 0 0 0 1 0 0 0 1 0 0 0 1 0 0 0 1 0 0 0 1 0 0 0 1 0 0 0 1 0 0 0 1 0 0 0 1 0 0 0 1 0 0 0 1 0 0 0 1 0 0 0 1 0 0 0 1 0 0 0 1 0 0 0 1 0 0 0 1 0 0 0 1 0 0 0 1 0 0 0 1 0 0 0 1 0 0 0 1 0 0 0 1 0 0 0 1 0 0 0 1 0 0 0 1 0 0 0 1 0 0 0 1 0 0 0 1 0 0 0 1 0 0 0 1 0 0 0 1 0 0 0 1 0 0 0 1 0 0 0 1 0 0 0 1 0 0 0 1 0 0 0 1 0 0 0 1 0 0 0 1 0 0 0 1 0 0 0 1 0 0 0 1 0 0 0 1 0 0 0 1 0 0 0 1 0 0 0 1 0 0 0 1 0 0 0 1 0 0 0 1 0 0 0 1 0 0 0 1 0 0 0 1 0 0 0 1 0 0 0 1 0 0 0 1 0 0 0 1 0 0 0 1 0 0 0 1 0 0 0 1 0 0 0 1 0 0 0 1 0 0 0 1 0 0 0 1 0 0 0 1 0 0 0 1 0 0 0 1 0 0 0 1 0 0 0 1 0 0 0 1 0 0 0 1 0 0 0 1 0 0 0 1 0 0 0 1 0 0 0 1 0 0 0 1 0 0 0 1 0 0 0 1 0 0 0 1 0 0 0 1 0 0 0 1 0 0 0 1 0 0 0 1 0 0 0 1 0 0 0 1 0 0 0 1 0 0 0 1 0 0 0 1 0 0 0 1 0 0 0 1 0 0 0 1 0 0 0 1 0 0 0 1 0 0 0 1 0 0 0 1 0 0 0 1 0 0 0 1 0 0 0 1 0 0 0 1 0 0 0 1 0 0 0 1 0 0 0 1 0 0 0 1 0 0 0 1 0 0 0 1 0 0 0 1 0 0 0 1 0 0 0 1 0 0 0 1 0 0 0 1 0 0 0 1 0 0 0 1 0 0 0 1 0 0 0 1 0 0 0 1 0 0 0 1 0 0 0 1 0 0 0 1 0 0 0 1 0 0 0 1 0 0 0 1 0 0 0 1 0 0 0 1 0 0 0 1 0 0 0 1 0 0 0 1 0 0 0 1 0 0 0 1 0 0 0 1 0 0 0 1 0 0 0 1 0 0 0 1 0 0 0 1 0 0 0 1 0 0 0 1 0 0 0 1 0 0 0 1 0 0 0 1 0 0 0 1 0 0 0 1 0 0 0 1 0 0 0 1 0 0 0 1 0 0 0 1 0 0 0 1 0 0 0 1 0 0 0 1 0 0 0 1 0 0 0 1 0 0 0 1 0 0 0 1 0 0 0 1 0 0 0 1 0 0 0 1 0 0 0 1 0 0 0 0.9710376 0.01985176 0.007814388 0.001296199 0.7656576 0.2282834 0.006059091 0 1 0 0 0 1 0 0 0 1 0 0 0 1 0 0 0 1 0 0 0 1 0 0 0 1 0 0 0 1 0 0 0 1 0 0 0 1 0 0 0 1 0 0 0 1 0 0 0 1 0 0 0 1 0 0 0 1 0 0 0 1 0 0 0 1 0 0 0 1 0 0 0 1 0 0 0 1 0 0 0 1 0 0 0 1 0 0 0 1 0 0 0 1 0 0 0 1 0 0 0 1 0 0 0 1 0 0 0 1 0 0 0 1 0 0 0 1 0 0 0 1 0 0 0 1 0 0 0 1 0 0 0 1 0 0 0 1 0 0 0 1 0 0 0 1 0 0 0 1 0 0 0 1 0 0 0 1 0 0 0 1 0 0 0 1 0 0 0 1 0 0 0 1 0 0 0 1 0 0 0 1 0 0 0 1 0 0 0 1 0 0 0 1 0 0 0 1 0 0 0 1 0 0 0 1 0 0 0 1 0 0 0 1 0 0 0 1 0 0 0 1 0 0 0 1 0 0 0 1 0 0 0 1 0 0 0 1 0 0 0 1 0 0 0 1 0 0 0 1 0 0 0 1 0 0 0 1 0 0 0 1 0 0 0 1 0 0 0 1 0 0 0 1 0 0 0 1 0 0 0 1 0 0 0 1 0 0 0 1 0 0 0 1 0 0 0 1 0 0 0 1 0 0 0 1 0 0 0 1 0 0 0 1 0 0 0 1 0 0 0 1 0 0 0 1 0 0 0 1 0 0 0 1 0 0 0 1 0 0 0 1 0 0 0 1 0 0 0 1 0 0 0 1 0 0 0 1 0 0 0 1 0 0 0 1 0 0 0 1 0 0 0 1 0 0 0 1 0 0 0 1 0 0 0 1 0 0 0 1 0 0 0 1 0 0 0 1 0 0 0 1 0 0 0 1 0 0 0 1 0 0 0 1 0 0 0 1 0 0 0 1 0 0 0 1 0 0 0 1 0 0 0 1 0 0 0 1 0 0 0 1 0 0 0 1 0 0 0 1 0 0 0 1 0 0 0 1 0 0 0 1 0 0 0 1 0 0 0 1 0 0 0 1 0 0 0 1 0 0 0 1 0 0 0 1 0 0 0 1 0 0 0 1 0 0 0 1 0 0 0 1 0 0 0 1 0 0 0 1 0 0 0 1 0 0 0 1 0 0 0 1 0 0 0 1 0 0 0 1 0 0 0 1 0 0 0 1 0 0 0 1 0 0 0 1 0 0 0 1 0 0 0 1 0 0 0 1 0 0 0 1 0 0 0 1 0 0 0 1 0 0 0 1 0 0 0 1 0 0 0 1 0 0 0 1 0 0 0 1 0 0 0 1 0 0 0 1 0 0 0 1 0 0 0 1 0 0 0 1 0 0 0 1 0 0 0 1 0 0 0 1 0 0 0 1 0 0 0 1 0 0 0 1 0 0 0 1 0 0 0 1 0 0 0 1 0 0 0 1 0 0 0 1 0 0 0 1 0 0 0 1 0 0 0 1 0 0 0 1 0 0 0 1 0 0 0 1 0 0 0 1 0 0 0 1 0 0 0 1 0 0 0 1 0 0 0 1 0 0 0 1 0 0 0 1 0 0 0 1 0 0 0 1 0 0 0 1 0 0 0 1 0 0 0 1 0 0 0 1 0 0 0 1 0 0 0 1 0 0 0 1 0 0 0 1 0 0 0 1 0 0 0 1 0 0 0 1 0 0 0 1 0 0 0 1 0 0 0 1 0 0 0 1 0 0 0 1 0 0 0 1 0 0 0 1 0 0 0 1 0 0 0 1 0 0 0 1 0 0 0 1 0 0 0 1 0 0 0 1 0 0 0 1 0 0 0 1 0 0 0 1 0 0 0 1 0 0 0 1 0 0 0 1 0 0 0 1 0 0 0 1 0 0 0 1 0 0 0 1 0 0 0 1 0 0 0 1 0 0 0 1 0 0 0 1 0 0 0 1 0 0 0 1 0 0 0 1 0 0 0 1 0 0 0 1 0 0 0 1 0 0 0 1 0 0 0 1 0 0 0 1 0 0 0 1 0 0 0 1 0 0 0 1 0 0 0 1 0 0 0 1 0 0 0 1 0 0 0 1 0 0 0 1 0 0 0 1 0 0 0 1 0 0 0 1 0 0 0 1 0 0 0 1 0 0 0 1 0 0 0 1 0 0 0 1 0 0 0 1 0 0 0 1 0 0 0 1 0 0 0 1 0 0 0 1 0 0 0 1 0 0 0 1 0 0 0 1 0 0 0 1 0 0 0 1 0 0 0 1 0 0 0 1 0 0 0 1 0 0 0 1 0 0 0 1 0 0 0 1 0 0 0 1 0 0 0 1 0 0 0 1 0 0 0 1 0 0 0 1 0 0 0 1 0 0 0 1 0 0 0 1 0 0 0 1 0 0 0 1 0 0 0 1 0 0 0 1 0 0 0 1 0 0 0 1 0 0 0 1 0 0 0 1 0 0 0 1 0 0 0 1 0 0 0 1 0 0 0 1 0 0 0 1 0 0 0 1 0 0 0 1 0 0 0 1 0 0 0 1 0 0 0 1 0 0 0 1 0 0 0 1 0 0 0 1 0 0 0 1 0 0 0 1 0 0 0 1 0 0 0 1 0 0 0 1 0 0 0 1 0 0 0 1 0 0 0 1 0 0 0 1 0 0 0 1 0 0 0 1 0 0 0 1 0 0 0 1 0 0 0 1 0 0 0 1 0 0 0 1 0 0 0 1 0 0 0 1 0 0 0 1 0 0 0 1 0 0 0 1 0 0 0 1 0 0 0 1 0 0 0 1 0 0 0 1 0 0 0 1 0 0 0 1 0 0 0 1 0 0 0 1 0 0 0 1 0 0 0 1 0 0 0 1 0 0 0 1 0 0 0 1 0 0 0 1 0 0 0 1 0 0 0 1 0 0 0 1 0 0 0 1 0 0 0 1 0 0 0 1 0 0 0 1 0 0 0 1 0 0 0 1 0 0 0 1 0 0 0 1 0 0 0 1 0 0 0 1 0 0 0 1 0 0 0 1 0 0 0 1 0 0 0 1 0 0 0 1 0 0 0 1 0 0 0 1 0 0 0 1 0 0 0 1 0 0 0 1 0 0 0 1 0 0 0 1 0 0 0 1 0 0 0 1 0 0 0 1 0 0 0 1 0 0 0 1 0 0 0 1 0 0 0 1 0 0 0 1 0 0 0 1 0 0 0 1 0 0 0 1 0 0 0 1 0 0 0 1 0 0 0 1 0 0 0 1 0 0 0 1 0 0 0 1 0 0 0 1 0 0 0 1 0 0 0 1 0 0 0 1 0 0 0 1 0 0 0 1 0 0 0 1 0 0 0 1 0 0 0 1 0 0 0 1 0 0 0 1 0 0 0 1 0 0 0 1 0 0 0 1 0 0 0 1 0 0 0 1 0 0 0 1 0 0 0 1 0 0 0 1 0 0 0 1 0 0 0 1 0 0 0 1 0 0 0 1 0 0 0 1 0 0 0 1 0 0 0 1 0 0 0 1 0 0 0 1 0 0 0 1 0 0 0 1 0 0 0 1 0 0 0 1 0 0 0 1 0 0 0 1 0 0 0 1 0 0 0 1 0 0 0 1 0 0 0 1 0 0 0 1 0 0 0 1 0 0 0 1 0 0 0 1 0 0 0 1 0 0 0 1 0 0 0 1 0 0 0 1 0 0 0 1 0 0 0 1 0 0 0 1 0 0 0 1 0 0 0 1 0 0 0 1 0 0 0 1 0 0 0 1 0 0 0 1 0 0 0 1 0 0 0 1 0 0 0 1 0 0 0 1 0 0 0 1 0 0 0 1 0 0 0 1 0 0 0 1 0 0 0 1 0 0 0 1 0 0 0 1 0 0 0 1 0 0 0 1 0 0 0 1 0 0 0 1 0 0 0 1 0 0 0 1 0 0 0 1 0 0 0 1 0 0 0 1 0 0 0 1 0 0 0 1 0 0 0 1 0 0 0 1 0 0 0 1 0 0 0 1 0 0 0 1 0 0 0 1 0 0 0 1 0 0 0 1 0 0 0 1 0 0 0 1 0 0 0 1 0 0 0 1 0 0 0 1 0 0 0 1 0 0 0 1 0 0 0 1 0 0 0 1 0 0 0 1 0 0 0 1 0 0 0 1 0 0 0 1 0 0 0 1 0 0 0 1 0 0 0 1 0 0 0 1 0 0 0 1 0 0 0 1 0 0 0 1 0 0 0 1 0 0 0 1 0 0 0 1 0 0 0 1 0 0 0 1 0 0 0 1 0 0 0 1 0 0 0 1 0 0 0 1 0 0 0 1 0 0 0 1 0 0 0 1 0 0 0 1 0 0 0 1 0 0 0 1 0 0 0 1 0 0 0 1 0 0 0 1 0 0 0 1 0 0 0 1 0 0 0 1 0 0 0 1 0 0 0 1 0 0 0 1 0 0 0 1 0 0 0 1 0 0 0 1 0 0 0 1 0 0 0 1 0 0 0 1 0 0 0 1 0 0 0 1 0 0 0 1 0 0 0 1 0 0 0 1 0 0 0 1 0 0 0 1 0 0 0 1 0 0 0 1 0 0 0 1 0 0 0 1 0 0 0 1 0 0 0 1 0 0 0 1 0 0 0 1 0 0 0 1 0 0 0 1 0 0 0 1 0 0 0 1 0 0 0 1 0 0 0 1 0 0 0 1 0 0 0 1 0 0 0 1 0 0 0 1 0 0 0 1 0 0 0 1 0 0 0 1 0 0 0 1 0 0 0 1 0 0 0 1 0 0 0 1 0 0 0 1 0 0 0 1 0 0 0 1 0 0 0 1 0 0 0 1 0 0 0 1 0 0 0 1 0 0 0 1 0 0 0 1 0 0 0 1 0 0 0 1 0 0 0 1 0 0 0 1 0 0 0 1 0 0 0 1 0 0 0 1 0 0 0 1 0 0 0 1 0 0 0 1 0 0 0 1 0 0 0 1 0 0 0 1 0 0 0 1 0 0 0 1 0 0 0 1 0 0 0 1 0 0 0 1 0 0 0 1 0 0 0 1 0 0 0 1 0 0 0 1 0 0 0 1 0 0 0 1 0 0 0 1 0 0 0 1 0 0 0 1 0 0 0 1 0 0 0 1 0 0 0 1 0 0 0 1 0 0 0 1 0 0 0 1 0 0 0 1 0 0 0 1 0 0 0 1 0 0 0 1 0 0 0 1 0 0 0 1 0 0 0 1 0 0 0 1 0 0 0 1 0 0 0 1 0 0 0 1 0 0 0 1 0 0 0 1 0 0 0 1 0 0 0 1 0 0 0 1 0 0 0 1 0 0 0 1 0 0 0 1 0 0 0 1 0 0 0 1 0 0 0 1 0 0 0 1 0 0 0 1 0 0 0 1 0 0 0 1 0 0 0 1 0 0 0 1 0 0 0 1 0 0 0 1 0 0 0 1 0 0 0 1 0 0 0 1 0 0 0 1 0 0 0 1 0 0 0 1 0 0 0 1 0 0 0 1 0 0 0 1 0 0 0 1 0 0 0 1 0 0 0 1 0 0 0 1 0 0 0 1 0 0 0 1 0 0 0 1 0 0 0 1 0 0 0 1 0 0 0 1 0 0 0 1 0 0 0 1 0 0 0 1 0 0 0 1 0 0 0 1 0 0 0 1 0 0 0 1 0 0 0 1 0 0 0 1 0 0 0 1 0 0 0 1 0 0 0 1 0 0 0 1 0 0 0 1 0 0 0 1 0 0 0 1 0 0 0 1 0 0 0 1 0 0 0 1 0 0 0 1 0 0 0 1 0 0 0 1 0 0 0 1 0 0 0 1 0 0 0 1 0 0 0 1 0 0 0 1 0 0 0 1 0 0 0 1 0 0 0 1 0 0 0 1 0 0 0 1 0 0 0 1 0 0 0 1 0 0 0 1 0 0 0 1 0 0 0 1 0 0 0 1 0 0 0 1 0 0 0 1 0 0 0 1 0 0 0 1 0 0 0 1 0 0 0 1 0 0 0 1 0 0 0 1 0 0 0 1 0 0 0 1 0 0 0 1 0 0 0 1 0 0 0 1 0 0 0 1 0 0 0 1 0 0 0 1 0 0 0 1 0 0 0 1 0 0 0 1 0 0 0 1 0 0 0 1 0 0 0 1 0 0 0 1 0 0 0 1 0 0 0 1 0 0 0 1 0 0 0 1 0 0 0 1 0 0 0 1 0 0 0 1 0 0 0 1 0 0 0 1 0 0 0 1 0 0 0 1 0 0 0 1 0 0 0 1 0 0 0 1 0 0 0 1 0 0 0 1 0 0 0 1 0 0 0 1 0 0 0 1 0 0 0 1 0 0 0 1 0 0 0 1 0 0 0 1 0 0 0 1 0 0 0 1 0 0 0 1 0 0 0 1 0 0 0 1 0 0 0 1 0 0 0 1 0 0 0 1 0 0 0 1 0 0 0 1 0 0 0 1 0 0 0 1 0 0 0 1 0 0 0 1 0 0 0 1 0 0 0 1 0 0 0 1 0 0 0 1 0 0 0 1 0 0 0 1 0 0 0 1 0 0 0 1 0 0 0 1 0 0 0 1 0 0 0 1 0 0 0 1 0 0 0 1 0 0 0 1 0 0 0 1 0 0 0 1 0 0 0 1 0 0 0 1 0 0 0 1 0 0 0 1 0 0 0 1 0 0 0 1 0 0 0 1 0 0 0 1 0 0 0 1 0 0 0 1 0 0 0 1 0 0 0 1 0 0 0 1 0 0 0 1 0 0 0 1 0 0 0 1 0 0 0 1 0 0 0 1 0 0 0 1 0 0 0 1 0 0 0 1 0 0 0 1 0 0 0 1 0 0 0 1 0 0 0 1 0 0 0 1 0 0 0 1 0 0 0 1 0 0 0 1 0 0 0 1 0 0 0 1 0 0 0 1 0 0 0 1 0 0 0 1 0 0 0 1 0 0 0 1 0 0 0 1 0 0 0 1 0 0 0 1 0 0 0 1 0 0 0 1 0 0 0 1 0 0 0 1 0 0 0 1 0 0 0 1 0 0 0 1 0 0 0 1 0 0 0 1 0 0 0 1 0 0 0 1 0 0 0 1 0 0 0 1 0 0 0 1 0 0 0 1 0 0 0 1 0 0 0 1 0 0 0 1 0 0 0 1 0 0 0 1 0 0 0 1 0 0 0 1 0 0 0 1 0 0 0 1 0 0 0 1 0 0 0 1 0 0 0 1 0 0 0 1 0 0 0 1 0 0 0 1 0 0 0 1 0 0 0 1 0 0 0 1 0 0 0 1 0 0 0 1 0 0 0 1 0 0 0 1 0 0 0 1 0 0 0 1 0 0 0 1 0 0 0 1 0 0 0 1 0 0 0 1 0 0 0 1 0 0 0 1 0 0 0 1 0 0 0 1 0 0 0 1 0 0 0 1 0 0 0 1 0 0 0 1 0 0 0 1 0 0 0 1 0 0 0 1 0 0 0 1 0 0 0 1 0 0 0 1 0 0 0 1 0 0 0 1 0 0 0 1 0 0 0 1 0 0 0 1 0 0 0 1 0 0 0 1 0 0 0 1 0 0 0 1 0 0 0 1 0 0 0 1 0 0 0 1 0 0 0 1 0 0 0 1 0 0 0 1 0 0 0 1 0 0 0 1 0 0 0 1 0 0 0 1 0 0 0 1 0 0 0 1 0 0 0 1 0 0 0 1 0 0 0 1 0 0 0 1 0 0 0 1 0 0 0 1 0 0 0 1 0 0 0 1 0 0 0 1 0 0 0 1 0 0 0 1 0 0 0 1 0 0 0 1 0 0 0 1 0 0 0 1 0 0 0 1 0 0 0 1 0 0 0 1 0 0 0 1 0 0 0 1 0 0 0 1 0 0 0 1 0 0 0 1 0 0 0 1 0 0 0 1 0 0 0 1 0 0 0 1 0 0 0 1 0 0 0 1 0 0 0 1 0 0 0 1 0 0 0 1 0 0 0 1 0 0 0 1 0 0 0 1 0 0 0 1 0 0 0 1 0 0 0 1 0 0 0 1 0 0 0 1 0 0 0 1 0 0 0 1 0 0 0 1 0 0 0 1 0 0 0 1 0 0 0 1 0 0 0 1 0 0 0 1 0 0 0 1 0 0 0 1 0 0 0 1 0 0 0 1 0 0 0 1 0 0 0 1 0 0 0 1 0 0 0 1 0 0 0 1 0 0 0 1 0 0 0 1 0 0 0 1 0 0 0 1 0 0 0 1 0 0 0 1 0 0 0 1 0 0 0 1 0 0 0 1 0 0 0 1 0 0 0 1 0 0 0 1 0 0 0 1 0 0 0 1 0 0 0 1 0 0 0 1 0 0 0 1 0 0 0 1 0 0 0 1 0 0 0 1 0 0 0 1 0 0 0 1 0 0 0 1 0 0 0 1 0 0 0 1 0 0 0 1 0 0 0 1 0 0 0 1 0 0 0 1 0 0 0 1 0 0 0 1 0 0 0 1 0 0 0 1 0 0 0 1 0 0 0 1 0 0 0 1 0 0 0 1 0 0 0 1 0 0 0 1 0 0 0 1 0 0 0 1 0 0 0 1 0 0 0 1 0 0 0 1 0 0 0 1 0 0 0 1 0 0 0 1 0 0 0 1 0 0 0 1 0 0 0 1 0 0 0 1 0 0 0 1 0 0 0 1 0 0 0 1 0 0 0 1 0 0 0 1 0 0 0 1 0 0 0 1 0 0 0 1 0 0 0 1 0 0 0 1 0 0 0 1 0 0 0 1 0 0 0 1 0 0 0 1 0 0 0 1 0 0 0 1 0 0 0 1 0 0 0 1 0 0 0 1 0 0 0 1 0 0 0 1 0 0 0 1 0 0 0 1 0 0 0 1 0 0 0 1 0 0 0 1 0 0 0 1 0 0 0 1 0 0 0 1 0 0 0 1 0 0 0 1 0 0 0 1 0 0 0 1 0 0 0 1 0 0 0 1 0 0 0 1 0 0 0 1 0 0 0 1 0 0 0 1 0 0 0 1 0 0 0 1 0 0 0 1 0 0 0 1 0 0 0 1 0 0 0 1 0 0 0 1 0 0 0 1 0 0 0 1 0 0 0 1 0 0 0 1 0 0 0 1 0 0 0 1 0 0 0 1 0 0 0 1 0 0 0 1 0 0 0 1 0 0 0 1 0 0 0 1 0 0 0 1 0 0 0 1 0 0 0 1 0 0 0 1 0 0 0 1 0 0 0 1 0 0 0 1 0 0 0 1 0 0 0 1 0 0 0 1 0 0 0 1 0 0 0 1 0 0 0 1 0 0 0 1 0 0 0 1 0 0 0 1 0 0 0 1 0 0 0 1 0 0 0 1 0 0 0 1 0 0 0 1 0 0 0 1 0 0 0 1 0 0 0 1 0 0 0 1 0 0 0 1 0 0 0 1 0 0 0 1 0 0 0 1 0 0 0 1 0 0 0 1 0 0 0 1 0 0 0 1 0 0 0 1 0 0 0 1 0 0 0 1 0 0 0 1 0 0 0 1 0 0 0 1 0 0 0 1 0 0 0 1 0 0 0 1 0 0 0 1 0 0 0 1 0 0 0 1 0 0 0 1 0 0 0 1 0 0 0 1 0 0 0 1 0 0 0 1 0 0 0 1 0 0 0 1 0 0 0 1 0 0 0 1 0 0 0 1 0 0 0 1 0 0 0 1 0 0 0 1 0 0 0 1 0 0 0 1 0 0 0 1 0 0 0 1 0 0 0 1 0 0 0 1 0 0 0 1 0 0 0 1 0 0 0 1 0 0 0 1 0 0 0 1 0 0 0 1 0 0 0 1 0 0 0 1 0 0 0 1 0 0 0 1 0 0 0 1 0 0 0 1 0 0 0 1 0 0 0 1 0 0 0 1 0 0 0 1 0 0 0 1 0 0 0 1 0 0 0 1 0 0 0 1 0 0 0 1 0 0 0 1 0 0 0 1 0 0 0 1 0 0 0 1 0 0 0 1 0 0 0 1 0 0 0 1 0 0 0 1 0 0 0 1 0 0 0 1 0 0 0 1 0 0 0 1 0 0 0 1 0 0 0 1 0 0 0 1 0 0 0 1 0 0 0 1 0 0 0 1 0 0 0 1 0 0 0 1 0 0 0 1 0 0 0 1 0 0 0 1 0 0 0 1 0 0 0 1 0 0 0 1 0 0 0 1 0 0 0 1 0 0 0 1 0 0 0 1 0 0 0 1 0 0 0 1 0 0 0 1 0 0 0 1 0 0 0 1 0 0 0 1 0 0 0 1 0 0 0 1 0 0 0 1 0 0 0 1 0 0 0 1 0 0 0 1 0 0 0 1 0 0 0 1 0 0 0 1 0 0 0 1 0 0 0 1 0 0 0 1 0 0 0 1 0 0 0 1 0 0 0 1 0 0 0 1 0 0 0 1 0 0 0 1 0 0 0 1 0 0 0 1 0 0 0 1 0 0 0 1 0 0 0 1 0 0 0 1 0 0 0 1 0 0 0 1 0 0 0 1 0 0 0 1 0 0 0 1 0 0 0 1 0 0 0 1 0 0 0 1 0 0 0 1 0 0 0 1 0 0 0 1 0 0 0 1 0 0 0 1 0 0 0 1 0 0 0 1 0 0 0 1 0 0 0 1 0 0 0 1 0 0 0 1 0 0 0 1 0 0 0 1 0 0 0 1 0 0 0 1 0 0 0 1 0 0 0 1 0 0 0 1 0 0 0 1 0 0 0 1 0 0 0 1 0 0 0 1 0 0 0 1 0 0 0 1 0 0 0 1 0 0 0 1 0 0 0 1 0 0 0 1 0 0 0 1 0 0 0 1 0 0 0 1 0 0 0 1 0 0 0 1 0 0 0 1 0 0 0 1 0 0 0 1 0 0 0 1 0 0 0 1 0 0 0 1 0 0 0 1 0 0 0 1 0 0 0 1 0 0 0 1 0 0 0 1 0 0 0 1 0 0 0 1 0 0 0 1 0 0 0 1 0 0 0 1 0 0 0 1 0 0 0 1 0 0 0 1 0 0 0 1 0 0 0 1 0 0 0 1 0 0 0 1 0 0 0 1 0 0 0 1 0 0 0 1 0 0 0 1 0 0 0 1 0 0 0 1 0 0 0 1 0 0 0 1 0 0 0 1 0 0 0 1 0 0 0 1 0 0 0 1 0 0 0 1 0 0 0 1 0 0 0 1 0 0 0 1 0 0 0 1 0 0 0 1 0 0 0 1 0 0 0 1 0 0 0 1 0 0 0 1 0 0 0 1 0 0 0 1 0 0 0 1 0 0 0 1 0 0 0 1 0 0 0 1 0 0 0 1 0 0 0 1 0 0 0 1 0 0 0 1 0 0 0 1 0 0 0 1 0 0 0 1 0 0 0 1 0 0 0 1 0 0 0 1 0 0 0 1 0 0 0 1 0 0 0 1 0 0 0 1 0 0 0 1 0 0 0 1 0 0 0 1 0 0 0 1 0 0 0 1 0 0 0 1 0 0 0 1 0 0 0 1 0 0 0 1 0 0 0 1 0 0 0 1 0 0 0 1 0 0 0 1 0 0 0 1 0 0 0 1 0 0 0 1 0 0 0 1 0 0 0 1 0 0 0 1 0 0 0 1 0 0 0 1 0 0 0 1 0 0 0 1 0 0 0 1 0 0 0 1 0 0 0 1 0 0 0 1 0 0 0 1 0 0 0 1 0 0 0 1 0 0 0 1 0 0 0 1 0 0 0 1 0 0 0 1 0 0 0 1 0 0 0 1 0 0 0 1 0 0 0 1 0 0 0 1 0 0 0 1 0 0 0 1 0 0 0 1 0 0 0 1 0 0 0 1 0 0 0 1 0 0 0 1 0 0 0 1 0 0 0 1 0 0 0 1 0 0 0 1 0 0 0 1 0 0 0 1 0 0 0 1 0 0 0 1 0 0 0 1 0 0 0 1 0 0 0 1 0 0 0 1 0 0 0 1 0 0 0 1 0 0 0 1 0 0 0 1 0 0 0 1 0 0 0 1 0 0 0 1 0 0 0 1 0 0 0 1 0 0 0 1 0 0 0 1 0 0 0 1 0 0 0 1 0 0 0 1 0 0 0 1 0 0 0 1 0 0 0 1 0 0 0 1 0 0 0 1 0 0 0 1 0 0 0 1 0 0 0 1 0 0 0 1 0 0 0 1 0 0 0 1 0 0 0 1 0 0 0 1 0 0 0 1 0 0 0 1 0 0 0 1 0 0 0 1 0 0 0 1 0 0 0 1 0 0 0 1 0 0 0 1 0 0 0 1 0 0 0 1 0 0 0 1 0 0 0 1 0 0 0 1 0 0 0 1 0 0 0 1 0 0 0 1 0 0 0 1 0 0 0 1 0 0 0 1 0 0 0 1 0 0 0 1 0 0 0 1 0 0 0 1 0 0 0 1 0 0 0 1 0 0 0 1 0 0 0 1 0 0 0 1 0 0 0 1 0 0 0 1 0 0 0 1 0 0 0 1 0 0 0 1 0 0 0 1 0 0 0 1 0 0 0 1 0 0 0 1 0 0 0 1 0 0 0 1 0 0 0 1 0 0 0 1 0 0 0 1 0 0 0 1 0 0 0 1 0 0 0 1 0 0 0 1 0 0 0 1 0 0 0 1 0 0 0 1 0 0 0 1 0 0 0 1 0 0 0 1 0 0 0 1 0 0 0 1 0 0 0 1 0 0 0 1 0 0 0 1 0 0 0 1 0 0 0 1 0 0 0 1 0 0 0 1 0 0 0 1 0 0 0 1 0 0 0 1 0 0 0 1 0 0 0 1 0 0 0 1 0 0 0 1 0 0 0 1 0 0 0 1 0 0 0 1 0 0 0 1 0 0 0 1 0 0 0 1 0 0 0 1 0 0 0 1 0 0 0 1 0 0 0 1 0 0 0 1 0 0 0 1 0 0 0 1 0 0 0 1 0 0 0 1 0 0 0 1 0 0 0 1 0 0 0 1 0 0 0 1 0 0 0 1 0 0 0 1 0 0 0 1 0 0 0 1 0 0 0 1 0 0 0 1 0 0 0 1 0 0 0 1 0 0 0 1 0 0 0 1 0 0 0 1 0 0 0 1 0 0 0 1 0 0 0 1 0 0 0 1 0 0 0 1 0 0 0 1 0 0 0 1 0 0 0 1 0 0 0 1 0 0 0 1 0 0 0 1 0 0 0 1 0 0 0 1 0 0 0 1 0 0 0 1 0 0 0 1 0 0 0 1 0 0 0 1 0 0 0 1 0 0 0 1 0 0 0 1 0 0 0 1 0 0 0 1 0 0 0 1 0 0 0 1 0 0 0 1 0 0 0 1 0 0 0 1 0 0 0 1 0 0 0 1 0 0 0 1 0 0 0 1 0 0 0 1 0 0 0 1 0 0 0 1 0 0 0 1 0 0 0 1 0 0 0 1 0 0 0 1 0 0 0 1 0 0 0 1 0 0 0 1 0 0 0 1 0 0 0 1 0 0 0 1 0 0 0 1 0 0 0 1 0 0 0 1 0 0 0 1 0 0 0 1 0 0 0 1 0 0 0 1 0 0 0 1 0 0 0 1 0 0 0 1 0 0 0 1 0 0 0 1 0 0 0 1 0 0 0 1 0 0 0 1 0 0 0 1 0 0 0 1 0 0 0 1 0 0 0 1 0 0 0 1 0 0 0 1 0 0 0 1 0 0 0 1 0 0 0 1 0 0 0 1 0 0 0 1 0 0 0 1 0 0 0 1 0 0 0 1 0 0 0 1 0 0 0 1 0 0 0 1 0 0 0 1 0 0 0 1 0 0 0 1 0 0 0 1 0 0 0 1 0 0 0 1 0 0 0 1 0 0 0 1 0 0 0 1 0 0 0 1 0 0 0 1 0 0 0 1 0 0 0 1 0 0 0 1 0 0 0 1 0 0 0 1 0 0 0 1 0 0 0 1 0 0 0 1 0 0 0 1 0 0 0 1 0 0 0 1 0 0 0 1 0 0 0 1 0 0 0 1 0 0 0 1 0 0 0 1 0 0 0 1 0 0 0 1 0 0 0 1 0 0 0 1 0 0 0 1 0 0 0 1 0 0 0 1 0 0 0 1 0 0 0 1 0 0 0 1 0 0 0 1 0 0 0 1 0 0 0 1 0 0 0 1 0 0 0 1 0 0 0 1 0 0 0 1 0 0 0 1 0 0 0 1 0 0 0 1 0 0 0 1 0 0 0 1 0 0 0 1 0 0 0 1 0 0 0 1 0 0 0 1 0 0 0 1 0 0 0 1 0 0 0 1 0 0 0 1 0 0 0 1 0 0 0 1 0 0 0 1 0 0 0 1 0 0 0 1 0 0 0 1 0 0 0 1 0 0 0 1 0 0 0 1 0 0 0 1 0 0 0 1 0 0 0 1 0 0 0 1 0 0 0 1 0 0 0 1 0 0 0 1 0 0 0 1 0 0 0 1 0 0 0 1 0 0 0 1 0 0 0 1 0 0 0 1 0 0 0 1 0 0 0 1 0 0 0 1 0 0 0 1 0 0 0 1 0 0 0 1 0 0 0 1 0 0 0 1 0 0 0 1 0 0 0 1 0 0 0 1 0 0 0 1 0 0 0 1 0 0 0 1 0 0 0 1 0 0 0 1 0 0 0 1 0 0 0 1 0 0 0 1 0 0 0 1 0 0 0 1 0 0 0 1 0 0 0 1 0 0 0 1 0 0 0 1 0 0 0 1 0 0 0 1 0 0 0 1 0 0 0 1 0 0 0 1 0 0 0 1 0 0 0 1 0 0 0 1 0 0 0 1 0 0 0 1 0 0 0 1 0 0 0 1 0 0 0 1 0 0 0 1 0 0 0 1 0 0 0 1 0 0 0 1 0 0 0 1 0 0 0 1 0 0 0 1 0 0 0 1 0 0 0 1 0 0 0 1 0 0 0 1 0 0 0 1 0 0 0 1 0 0 0 1 0 0 0 1 0 0 0 1 0 0 0 1 0 0 0 1 0 0 0 1 0 0 0 0.5511433 0.4388274 0.01002935 0 0.5203092 0.4688887 0.01080219 0 0.5511433 0.4388274 0.01002935 0 0.5203092 0.4688887 0.01080219 0 0.5315553 0.4394677 0.028977 0 0.5323396 0.4385407 0.02911961 0 0.5315553 0.4394677 0.028977 0 0.5323396 0.4385407 0.02911961 0 0.5322189 0.4386391 0.02914196 0 0.5322189 0.4386391 0.02914196 0 0.539766 0.4248992 0.03533483 0 0.5435092 0.4168824 0.03960841 0 0.539766 0.4248992 0.03533483 0 0.5435092 0.4168824 0.03960841 0 0.6193956 0.295195 0.08540946 0 0.6193956 0.295195 0.08540946 0 0.6231027 0.2774007 0.09949654 0 0.6231027 0.2774007 0.09949654 0 0.6243836 0.2355244 0.140092 0 0.6243836 0.2355244 0.140092 0 0.6286373 0.1903509 0.1810119 0 0.6286373 0.1903509 0.1810119 0 0.5803023 0.4091522 0.01054557 0 0.5663757 0.4219972 0.01162722 0 0.5663757 0.4219972 0.01162722 0 0.5803023 0.4091522 0.01054557 0 0.5504648 0.4363595 0.01317573 0 0.5504648 0.4363595 0.01317573 0 0.515848 0.4672664 0.01688556 0 0.515848 0.4672664 0.01688556 0 0.4918886 0.4885777 0.01953367 0 0.4918886 0.4885777 0.01953367 0 0.5093769 0.4636818 0.02694137 0 0.5093769 0.4636818 0.02694137 0 0.8566198 0.1433802 0 0 0.7603199 0.2380881 0.001592032 0 0.7603199 0.2380881 0.001592032 0 0.8566198 0.1433802 0 0 0.9011044 0.0988956 0 0 0.9011044 0.0988956 0 0 0.9023135 0.09768654 0 0 0.9023135 0.09768654 0 0 0.5504648 0.4363595 0.01317573 0 0.5803023 0.4091522 0.01054557 0 0.5795285 0.4098812 0.01059031 0 0.5373191 0.4481439 0.01453696 0 0.515848 0.4672664 0.01688556 0 0.5817516 0.4077867 0.01046177 0 0.5014022 0.4795675 0.01903031 0 0.4918886 0.4885777 0.01953367 0 0.5172495 0.4537108 0.02903976 0 0.5093769 0.4636818 0.02694137 0 0.537411 0.4275601 0.03502892 0 0.5019119 0.4787608 0.01932729 0 0.5639283 0.4239735 0.01209818 0 0.5869204 0.4029167 0.01016293 0 0.5426294 0.4427876 0.01458303 0 0.5720255 0.4161423 0.01183232 0 0.5656112 0.4206846 0.0137042 0 0.5129467 0.4609869 0.02606647 0 0.5020286 0.4735278 0.02444358 0 0.5078821 0.4675384 0.0245795 0 0.5411926 0.4209726 0.03783476 0 0.5427715 0.4227587 0.03446993 0 0.5819604 0.3654462 0.05259345 0 0.5446459 0.4393159 0.0160382 0 0.5426294 0.4427876 0.01458303 0 0.4889266 0.4858123 0.02526111 0 0.5720255 0.4161423 0.01183232 0 0.5869204 0.4029167 0.01016293 0 0.489492 0.4869311 0.0235769 0 0.537785 0.4243663 0.03784874 0 0.5502453 0.4101267 0.03962803 0 0.5639283 0.4239735 0.01209818 0 0.5817516 0.4077867 0.01046177 0 0.5869747 0.3493456 0.06367967 0 0.6058314 0.3142228 0.07994587 0 0.5592216 0.3927751 0.04800339 0 0.5578532 0.3908368 0.05131007 0 0.610327 0.292147 0.09752599 0 0.6119279 0.2944507 0.09362146 0 0.6087212 0.2904521 0.1008267 0 0.610327 0.292147 0.09752599 0 0.6097484 0.3093756 0.08087599 0 0.6179647 0.285771 0.09626427 0 0.6239631 0.2742079 0.1018291 0 0.5819156 0.3618014 0.056283 0 0.608133 0.3183453 0.07352182 0 0.6193916 0.2952881 0.08532017 0 0.6231027 0.2774007 0.09949654 0 0.6193956 0.295195 0.08540946 0 0.5945055 0.341854 0.06364045 0 0.6042003 0.3248682 0.07093148 0 0.6071005 0.3194939 0.07340565 0 0.5837732 0.3624013 0.05382549 0 0.5957903 0.3428491 0.06136058 0 0.5708508 0.3817225 0.04742664 0 0.5973421 0.3388136 0.06384429 0 0.5577095 0.4008549 0.04143561 0 0.5903298 0.3537521 0.05591812 0 0.5885253 0.3548026 0.0566721 0 0.5779777 0.371692 0.05033034 0 0.5837922 0.3651533 0.05105451 0 0.5619059 0.3947141 0.04338004 0 0.5706566 0.3844181 0.04492534 0 0.5409909 0.4242209 0.03478812 0 0.5437644 0.4201303 0.03610534 0 0.6243836 0.2355244 0.140092 0 0.6231027 0.2774007 0.09949654 0 0.6239631 0.2742079 0.1018291 0 0.62795 0.258024 0.114026 0 0.6179647 0.285771 0.09626427 0 0.6199213 0.1989099 0.1811688 0 0.6286373 0.1903509 0.1810119 0 0.626915 0.2510132 0.1220718 0 0.6235006 0.2128642 0.1636353 0 0.62308 0.2533732 0.1235469 0 0.6153623 0.2797819 0.1048559 0 0.6119279 0.2944507 0.09362146 0 0.6172498 0.2625415 0.1202087 0 0.610327 0.292147 0.09752599 0 0.6087212 0.2904521 0.1008267 0 0.6233457 0.2277788 0.1488755 0 0.6141342 0.2678074 0.1180585 0 0.6172498 0.2625415 0.1202087 0 0.610327 0.292147 0.09752599 0 0.6119279 0.2944507 0.09362146 0 0.6153623 0.2797819 0.1048559 0 0.6179647 0.285771 0.09626427 0 0.6233457 0.2277788 0.1488755 0 0.621863 0.2227324 0.1554046 0 0.6201828 0.2181202 0.161697 0 0.62308 0.2533732 0.1235469 0 0.6201828 0.2181202 0.161697 0 0.6209881 0.2135872 0.1654248 0 0.6151486 0.2273787 0.1574728 0 0.6343828 0.294246 0.07137105 0 0.6438135 0.2699514 0.08623502 0 0.5876945 0.3428931 0.06941243 0 0.6075292 0.2489463 0.1435245 0 0.5827089 0.352139 0.06515215 0 0.5876945 0.3428931 0.06941243 0 0.5231744 0.4493093 0.02751631 0 0.5191792 0.4565766 0.0242442 0 0.5231744 0.4493093 0.02751631 0 0.5276886 0.4443082 0.02800323 0 0.6343828 0.294246 0.07137105 0 0.5276886 0.4443082 0.02800323 0 0.5323808 0.4377576 0.02986153 0 0.57586 0.3426238 0.08151613 0 0.5321082 0.4387294 0.02916246 0 0.5244415 0.4490337 0.02652479 0 0.5218582 0.4527444 0.02539741 0 0.5323396 0.4385407 0.02911961 0 0.55238 0.3967137 0.05090623 0 0.5435092 0.4168824 0.03960841 0 0.6108707 0.2590342 0.1300952 0 0.5867206 0.325963 0.08731639 0 0.5580424 0.3886201 0.05333757 0 0.6198832 0.2214315 0.1586853 0 0.6012286 0.2827038 0.1160677 0 0.6133363 0.2506164 0.1360473 0 0.5969272 0.3016939 0.1013788 0 0.6000008 0.2859458 0.1140534 0 0.5897372 0.3334458 0.07681698 0 0.6090793 0.3017071 0.08921354 0 0.5780907 0.3487813 0.07312803 0 0.5855501 0.3271174 0.08733245 0 0.5998332 0.3254004 0.0747664 0 0.5637398 0.3803733 0.05588679 0 0.5729846 0.3571605 0.06985488 0 0.5733141 0.3584279 0.06825803 0 0.5507007 0.4056977 0.04360162 0 0.5658211 0.3735818 0.06059709 0 0.5495721 0.407323 0.04310492 0 0.539766 0.4248992 0.03533483 0 0.5218582 0.4527444 0.02539741 0 0.5203092 0.4688887 0.01080219 0 0.5323396 0.4385407 0.02911961 0 0.5204657 0.468636 0.01089839 0 0.5708582 0.4225085 0.006633271 0 0.5511433 0.4388274 0.01002935 0 0.5896283 0.4060535 0.004318192 0 0.5823151 0.411535 0.006149841 0 0.6053625 0.3894241 0.004121597 0.001091789 0.6068223 0.3898185 0.003359212 0 0.6235284 0.3722131 0.00286313 0.001395382 0.6274 0.3680279 0.002886239 0.001685785 0.6289532 0.3672541 0.002446346 0.00134627 0.6476191 0.3476672 0.002609236 0.00210444 0.6506894 0.3451489 0.002236967 0.001924682 0.6642211 0.3311694 0.002962481 0.001647042 0.6680053 0.3266219 0.003883603 0.001489225 0.6707805 0.3240605 0.003698422 0.001460688 0.6665627 0.3206592 0.01134484 0.001433259 0.6412217 0.3551798 0.002158011 0.001440468 0.5977567 0.3981703 0.004072999 0 0.6221882 0.37488 0.002931802 0 0.6280088 0.3661243 0.002941943 0.00292487 0.6490458 0.3470943 0.002010615 0.001849266 0.5984968 0.3969696 0.004533634 0 0.5712973 0.4228034 0.005899327 0 0.651557 0.3391951 0.007219922 0.002028004 0.7108067 0.2718674 0.01628933 0.001036547 0.6677284 0.3090424 0.02201921 0.00120995 0.6938314 0.2744108 0.03175783 0 0.6967369 0.2903783 0.01130953 0.00157524 0.6232571 0.3677486 0.005233841 0.003760424 0.5052769 0.4808101 0.01391302 0 0.4988706 0.4814656 0.01966378 0 0.5244415 0.4490337 0.02652479 0 0.5276886 0.4443082 0.02800323 0 0.5812019 0.4118474 0.006950747 0 0.6361052 0.3546845 0.004808694 0.004401664 0.7012364 0.2869529 0.009816946 0.001993696 0.4945639 0.4857687 0.01966733 0 0.5231744 0.4493093 0.02751631 0 0.5191792 0.4565766 0.0242442 0 0.5700941 0.4213513 0.008554552 0 0.6706888 0.3183093 0.007590338 0.003411542 0.7197561 0.2609144 0.01785224 0.001477334 0.547304 0.4417346 0.01096141 0 0.5510961 0.4387163 0.01018764 0 0.4949839 0.4895743 0.01544181 0 0.4945639 0.4857687 0.01966733 0 0.5231744 0.4493093 0.02751631 0 0.5276886 0.4443082 0.02800323 0 0.4988706 0.4814656 0.01966378 0 0.5244415 0.4490337 0.02652479 0 0.5218582 0.4527444 0.02539741 0 0.6295837 0.3655509 0.004865383 0 0.547304 0.4417346 0.01096141 0 0.6284355 0.3630233 0.005226398 0.003314878 0.6898693 0.2980955 0.00897846 0.003056708 0.7040128 0.2725563 0.02185524 0.001575652 0.6034915 0.3906276 0.005880806 0 0.6295837 0.3655509 0.004865383 0 0.6792691 0.3069677 0.01050593 0.003257254 0.6898693 0.2980955 0.00897846 0.003056708 0.7197561 0.2609144 0.01785224 0.001477334 0.6706888 0.3183093 0.007590338 0.003411542 0.7012364 0.2869529 0.009816946 0.001993696 0.5700941 0.4213513 0.008554552 0 0.6284355 0.3630233 0.005226398 0.003314878 0.6361052 0.3546845 0.004808694 0.004401664 0.6967369 0.2903783 0.01130953 0.00157524 0.5812019 0.4118474 0.006950747 0 0.6232571 0.3677486 0.005233841 0.003760424 0.6280088 0.3661243 0.002941943 0.00292487 0.5052769 0.4808101 0.01391302 0 0.5712973 0.4228034 0.005899327 0 0.5204657 0.468636 0.01089839 0 0.5203092 0.4688887 0.01080219 0 0.5323396 0.4385407 0.02911961 0 0.5708582 0.4225085 0.006633271 0 0.5511433 0.4388274 0.01002935 0 0.651557 0.3391951 0.007219922 0.002028004 0.7108067 0.2718674 0.01628933 0.001036547 0.5984968 0.3969696 0.004533634 0 0.5896283 0.4060535 0.004318192 0 0.5823151 0.411535 0.006149841 0 0.6053625 0.3894241 0.004121597 0.001091789 0.5977567 0.3981703 0.004072999 0 0.6235284 0.3722131 0.00286313 0.001395382 0.6068223 0.3898185 0.003359212 0 0.6274 0.3680279 0.002886239 0.001685785 0.6221882 0.37488 0.002931802 0 0.6289532 0.3672541 0.002446346 0.00134627 0.6476191 0.3476672 0.002609236 0.00210444 0.6412217 0.3551798 0.002158011 0.001440468 0.6506894 0.3451489 0.002236967 0.001924682 0.6642211 0.3311694 0.002962481 0.001647042 0.6680053 0.3266219 0.003883603 0.001489225 0.6707805 0.3240605 0.003698422 0.001460688 0.6665627 0.3206592 0.01134484 0.001433259 0.6490458 0.3470943 0.002010615 0.001849266 0.6677284 0.3090424 0.02201921 0.00120995 0.6938314 0.2744108 0.03175783 0 0.5795285 0.4098812 0.01059031 0 0.5803023 0.4091522 0.01054557 0 0.5504648 0.4363595 0.01317573 0 0.5373191 0.4481439 0.01453696 0 0.515848 0.4672664 0.01688556 0 0.5817516 0.4077867 0.01046177 0 0.5014022 0.4795675 0.01903031 0 0.4918886 0.4885777 0.01953367 0 0.5172495 0.4537108 0.02903976 0 0.5093769 0.4636818 0.02694137 0 0.537411 0.4275601 0.03502892 0 0.5019119 0.4787608 0.01932729 0 0.5129467 0.4609869 0.02606647 0 0.5020286 0.4735278 0.02444358 0 0.489492 0.4869311 0.0235769 0 0.537785 0.4243663 0.03784874 0 0.5352221 0.4249626 0.03981535 0 0.5592216 0.3927751 0.04800339 0 0.5502453 0.4101267 0.03962803 0 0.5869747 0.3493456 0.06367967 0 0.6119279 0.2944507 0.09362146 0 0.5427715 0.4227587 0.03446993 0 0.6058314 0.3142228 0.07994587 0 0.5078821 0.4675384 0.0245795 0 0.6097484 0.3093756 0.08087599 0 0.6179647 0.285771 0.09626427 0 0.6239631 0.2742079 0.1018291 0 0.5819604 0.3654462 0.05259345 0 0.5411926 0.4209726 0.03783476 0 0.5819156 0.3618014 0.056283 0 0.608133 0.3183453 0.07352182 0 0.6193916 0.2952881 0.08532017 0 0.6231027 0.2774007 0.09949654 0 0.6193956 0.295195 0.08540946 0 0.5945055 0.341854 0.06364045 0 0.6042003 0.3248682 0.07093148 0 0.6071005 0.3194939 0.07340565 0 0.5837732 0.3624013 0.05382549 0 0.5957903 0.3428491 0.06136058 0 0.5708508 0.3817225 0.04742664 0 0.5973421 0.3388136 0.06384429 0 0.5577095 0.4008549 0.04143561 0 0.5903298 0.3537521 0.05591812 0 0.5885253 0.3548026 0.0566721 0 0.5779777 0.371692 0.05033034 0 0.5837922 0.3651533 0.05105451 0 0.5619059 0.3947141 0.04338004 0 0.5706566 0.3844181 0.04492534 0 0.5409909 0.4242209 0.03478812 0 0.5437644 0.4201303 0.03610534 0 0.6239631 0.2742079 0.1018291 0 0.6231027 0.2774007 0.09949654 0 0.6243836 0.2355244 0.140092 0 0.62795 0.258024 0.114026 0 0.6199213 0.1989099 0.1811688 0 0.6286373 0.1903509 0.1810119 0 0.626915 0.2510132 0.1220718 0 0.6235006 0.2128642 0.1636353 0 0.6209881 0.2135872 0.1654248 0 0.6438135 0.2699514 0.08623502 0 0.6075292 0.2489463 0.1435245 0 0.5323808 0.4377576 0.02986153 0 0.57586 0.3426238 0.08151613 0 0.5321082 0.4387294 0.02916246 0 0.5244415 0.4490337 0.02652479 0 0.5218582 0.4527444 0.02539741 0 0.5323396 0.4385407 0.02911961 0 0.55238 0.3967137 0.05090623 0 0.5435092 0.4168824 0.03960841 0 0.6108707 0.2590342 0.1300952 0 0.5867206 0.325963 0.08731639 0 0.5580424 0.3886201 0.05333757 0 0.6198832 0.2214315 0.1586853 0 0.6012286 0.2827038 0.1160677 0 0.6133363 0.2506164 0.1360473 0 0.5969272 0.3016939 0.1013788 0 0.6000008 0.2859458 0.1140534 0 0.5897372 0.3334458 0.07681698 0 0.6090793 0.3017071 0.08921354 0 0.5780907 0.3487813 0.07312803 0 0.5855501 0.3271174 0.08733245 0 0.5998332 0.3254004 0.0747664 0 0.5637398 0.3803733 0.05588679 0 0.5729846 0.3571605 0.06985488 0 0.5733141 0.3584279 0.06825803 0 0.5507007 0.4056977 0.04360162 0 0.5658211 0.3735818 0.06059709 0 0.5495721 0.407323 0.04310492 0 0.539766 0.4248992 0.03533483 0 1 0 0 0 1 0 0 0 1 0 0 0 1 0 0 0 1 0 0 0 1 0 0 0 1 0 0 0 1 0 0 0 1 0 0 0 1 0 0 0 1 0 0 0 1 0 0 0 1 0 0 0 1 0 0 0 1 0 0 0 1 0 0 0 1 0 0 0 1 0 0 0 1 0 0 0 1 0 0 0 1 0 0 0 1 0 0 0 1 0 0 0 1 0 0 0 1 0 0 0 1 0 0 0 1 0 0 0 1 0 0 0 1 0 0 0 1 0 0 0 1 0 0 0 1 0 0 0 1 0 0 0 1 0 0 0 1 0 0 0 1 0 0 0 1 0 0 0 1 0 0 0 1 0 0 0 1 0 0 0 1 0 0 0 1 0 0 0 1 0 0 0 1 0 0 0 1 0 0 0 1 0 0 0 1 0 0 0 1 0 0 0 1 0 0 0 1 0 0 0 1 0 0 0 1 0 0 0 1 0 0 0 1 0 0 0 1 0 0 0 1 0 0 0 1 0 0 0 1 0 0 0 1 0 0 0 1 0 0 0 1 0 0 0 1 0 0 0 1 0 0 0 1 0 0 0 1 0 0 0 1 0 0 0 1 0 0 0 1 0 0 0 1 0 0 0 1 0 0 0 1 0 0 0 1 0 0 0 1 0 0 0 1 0 0 0 1 0 0 0 1 0 0 0 1 0 0 0 1 0 0 0 1 0 0 0 1 0 0 0 1 0 0 0 1 0 0 0 1 0 0 0 1 0 0 0 1 0 0 0 1 0 0 0 1 0 0 0 1 0 0 0 1 0 0 0 1 0 0 0 1 0 0 0 1 0 0 0 1 0 0 0 1 0 0 0 1 0 0 0 1 0 0 0 1 0 0 0 1 0 0 0 1 0 0 0 1 0 0 0 1 0 0 0 1 0 0 0 1 0 0 0 1 0 0 0 1 0 0 0 1 0 0 0 1 0 0 0 1 0 0 0 1 0 0 0 1 0 0 0 1 0 0 0 1 0 0 0 1 0 0 0 1 0 0 0 1 0 0 0 1 0 0 0 1 0 0 0 1 0 0 0 1 0 0 0 1 0 0 0 1 0 0 0 1 0 0 0 1 0 0 0 1 0 0 0 1 0 0 0 1 0 0 0 1 0 0 0 1 0 0 0 1 0 0 0 1 0 0 0 1 0 0 0 1 0 0 0 1 0 0 0 1 0 0 0 1 0 0 0 1 0 0 0 1 0 0 0 1 0 0 0 1 0 0 0 1 0 0 0 1 0 0 0 1 0 0 0 1 0 0 0 1 0 0 0 1 0 0 0 1 0 0 0 1 0 0 0 1 0 0 0 1 0 0 0 1 0 0 0 1 0 0 0 1 0 0 0 1 0 0 0 1 0 0 0 1 0 0 0 1 0 0 0 1 0 0 0 1 0 0 0 1 0 0 0 1 0 0 0 1 0 0 0 1 0 0 0 1 0 0 0 1 0 0 0 1 0 0 0 1 0 0 0 1 0 0 0 1 0 0 0 1 0 0 0 1 0 0 0 1 0 0 0 1 0 0 0 1 0 0 0 1 0 0 0 1 0 0 0 1 0 0 0 1 0 0 0 1 0 0 0 1 0 0 0 1 0 0 0 1 0 0 0 1 0 0 0 1 0 0 0 1 0 0 0 1 0 0 0 1 0 0 0 1 0 0 0 1 0 0 0 1 0 0 0 1 0 0 0 1 0 0 0 1 0 0 0 1 0 0 0 1 0 0 0 1 0 0 0 1 0 0 0 1 0 0 0 1 0 0 0 1 0 0 0 1 0 0 0 1 0 0 0 1 0 0 0 1 0 0 0 1 0 0 0 1 0 0 0 1 0 0 0 1 0 0 0 1 0 0 0 1 0 0 0 1 0 0 0 1 0 0 0 1 0 0 0 1 0 0 0 1 0 0 0 1 0 0 0 1 0 0 0 1 0 0 0 1 0 0 0 1 0 0 0 1 0 0 0 1 0 0 0 1 0 0 0 1 0 0 0 1 0 0 0 1 0 0 0 1 0 0 0 1 0 0 0 1 0 0 0 1 0 0 0 1 0 0 0 1 0 0 0 1 0 0 0 1 0 0 0 1 0 0 0 1 0 0 0 1 0 0 0 1 0 0 0 1 0 0 0 1 0 0 0 1 0 0 0 1 0 0 0 1 0 0 0 1 0 0 0 1 0 0 0 1 0 0 0 1 0 0 0 1 0 0 0 1 0 0 0 1 0 0 0 1 0 0 0 1 0 0 0 1 0 0 0 1 0 0 0 1 0 0 0 1 0 0 0 1 0 0 0 1 0 0 0 1 0 0 0 1 0 0 0 1 0 0 0 1 0 0 0 1 0 0 0 1 0 0 0 1 0 0 0 1 0 0 0 1 0 0 0 1 0 0 0 1 0 0 0 1 0 0 0 1 0 0 0 1 0 0 0 1 0 0 0 1 0 0 0 1 0 0 0 1 0 0 0 1 0 0 0 1 0 0 0 1 0 0 0 1 0 0 0 1 0 0 0 1 0 0 0 1 0 0 0 1 0 0 0 1 0 0 0 1 0 0 0 1 0 0 0 1 0 0 0 1 0 0 0 1 0 0 0 1 0 0 0 1 0 0 0 1 0 0 0 1 0 0 0 1 0 0 0 1 0 0 0 1 0 0 0 1 0 0 0 1 0 0 0 1 0 0 0 1 0 0 0 1 0 0 0 1 0 0 0 1 0 0 0 1 0 0 0 1 0 0 0 1 0 0 0 1 0 0 0 1 0 0 0 1 0 0 0 1 0 0 0 1 0 0 0 1 0 0 0 1 0 0 0 1 0 0 0 1 0 0 0 1 0 0 0 1 0 0 0 1 0 0 0 1 0 0 0 1 0 0 0 1 0 0 0 1 0 0 0 1 0 0 0 1 0 0 0 1 0 0 0 1 0 0 0 1 0 0 0 1 0 0 0 1 0 0 0 1 0 0 0 1 0 0 0 1 0 0 0 1 0 0 0 1 0 0 0 1 0 0 0 1 0 0 0 1 0 0 0 1 0 0 0 1 0 0 0 1 0 0 0 1 0 0 0 1 0 0 0 1 0 0 0 1 0 0 0 1 0 0 0 1 0 0 0 1 0 0 0 1 0 0 0 1 0 0 0 1 0 0 0 1 0 0 0 1 0 0 0 1 0 0 0 1 0 0 0 1 0 0 0 1 0 0 0 1 0 0 0 1 0 0 0 1 0 0 0 0.9970923 0.00290768 0 0 1 0 0 0 0.9942797 0.00572023 0 0 0.9876716 0.01232844 0 0 1 0 0 0 0.9987314 0.001268651 0 0 0.9982632 0.001736847 0 0 1 0 0 0 1 0 0 0 1 0 0 0 1 0 0 0 1 0 0 0 1 0 0 0 1 0 0 0 1 0 0 0 1 0 0 0 1 0 0 0 1 0 0 0 1 0 0 0 1 0 0 0 1 0 0 0 1 0 0 0 1 0 0 0 1 0 0 0 1 0 0 0 1 0 0 0 1 0 0 0 1 0 0 0 1 0 0 0 1 0 0 0 1 0 0 0 1 0 0 0 1 0 0 0 1 0 0 0 1 0 0 0 1 0 0 0 1 0 0 0 1 0 0 0 1 0 0 0 1 0 0 0 1 0 0 0 1 0 0 0 1 0 0 0 1 0 0 0 1 0 0 0 1 0 0 0 1 0 0 0 1 0 0 0 1 0 0 0 0.9940853 0.005914752 0 0 1 0 0 0 1 0 0 0 1 0 0 0 1 0 0 0 1 0 0 0 1 0 0 0 1 0 0 0 1 0 0 0 1 0 0 0 1 0 0 0 1 0 0 0 1 0 0 0 1 0 0 0 1 0 0 0 1 0 0 0 1 0 0 0 1 0 0 0 1 0 0 0 1 0 0 0 1 0 0 0 1 0 0 0 1 0 0 0 1 0 0 0 0.9940853 0.005914752 0 0 1 0 0 0 1 0 0 0 1 0 0 0 1 0 0 0 1 0 0 0 1 0 0 0 1 0 0 0 1 0 0 0 1 0 0 0 1 0 0 0 1 0 0 0 1 0 0 0 1 0 0 0 1 0 0 0 1 0 0 0 1 0 0 0 1 0 0 0 1 0 0 0 0.9982632 0.001736847 0 0 1 0 0 0 0.9987314 0.001268651 0 0 0.9876716 0.01232844 0 0 0.9970923 0.00290768 0 0 1 0 0 0 0.9942797 0.00572023 0 0 0.978613 0.02138704 0 0 0.9873884 0.01261159 0 0 0.9743203 0.02567968 0 0 0.9878517 0.01214827 0 0 0.9934896 0.006510377 0 0 0.989774 0.01022603 0 0 1 0 0 0 1 0 0 0 1 0 0 0 1 0 0 0 1 0 0 0 1 0 0 0 1 0 0 0 1 0 0 0 1 0 0 0 1 0 0 0 1 0 0 0 1 0 0 0 1 0 0 0 1 0 0 0 1 0 0 0 1 0 0 0 1 0 0 0 1 0 0 0 1 0 0 0 1 0 0 0 1 0 0 0 1 0 0 0 1 0 0 0 1 0 0 0 0.9878485 0.0121515 0 0 0.9786144 0.02138553 0 0 0.9743187 0.02568132 0 0 0.9873868 0.01261317 0 0 0.9897722 0.01022782 0 0 0.9934938 0.006506197 0 0 1 0 0 0 1 0 0 0 1 0 0 0 1 0 0 0 1 0 0 0 1 0 0 0 1 0 0 0 1 0 0 0 1 0 0 0 1 0 0 0 1 0 0 0 1 0 0 0 1 0 0 0 1 0 0 0 1 0 0 0 1 0 0 0 1 0 0 0 1 0 0 0 1 0 0 0 1 0 0 0 1 0 0 0 1 0 0 0 1 0 0 0 1 0 0 0 1 0 0 0 1 0 0 0 1 0 0 0 1 0 0 0 1 0 0 0 1 0 0 0 1 0 0 0 1 0 0 0 1 0 0 0 1 0 0 0 1 0 0 0 1 0 0 0 1 0 0 0 1 0 0 0 1 0 0 0 1 0 0 0 1 0 0 0 1 0 0 0 1 0 0 0 1 0 0 0 1 0 0 0 1 0 0 0 1 0 0 0 1 0 0 0 1 0 0 0 1 0 0 0 1 0 0 0 1 0 0 0 1 0 0 0 1 0 0 0 1 0 0 0 1 0 0 0 1 0 0 0 1 0 0 0 1 0 0 0 1 0 0 0 1 0 0 0 1 0 0 0 1 0 0 0 1 0 0 0 1 0 0 0 1 0 0 0 1 0 0 0 1 0 0 0 1 0 0 0 1 0 0 0 1 0 0 0 1 0 0 0 1 0 0 0 1 0 0 0 1 0 0 0 1 0 0 0 1 0 0 0 1 0 0 0 1 0 0 0 1 0 0 0 1 0 0 0 1 0 0 0 1 0 0 0 1 0 0 0 1 0 0 0 1 0 0 0 1 0 0 0 1 0 0 0 1 0 0 0 1 0 0 0 1 0 0 0 1 0 0 0 1 0 0 0 1 0 0 0 1 0 0 0 1 0 0 0 1 0 0 0 1 0 0 0 1 0 0 0 1 0 0 0 1 0 0 0 1 0 0 0 1 0 0 0 1 0 0 0 1 0 0 0 1 0 0 0 1 0 0 0 1 0 0 0 1 0 0 0 1 0 0 0 1 0 0 0 1 0 0 0 1 0 0 0 1 0 0 0 1 0 0 0 1 0 0 0 1 0 0 0 1 0 0 0 1 0 0 0 1 0 0 0 1 0 0 0 1 0 0 0 1 0 0 0 1 0 0 0 1 0 0 0 1 0 0 0 1 0 0 0 1 0 0 0 1 0 0 0 1 0 0 0 1 0 0 0 1 0 0 0 1 0 0 0 1 0 0 0 1 0 0 0 1 0 0 0 1 0 0 0 1 0 0 0 1 0 0 0 1 0 0 0 1 0 0 0 1 0 0 0 1 0 0 0 1 0 0 0 1 0 0 0 1 0 0 0 1 0 0 0 1 0 0 0 1 0 0 0 1 0 0 0 1 0 0 0 1 0 0 0 1 0 0 0 1 0 0 0 1 0 0 0 1 0 0 0 1 0 0 0 1 0 0 0 1 0 0 0 1 0 0 0 1 0 0 0 1 0 0 0 1 0 0 0 1 0 0 0 1 0 0 0 1 0 0 0 1 0 0 0 1 0 0 0 1 0 0 0 1 0 0 0 1 0 0 0 1 0 0 0 1 0 0 0 1 0 0 0 1 0 0 0 1 0 0 0 1 0 0 0 1 0 0 0 1 0 0 0 1 0 0 0 1 0 0 0 1 0 0 0 1 0 0 0 1 0 0 0 1 0 0 0 1 0 0 0 1 0 0 0 1 0 0 0 1 0 0 0 1 0 0 0 1 0 0 0 1 0 0 0 1 0 0 0 1 0 0 0 1 0 0 0 1 0 0 0 1 0 0 0 1 0 0 0 1 0 0 0 1 0 0 0 1 0 0 0 1 0 0 0 1 0 0 0 1 0 0 0 1 0 0 0 1 0 0 0 1 0 0 0 1 0 0 0 1 0 0 0 1 0 0 0 1 0 0 0 1 0 0 0 1 0 0 0 1 0 0 0 1 0 0 0 1 0 0 0 1 0 0 0 1 0 0 0 1 0 0 0 1 0 0 0 1 0 0 0 1 0 0 0 1 0 0 0 1 0 0 0 1 0 0 0 1 0 0 0 1 0 0 0 1 0 0 0 1 0 0 0 1 0 0 0 1 0 0 0 1 0 0 0 1 0 0 0 1 0 0 0 1 0 0 0 1 0 0 0 1 0 0 0 1 0 0 0 1 0 0 0 1 0 0 0 1 0 0 0 1 0 0 0 1 0 0 0 1 0 0 0 1 0 0 0 1 0 0 0 1 0 0 0 1 0 0 0 1 0 0 0 1 0 0 0 1 0 0 0 1 0 0 0 1 0 0 0 1 0 0 0 1 0 0 0 1 0 0 0 1 0 0 0 1 0 0 0 1 0 0 0 1 0 0 0 1 0 0 0 1 0 0 0 1 0 0 0 1 0 0 0 1 0 0 0 1 0 0 0 1 0 0 0 1 0 0 0 1 0 0 0 1 0 0 0 1 0 0 0 1 0 0 0 1 0 0 0 1 0 0 0 1 0 0 0 1 0 0 0 1 0 0 0 1 0 0 0 1 0 0 0 1 0 0 0 1 0 0 0 1 0 0 0 1 0 0 0 1 0 0 0 1 0 0 0 1 0 0 0 1 0 0 0 1 0 0 0 1 0 0 0 1 0 0 0 1 0 0 0 1 0 0 0 1 0 0 0 1 0 0 0 1 0 0 0 1 0 0 0 1 0 0 0 1 0 0 0 1 0 0 0 1 0 0 0 1 0 0 0 1 0 0 0 1 0 0 0 1 0 0 0 1 0 0 0 1 0 0 0 1 0 0 0 1 0 0 0 1 0 0 0 1 0 0 0 1 0 0 0 1 0 0 0 1 0 0 0 1 0 0 0 1 0 0 0 1 0 0 0 1 0 0 0 1 0 0 0 1 0 0 0 1 0 0 0 1 0 0 0 1 0 0 0 1 0 0 0 1 0 0 0 1 0 0 0 1 0 0 0 1 0 0 0 1 0 0 0 1 0 0 0 1 0 0 0 1 0 0 0 1 0 0 0 1 0 0 0 1 0 0 0 1 0 0 0 0.9227912 0.07720879 0 0 0.9225478 0.07745215 0 0 0.9319786 0.06802136 0 0 0.9278958 0.07210419 0 0 0.9248852 0.07511486 0 0 0.9343388 0.06566118 0 0 0.9421952 0.05780485 0 0 0.9254414 0.07455863 0 0 0.9333997 0.06660026 0 0 0.9140837 0.08591632 0 0 0.9329607 0.06703926 0 0 0.9254466 0.07455345 0 0 0.9458283 0.05417174 0 0 0.9452217 0.05477829 0 0 0.9334028 0.06659719 0 0 0.9249035 0.07509653 0 0 0.948026 0.05197402 0 0 0.9343415 0.06565849 0 0 0.922551 0.07744894 0 0 0.9507269 0.04927314 0 0 0.9583718 0.04162817 0 0 0.9520448 0.04795521 0 0 0.9576092 0.04239078 0 0 0.9609525 0.03904746 0 0 0.9452223 0.05477769 0 0 0.9507272 0.04927285 0 0 0.9583714 0.04162862 0 0 0.9463944 0.05360557 0 0 0.9629155 0.03708446 0 0 0.9421954 0.05780465 0 0 0.9458285 0.0541715 0 0 0.9520449 0.04795508 0 0 0.9373323 0.06266765 0 0 0.9319786 0.06802136 0 0 0.939374 0.060626 0 0 0.9509721 0.04902784 0 0 0.9695928 0.03040725 0 0 0.9457131 0.0542869 0 0 0.9235058 0.07649413 0 0 0.9545687 0.04543124 0 0 0.9737403 0.02625971 0 0 0.9124487 0.08755129 0 0 0.8978596 0.1021404 0 0 0.9586778 0.04132217 0 0 0.9083188 0.09168123 0 0 0.8773166 0.1226834 0 0 0.9423571 0.0576429 0 0 0.8773166 0.1226834 0 0 0.9754676 0.02453242 0 0 0.9263172 0.07368279 0 0 0.9652786 0.03472139 0 0 0.908326 0.09167396 0 0 0.9262966 0.0737034 0 0 0.8773502 0.1226498 0 0 0.9423486 0.05765143 0 0 0.9652706 0.03472935 0 0 0.9754415 0.02455852 0 0 0.9124511 0.08754887 0 0 0.8773502 0.1226498 0 0 0.8978714 0.1021286 0 0 0.9586789 0.04132112 0 0 0.9737332 0.02626682 0 0 0.9695874 0.03041261 0 0 0.9457147 0.05428529 0 0 0.9235247 0.07647529 0 0 0.9545686 0.04543143 0 0 0.962915 0.037085 0 0 0.9373332 0.0626668 0 0 0.9393761 0.06062393 0 0 0.9509722 0.0490278 0 0 0.9609526 0.03904736 0 0 0.9227924 0.07720764 0 0 0.9319795 0.06802053 0 0 0.9463946 0.05360544 0 0 0.9278977 0.07210231 0 0 0.9319795 0.06802053 0 0 1 0 0 0 1 0 0 0 1 0 0 0 1 0 0 0 1 0 0 0 1 0 0 0 1 0 0 0 1 0 0 0 1 0 0 0 1 0 0 0 1 0 0 0 1 0 0 0 0.9959244 0.004075654 0 0 0.9955925 0.004407458 0 0 0.9970713 0.002928709 0 0 0.9808396 0.01916036 0 0 0.9758954 0.02410459 0 0 0.9752689 0.02473111 0 0 0.9587019 0.04129808 0 0 0.9559159 0.04408414 0 0 0.9621727 0.03782731 0 0 0.9423664 0.05763355 0 0 0.9483725 0.05162743 0 0 0.941925 0.05807493 0 0 0.9205717 0.07942828 0 0 0.9365056 0.06349438 0 0 0.9267983 0.0732017 0 0 0.9096235 0.0903765 0 0 0.9233292 0.07667084 0 0 0.9157724 0.0842276 0 0 0.9055337 0.09446625 0 0 0.9207467 0.07925324 0 0 0.9114683 0.08853175 0 0 0.8776035 0.1223965 0 0 0.9261345 0.07386549 0 0 0.9179817 0.08201828 0 0 0.871834 0.128166 0 0 0.9391327 0.06086731 0 0 0.9408032 0.0591968 0 0 0.9606859 0.03931408 0 0 0.955754 0.044246 0 0 0.9546511 0.04534896 0 0 0.9651619 0.03483806 0 0 0.9715155 0.02848448 0 0 0.9690561 0.03094389 0 0 0.9725083 0.02749172 0 0 0.9817117 0.01828823 0 0 0.9798328 0.02016717 0 0 1 0 0 0 1 0 0 0 1 0 0 0 1 0 0 0 1 0 0 0 1 0 0 0 0.9901276 0.009872448 0 0 0.9955925 0.004407458 0 0 0.9752689 0.02473111 0 0 0.9587019 0.04129808 0 0 0.9423664 0.05763355 0 0 0.9205717 0.07942828 0 0 0.9096235 0.0903765 0 0 0.9055337 0.09446625 0 0 0.8776035 0.1223965 0 0 0.871834 0.128166 0 0 0.9606859 0.03931408 0 0 0.9651619 0.03483806 0 0 0.9725083 0.02749172 0 0 1 0 0 0 1 0 0 0 1 0 0 0 1 0 0 0 1 0 0 0 1 0 0 0 1 0 0 0 1 0 0 0 1 0 0 0 1 0 0 0 1 0 0 0 1 0 0 0 0.9959244 0.004075654 0 0 0.9955925 0.004407458 0 0 0.9970713 0.002928709 0 0 0.9808396 0.01916036 0 0 0.9758954 0.02410459 0 0 0.9752689 0.02473111 0 0 0.9587019 0.04129808 0 0 0.9559159 0.04408414 0 0 0.9621727 0.03782731 0 0 0.9423664 0.05763355 0 0 0.9483725 0.05162743 0 0 0.941925 0.05807493 0 0 0.9205717 0.07942828 0 0 0.9365056 0.06349438 0 0 0.9267983 0.0732017 0 0 0.9096235 0.0903765 0 0 0.9233292 0.07667084 0 0 0.9157724 0.0842276 0 0 0.9055337 0.09446625 0 0 0.9207467 0.07925324 0 0 0.9114683 0.08853175 0 0 0.8776035 0.1223965 0 0 0.9261345 0.07386549 0 0 0.9179817 0.08201828 0 0 0.871834 0.128166 0 0 0.9391327 0.06086731 0 0 0.9408032 0.0591968 0 0 0.9606859 0.03931408 0 0 0.955754 0.044246 0 0 0.9546511 0.04534896 0 0 0.9651619 0.03483806 0 0 0.9715155 0.02848448 0 0 0.9690561 0.03094389 0 0 0.9725083 0.02749172 0 0 0.9817117 0.01828823 0 0 0.9798328 0.02016717 0 0 1 0 0 0 1 0 0 0 1 0 0 0 1 0 0 0 1 0 0 0 1 0 0 0 0.9901276 0.009872448 0 0 0.9955925 0.004407458 0 0 0.9752689 0.02473111 0 0 0.9587019 0.04129808 0 0 0.9423664 0.05763355 0 0 0.9205717 0.07942828 0 0 0.9096235 0.0903765 0 0 0.9055337 0.09446625 0 0 0.8776035 0.1223965 0 0 0.871834 0.128166 0 0 0.9606859 0.03931408 0 0 0.9651619 0.03483806 0 0 0.9725083 0.02749172 0 0 1 0 0 0 1 0 0 0 1 0 0 0 1 0 0 0 1 0 0 0 1 0 0 0 1 0 0 0 1 0 0 0 1 0 0 0 1 0 0 0 1 0 0 0 1 0 0 0 1 0 0 0 1 0 0 0 1 0 0 0 1 0 0 0 1 0 0 0 1 0 0 0 1 0 0 0 1 0 0 0 1 0 0 0 1 0 0 0 1 0 0 0 1 0 0 0 1 0 0 0 1 0 0 0 1 0 0 0 1 0 0 0 1 0 0 0 1 0 0 0 1 0 0 0 1 0 0 0 1 0 0 0 1 0 0 0 1 0 0 0 1 0 0 0 1 0 0 0 1 0 0 0 1 0 0 0 1 0 0 0 1 0 0 0 1 0 0 0 1 0 0 0 1 0 0 0 1 0 0 0 1 0 0 0 1 0 0 0 1 0 0 0 1 0 0 0 1 0 0 0 1 0 0 0 1 0 0 0 1 0 0 0 1 0 0 0 1 0 0 0 1 0 0 0 1 0 0 0 1 0 0 0 1 0 0 0 1 0 0 0 1 0 0 0 1 0 0 0 1 0 0 0 1 0 0 0 1 0 0 0 1 0 0 0 1 0 0 0 1 0 0 0 1 0 0 0 1 0 0 0 1 0 0 0 1 0 0 0 1 0 0 0 1 0 0 0 1 0 0 0 1 0 0 0 1 0 0 0 1 0 0 0 1 0 0 0 1 0 0 0 1 0 0 0 1 0 0 0 1 0 0 0 1 0 0 0 1 0 0 0 1 0 0 0 1 0 0 0 1 0 0 0 1 0 0 0 1 0 0 0 1 0 0 0 1 0 0 0 1 0 0 0 1 0 0 0 1 0 0 0 1 0 0 0 1 0 0 0 1 0 0 0 1 0 0 0 1 0 0 0 1 0 0 0 1 0 0 0 1 0 0 0 1 0 0 0 1 0 0 0 1 0 0 0 1 0 0 0 1 0 0 0 1 0 0 0 1 0 0 0 1 0 0 0 1 0 0 0 1 0 0 0 1 0 0 0 1 0 0 0 1 0 0 0 1 0 0 0 1 0 0 0 1 0 0 0 1 0 0 0 1 0 0 0 1 0 0 0 1 0 0 0 1 0 0 0 1 0 0 0 1 0 0 0 1 0 0 0 1 0 0 0 1 0 0 0 1 0 0 0 1 0 0 0 1 0 0 0 1 0 0 0 1 0 0 0 1 0 0 0 1 0 0 0 1 0 0 0 1 0 0 0 1 0 0 0 1 0 0 0 1 0 0 0 1 0 0 0 1 0 0 0 1 0 0 0 1 0 0 0 1 0 0 0 1 0 0 0 1 0 0 0 1 0 0 0 1 0 0 0 1 0 0 0 1 0 0 0 1 0 0 0 1 0 0 0 1 0 0 0 1 0 0 0 1 0 0 0 1 0 0 0 1 0 0 0 1 0 0 0 1 0 0 0 1 0 0 0 1 0 0 0 1 0 0 0 1 0 0 0 1 0 0 0 1 0 0 0 1 0 0 0 1 0 0 0 1 0 0 0 1 0 0 0 1 0 0 0 1 0 0 0 1 0 0 0 1 0 0 0 1 0 0 0 1 0 0 0 1 0 0 0 1 0 0 0 1 0 0 0 1 0 0 0 1 0 0 0 1 0 0 0 1 0 0 0 1 0 0 0 1 0 0 0 1 0 0 0 1 0 0 0 1 0 0 0 1 0 0 0 1 0 0 0 1 0 0 0 1 0 0 0 1 0 0 0 1 0 0 0 1 0 0 0 1 0 0 0 1 0 0 0 1 0 0 0 1 0 0 0 1 0 0 0 1 0 0 0 1 0 0 0 1 0 0 0 1 0 0 0 1 0 0 0 1 0 0 0 1 0 0 0 1 0 0 0 1 0 0 0 1 0 0 0 1 0 0 0 1 0 0 0 1 0 0 0 1 0 0 0 1 0 0 0 1 0 0 0 1 0 0 0 1 0 0 0 1 0 0 0 1 0 0 0 1 0 0 0 1 0 0 0 1 0 0 0 1 0 0 0 1 0 0 0 1 0 0 0 1 0 0 0 1 0 0 0 1 0 0 0 1 0 0 0 1 0 0 0 1 0 0 0 1 0 0 0 1 0 0 0 1 0 0 0 1 0 0 0 1 0 0 0 1 0 0 0 1 0 0 0 1 0 0 0 1 0 0 0 1 0 0 0 1 0 0 0 1 0 0 0 1 0 0 0 1 0 0 0 1 0 0 0 1 0 0 0 1 0 0 0 1 0 0 0 1 0 0 0 1 0 0 0 1 0 0 0 1 0 0 0 1 0 0 0 1 0 0 0 1 0 0 0 1 0 0 0 1 0 0 0 1 0 0 0 1 0 0 0 1 0 0 0 1 0 0 0 1 0 0 0 1 0 0 0 1 0 0 0 1 0 0 0 1 0 0 0 1 0 0 0 1 0 0 0 1 0 0 0 1 0 0 0 1 0 0 0 1 0 0 0 1 0 0 0 1 0 0 0 1 0 0 0 1 0 0 0 1 0 0 0 1 0 0 0 1 0 0 0 1 0 0 0 1 0 0 0 1 0 0 0 1 0 0 0 1 0 0 0 1 0 0 0 1 0 0 0 1 0 0 0 1 0 0 0 1 0 0 0 1 0 0 0 1 0 0 0 1 0 0 0 1 0 0 0 1 0 0 0 1 0 0 0 1 0 0 0 1 0 0 0 1 0 0 0 1 0 0 0 1 0 0 0 1 0 0 0 1 0 0 0 1 0 0 0 1 0 0 0 1 0 0 0 1 0 0 0 1 0 0 0 1 0 0 0 1 0 0 0 1 0 0 0 1 0 0 0 1 0 0 0 1 0 0 0 1 0 0 0 1 0 0 0 1 0 0 0 1 0 0 0 1 0 0 0 1 0 0 0 1 0 0 0 1 0 0 0 1 0 0 0 1 0 0 0 1 0 0 0 1 0 0 0 1 0 0 0 1 0 0 0 1 0 0 0 1 0 0 0 1 0 0 0 1 0 0 0 1 0 0 0 1 0 0 0 1 0 0 0 1 0 0 0 1 0 0 0 1 0 0 0 1 0 0 0 1 0 0 0 1 0 0 0 1 0 0 0 1 0 0 0 1 0 0 0 1 0 0 0 1 0 0 0 1 0 0 0 1 0 0 0 1 0 0 0 1 0 0 0 1 0 0 0 1 0 0 0 1 0 0 0 1 0 0 0 1 0 0 0 1 0 0 0 1 0 0 0 1 0 0 0 1 0 0 0 1 0 0 0 1 0 0 0 1 0 0 0 1 0 0 0 1 0 0 0 1 0 0 0 1 0 0 0 1 0 0 0 1 0 0 0 1 0 0 0 1 0 0 0 1 0 0 0 1 0 0 0 1 0 0 0 1 0 0 0 1 0 0 0 1 0 0 0 1 0 0 0 1 0 0 0 1 0 0 0 1 0 0 0 1 0 0 0 1 0 0 0 1 0 0 0 1 0 0 0 1 0 0 0 1 0 0 0 1 0 0 0 1 0 0 0 1 0 0 0 1 0 0 0 1 0 0 0 1 0 0 0 1 0 0 0 1 0 0 0 1 0 0 0 1 0 0 0 1 0 0 0 1 0 0 0 1 0 0 0 1 0 0 0 1 0 0 0 1 0 0 0 1 0 0 0 1 0 0 0 1 0 0 0 1 0 0 0 1 0 0 0 1 0 0 0 1 0 0 0 1 0 0 0 1 0 0 0 1 0 0 0 1 0 0 0 1 0 0 0 1 0 0 0 1 0 0 0 1 0 0 0 1 0 0 0 1 0 0 0 1 0 0 0 1 0 0 0 1 0 0 0 1 0 0 0 1 0 0 0 1 0 0 0 1 0 0 0 1 0 0 0 1 0 0 0 1 0 0 0 1 0 0 0 1 0 0 0 1 0 0 0 1 0 0 0 1 0 0 0 1 0 0 0 1 0 0 0 1 0 0 0 1 0 0 0 1 0 0 0 1 0 0 0 1 0 0 0 1 0 0 0 1 0 0 0 1 0 0 0 1 0 0 0 1 0 0 0 1 0 0 0 1 0 0 0 1 0 0 0 1 0 0 0 1 0 0 0 1 0 0 0 1 0 0 0 1 0 0 0 1 0 0 0 1 0 0 0 1 0 0 0 1 0 0 0 1 0 0 0 1 0 0 0 1 0 0 0 1 0 0 0 1 0 0 0 1 0 0 0 1 0 0 0 1 0 0 0 1 0 0 0 1 0 0 0 1 0 0 0 1 0 0 0 1 0 0 0 1 0 0 0 1 0 0 0 1 0 0 0 1 0 0 0 1 0 0 0 1 0 0 0 1 0 0 0 1 0 0 0 1 0 0 0 1 0 0 0 1 0 0 0 1 0 0 0 1 0 0 0 1 0 0 0 1 0 0 0 1 0 0 0 1 0 0 0 1 0 0 0 1 0 0 0 1 0 0 0 1 0 0 0 1 0 0 0 1 0 0 0 1 0 0 0 1 0 0 0 1 0 0 0 1 0 0 0 1 0 0 0 1 0 0 0 1 0 0 0 1 0 0 0 1 0 0 0 1 0 0 0 1 0 0 0 1 0 0 0 1 0 0 0 1 0 0 0 1 0 0 0 1 0 0 0 1 0 0 0 1 0 0 0 1 0 0 0 1 0 0 0 1 0 0 0 1 0 0 0 1 0 0 0 1 0 0 0 1 0 0 0 1 0 0 0 1 0 0 0 1 0 0 0 1 0 0 0 1 0 0 0 1 0 0 0 1 0 0 0 1 0 0 0 1 0 0 0 1 0 0 0 1 0 0 0 1 0 0 0 1 0 0 0 1 0 0 0 1 0 0 0 1 0 0 0 1 0 0 0 1 0 0 0 1 0 0 0 1 0 0 0 1 0 0 0 1 0 0 0 1 0 0 0 1 0 0 0 1 0 0 0 1 0 0 0 1 0 0 0 1 0 0 0 1 0 0 0 1 0 0 0 1 0 0 0 1 0 0 0 1 0 0 0 1 0 0 0 1 0 0 0 1 0 0 0 1 0 0 0 1 0 0 0 1 0 0 0 1 0 0 0 1 0 0 0 1 0 0 0 1 0 0 0 1 0 0 0 1 0 0 0 1 0 0 0 1 0 0 0 1 0 0 0 1 0 0 0 1 0 0 0 1 0 0 0 1 0 0 0 1 0 0 0 1 0 0 0 1 0 0 0 1 0 0 0 1 0 0 0 1 0 0 0 1 0 0 0 1 0 0 0 1 0 0 0 1 0 0 0 1 0 0 0 1 0 0 0 1 0 0 0 1 0 0 0 1 0 0 0 1 0 0 0 1 0 0 0 1 0 0 0 1 0 0 0 1 0 0 0 1 0 0 0 1 0 0 0 1 0 0 0 1 0 0 0 1 0 0 0 1 0 0 0 1 0 0 0 1 0 0 0 1 0 0 0 1 0 0 0 1 0 0 0 1 0 0 0 1 0 0 0 1 0 0 0 1 0 0 0 1 0 0 0 1 0 0 0 1 0 0 0 1 0 0 0 1 0 0 0 1 0 0 0 1 0 0 0 1 0 0 0 1 0 0 0 1 0 0 0 1 0 0 0 1 0 0 0 1 0 0 0 1 0 0 0 1 0 0 0 1 0 0 0 1 0 0 0 1 0 0 0 1 0 0 0 1 0 0 0 1 0 0 0 1 0 0 0 1 0 0 0 1 0 0 0 1 0 0 0 1 0 0 0 1 0 0 0 1 0 0 0 1 0 0 0 1 0 0 0 1 0 0 0 1 0 0 0 1 0 0 0 1 0 0 0 1 0 0 0 1 0 0 0 1 0 0 0 1 0 0 0 1 0 0 0 1 0 0 0 1 0 0 0 1 0 0 0 1 0 0 0 1 0 0 0 1 0 0 0 1 0 0 0 1 0 0 0 1 0 0 0 1 0 0 0 1 0 0 0 1 0 0 0 1 0 0 0 1 0 0 0 1 0 0 0 1 0 0 0 1 0 0 0 1 0 0 0 1 0 0 0 1 0 0 0 1 0 0 0 1 0 0 0 1 0 0 0 1 0 0 0 1 0 0 0 1 0 0 0 1 0 0 0 1 0 0 0 1 0 0 0 1 0 0 0 1 0 0 0 1 0 0 0 1 0 0 0 1 0 0 0 1 0 0 0 1 0 0 0 1 0 0 0 1 0 0 0 1 0 0 0 1 0 0 0 1 0 0 0 1 0 0 0 1 0 0 0 1 0 0 0 1 0 0 0 1 0 0 0 1 0 0 0 1 0 0 0 1 0 0 0 1 0 0 0 1 0 0 0 1 0 0 0 1 0 0 0 1 0 0 0 1 0 0 0 1 0 0 0 1 0 0 0 1 0 0 0 1 0 0 0 1 0 0 0 1 0 0 0 1 0 0 0 1 0 0 0 1 0 0 0 1 0 0 0 1 0 0 0 1 0 0 0 1 0 0 0 1 0 0 0 1 0 0 0 1 0 0 0 1 0 0 0 1 0 0 0 1 0 0 0 1 0 0 0 1 0 0 0 1 0 0 0 1 0 0 0 1 0 0 0 1 0 0 0 1 0 0 0 1 0 0 0 1 0 0 0 1 0 0 0 1 0 0 0 1 0 0 0 1 0 0 0 1 0 0 0 1 0 0 0 1 0 0 0 1 0 0 0 1 0 0 0 1 0 0 0 1 0 0 0 1 0 0 0 1 0 0 0 1 0 0 0 1 0 0 0 1 0 0 0 1 0 0 0 1 0 0 0 1 0 0 0 1 0 0 0 1 0 0 0 1 0 0 0 1 0 0 0 1 0 0 0 1 0 0 0 1 0 0 0 1 0 0 0 1 0 0 0 1 0 0 0 1 0 0 0 1 0 0 0 1 0 0 0 1 0 0 0 1 0 0 0 1 0 0 0 1 0 0 0 1 0 0 0 1 0 0 0 1 0 0 0 1 0 0 0 1 0 0 0 1 0 0 0 1 0 0 0 1 0 0 0 1 0 0 0 1 0 0 0 1 0 0 0 1 0 0 0 1 0 0 0 1 0 0 0 1 0 0 0 1 0 0 0 1 0 0 0 1 0 0 0 1 0 0 0 1 0 0 0 1 0 0 0 1 0 0 0 1 0 0 0 1 0 0 0 1 0 0 0 1 0 0 0 1 0 0 0 1 0 0 0 1 0 0 0 1 0 0 0 1 0 0 0 1 0 0 0 1 0 0 0 1 0 0 0 1 0 0 0 1 0 0 0 1 0 0 0 1 0 0 0 1 0 0 0 1 0 0 0 1 0 0 0 1 0 0 0 1 0 0 0 1 0 0 0 1 0 0 0 1 0 0 0 1 0 0 0 1 0 0 0 1 0 0 0 1 0 0 0 1 0 0 0 1 0 0 0 1 0 0 0 1 0 0 0 1 0 0 0 1 0 0 0 1 0 0 0 1 0 0 0 1 0 0 0 1 0 0 0 1 0 0 0 1 0 0 0 1 0 0 0 1 0 0 0 1 0 0 0 1 0 0 0 1 0 0 0 1 0 0 0 1 0 0 0 1 0 0 0 1 0 0 0 1 0 0 0 1 0 0 0 1 0 0 0 1 0 0 0 1 0 0 0 1 0 0 0 1 0 0 0 1 0 0 0 1 0 0 0 1 0 0 0 1 0 0 0 1 0 0 0 1 0 0 0 1 0 0 0 1 0 0 0 1 0 0 0 1 0 0 0 1 0 0 0 1 0 0 0 1 0 0 0 1 0 0 0 1 0 0 0 1 0 0 0 1 0 0 0 1 0 0 0 1 0 0 0 1 0 0 0 1 0 0 0 1 0 0 0 1 0 0 0 1 0 0 0 1 0 0 0 1 0 0 0 1 0 0 0 1 0 0 0 1 0 0 0 1 0 0 0 1 0 0 0 1 0 0 0 1 0 0 0 1 0 0 0 1 0 0 0 1 0 0 0 1 0 0 0 1 0 0 0 1 0 0 0 1 0 0 0 1 0 0 0 1 0 0 0 1 0 0 0 1 0 0 0 1 0 0 0 1 0 0 0 1 0 0 0 1 0 0 0 1 0 0 0 1 0 0 0 1 0 0 0 1 0 0 0 1 0 0 0 1 0 0 0 1 0 0 0 1 0 0 0 1 0 0 0 1 0 0 0 1 0 0 0 1 0 0 0 1 0 0 0 1 0 0 0 1 0 0 0 1 0 0 0 1 0 0 0 1 0 0 0 1 0 0 0 1 0 0 0 1 0 0 0 1 0 0 0 1 0 0 0 1 0 0 0 1 0 0 0 1 0 0 0 1 0 0 0 1 0 0 0 1 0 0 0 1 0 0 0 1 0 0 0 1 0 0 0 1 0 0 0 1 0 0 0 1 0 0 0 1 0 0 0 1 0 0 0 1 0 0 0 1 0 0 0 1 0 0 0 1 0 0 0 1 0 0 0 1 0 0 0 1 0 0 0 1 0 0 0 1 0 0 0 1 0 0 0 1 0 0 0 1 0 0 0 1 0 0 0 1 0 0 0 1 0 0 0 1 0 0 0 1 0 0 0 1 0 0 0 1 0 0 0 1 0 0 0 1 0 0 0 1 0 0 0 1 0 0 0 1 0 0 0 1 0 0 0 1 0 0 0 1 0 0 0 1 0 0 0 1 0 0 0 1 0 0 0 1 0 0 0 1 0 0 0 1 0 0 0 1 0 0 0 1 0 0 0 1 0 0 0 1 0 0 0 1 0 0 0 1 0 0 0 1 0 0 0 1 0 0 0 1 0 0 0 1 0 0 0 1 0 0 0 1 0 0 0 1 0 0 0 1 0 0 0 1 0 0 0 1 0 0 0 1 0 0 0 1 0 0 0 1 0 0 0 1 0 0 0 1 0 0 0 1 0 0 0 1 0 0 0 1 0 0 0 1 0 0 0 1 0 0 0 1 0 0 0 1 0 0 0 1 0 0 0 1 0 0 0 1 0 0 0 1 0 0 0 1 0 0 0 1 0 0 0 1 0 0 0 1 0 0 0 1 0 0 0 1 0 0 0 1 0 0 0 1 0 0 0 1 0 0 0 1 0 0 0 1 0 0 0 1 0 0 0 1 0 0 0 1 0 0 0 1 0 0 0 1 0 0 0 1 0 0 0 1 0 0 0 1 0 0 0 1 0 0 0 1 0 0 0 1 0 0 0 0.9268413 0.07315873 0 0 0.9214081 0.07859197 0 0 0.9294731 0.07052689 0 0 0.9327545 0.06724556 0 0 0.9242183 0.07578167 0 0 0.9072919 0.09270807 0 0 0.9045624 0.09543765 0 0 0.9370631 0.06293692 0 0 0.9234881 0.07651184 0 0 0.9147766 0.08522341 0 0 0.900848 0.09915197 0 0 0.9403918 0.05960821 0 0 0.929967 0.07003294 0 0 0.922776 0.07722404 0 0 0.9404585 0.05954143 0 0 0.9376144 0.06238556 0 0 0.9284137 0.07158633 0 0 0.9333073 0.0666927 0 0 0.9341574 0.06584258 0 0 0.9095696 0.09043036 0 0 0.8936069 0.1063931 0 0 0.9167383 0.08326171 0 0 0.9212182 0.07878176 0 0 0.9196672 0.08033276 0 0 0.9078811 0.09211885 0 0 0.9376144 0.06238556 0 0 0.8920562 0.1079438 0 0 0.9006481 0.0993519 0 0 0.8787258 0.1212742 0 0 0.9016744 0.09832556 0 0 0.8853185 0.1146815 0 0 0.8597639 0.1402361 0 0 0.8737659 0.1262341 0 0 0.9034314 0.09656867 0 0 0.8870269 0.1129731 0 0 0.8734337 0.1265663 0 0 0.8848949 0.1151051 0 0 0.857531 0.1424691 0 0 0.8597639 0.1402361 0 0 0.8419248 0.1580751 0 0 0.8198293 0.1801706 0 0 0.8464918 0.1535082 0 0 0.8048142 0.1951858 0 0 0.8680401 0.1319598 0 0 0.8327826 0.1672174 0 0 0.8214929 0.1785071 0 0 0.7803311 0.2196689 0 0 0.7423861 0.2576139 0 0 0.7926701 0.2073299 0 0 0.8295431 0.1704569 0 0 0.8570136 0.1429864 0 0 0.8753837 0.1246163 0 0 0.8443278 0.1556722 0 0 0.8635815 0.1364184 0 0 0.8837186 0.1162815 0 0 0.8511951 0.1488049 0 0 0.8727647 0.1272353 0 0 0.8922976 0.1077024 0 0 0.8837993 0.1162007 0 0 0.8195768 0.1804232 0 0 0.8408156 0.1591844 0 0 0.8621415 0.1378585 0 0 0.8503803 0.1496197 0 0 0.8916495 0.1083505 0 0 0.7547048 0.2452952 0 0 0.7926701 0.2073299 0 0 0.8160335 0.1839665 0 0 0.694495 0.2769795 0.02852548 0 0.7423861 0.2576139 0 0 0.644453 0.2891438 0.06640313 0 0.7883312 0.2116688 0 0 0.6317664 0.2908173 0.07741625 0 0.7629641 0.2370359 0 0 0.6452047 0.2839923 0.07080303 0 0.8135683 0.1864317 0 0 0.7403407 0.2596593 0 0 0.7092382 0.2698085 0.02095336 0 0.7805264 0.2194736 0 0 0.7374821 0.2625179 0 0 0.7446821 0.2553178 0 0 0.746826 0.253174 0 0 0.8419707 0.1580293 0 0 0.778936 0.2210641 0 0 0.7488688 0.2511311 0 0 0.7092369 0.2698079 0.02095519 0 0.8467681 0.1532319 0 0 0.86109 0.13891 0 0 0.7761328 0.2238673 0 0 0.8787386 0.1212614 0 0 0.9019035 0.09809652 0 0 0.9049395 0.09506045 0 0 0.8355921 0.1644079 0 0 0.9069175 0.09308252 0 0 0.9218426 0.07815744 0 0 0.9268413 0.07315873 0 0 0.9294731 0.07052689 0 0 0.9347616 0.06523842 0 0 0.9317577 0.0682423 0 0 0.9260693 0.07393071 0 0 0.9221524 0.07784761 0 0 0.9063188 0.09368113 0 0 0.9087662 0.09123379 0 0 0.8999422 0.1000579 0 0 0.8278064 0.1721936 0 0 0.7991245 0.2008755 0 0 0.8433157 0.1566843 0 0 0.7824476 0.2175524 0 0 0.7967957 0.2032043 0 0 0.7751666 0.2248334 0 0 0.8012866 0.1987134 0 0 0.7446821 0.2553178 0 0 0.8433157 0.1566843 0 0 0.813153 0.186847 0 0 0.7761328 0.2238673 0 0 0.7374822 0.2625178 0 0 0.6452043 0.2839925 0.07080316 0 0.7991245 0.2008755 0 0 0.8999412 0.1000588 0 0 0.8505614 0.1494386 0 0 0.7403407 0.2596593 0 0 0.6317839 0.2908084 0.07740766 0 0.778936 0.2210641 0 0 0.8355921 0.1644079 0 0 0.9063128 0.09368718 0 0 0.9087707 0.09122929 0 0 0.7629588 0.2370413 0 0 0.644453 0.2891438 0.06640313 0 0.7805264 0.2194736 0 0 0.8467681 0.1532319 0 0 0.9069179 0.09308209 0 0 0.9221571 0.07784288 0 0 0.7883312 0.2116688 0 0 0.694495 0.2769795 0.02852548 0 0.86109 0.13891 0 0 0.8135683 0.1864317 0 0 0.8419707 0.1580293 0 0 0.8503803 0.1496197 0 0 0.9049398 0.09506021 0 0 0.9260656 0.07393438 0 0 0.8787386 0.1212614 0 0 0.9019032 0.09809687 0 0 0.9317558 0.06824415 0 0 0.8916495 0.1083505 0 0 0.9218423 0.07815767 0 0 0.9347612 0.06523876 0 0 0.9268413 0.07315876 0 0 0.9294731 0.07052689 0 0 0.9045624 0.09543765 0 0 0.8837993 0.1162007 0 0 0.8922976 0.1077024 0 0 0.8621415 0.1378585 0 0 0.9072919 0.09270807 0 0 0.9268413 0.07315876 0 0 0.9147766 0.08522341 0 0 0.9327545 0.06724557 0 0 0.9294731 0.07052689 0 0 0.9214079 0.07859203 0 0 0.9370626 0.06293745 0 0 0.9242182 0.07578179 0 0 0.922776 0.07722404 0 0 0.9403918 0.05960823 0 0 0.9234883 0.07651176 0 0 0.9284137 0.07158633 0 0 0.9404585 0.05954143 0 0 0.929967 0.07003294 0 0 0.9376144 0.06238559 0 0 0.9341574 0.06584258 0 0 0.9333073 0.0666927 0 0 0.9196672 0.08033276 0 0 0.9167367 0.0832633 0 0 0.9095696 0.09043036 0 0 0.9212182 0.07878176 0 0 0.9376144 0.06238559 0 0 0.9078811 0.09211888 0 0 0.9034314 0.09656867 0 0 0.9006481 0.0993519 0 0 0.8920562 0.1079438 0 0 0.8853185 0.1146815 0 0 0.8787258 0.1212742 0 0 0.8870269 0.1129731 0 0 0.8737659 0.1262341 0 0 0.8597641 0.1402359 0 0 0.9016744 0.09832556 0 0 0.8848949 0.1151051 0 0 0.8734337 0.1265663 0 0 0.8597641 0.1402359 0 0 0.857531 0.142469 0 0 0.8419251 0.1580749 0 0 0.8680401 0.1319598 0 0 0.8464919 0.1535081 0 0 0.8198298 0.1801702 0 0 0.8753837 0.1246163 0 0 0.8327826 0.1672174 0 0 0.8048142 0.1951858 0 0 0.8570136 0.1429864 0 0 0.8214933 0.1785068 0 0 0.7803318 0.2196682 0 0 0.8443278 0.1556722 0 0 0.7926701 0.20733 0 0 0.7423861 0.2576139 0 0 0.8295431 0.1704569 0 0 0.8635833 0.1364167 0 0 0.8936049 0.1063951 0 0 0.8837186 0.1162815 0 0 0.8511951 0.1488049 0 0 0.900848 0.09915197 0 0 0.8727647 0.1272353 0 0 0.8408156 0.1591844 0 0 0.8195768 0.1804232 0 0 0.7926701 0.20733 0 0 0.8160335 0.1839665 0 0 0.7547048 0.2452952 0 0 0.7423861 0.2576139 0 0 0.9078811 0.09211885 0 0 0.929967 0.07003294 0 0 0.9376144 0.06238556 0 0 0.8804602 0.1195398 0 0 0.8481088 0.1518912 0 0 0.8920562 0.1079438 0 0 0.9234881 0.07651184 0 0 0.8787258 0.1212742 0 0 0.9242183 0.07578167 0 0 0.7792076 0.21884 0.001952345 0 0.9214081 0.07859197 0 0 0.9294731 0.07052689 0 0 0.6590103 0.2840158 0.05697385 0 0.9347616 0.06523842 0 0 0.9317577 0.0682423 0 0 0.9260693 0.07393071 0 0 0.9221524 0.07784761 0 0 0.8419248 0.1580751 0 0 0.8597639 0.1402361 0 0 0.8198293 0.1801706 0 0 0.8048142 0.1951858 0 0 0.7803311 0.2196689 0 0 0.7423861 0.2576139 0 0 0.694495 0.2769795 0.02852548 0 0.644453 0.2891438 0.06640313 0 0.6317664 0.2908173 0.07741625 0 0.6302553 0.292959 0.07678574 0 0.6452047 0.2839923 0.07080303 0 0.9087662 0.09123379 0 0 0.7092382 0.2698085 0.02095336 0 0.8278064 0.1721936 0 0 0.746826 0.253174 0 0 0.7751666 0.2248334 0 0 0.7092369 0.2698079 0.02095519 0 0.813153 0.186847 0 0 0.8505614 0.1494386 0 0 0.6452043 0.2839925 0.07080316 0 0.9087707 0.09122929 0 0 0.6303152 0.2929161 0.07676862 0 0.9221571 0.07784288 0 0 0.6317839 0.2908084 0.07740766 0 0.6590231 0.284005 0.05697192 0 0.9260656 0.07393438 0 0 0.644453 0.2891438 0.06640313 0 0.9317558 0.06824415 0 0 0.694495 0.2769795 0.02852548 0 0.9347612 0.06523876 0 0 0.7797823 0.218283 0.001934746 0 0.7423861 0.2576139 0 0 0.9294731 0.07052689 0 0 0.7803318 0.2196682 0 0 0.9214079 0.07859203 0 0 0.8481089 0.1518911 0 0 0.8048142 0.1951858 0 0 0.9242182 0.07578179 0 0 0.8198298 0.1801702 0 0 0.9234883 0.07651176 0 0 0.8804606 0.1195394 0 0 0.929967 0.07003294 0 0 0.8419251 0.1580749 0 0 0.9376144 0.06238559 0 0 0.8597641 0.1402359 0 0 0.9078811 0.09211888 0 0 0.8787258 0.1212742 0 0 0.8920562 0.1079438 0 0 1 0 0 0 1 0 0 0 1 0 0 0 1 0 0 0 1 0 0 0 1 0 0 0 1 0 0 0 1 0 0 0 1 0 0 0 1 0 0 0 1 0 0 0 1 0 0 0 1 0 0 0 1 0 0 0 1 0 0 0 1 0 0 0 1 0 0 0 1 0 0 0 1 0 0 0 1 0 0 0 1 0 0 0 1 0 0 0 1 0 0 0 1 0 0 0 1 0 0 0 1 0 0 0 1 0 0 0 1 0 0 0 1 0 0 0 1 0 0 0 1 0 0 0 1 0 0 0 1 0 0 0 1 0 0 0 1 0 0 0 1 0 0 0 1 0 0 0 1 0 0 0 1 0 0 0 1 0 0 0 1 0 0 0 1 0 0 0 1 0 0 0 1 0 0 0 1 0 0 0 1 0 0 0 1 0 0 0 1 0 0 0 1 0 0 0 1 0 0 0 1 0 0 0 1 0 0 0 1 0 0 0 1 0 0 0 1 0 0 0 1 0 0 0 1 0 0 0 1 0 0 0 1 0 0 0 1 0 0 0 1 0 0 0 1 0 0 0 1 0 0 0 1 0 0 0 1 0 0 0 1 0 0 0 1 0 0 0 1 0 0 0 1 0 0 0 1 0 0 0 1 0 0 0 1 0 0 0 1 0 0 0 1 0 0 0 1 0 0 0 1 0 0 0 1 0 0 0 1 0 0 0 1 0 0 0 1 0 0 0 1 0 0 0 1 0 0 0 1 0 0 0 1 0 0 0 1 0 0 0 1 0 0 0 1 0 0 0 1 0 0 0 1 0 0 0 1 0 0 0 1 0 0 0 1 0 0 0 1 0 0 0 1 0 0 0 1 0 0 0 1 0 0 0 1 0 0 0 1 0 0 0 1 0 0 0 1 0 0 0 1 0 0 0 1 0 0 0 1 0 0 0 1 0 0 0 1 0 0 0 1 0 0 0 1 0 0 0 1 0 0 0 1 0 0 0 1 0 0 0 1 0 0 0 1 0 0 0 1 0 0 0 1 0 0 0 1 0 0 0 1 0 0 0 1 0 0 0 1 0 0 0 1 0 0 0 1 0 0 0 1 0 0 0 1 0 0 0 1 0 0 0 1 0 0 0 1 0 0 0 1 0 0 0 1 0 0 0 1 0 0 0 1 0 0 0 1 0 0 0 1 0 0 0 1 0 0 0 1 0 0 0 1 0 0 0 1 0 0 0 1 0 0 0 1 0 0 0 1 0 0 0 1 0 0 0 1 0 0 0 1 0 0 0 1 0 0 0 1 0 0 0 1 0 0 0 1 0 0 0 1 0 0 0 1 0 0 0 1 0 0 0 1 0 0 0 1 0 0 0 1 0 0 0 1 0 0 0 1 0 0 0 1 0 0 0 1 0 0 0 1 0 0 0 1 0 0 0 1 0 0 0 1 0 0 0 1 0 0 0 1 0 0 0 1 0 0 0 1 0 0 0 1 0 0 0 1 0 0 0 0.9590961 0.04090394 0 0 0.9588846 0.04111542 0 0 0.9588846 0.04111542 0 0 0.9438508 0.05614921 0 0 0.9438508 0.05614921 0 0 0.9582187 0.0417813 0 0 0.9364105 0.06358951 0 0 0.9593443 0.04065574 0 0 0.9346869 0.06531311 0 0 0.9364105 0.06358951 0 0 0.9582187 0.0417813 0 0 0.9438508 0.05614921 0 0 0.9588846 0.04111542 0 0 0.9438508 0.05614921 0 0 0.9590961 0.04090394 0 0 0.9588846 0.04111542 0 0 1 0 0 0 1 0 0 0 1 0 0 0 1 0 0 0 1 0 0 0 1 0 0 0 1 0 0 0 1 0 0 0 1 0 0 0 1 0 0 0 1 0 0 0 1 0 0 0 1 0 0 0 1 0 0 0 1 0 0 0 1 0 0 0 1 0 0 0 1 0 0 0 1 0 0 0 1 0 0 0 1 0 0 0 1 0 0 0 1 0 0 0 1 0 0 0 1 0 0 0 1 0 0 0 1 0 0 0 1 0 0 0 1 0 0 0 1 0 0 0 1 0 0 0 1 0 0 0 1 0 0 0 1 0 0 0 1 0 0 0 1 0 0 0 1 0 0 0 1 0 0 0 1 0 0 0 1 0 0 0 1 0 0 0 1 0 0 0 1 0 0 0 1 0 0 0 1 0 0 0 1 0 0 0 1 0 0 0 1 0 0 0 1 0 0 0 1 0 0 0 1 0 0 0 1 0 0 0 1 0 0 0 1 0 0 0 1 0 0 0 1 0 0 0 1 0 0 0 1 0 0 0 1 0 0 0 1 0 0 0 1 0 0 0 1 0 0 0 1 0 0 0 1 0 0 0 1 0 0 0 1 0 0 0 1 0 0 0 1 0 0 0 1 0 0 0 1 0 0 0 1 0 0 0 1 0 0 0 1 0 0 0 1 0 0 0 1 0 0 0 1 0 0 0 1 0 0 0 1 0 0 0 1 0 0 0 1 0 0 0 1 0 0 0 1 0 0 0 1 0 0 0 1 0 0 0 1 0 0 0 1 0 0 0 1 0 0 0 1 0 0 0 1 0 0 0 1 0 0 0 1 0 0 0 1 0 0 0 1 0 0 0 1 0 0 0 1 0 0 0 1 0 0 0 1 0 0 0 1 0 0 0 1 0 0 0 1 0 0 0 1 0 0 0 1 0 0 0 1 0 0 0 1 0 0 0 1 0 0 0 1 0 0 0 1 0 0 0 1 0 0 0 1 0 0 0 1 0 0 0 1 0 0 0 1 0 0 0 1 0 0 0 1 0 0 0 1 0 0 0 1 0 0 0 1 0 0 0 1 0 0 0 1 0 0 0 1 0 0 0 1 0 0 0 1 0 0 0 1 0 0 0 1 0 0 0 1 0 0 0 1 0 0 0 1 0 0 0 1 0 0 0 1 0 0 0 1 0 0 0 1 0 0 0 1 0 0 0 1 0 0 0 1 0 0 0 1 0 0 0 1 0 0 0 1 0 0 0 1 0 0 0 1 0 0 0 1 0 0 0 1 0 0 0 1 0 0 0 1 0 0 0 1 0 0 0 1 0 0 0 1 0 0 0 1 0 0 0 1 0 0 0 1 0 0 0 1 0 0 0 1 0 0 0 1 0 0 0 1 0 0 0 1 0 0 0 1 0 0 0 1 0 0 0 1 0 0 0 1 0 0 0 1 0 0 0 1 0 0 0 1 0 0 0 1 0 0 0 1 0 0 0 1 0 0 0 1 0 0 0 1 0 0 0 1 0 0 0 1 0 0 0 1 0 0 0 1 0 0 0 1 0 0 0 1 0 0 0 1 0 0 0 1 0 0 0 1 0 0 0 1 0 0 0 1 0 0 0 1 0 0 0 1 0 0 0 1 0 0 0 1 0 0 0 1 0 0 0 1 0 0 0 1 0 0 0 1 0 0 0 1 0 0 0 1 0 0 0 1 0 0 0 1 0 0 0 1 0 0 0 1 0 0 0 1 0 0 0 1 0 0 0 1 0 0 0 1 0 0 0 1 0 0 0 1 0 0 0 1 0 0 0 1 0 0 0 1 0 0 0 1 0 0 0 1 0 0 0 1 0 0 0 1 0 0 0 1 0 0 0 1 0 0 0 1 0 0 0 1 0 0 0 1 0 0 0 1 0 0 0 1 0 0 0 1 0 0 0 1 0 0 0 1 0 0 0 1 0 0 0 1 0 0 0 1 0 0 0 1 0 0 0 1 0 0 0 1 0 0 0 1 0 0 0 1 0 0 0 1 0 0 0 1 0 0 0 1 0 0 0 1 0 0 0 1 0 0 0 1 0 0 0 1 0 0 0 1 0 0 0 1 0 0 0 1 0 0 0 1 0 0 0 1 0 0 0 1 0 0 0 1 0 0 0 1 0 0 0 1 0 0 0 1 0 0 0 1 0 0 0 1 0 0 0 1 0 0 0 1 0 0 0 1 0 0 0 1 0 0 0 1 0 0 0 1 0 0 0 1 0 0 0 1 0 0 0 1 0 0 0 1 0 0 0 1 0 0 0 1 0 0 0 1 0 0 0 1 0 0 0 1 0 0 0 1 0 0 0 1 0 0 0 1 0 0 0 1 0 0 0 1 0 0 0 1 0 0 0 1 0 0 0 1 0 0 0 1 0 0 0 1 0 0 0 1 0 0 0 1 0 0 0 1 0 0 0 1 0 0 0 1 0 0 0 1 0 0 0 1 0 0 0 1 0 0 0 1 0 0 0 1 0 0 0 1 0 0 0 1 0 0 0 1 0 0 0 1 0 0 0 1 0 0 0 1 0 0 0 1 0 0 0 1 0 0 0 1 0 0 0 1 0 0 0 1 0 0 0 1 0 0 0 1 0 0 0 1 0 0 0 1 0 0 0 1 0 0 0 1 0 0 0 1 0 0 0 1 0 0 0 1 0 0 0 1 0 0 0 1 0 0 0 1 0 0 0 1 0 0 0 1 0 0 0 1 0 0 0 1 0 0 0 1 0 0 0 1 0 0 0 1 0 0 0 1 0 0 0 1 0 0 0 1 0 0 0 1 0 0 0 1 0 0 0 1 0 0 0 1 0 0 0 1 0 0 0 1 0 0 0 1 0 0 0 1 0 0 0 1 0 0 0 1 0 0 0 1 0 0 0 1 0 0 0 1 0 0 0 1 0 0 0 1 0 0 0 1 0 0 0 1 0 0 0 1 0 0 0 1 0 0 0 1 0 0 0 1 0 0 0 1 0 0 0 1 0 0 0 1 0 0 0 1 0 0 0 1 0 0 0 1 0 0 0 1 0 0 0 1 0 0 0 1 0 0 0 1 0 0 0 1 0 0 0 1 0 0 0 1 0 0 0 1 0 0 0 1 0 0 0 1 0 0 0 1 0 0 0 1 0 0 0 1 0 0 0 1 0 0 0 1 0 0 0 1 0 0 0 1 0 0 0 1 0 0 0 1 0 0 0 1 0 0 0 1 0 0 0 1 0 0 0 1 0 0 0 1 0 0 0 1 0 0 0 1 0 0 0 1 0 0 0 1 0 0 0 1 0 0 0 1 0 0 0 1 0 0 0 1 0 0 0 1 0 0 0 1 0 0 0 1 0 0 0 1 0 0 0 1 0 0 0 1 0 0 0 1 0 0 0 1 0 0 0 1 0 0 0 1 0 0 0 1 0 0 0 1 0 0 0 1 0 0 0 1 0 0 0 1 0 0 0 1 0 0 0 1 0 0 0 1 0 0 0 1 0 0 0 1 0 0 0 1 0 0 0 1 0 0 0 1 0 0 0 1 0 0 0 1 0 0 0 1 0 0 0 1 0 0 0 1 0 0 0 1 0 0 0 1 0 0 0 1 0 0 0 1 0 0 0 1 0 0 0 1 0 0 0 1 0 0 0 1 0 0 0 1 0 0 0 1 0 0 0 1 0 0 0 1 0 0 0 1 0 0 0 1 0 0 0 1 0 0 0 1 0 0 0 1 0 0 0 1 0 0 0 1 0 0 0 1 0 0 0 1 0 0 0 1 0 0 0 1 0 0 0 1 0 0 0 1 0 0 0 1 0 0 0 1 0 0 0 1 0 0 0 1 0 0 0 1 0 0 0 1 0 0 0 1 0 0 0 1 0 0 0 1 0 0 0 1 0 0 0 1 0 0 0 1 0 0 0 1 0 0 0 1 0 0 0 1 0 0 0 1 0 0 0 1 0 0 0 1 0 0 0 1 0 0 0 1 0 0 0 1 0 0 0 1 0 0 0 1 0 0 0 1 0 0 0 1 0 0 0 1 0 0 0 1 0 0 0 1 0 0 0 1 0 0 0 1 0 0 0 1 0 0 0 1 0 0 0 1 0 0 0 1 0 0 0 1 0 0 0 1 0 0 0 1 0 0 0 1 0 0 0 1 0 0 0 1 0 0 0 1 0 0 0 1 0 0 0 1 0 0 0 1 0 0 0 1 0 0 0 1 0 0 0 1 0 0 0 1 0 0 0 1 0 0 0 1 0 0 0 1 0 0 0 1 0 0 0 1 0 0 0 1 0 0 0 1 0 0 0 1 0 0 0 1 0 0 0 1 0 0 0 1 0 0 0 1 0 0 0 1 0 0 0 1 0 0 0 1 0 0 0 1 0 0 0 1 0 0 0 1 0 0 0 1 0 0 0 1 0 0 0 1 0 0 0 1 0 0 0 1 0 0 0 1 0 0 0 1 0 0 0 1 0 0 0 1 0 0 0 1 0 0 0 1 0 0 0 1 0 0 0 1 0 0 0 1 0 0 0 1 0 0 0 1 0 0 0 1 0 0 0 1 0 0 0 1 0 0 0 1 0 0 0 1 0 0 0 1 0 0 0 1 0 0 0 1 0 0 0 1 0 0 0 1 0 0 0 1 0 0 0 1 0 0 0 1 0 0 0 1 0 0 0 1 0 0 0 1 0 0 0 1 0 0 0 1 0 0 0 1 0 0 0 1 0 0 0 1 0 0 0 1 0 0 0 1 0 0 0 1 0 0 0 1 0 0 0 1 0 0 0 1 0 0 0 1 0 0 0 1 0 0 0 1 0 0 0 1 0 0 0 1 0 0 0 1 0 0 0 1 0 0 0 1 0 0 0 1 0 0 0 1 0 0 0 1 0 0 0 1 0 0 0 1 0 0 0 1 0 0 0 1 0 0 0 1 0 0 0 1 0 0 0 1 0 0 0 1 0 0 0 1 0 0 0 1 0 0 0 1 0 0 0 1 0 0 0 1 0 0 0 1 0 0 0 1 0 0 0 1 0 0 0 1 0 0 0 1 0 0 0 1 0 0 0 1 0 0 0 1 0 0 0 1 0 0 0 1 0 0 0 1 0 0 0 1 0 0 0 1 0 0 0 1 0 0 0 1 0 0 0 1 0 0 0 1 0 0 0 1 0 0 0 1 0 0 0 1 0 0 0 1 0 0 0 1 0 0 0 1 0 0 0 1 0 0 0 1 0 0 0 1 0 0 0 1 0 0 0 1 0 0 0 1 0 0 0 1 0 0 0 1 0 0 0 1 0 0 0 1 0 0 0 1 0 0 0 1 0 0 0 1 0 0 0 1 0 0 0 1 0 0 0 1 0 0 0 1 0 0 0 1 0 0 0 1 0 0 0 1 0 0 0 1 0 0 0 1 0 0 0 1 0 0 0 1 0 0 0 1 0 0 0 1 0 0 0 1 0 0 0 1 0 0 0 1 0 0 0 1 0 0 0 1 0 0 0 1 0 0 0 1 0 0 0 1 0 0 0 1 0 0 0 1 0 0 0 1 0 0 0 1 0 0 0 1 0 0 0 1 0 0 0 1 0 0 0 1 0 0 0 1 0 0 0 1 0 0 0 1 0 0 0 1 0 0 0 1 0 0 0 1 0 0 0 1 0 0 0 1 0 0 0 1 0 0 0 1 0 0 0 0.9446975 0.05530251 0 0 0.962061 0.03793899 0 0 0.9621755 0.03782449 0 0 0.9446975 0.05530251 0 0 0.9617901 0.03820989 0 0 0.9621755 0.03782449 0 0 0.9404877 0.05951233 0 0 0.9413849 0.05861506 0 0 0.9553162 0.04468383 0 0 0.9449021 0.05509789 0 0 0.9536806 0.04631936 0 0 0.9457852 0.05421484 0 0 0.9455448 0.05445524 0 0 0.9438763 0.05612366 0 0 0.9425595 0.05744047 0 0 0.9430507 0.05694923 0 0 0.9270907 0.07290932 0 0 0.9381225 0.06187756 0 0 0.931814 0.06818598 0 0 0.928013 0.071987 0 0 0.8947966 0.1052034 0 0 0.8893047 0.1106953 0 0 0.8717416 0.1282584 0 0 0.8793564 0.1206436 0 0 0.8926958 0.1073042 0 0 0.865952 0.134048 0 0 0.8318911 0.1681089 0 0 0.8836687 0.1163313 0 0 0.8417751 0.1582249 0 0 0.8780695 0.1219305 0 0 0.8417751 0.1582249 0 0 0.8780695 0.1219305 0 0 0.8476313 0.1523687 0 0 0.8482336 0.1517664 0 0 0.8265429 0.1734571 0 0 0.8367665 0.1632335 0 0 0.8343704 0.1656296 0 0 0.8258768 0.1741232 0 0 0.8006865 0.1993134 0 0 0.7972322 0.2027678 0 0 0.7919048 0.2080952 0 0 0.7472624 0.2527376 0 0 0.7591816 0.2408185 0 0 0.7615587 0.2384414 0 0 0.7508855 0.2491145 0 0 0.7508855 0.2491145 0 0 0.7247946 0.2603634 0.01484209 0 0.7438176 0.2561824 0 0 0.7438176 0.2561824 0 0 0.7428891 0.2571109 0 0 0.7434711 0.2565288 0 0 0.7428269 0.2571731 0 0 0.7428269 0.2571731 0 0 0.7476133 0.2523867 0 0 0.7428891 0.2571109 0 0 0.7434711 0.2565288 0 0 0.7473013 0.2526987 0 0 0.7428269 0.2571731 0 0 0.7428891 0.2571109 0 0 0.7434711 0.2565288 0 0 0.7428269 0.2571731 0 0 0.7468536 0.2531464 0 0 0.7468536 0.2531464 0 0 0.7428269 0.2571731 0 0 0.7428269 0.2571731 0 0 0.7247946 0.2603634 0.01484209 0 0.7247946 0.2603634 0.01484209 0 0.7283592 0.2566332 0.01500764 0 0.7472624 0.2527376 0 0 0.7495841 0.250416 0 0 0.7472624 0.2527376 0 0 0.8265429 0.1734571 0 0 0.8265429 0.1734571 0 0 0.819788 0.180212 0 0 0.8318911 0.1681089 0 0 0.819788 0.180212 0 0 0.8318911 0.1681089 0 0 0.8193319 0.1806681 0 0 0.831225 0.168775 0 0 0.8417751 0.1582249 0 0 0.841014 0.1589861 0 0 0.8417751 0.1582249 0 0 0.841014 0.1589861 0 0 0.8780695 0.1219305 0 0 0.8739299 0.1260701 0 0 0.8334931 0.1665069 0 0 0.8780695 0.1219305 0 0 0.831225 0.168775 0 0 0.8417751 0.1582249 0 0 0.841014 0.1589861 0 0 0.8417751 0.1582249 0 0 0.841014 0.1589861 0 0 0.8780695 0.1219305 0 0 0.8739299 0.1260701 0 0 0.8780695 0.1219305 0 0 0.8783205 0.1216795 0 0 0.8783205 0.1216795 0 0 0.884666 0.115334 0 0 0.8836687 0.1163313 0 0 0.8903788 0.1096212 0 0 0.8893047 0.1106953 0 0 0.8799573 0.1200427 0 0 0.931814 0.06818598 0 0 0.884666 0.115334 0 0 0.8836687 0.1163313 0 0 0.8903788 0.1096212 0 0 0.8893047 0.1106953 0 0 0.931814 0.06818598 0 0 0.8881296 0.1118704 0 0 0.9317461 0.06825387 0 0 0.9316774 0.0683226 0 0 0.9413849 0.05861506 0 0 0.9404877 0.05951233 0 0 0.8947281 0.1052719 0 0 0.9317461 0.06825387 0 0 0.9413849 0.05861506 0 0 0.9404877 0.05951233 0 0 0.9364105 0.06358951 0 0 0.9446975 0.05530251 0 0 0.9346869 0.06531311 0 0 0.9438508 0.05614921 0 0 0.9446975 0.05530251 0 0 0.9438508 0.05614921 0 0 0.962061 0.03793899 0 0 0.9590961 0.04090394 0 0 0.9621755 0.03782449 0 0 0.9588846 0.04111542 0 0 0.9364105 0.06358951 0 0 0.9446975 0.05530251 0 0 0.9438508 0.05614921 0 0 0.9446975 0.05530251 0 0 0.9438508 0.05614921 0 0 0.962061 0.03793899 0 0 0.9590961 0.04090394 0 0 0.9621755 0.03782449 0 0 0.9588846 0.04111542 0 0 0.9621755 0.03782449 0 0 0.9588846 0.04111542 0 0 0.9621755 0.03782449 0 0 0.9588846 0.04111542 0 0 0.9582187 0.0417813 0 0 0.9582187 0.0417813 0 0 0.9617901 0.03820989 0 0 0.9617901 0.03820989 0 0 0.9567452 0.04325478 0 0 0.9593443 0.04065574 0 0 0.9582537 0.04174624 0 0 0.9567452 0.04325478 0 0 0.9538422 0.04615783 0 0 0.9553162 0.04468383 0 0 0.9536806 0.04631936 0 0 0.9535367 0.04646324 0 0 0.9538422 0.04615783 0 0 0.9553162 0.04468383 0 0 0.9536806 0.04631936 0 0 0.9535367 0.04646324 0 0 0.9522027 0.04779731 0 0 0.9455448 0.05445524 0 0 0.9563313 0.04366873 0 0 0.9473963 0.05260369 0 0 0.9438763 0.05612366 0 0 0.9488994 0.05110057 0 0 0.9420117 0.0579883 0 0 0.9425595 0.05744047 0 0 0.9387504 0.06124958 0 0 0.9381225 0.06187756 0 0 0.9426929 0.05730715 0 0 0.9573356 0.04266439 0 0 0.9516568 0.04834325 0 0 0.9383246 0.06167543 0 0 0.943072 0.05692804 0 0 0.9328717 0.06712829 0 0 0.9270907 0.07290932 0 0 0.928013 0.071987 0 0 0.9341257 0.06587432 0 0 0.9103412 0.08965883 0 0 0.8947966 0.1052034 0 0 0.9330763 0.06692367 0 0 0.8973331 0.1026668 0 0 0.8926958 0.1073042 0 0 0.8793564 0.1206436 0 0 0.8717416 0.1282584 0 0 0.9039841 0.09601587 0 0 0.8482336 0.1517664 0 0 0.9091265 0.09087352 0 0 0.9383246 0.06167543 0 0 0.9328717 0.06712829 0 0 0.9387504 0.06124958 0 0 0.9103412 0.08965883 0 0 0.9381225 0.06187756 0 0 0.9270907 0.07290932 0 0 0.928013 0.071987 0 0 0.9425595 0.05744047 0 0 0.8947966 0.1052034 0 0 0.9426929 0.05730715 0 0 0.9420117 0.0579883 0 0 0.9438763 0.05612366 0 0 0.9488994 0.05110057 0 0 0.9473963 0.05260369 0 0 0.9455448 0.05445524 0 0 0.9563313 0.04366873 0 0 0.9522027 0.04779731 0 0 0.9457852 0.05421484 0 0 0.841014 0.1589861 0 0 0.8783205 0.1216795 0 0 0.8739299 0.1260701 0 0 0.841014 0.1589861 0 0 0.831225 0.168775 0 0 0.8799573 0.1200427 0 0 0.8334931 0.1665069 0 0 0.831225 0.168775 0 0 0.8783205 0.1216795 0 0 0.841014 0.1589861 0 0 0.841014 0.1589861 0 0 0.8739299 0.1260701 0 0 0.9617901 0.03820989 0 0 0.9621755 0.03782449 0 0 0.9621755 0.03782449 0 0 0.9446975 0.05530251 0 0 0.9446975 0.05530251 0 0 0.962061 0.03793899 0 0 0.9404877 0.05951233 0 0 0.9413849 0.05861506 0 0 0.9553162 0.04468383 0 0 0.9449021 0.05509789 0 0 0.9536806 0.04631936 0 0 0.9457852 0.05421484 0 0 0.9522027 0.04779731 0 0 0.9455448 0.05445524 0 0 0.9438763 0.05612366 0 0 0.9425595 0.05744047 0 0 0.9430507 0.05694923 0 0 0.9270907 0.07290932 0 0 0.9381225 0.06187756 0 0 0.931814 0.06818598 0 0 0.928013 0.071987 0 0 0.8947966 0.1052034 0 0 0.8893047 0.1106953 0 0 0.8717416 0.1282584 0 0 0.8793564 0.1206436 0 0 0.8926958 0.1073042 0 0 0.865952 0.134048 0 0 0.8318911 0.1681089 0 0 0.8836687 0.1163313 0 0 0.8417751 0.1582249 0 0 0.8780695 0.1219305 0 0 0.8417751 0.1582249 0 0 0.8780695 0.1219305 0 0 0.8476313 0.1523687 0 0 0.8482336 0.1517664 0 0 0.8265429 0.1734571 0 0 0.8367665 0.1632335 0 0 0.8343704 0.1656296 0 0 0.8258768 0.1741232 0 0 0.8006865 0.1993134 0 0 0.7972322 0.2027678 0 0 0.7919048 0.2080952 0 0 0.7472624 0.2527376 0 0 0.7591816 0.2408185 0 0 0.7615587 0.2384414 0 0 0.7508855 0.2491145 0 0 0.7508855 0.2491145 0 0 0.7247946 0.2603634 0.01484209 0 0.7438176 0.2561824 0 0 0.7438176 0.2561824 0 0 0.7428891 0.2571109 0 0 0.7434711 0.2565288 0 0 0.7428269 0.2571731 0 0 0.7428269 0.2571731 0 0 0.8973331 0.1026668 0 0 0.8926958 0.1073042 0 0 0.8793564 0.1206436 0 0 0.8717416 0.1282584 0 0 0.9039841 0.09601587 0 0 0.8482336 0.1517664 0 0 0.9070971 0.09290291 0 0 0.8925818 0.1074182 0 0 0.8925818 0.1074182 0 0 0.8135347 0.1864654 0 0 0.814256 0.1857441 0 0 0.8343704 0.1656296 0 0 0.8006865 0.1993134 0 0 0.8051621 0.1948379 0 0 0.8006865 0.1993134 0 0 0.8939251 0.1060749 0 0 0.8135347 0.1864654 0 0 0.8343704 0.1656296 0 0 1 0 0 0 1 0 0 0 1 0 0 0 1 0 0 0 1 0 0 0 1 0 0 0 1 0 0 0 1 0 0 0 1 0 0 0 1 0 0 0 1 0 0 0 1 0 0 0 1 0 0 0 1 0 0 0 1 0 0 0 1 0 0 0 1 0 0 0 1 0 0 0 1 0 0 0 1 0 0 0 1 0 0 0 1 0 0 0 1 0 0 0 1 0 0 0 1 0 0 0 1 0 0 0 1 0 0 0 1 0 0 0 1 0 0 0 1 0 0 0 1 0 0 0 1 0 0 0 1 0 0 0 1 0 0 0 1 0 0 0 1 0 0 0 1 0 0 0 1 0 0 0 1 0 0 0 1 0 0 0 1 0 0 0 1 0 0 0 1 0 0 0 1 0 0 0 1 0 0 0 1 0 0 0 1 0 0 0 1 0 0 0 1 0 0 0 1 0 0 0 1 0 0 0 1 0 0 0 1 0 0 0 1 0 0 0 1 0 0 0 1 0 0 0 1 0 0 0 1 0 0 0 1 0 0 0 1 0 0 0 1 0 0 0 0.921479 0.03386373 0.02957761 0.01507968 0.8807882 0.05681301 0.05160964 0.0107891 0.924574 0.04793102 0.02411086 0.003384134 0.8002135 0.1188088 0.04414179 0.03683586 0.9314088 0.04635868 0.02223257 0 0.6525452 0.2329764 0.09940127 0.01507724 0.9079161 0.07965324 0.01243076 0 0.5513659 0.2560152 0.1911655 0.001453536 0.569458 0.4068399 0.02229025 0.001411916 0.5945097 0.3714452 0.03136162 0.002683461 0.6643271 0.3121233 0.01753844 0.006011194 0.5054336 0.4945664 0 0 0.5121439 0.481399 0.006457155 0 0.7595037 0.1905763 0.03794586 0.01197423 0.5585636 0.430682 0.006678366 0.004076012 0.6128962 0.3563938 0.01939031 0.01131966 0.5278432 0.469683 0.002473851 0 0.6104274 0.3895726 0 0 0.8158267 0.183064 0.001109379 0 0.6675627 0.323458 0.005105215 0.003874144 0.6374892 0.3598023 0.002708499 0 0.8341608 0.07822778 0.06815834 0.0194531 0.6934027 0.2496644 0.03959884 0.01733407 0.9011055 0.06133299 0.02041246 0.01714906 0.7449995 0.2522633 0.002737197 0 0.7673994 0.2290701 0.00353051 0 0.8952269 0.1047731 0 0 0.8129942 0.1807784 0.006227294 0 0.8523744 0.08929569 0.05832989 0 0.6166996 0.2702022 0.1104595 0.002638713 0.7050627 0.2649509 0.02998647 0 0.7144356 0.2084092 0.06845297 0.008702155 0.6279445 0.3429433 0.01789468 0.0112175 0.3746768 0.2957137 0.223215 0.1063945 0.5920135 0.3719453 0.02180405 0.01423717 0.919244 0.04676571 0.02422579 0.009764554 0.9741856 0.01559472 0.006633743 0.003585909 0.9612729 0.03872709 0 0 0.5680142 0.3734882 0.03704256 0.02145503 0.6331746 0.2952282 0.0428427 0.0287545 0.9353147 0.06468534 0 0 0.7758623 0.2241377 0 0 0.7632917 0.2330881 0.003620119 0 0.6071666 0.3928334 0 0 0.9454848 0.05451523 0 0 0.76438 0.1308592 0.07678653 0.02797426 0.7844796 0.1277593 0.05341434 0.03434679 0.691403 0.1757057 0.08597486 0.0469165 0.5787642 0.3649997 0.02855415 0.02768194 0.6619745 0.3380254 0 0 0.8418727 0.1581273 0 0 0.9056039 0.03835078 0.02812275 0.02792259 0.8524348 0.09716694 0.03201657 0.01838174 0.8116579 0.1624307 0.01313944 0.01277201 0.806083 0.142788 0.04746799 0.003660994 0.8650363 0.1077326 0.0209513 0.006279785 0.8994232 0.06516626 0.033021 0.002389542 0.9222454 0.04834218 0.02941247 0 0.8444746 0.1129479 0.03579908 0.00677842 0.9070222 0.0764911 0.01648674 0 0.9032943 0.05329613 0.04340962 0 0.9909958 0.005136989 0.003867184 0 0.9665079 0.03349214 0 0 0.4734346 0.4722331 0.05119613 0.003136138 0.6939459 0.3013509 0.004703156 0 0.6433123 0.3566877 0 0 0.9108614 0.0679517 0.01165116 0.009535782 0.96982 0.0215404 0.008639618 0 0.7262977 0.2492145 0.02270659 0.001781313 0.8266133 0.1570001 0.01638665 0 0.5892759 0.2507022 0.1600219 0 0.6217318 0.3644266 0.0138416 0 0.6217318 0.3644266 0.0138416 0 0.5280154 0.2991713 0.1614119 0.01140139 0.5450848 0.2816646 0.1178702 0.05538044 0.8255429 0.08166097 0.08165754 0.01113867 0.6966929 0.3033071 0 0 0.8093117 0.1889102 0.001777999 0 0.5868104 0.3989238 0.01426581 0 0.6382766 0.3617233 0 0 0.8350163 0.1649837 0 0 0.8039116 0.1960884 0 0 0.8515149 0.1484851 0 0 0.8858758 0.1141242 0 0 0.8822119 0.1177881 0 0 0.9038564 0.09614358 0 0 0.9120027 0.08799734 0 0 0.9092624 0.09073759 0 0 0.9148859 0.08511413 0 0 0.8494357 0.1505642 0 0 0.9000434 0.08361989 0.01034914 0.005987579 0.786177 0.2088495 0.004973529 0 0.7700582 0.2233395 0.005226242 0.0013762 0.5768707 0.4141596 0.008969632 0 0.558154 0.4331912 0.008654813 0 0.6929915 0.2902116 0.01679693 0 0.7144881 0.2738321 0.01167982 0 0.7416816 0.1654401 0.0928783 0 0.6720045 0.3199866 0.008008933 0 0.8199714 0.1742254 0.004034974 0.001768242 0.7664605 0.1663793 0.06716023 0 0.7076955 0.2285636 0.06374082 0 0.9357083 0.06120199 0.003089628 0 0.7199405 0.2666103 0.01344923 0 0.7909597 0.1909726 0.01370344 0.004364296 0.7531201 0.1790274 0.06785253 0 0.5726596 0.4198819 0.007458517 0 0.5531717 0.4330548 0.008082516 0.005690955 0.7829556 0.1570956 0.05994888 0 0.7398552 0.2416314 0.01851339 0 0.7465032 0.1861487 0.06734821 0 0.5966593 0.3905366 0.007914067 0.004889984 0.65862 0.321875 0.01434324 0.005161756 0.7658051 0.2078889 0.02630591 0 0.7942595 0.1398232 0.06591737 0 0.7790989 0.1180981 0.102803 0 0.6978406 0.2561448 0.04601458 0 0.9613502 0.02427154 0.01437827 0 0.8142498 0.1234528 0.05676858 0.005528799 0.5071744 0.4291156 0.06370995 0 0.5048522 0.2373954 0.1313501 0.1264023 0.5036851 0.2465546 0.128744 0.1210164 0.6829261 0.2542289 0.06284498 0 0.5384262 0.4425378 0.01903596 0 0.9502661 0.03075268 0.01151706 0.007464122 0.5719688 0.4179751 0.01005617 0 0.545393 0.44054 0.01406708 0 0.73864 0.26136 0 0 0.7469373 0.2530627 0 0 0.77851 0.22149 0 0 0.5488486 0.4376435 0.01350794 0 0.7221943 0.2778057 0 0 0.7144131 0.2855869 0 0 0.723463 0.276537 0 0 0.7698625 0.2301375 0 0 0.7797593 0.2202407 0 0 0.7836435 0.2163565 0 0 0.7742691 0.2257309 0 0 0.7731743 0.2268257 0 0 0.5358617 0.2901472 0.1717241 0.002266997 0.4221819 0.2280683 0.2110449 0.1387049 0.5222889 0.2402542 0.1268019 0.110655 0.5121018 0.3453128 0.1425854 0 0.5461606 0.3116982 0.07121529 0.07092597 0.5990185 0.3294238 0.07155778 0 0.7419151 0.1389929 0.07088799 0.048204 0.3789653 0.3504948 0.21787 0.05266983 0.4223318 0.3475537 0.2125197 0.01759475 0.5852697 0.2222528 0.125161 0.06731644 0.5377041 0.4183537 0.02453781 0.01940434 0.5800112 0.1717845 0.1289281 0.1192762 0.6637004 0.1875006 0.08412635 0.06467271 0.5128341 0.1716411 0.1581252 0.1573996 0.5382621 0.2087848 0.1727515 0.08020163 0.6148484 0.298466 0.06929512 0.01739051 0.3791565 0.3066828 0.1971283 0.1170324 0.3504271 0.3466252 0.2191301 0.08381766 0.7368842 0.2254176 0.03015655 0.007541574 0.5046925 0.4214548 0.06547326 0.008379444 0.4778074 0.3754411 0.08490901 0.06184244 0.3392902 0.308431 0.2681243 0.08415455 0.7034654 0.260155 0.02116313 0.0152165 0.5718678 0.3159483 0.1025854 0.009598511 0.5614182 0.1889535 0.1774313 0.07219691 0.4791903 0.439247 0.07277678 0.008785857 0.7963094 0.1756019 0.02392788 0.0041608 0.7475042 0.2081836 0.02460514 0.01970703 0.5254036 0.3099757 0.1326051 0.03201561 0.5788032 0.3563767 0.05134285 0.01347723 0.853284 0.1064188 0.03708961 0.003207601 0.7859171 0.1815256 0.02432024 0.008237051 0.6069107 0.3298702 0.04789791 0.0153212 0.8578045 0.102401 0.03979454 0 0.4948981 0.4090999 0.0874864 0.008515663 0.8881082 0.06665471 0.04523714 0 0.5985108 0.2866511 0.1098078 0.005030309 0.8906583 0.05927805 0.05006373 0 0.5740867 0.3095067 0.111615 0.004791487 0.7479621 0.1577666 0.09427132 0 0.6283767 0.2317749 0.1353326 0.004515806 0.89112 0.08435417 0.02452586 0 0.8796229 0.09376087 0.02661625 0 0.8745073 0.1021615 0.02333121 0 0.8480675 0.1364338 0.01549872 0 0.8325019 0.1544441 0.01305403 0 0.8073829 0.1826602 0.009956833 0 0.7260859 0.1664502 0.1074639 0 0.8798944 0.1089476 0.01115799 0 0.8679591 0.1186091 0.01343181 0 0.8277839 0.1634537 0.008762437 0 0.821319 0.1702557 0.008425361 0 0.8191833 0.1707691 0.01004761 0 0.7122648 0.1583137 0.1279018 0.001519669 0.7757844 0.2007515 0.02346415 0 0.7381349 0.2144778 0.04738732 0 0.7698975 0.1889363 0.04116615 0 0.7431026 0.1767774 0.07904215 0.001077905 0.7365512 0.2483021 0.01514667 0 0.6893231 0.2708306 0.03984625 0 0.7615678 0.2269532 0.01147907 0 0.781126 0.2104992 0.008374881 0 0.6972479 0.2256723 0.0770799 0 0.5965927 0.4034073 0 0 0.5499017 0.4500984 0 0 0.8163199 0.18368 0 0 0.552662 0.447338 0 0 0.7201238 0.2270151 0.05286108 0 0.6353005 0.1798428 0.1794793 0.005377376 0.8119411 0.1880588 0 0 0.6645128 0.2728595 0.06262768 0 0.699844 0.2478966 0.05225937 0 0.5728596 0.4271404 0 0 0.691759 0.2732304 0.03501064 0 0.5768856 0.2231738 0.1028924 0.09704824 0.5581505 0.3113033 0.110103 0.02044318 0.7530739 0.2122354 0.03469068 0 0.7470806 0.1937821 0.04488565 0.01425167 0.7450584 0.221873 0.03306852 0 0.3747705 0.3249218 0.2940713 0.006236367 0.5186703 0.4775883 0.003741372 0 0.5677815 0.430338 0.001880467 0 0.3559507 0.3111902 0.2874446 0.04541446 0.3422046 0.2890049 0.2705787 0.09821181 0.7447739 0.2142288 0.04099727 0 0.7078179 0.216029 0.0761531 0 0.7516339 0.1851569 0.06320921 0 0.7488111 0.1935896 0.05759934 0 0.4359198 0.3904674 0.1431512 0.03046168 0.7231995 0.2173258 0.0594747 0 0.527463 0.472537 0 0 0.5169138 0.4662535 0.01683275 0 0.559652 0.3911914 0.04915657 0 0.8005408 0.1980744 0.001384722 0 0.5784094 0.1713187 0.1345386 0.1157333 0.5233346 0.4626531 0.01401233 0 0.6393947 0.3606053 0 0 0.6710759 0.3289241 0 0 0.750541 0.249459 0 0 0.5385532 0.4568307 0.004616086 0 0.8098765 0.1804859 0.009637607 0 0.524842 0.475158 0 0 0.6833951 0.3166049 0 0 0.647866 0.352134 0 0 0.6910406 0.3089594 0 0 0.7544767 0.2455233 0 0 0.7785604 0.2202356 0.001203985 0 0.7808082 0.2191918 0 0 0.757305 0.2411816 0.001513347 0 0.8205338 0.1193354 0.06013084 0 0.7423331 0.257667 0 0 0.7502686 0.2497314 0 0 0.7611868 0.2388133 0 0 0.7523361 0.2476638 0 0 0.9049063 0.07797251 0.01712122 0 0.7586911 0.2341361 0.007172804 0 0.4495942 0.3949319 0.1554739 0 0.6005102 0.3490146 0.05047525 0 0.9935158 0.004834564 0.001649579 0 0.5206553 0.4659206 0.009953011 0.00347103 0.6221614 0.3721201 0.00571848 0 0.7163929 0.2667626 0.01684454 0 0.618206 0.3625427 0.01925129 0 0.9500758 0.04639581 0.003528437 0 0.4690214 0.3601802 0.1707984 0 0.9346567 0.06534328 0 0 0.9893492 0.01065073 0 0 0.8934212 0.08126522 0.02531357 0 0.9862657 0.01373435 0 0 0.9693696 0.03063033 0 0 1 0 0 0 0.9946463 0.005353645 0 0 1 0 0 0 1 0 0 0 1 0 0 0 0.995962 0.00403797 0 0 1 0 0 0 0.995058 0.004942004 0 0 1 0 0 0 0.9214798 0.03386271 0.02957794 0.0150796 0.8807892 0.05681405 0.05160766 0.01078915 0.9245763 0.04792873 0.02411098 0.003384024 0.8002158 0.1188036 0.04414488 0.03683575 0.9314098 0.04635908 0.02223116 0 0.6525421 0.2329714 0.09940992 0.01507663 0.9079157 0.07965413 0.01243022 0 0.5514262 0.2559793 0.1911408 0.001453697 0.56946 0.4068362 0.02229214 0.0014116 0.5945156 0.3714373 0.03136345 0.002683655 0.6643296 0.3121218 0.0175379 0.006010637 0.5054401 0.49456 0 0 0.512149 0.4813935 0.006457547 0 0.759507 0.1905748 0.03794474 0.01197352 0.5585504 0.4306964 0.006677757 0.004075436 0.6128961 0.3563954 0.0193895 0.01131903 0.527841 0.4696851 0.00247392 0 0.6104157 0.3895843 0 0 0.8158317 0.1830638 0.001104517 0 0.6675674 0.3234543 0.005104874 0.003873442 0.6374964 0.3597955 0.002708134 0 0.8341647 0.07822691 0.06815609 0.01945234 0.6934028 0.2496679 0.03959662 0.01733265 0.9011089 0.06132851 0.02041334 0.01714923 0.7449962 0.2522667 0.002737045 0 0.7673969 0.2290734 0.003529777 0 0.8952304 0.1047697 0 0 0.8129939 0.1807807 0.006225482 0 0.8523881 0.08929271 0.05831916 0 0.6167244 0.2701757 0.110463 0.002636911 0.7050572 0.2649557 0.02998708 0 0.7144574 0.2084192 0.06842239 0.008700986 0.6279493 0.3429404 0.0178935 0.0112168 0.3746763 0.2957079 0.2232194 0.1063963 0.592016 0.3719424 0.02180473 0.01423672 0.9192443 0.04676606 0.02422589 0.009763696 0.9741912 0.01559552 0.006629121 0.003584145 0.9612766 0.03872337 0 0 0.5680293 0.3734915 0.03702368 0.02145545 0.6331753 0.2952303 0.04284181 0.02875266 0.9353141 0.06468599 0 0 0.7758691 0.2241309 0 0 0.7633007 0.2330792 0.003620096 0 0.6071671 0.3928329 0 0 0.9454846 0.05451542 0 0 0.7643846 0.1308622 0.07678147 0.0279717 0.784486 0.1277521 0.05341652 0.03434532 0.6914056 0.1757074 0.08597291 0.0469141 0.5787727 0.365008 0.02855258 0.02766666 0.6619735 0.3380265 0 0 0.841872 0.1581281 0 0 0.9056041 0.03835079 0.02812273 0.02792235 0.8524407 0.0971613 0.03201712 0.01838083 0.8116686 0.1624195 0.0131396 0.01277234 0.8061368 0.1427981 0.04740576 0.003659367 0.8650418 0.1077268 0.0209515 0.006279861 0.8994263 0.06516282 0.03302129 0.002389526 0.9222474 0.04834252 0.02941012 0 0.8444766 0.112946 0.03579931 0.006778162 0.9070223 0.07649174 0.01648601 0 0.9032957 0.05329659 0.04340776 0 0.9909962 0.005136547 0.00386723 0 0.4734514 0.4722147 0.05119796 0.003136066 0.9665079 0.03349214 0 0 0.8266285 0.1570037 0.01636782 0 0.9108573 0.06795546 0.01165183 0.009535511 0.7262934 0.2492184 0.02270688 0.001781216 0.5892847 0.2506893 0.1600261 0 0.6217331 0.3644349 0.01383196 0 0.6217331 0.3644349 0.01383196 0 0.9698238 0.02153579 0.008640321 0 0.5280244 0.2991758 0.1614004 0.01139938 0.5450996 0.2816559 0.1178736 0.05537092 0.8256069 0.08166726 0.08161602 0.01110978 0.6966963 0.3033037 0 0 0.8093185 0.1889034 0.001778041 0 0.5868104 0.3989235 0.01426621 0 0.4223342 0.3475603 0.2125125 0.01759304 0.9000986 0.08361486 0.01034014 0.005946389 0.7861663 0.2088598 0.004973872 0 0.6939459 0.3013508 0.004703303 0 0.6433125 0.3566875 0 0 0.638281 0.3617189 0 0 0.8494323 0.1505677 0 0 0.8350215 0.1649785 0 0 0.8039112 0.1960888 0 0 0.8515148 0.1484852 0 0 0.9092615 0.09073852 0 0 0.9148893 0.08511068 0 0 0.9120079 0.08799213 0 0 0.9038587 0.09614126 0 0 0.882217 0.117783 0 0 0.885882 0.1141181 0 0 0.5377082 0.4183594 0.02452831 0.01940406 0.5852692 0.2222579 0.1251584 0.06731445 0.3789582 0.3505006 0.2178732 0.05266805 0.5800103 0.1717859 0.1289237 0.1192801 0.5461889 0.3116788 0.07120627 0.07092602 0.4221854 0.2280772 0.2110372 0.1387002 0.5072149 0.4291029 0.06368219 0 0.9503428 0.03070101 0.01149105 0.007465219 0.6637061 0.1874954 0.08412327 0.06467526 0.9357021 0.06121261 0.003085232 0 0.5128395 0.1716348 0.1581297 0.157396 0.5382674 0.208779 0.1727503 0.08020338 0.614859 0.2984581 0.06929642 0.01738647 0.9613621 0.02426763 0.01437022 0 0.7368983 0.2254026 0.03015726 0.00754176 0.504702 0.4214471 0.06547122 0.008379709 0.7034776 0.2601453 0.02116033 0.01521685 0.7963099 0.1756015 0.02392787 0.004160644 0.7475098 0.2081787 0.02460551 0.01970598 0.853287 0.1064159 0.03708996 0.003207135 0.5718625 0.3159561 0.1025827 0.00959863 0.479203 0.439237 0.07277389 0.008786156 0.5788162 0.3563659 0.05134024 0.01347762 0.7859247 0.1815194 0.02432057 0.008235285 0.8578066 0.1023983 0.0397951 0 0.6069221 0.3298606 0.04789565 0.01532158 0.8881088 0.06665569 0.0452355 0 0.4948917 0.4091084 0.08748408 0.008515855 0.8906592 0.05927866 0.05006215 0 0.5985047 0.2866591 0.1098057 0.005030507 0.8911196 0.08435516 0.02452521 0 0.8796225 0.09376203 0.02661546 0 0.8745068 0.1021629 0.02333033 0 0.8480658 0.1364361 0.01549816 0 0.8324999 0.1544468 0.01305344 0 0.8073805 0.182663 0.009956499 0 0.5740796 0.309516 0.1116127 0.004791657 0.7479615 0.1577654 0.09427312 0 0.6283728 0.2317795 0.1353317 0.004515918 0.8798941 0.1089484 0.01115752 0 0.8679579 0.1186108 0.01343124 0 0.8277806 0.1634574 0.008762056 0 0.8213183 0.1702564 0.008425278 0 0.8191803 0.1707726 0.01004715 0 0.7698973 0.1889348 0.04116794 0 0.7431017 0.1767761 0.07904432 0.001077946 0.7615713 0.2269494 0.0114793 0 0.7811296 0.210496 0.008374401 0 0.5498928 0.4501071 0 0 0.5526515 0.4473485 0 0 0.7201222 0.2270241 0.05285377 0 0.7757871 0.200748 0.02346494 0 0.7365528 0.2483014 0.01514587 0 0.7122625 0.1583121 0.1279057 0.001519727 0.7381378 0.2144744 0.04738777 0 0.6893253 0.2708277 0.03984706 0 0.5965839 0.4034161 0 0 0.8163188 0.1836812 0 0 0.7260852 0.1664477 0.1074671 0 0.8119396 0.1880604 0 0 0.6645198 0.272848 0.06263222 0 0.6998597 0.2478759 0.05226435 0 0.5728544 0.4271456 0 0 0.5186576 0.4776008 0.003741644 0 0.6972491 0.2256701 0.07708085 0 0.5253995 0.3099834 0.1326023 0.03201481 0.6352966 0.1798493 0.1794764 0.005377674 0.4778163 0.3754365 0.08490797 0.0618392 0.5614176 0.1889574 0.1774294 0.07219561 0.3504338 0.3466215 0.2191292 0.08381545 0.6917582 0.2732336 0.03500829 0 0.3791604 0.3066815 0.1971231 0.117035 0.5121067 0.3453042 0.1425891 0 0.3392923 0.3084281 0.2681308 0.08414879 0.5768929 0.2231712 0.1028853 0.09705059 0.5358648 0.2901402 0.1717281 0.002266821 0.753073 0.212238 0.03468899 0 0.7450626 0.2218682 0.03306919 0 0.7470892 0.1937868 0.04488342 0.01424055 0.5677736 0.4303458 0.001880555 0 0.3747399 0.3249397 0.294085 0.006235324 0.7447777 0.2142366 0.04098577 0 0.7078156 0.2160385 0.07614587 0 0.7516515 0.1851347 0.06321377 0 0.7488332 0.1935631 0.05760374 0 0.3559513 0.3111909 0.2874415 0.04541637 0.3422278 0.2889881 0.270597 0.09818727 0.7232122 0.2173108 0.05947699 0 0.5274516 0.4725484 0 0 0.5169029 0.4662634 0.01683376 0 0.5581474 0.3113093 0.1100997 0.02044358 0.4359376 0.3904813 0.143149 0.03043215 0.5233194 0.4626664 0.01401426 0 0.6393871 0.3606129 0 0 0.6710738 0.3289262 0 0 0.7505429 0.2494571 0 0 0.5990117 0.3294291 0.07155929 0 0.8005626 0.1980527 0.001384752 0 0.5784225 0.1713095 0.1345361 0.115732 0.5596433 0.3912033 0.0491534 0 0.6833926 0.3166074 0 0 0.742332 0.257668 0 0 0.750268 0.249732 0 0 0.7611883 0.2388117 0 0 0.7544772 0.2455228 0 0 0.5248296 0.4751705 0 0 0.6478577 0.3521423 0 0 0.691039 0.308961 0 0 0.7523356 0.2476644 0 0 0.5385475 0.4568393 0.004613225 0 0.7785819 0.2202169 0.001201168 0 0.7419109 0.1389952 0.07088911 0.04820476 0.5222935 0.2402457 0.1268062 0.1106546 0.5036839 0.246553 0.1287483 0.1210147 0.5048512 0.2373937 0.1313541 0.1264009 0.8143142 0.1234525 0.05672601 0.005507237 0.8098819 0.1804801 0.009637962 0 0.6586056 0.3218882 0.01434391 0.005162129 0.780829 0.219171 0 0 0.7573518 0.2411348 0.001513394 0 0.8205363 0.1193273 0.06013641 0 0.7909437 0.1909879 0.0137036 0.004364739 0.5966775 0.3905189 0.007914267 0.004889417 0.9049208 0.07795632 0.01712288 0 0.7587061 0.2341208 0.007173061 0 0.4495907 0.3949284 0.1554809 0 0.6005037 0.3490212 0.05047511 0 0.9935152 0.004835154 0.001649652 0 0.5206569 0.4659183 0.009953505 0.00347129 0.6221733 0.372108 0.005718661 0 0.716383 0.2667722 0.01684477 0 0.6182129 0.3625506 0.01923649 0 0.9500717 0.0463996 0.003528703 0 0.4690154 0.3601848 0.1707998 0 0.9346523 0.06534766 0 0 0.9893508 0.0106492 0 0 0.8934168 0.08126912 0.02531412 0 0.9862648 0.0137352 0 0 0.9693674 0.0306326 0 0 1 0 0 0 0.9946455 0.005354495 0 0 1 0 0 0 1 0 0 0 1 0 0 0 0.995962 0.00403797 0 0 1 0 0 0 0.9950578 0.004942207 0 0 1 0 0 0 0.8199558 0.1742406 0.004035484 0.001768108 0.7700421 0.2233555 0.005226736 0.001375677 0.6719868 0.3200038 0.008009406 0 0.576851 0.4141791 0.008970019 0 0.5581357 0.4332092 0.008655095 0 0.693004 0.2901988 0.01679722 0 0.7144978 0.2738223 0.01167991 0 0.7416815 0.1654382 0.09288029 0 0.5531512 0.4330757 0.008082837 0.005690264 0.7664617 0.1663766 0.06716165 0 0.7076946 0.2285655 0.06373989 0 0.7199507 0.2665999 0.0134494 0 0.739862 0.2416244 0.01851363 0 0.7658091 0.2078846 0.02630638 0 0.7829565 0.1570937 0.05994977 0 0.7942604 0.1398214 0.06591821 0 0.7790991 0.1180965 0.1028044 0 0.6978393 0.2561472 0.04601345 0 0.7531202 0.1790272 0.06785254 0 0.5726669 0.4198763 0.007456855 0 0.7465023 0.1861507 0.06734701 0 0.6829244 0.2542318 0.06284381 0 0.5384332 0.4425316 0.0190353 0 0.5719784 0.4179665 0.01005507 0 0.5453994 0.4405347 0.01406601 0 0.7386487 0.2613513 0 0 0.7469435 0.2530565 0 0 0.7785125 0.2214875 0 0 0.5488564 0.4376369 0.01350675 0 0.7221996 0.2778004 0 0 0.71442 0.2855799 0 0 0.7234693 0.2765307 0 0 0.7698641 0.2301359 0 0 0.7797599 0.2202401 0 0 0.7836444 0.2163556 0 0 0.7742718 0.2257281 0 0 0.7731772 0.2268228 0 0 0.9719674 0.02803263 0 0 0.9743203 0.02567968 0 0 0.9754481 0.02455187 0 0 0.978613 0.02138704 0 0 0.9751636 0.02483643 0 0 0.9774827 0.02251724 0 0 0.9701602 0.02983973 0 0 0.9701395 0.02986052 0 0 0.9797526 0.02024742 0 0 0.968783 0.03121698 0 0 0.9617665 0.03823353 0 0 0.979041 0.020959 0 0 0.9682854 0.03171457 0 0 0.957915 0.04208499 0 0 0.9768192 0.02318082 0 0 0.9654532 0.0345468 0 0 0.9499628 0.0500372 0 0 0.9716753 0.02832472 0 0 0.9601116 0.03988841 0 0 0.9569784 0.04302156 0 0 0.9682558 0.03174425 0 0 0.9526811 0.04731892 0 0 0.9506048 0.04939521 0 0 0.9679785 0.03202153 0 0 0.9564747 0.04352531 0 0 0.9579779 0.04202213 0 0 0.9682695 0.03173051 0 0 0.9526821 0.04731795 0 0 0.950602 0.04939802 0 0 0.9716753 0.02832472 0 0 0.9601122 0.0398878 0 0 0.9569784 0.04302156 0 0 0.9768199 0.02318009 0 0 0.9654539 0.0345461 0 0 0.9499599 0.05004005 0 0 0.979041 0.020959 0 0 0.9682854 0.03171459 0 0 0.9579149 0.04208513 0 0 0.9797514 0.02024859 0 0 0.9687548 0.03124517 0 0 0.9617563 0.03824369 0 0 0.9774846 0.02251535 0 0 0.9701604 0.02983958 0 0 0.970153 0.02984701 0 0 0.9751636 0.02483643 0 0 0.971967 0.02803303 0 0 0.9754491 0.02455091 0 0 0.9786144 0.02138553 0 0 0.9743187 0.02568132 0 0 0.7543562 0.2049504 0.04069342 0 0.7108067 0.2718674 0.01628933 0.001036547 0.6938314 0.2744108 0.03175783 0 0.7472227 0.1940793 0.05869803 0 0.6967369 0.2903783 0.01130953 0.00157524 0.8072783 0.1384952 0.05422642 0 0.8673419 0.1007165 0.03194159 0 0.8343744 0.1070365 0.05858921 0 0.7552149 0.2109634 0.03382161 0 0.7403264 0.2299189 0.02851464 0.001240158 0.7012364 0.2869529 0.009816946 0.001993696 0.7197561 0.2609144 0.01785224 0.001477334 0.8787978 0.07497099 0.04623127 0 0.8175447 0.1003301 0.08212523 0 0.8049251 0.154536 0.04053891 0 0.7836519 0.1735228 0.04282527 0 0.7040128 0.2725563 0.02185524 0.001575652 0.8770787 0.08112833 0.04179298 0 0.8700235 0.09326021 0.03671628 0 0.9202563 0.04566331 0.03408037 0 0.9035836 0.05458759 0.04182882 0 0.8709153 0.06949934 0.05958541 0 0.8739544 0.06467707 0.06136853 0 0.9207055 0.04469036 0.03460414 0 0.9092797 0.04621389 0.04450638 0 0.8310443 0.09236052 0.0765953 0 0.8147209 0.09267968 0.09259944 0 0.744885 0.1341869 0.1209281 0 0.7963955 0.1084231 0.09518138 0 0.7560856 0.1340804 0.1098341 0 0.7195966 0.1648891 0.1155143 0 0.6843247 0.1901251 0.1255502 0 0.9261803 0.03775413 0.03606556 0 0.8348669 0.09440952 0.07072356 0 0.8163026 0.1182281 0.06546934 0 0.8928822 0.05626953 0.05084831 0 0.8778288 0.07573679 0.04643442 0 0.8029144 0.1315569 0.06552871 0 0.9132906 0.0483417 0.03836771 0 0.924347 0.04752453 0.02812839 0 0.8619307 0.08975047 0.04831879 0 0.7696801 0.1624651 0.06785477 0 0.9239277 0.03974762 0.03632464 0 0.8119301 0.1280994 0.05997042 0 0.7830696 0.1591472 0.05778329 0 0.8099563 0.1353766 0.05466706 0 0.7809882 0.1646001 0.05441175 0 0.7494658 0.194715 0.05581914 0 0.7830696 0.1591472 0.05778329 0 0.9239134 0.04964288 0.02644367 0 0.8927284 0.06173275 0.04553885 0 0.8792949 0.06651258 0.05419248 0 0.9163182 0.04693587 0.03674592 0 0.8942975 0.06385712 0.04184538 0 0.9081187 0.06361105 0.02827018 0 0.9239134 0.04964288 0.02644367 0 0.8099563 0.1353766 0.05466706 0 0.924347 0.04752453 0.02812839 0 0.8119301 0.1280994 0.05997042 0 0.7696801 0.1624651 0.06785477 0 0.8619307 0.08975047 0.04831879 0 0.8029144 0.1315569 0.06552871 0 0.8778288 0.07573679 0.04643442 0 0.8163026 0.1182281 0.06546934 0 0.8348669 0.09440952 0.07072356 0 0.6843247 0.1901251 0.1255502 0 0.8310443 0.09236052 0.0765953 0 0.7195966 0.1648891 0.1155143 0 0.9132906 0.0483417 0.03836771 0 0.9163182 0.04693587 0.03674592 0 0.8792949 0.06651258 0.05419248 0 0.9239277 0.03974762 0.03632464 0 0.8928822 0.05626953 0.05084831 0 0.9261803 0.03775413 0.03606556 0 0.7963955 0.1084231 0.09518138 0 0.7560856 0.1340804 0.1098341 0 0.744885 0.1341869 0.1209281 0 0.8147209 0.09267968 0.09259944 0 0.8175447 0.1003301 0.08212523 0 0.9092797 0.04621389 0.04450638 0 0.8739544 0.06467707 0.06136853 0 0.9202563 0.04566331 0.03408037 0 0.9207055 0.04469036 0.03460414 0 0.9035836 0.05458759 0.04182882 0 0.8709153 0.06949934 0.05958541 0 0.8787978 0.07497099 0.04623127 0 0.8343744 0.1070365 0.05858921 0 0.8770787 0.08112833 0.04179298 0 0.8673419 0.1007165 0.03194159 0 0.8072783 0.1384952 0.05422642 0 0.7472227 0.1940793 0.05869803 0 0.7543562 0.2049504 0.04069342 0 0.6938314 0.2744108 0.03175783 0 0.7108067 0.2718674 0.01628933 0.001036547 0.6967369 0.2903783 0.01130953 0.00157524 0.7552149 0.2109634 0.03382161 0 0.7403264 0.2299189 0.02851464 0.001240158 0.7012364 0.2869529 0.009816946 0.001993696 0.7197561 0.2609144 0.01785224 0.001477334 0.8049251 0.154536 0.04053891 0 0.8700235 0.09326021 0.03671628 0 0.7836519 0.1735228 0.04282527 0 0.8927284 0.06173275 0.04553885 0 0.7404892 0.2045701 0.0549408 0 0.8297883 0.1143459 0.05586569 0 0.8540676 0.1018545 0.04407791 0 0.8540676 0.1018545 0.04407791 0 0.8576242 0.07329485 0.06908092 0 0.5687002 0.4199493 0.01135051 0 0.5663757 0.4219972 0.01162722 0 0.5803023 0.4091522 0.01054557 0 0.5795285 0.4098812 0.01059031 0 0.5973087 0.3931863 0.009505063 0 0.5921786 0.3979514 0.009869999 0 0.6104091 0.3810765 0.008514395 0 0.6135551 0.3779852 0.008459623 0 0.6312175 0.3616192 0.00716335 0 0.6694004 0.3252252 0.005374406 0 0.6372685 0.3556987 0.00703278 0 0.6612857 0.3331997 0.005514595 0 0.6667448 0.3277596 0.005495629 0 0.7011423 0.294894 0.003963752 0 0.7075693 0.2888766 0.003554189 0 0.7287078 0.2684345 0.002857784 0 0.6379704 0.3551799 0.006849644 0 0.6179467 0.3737679 0.008285344 0 0.7245205 0.2724565 0.003022952 0 0.7603199 0.2380881 0.001592032 0 0.5791559 0.4102726 0.01057153 0 0.6574994 0.3362905 0.006210072 0 0.5915968 0.3986043 0.009798832 0 0.5817516 0.4077867 0.01046177 0 0.7138 0.2828611 0.003338873 0 0.682946 0.3124686 0.004585416 0 0.7100055 0.2865198 0.003474787 0 0.7479842 0.2496744 0.002341456 0 0.7112851 0.2850974 0.003617512 0 0.6962561 0.2997578 0.003986119 0 0.8337898 0.1662101 0 0 0.8566198 0.1433802 0 0 0.7580414 0.2404864 0.001472234 0 0.7293473 0.2679376 0.002715138 0 0.898382 0.101618 0 0 0.9011044 0.0988956 0 0 0.9182416 0.08175838 0 0 0.9084339 0.09156609 0 0 0.9261789 0.0738211 0 0 0.9526093 0.04739071 0 0 0.8358067 0.1641933 0 0 0.904556 0.09544394 0 0 0.8437676 0.1562323 0 0 0.9011425 0.09885744 0 0 0.9688915 0.03110848 0 0 0.969413 0.03058695 0 0 0.8528495 0.1471505 0 0 0.7655325 0.2330796 0.001387928 0 0.9089659 0.09103404 0 0 0.6258085 0.3664305 0.007760946 0 0.9011425 0.09885744 0 0 0.9688915 0.03110848 0 0 0.9526093 0.04739071 0 0 0.5877718 0.4021145 0.0101137 0 0.5869204 0.4029167 0.01016293 0 0.5720255 0.4161423 0.01183232 0 0.6017865 0.3886061 0.009607421 0 0.6045481 0.3853073 0.01014463 0 0.5656112 0.4206846 0.0137042 0 0.5720255 0.4161423 0.01183232 0 0.8528495 0.1471505 0 0 0.904556 0.09544394 0 0 0.8565643 0.1434356 0 0 0.9084339 0.09156609 0 0 0.9261789 0.0738211 0 0 0.9182416 0.08175838 0 0 0.7722452 0.2265132 0.001241571 0 0.898382 0.101618 0 0 0.9011044 0.0988956 0 0 0.8566198 0.1433802 0 0 0.8337898 0.1662101 0 0 0.7603199 0.2380881 0.001592032 0 0.8358067 0.1641933 0 0 0.7138456 0.282757 0.003397434 0 0.7052366 0.2908432 0.003920285 0 0.788032 0.2108003 0.001167711 0 0.7086996 0.2872152 0.004085209 0 0.7722452 0.2265132 0.001241571 0 0.8437676 0.1562323 0 0 0.6017865 0.3886061 0.009607421 0 0.7052366 0.2908432 0.003920285 0 0.7655325 0.2330796 0.001387928 0 0.7293473 0.2679376 0.002715138 0 0.5877718 0.4021145 0.0101137 0 0.5869204 0.4029167 0.01016293 0 0.5817516 0.4077867 0.01046177 0 0.7138456 0.282757 0.003397434 0 0.6258085 0.3664305 0.007760946 0 0.5915968 0.3986043 0.009798832 0 0.5795285 0.4098812 0.01059031 0 0.7580414 0.2404864 0.001472234 0 0.6962561 0.2997578 0.003986119 0 0.5791559 0.4102726 0.01057153 0 0.7479842 0.2496744 0.002341456 0 0.7112851 0.2850974 0.003617512 0 0.7245205 0.2724565 0.003022952 0 0.7287078 0.2684345 0.002857784 0 0.5687002 0.4199493 0.01135051 0 0.5803023 0.4091522 0.01054557 0 0.5663757 0.4219972 0.01162722 0 0.6574994 0.3362905 0.006210072 0 0.7100055 0.2865198 0.003474787 0 0.7075693 0.2888766 0.003554189 0 0.7011423 0.294894 0.003963752 0 0.5973087 0.3931863 0.009505063 0 0.5921786 0.3979514 0.009869999 0 0.6179467 0.3737679 0.008285344 0 0.682946 0.3124686 0.004585416 0 0.6694004 0.3252252 0.005374406 0 0.7138 0.2828611 0.003338873 0 0.6612857 0.3331997 0.005514595 0 0.6667448 0.3277596 0.005495629 0 0.6372685 0.3556987 0.00703278 0 0.6379704 0.3551799 0.006849644 0 0.6312175 0.3616192 0.00716335 0 0.6135551 0.3779852 0.008459623 0 0.6104091 0.3810765 0.008514395 0 0.9026959 0.09730409 0 0 0.9023135 0.09768654 0 0 0.9011044 0.0988956 0 0 0.9182416 0.08175838 0 0 0.9121486 0.0878514 0 0 0.8995297 0.1004703 0 0 0.9390138 0.06098621 0 0 0.9261789 0.0738211 0 0 0.919757 0.08024296 0 0 0.9018751 0.0981249 0 0 0.9295691 0.07043091 0 0 0.9676766 0.03232336 0 0 0.9526093 0.04739071 0 0 0.9404927 0.05950727 0 0 0.9078665 0.09213349 0 0 0.9489797 0.05102026 0 0 1 0 0 0 1 0 0 0 1 0 0 0 0.9688915 0.03110848 0 0 1 0 0 0 0.969413 0.03058695 0 0 0.950564 0.04943598 0 0 1 0 0 0 0.9454566 0.05454338 0 0 0.9824723 0.01752771 0 0 0.9808572 0.01914282 0 0 1 0 0 0 1 0 0 0 1 0 0 0 1 0 0 0 1 0 0 0 1 0 0 0 1 0 0 0 0.9668715 0.0331285 0 0 1 0 0 0 1 0 0 0 1 0 0 0 1 0 0 0 1 0 0 0 1 0 0 0 1 0 0 0 1 0 0 0 1 0 0 0 1 0 0 0 1 0 0 0 1 0 0 0 1 0 0 0 1 0 0 0 1 0 0 0 1 0 0 0 1 0 0 0 1 0 0 0 1 0 0 0 1 0 0 0 1 0 0 0 1 0 0 0 1 0 0 0 1 0 0 0 1 0 0 0 1 0 0 0 1 0 0 0 1 0 0 0 1 0 0 0 1 0 0 0 1 0 0 0 1 0 0 0 1 0 0 0 0.9962682 0.003731763 0 0 1 0 0 0 0.9688915 0.03110848 0 0 1 0 0 0 1 0 0 0 0.9526093 0.04739071 0 0 1 0 0 0 1 0 0 0 0.9676766 0.03232336 0 0 0.9261789 0.0738211 0 0 1 0 0 0 1 0 0 0 0.9390138 0.06098621 0 0 0.9182416 0.08175838 0 0 1 0 0 0 1 0 0 0 0.9026959 0.09730409 0 0 0.9011044 0.0988956 0 0 0.9023135 0.09768654 0 0 0.9295691 0.07043091 0 0 0.9121486 0.0878514 0 0 0.8995297 0.1004703 0 0 0.919757 0.08024296 0 0 0.9018751 0.0981249 0 0 0.9489797 0.05102026 0 0 0.9404927 0.05950727 0 0 0.9078665 0.09213349 0 0 1 0 0 0 1 0 0 0 0.9668715 0.0331285 0 0 1 0 0 0 0.950564 0.04943598 0 0 0.9454566 0.05454338 0 0 1 0 0 0 1 0 0 0 0.9824723 0.01752771 0 0 0.9808572 0.01914282 0 0 1 0 0 0 1 0 0 0 1 0 0 0 1 0 0 0 1 0 0 0 1 0 0 0 1 0 0 0 1 0 0 0 1 0 0 0 1 0 0 0 1 0 0 0 1 0 0 0 1 0 0 0 1 0 0 0 1 0 0 0 1 0 0 0 1 0 0 0 1 0 0 0 1 0 0 0 1 0 0 0 1 0 0 0 1 0 0 0 1 0 0 0 1 0 0 0 1 0 0 0 1 0 0 0 1 0 0 0 1 0 0 0 1 0 0 0 1 0 0 0 1 0 0 0 1 0 0 0 1 0 0 0 1 0 0 0 1 0 0 0 1 0 0 0 0.9655439 0.02419559 0.008975359 0.001285183 0.9705815 0.02015664 0.007904427 0.00135745 0.9696739 0.02091426 0.008118651 0.00129324 0.9719402 0.01904015 0.007581674 0.001437958 0.9683787 0.02197673 0.008416325 0.00122835 0.971925 0.01900631 0.0075747 0.001494031 0.9655069 0.02432248 0.009003918 0.001166779 0.9711106 0.019628 0.007742193 0.001519191 0.9623477 0.02689283 0.009641232 0.001118239 0.969074 0.02125989 0.008193632 0.001472474 0.959574 0.02913789 0.01019824 0.001089834 0.9676428 0.02240068 0.008508295 0.001448212 0.9575204 0.03078683 0.01060775 0.001084991 0.9655808 0.02406886 0.008946838 0.001403586 0.9564345 0.0316408 0.01082038 0.001104294 0.9624172 0.02665445 0.009587581 0.001340766 0.9564474 0.03159675 0.01081046 0.001145416 0.9596307 0.02894355 0.0101545 0.00127124 0.9575574 0.03066 0.01057921 0.001203395 0.9647435 0.02499525 0.009170182 0.001091068 0.9654011 0.02431174 0.009004156 0.001282972 0.9606507 0.02831588 0.009997721 0.001035681 0.9696344 0.02099749 0.008149566 0.001218508 0.9568101 0.03142006 0.01076952 0.001000315 0.9710778 0.01981919 0.007804847 0.001298162 0.9546293 0.03396693 0.01140376 0 0.97228 0.01882043 0.007513751 0.001385881 0.9516522 0.03555253 0.01179147 0.001003776 0.9729099 0.0182675 0.007354431 0.00146816 0.9521536 0.03509034 0.01167669 0.001079423 0.9728917 0.01822713 0.007346112 0.001535073 0.9531882 0.03418492 0.01146905 0.001157831 0.9725103 0.01848489 0.007422682 0.001582062 0.9564099 0.03151931 0.01081593 0.001254888 0.970885 0.0197632 0.007772624 0.001579203 0.9602904 0.02833107 0.01002098 0.001357582 0.9688005 0.02142471 0.008230923 0.001543866 0.9654562 0.024126 0.008962329 0.001455445 0.7836435 0.2163565 0 0 0.7744638 0.2255362 0 0 0.7731743 0.2268257 0 0 0.7144131 0.2855869 0 0 0.7082984 0.2917016 0 0 0.5726596 0.4198819 0.007458517 0 0.6143717 0.3856284 0 0 0.6337824 0.3662176 0 0 0.7076955 0.2285636 0.06374082 0 0.7303794 0.2696206 0 0 0.7762331 0.2237669 0 0 0.5812957 0.3586133 0.06009099 0 0.7725812 0.2274189 0 0 0.77851 0.22149 0 0 0.7469373 0.2530627 0 0 0.7449902 0.2550098 0 0 0.5384262 0.4425378 0.01903596 0 0.6297461 0.3702539 0 0 0.563292 0.4083544 0.0283536 0 0.6978406 0.2561448 0.04601458 0 0.7704024 0.136171 0.09342665 0 0.7416816 0.1654401 0.0928783 0 0.7144881 0.2738321 0.01167982 0 0.6313064 0.3293846 0.03930897 0 0.788749 0.1187899 0.09246111 0 0.7998497 0.1102733 0.08987695 0 0.7790989 0.1180981 0.102803 0 0.7658051 0.2078889 0.02630591 0 0.6982077 0.2946412 0.007151119 0 0.558154 0.4331912 0.008654813 0 0.7154685 0.2615864 0.02294525 0 0.5354921 0.4578316 0.006676234 0 0.7430053 0.2284502 0.02854452 0 0.5239645 0.4652541 0.01078148 0 0.5966593 0.3905366 0.007914067 0.004889984 0.65862 0.321875 0.01434324 0.005161756 0.5891619 0.4046909 0.006147251 0 0.747384 0.2426298 0.006241796 0.003744469 0.786177 0.2088495 0.004973529 0 0.8255429 0.08166097 0.08165754 0.01113867 0.6955475 0.2946346 0.005982203 0.00383568 0.8317396 0.1293842 0.03362869 0.00524746 0.5280154 0.2991713 0.1614119 0.01140139 0.7276724 0.2645665 0.004581762 0.003179298 0.6961679 0.1625743 0.1333693 0.007888427 0.8142498 0.1234528 0.05676858 0.005528799 0.7225499 0.1703714 0.0975063 0.009572469 0.5612429 0.201891 0.1765371 0.06032905 0.7238173 0.1548619 0.06486083 0.05646008 0.8193506 0.09141026 0.05343621 0.03580296 0.5048522 0.2373954 0.1313501 0.1264023 0.4520002 0.3279397 0.1769483 0.04311178 0.719371 0.1187391 0.1122469 0.0496429 0.5036851 0.2465546 0.128744 0.1210164 0.7201241 0.1195076 0.1115783 0.04879 0.5222889 0.2402542 0.1268019 0.110655 0.5277133 0.4274107 0.04191532 0.002960741 0.7085336 0.2803125 0.006219419 0.004934482 0.5277133 0.4274107 0.04191532 0.002960741 0.7146744 0.2780921 0.00491756 0.002315933 0.6217318 0.3644266 0.0138416 0 0.6217318 0.3644266 0.0138416 0 0.5314001 0.4554622 0.01177755 0.001360221 0.4998477 0.4901586 0.009993674 0 0.7141998 0.2788438 0.004751377 0.002204971 0.6786326 0.3213674 0 0 0.5892759 0.2507022 0.1600219 0 0.51314 0.2837619 0.2030981 0 0.7262977 0.2492145 0.02270659 0.001781313 0.6752542 0.2920522 0.0326936 0 0.9108614 0.0679517 0.01165116 0.009535782 0.7818273 0.125877 0.04737201 0.04492368 0.6634095 0.3116602 0.02493025 0 0.9491469 0.0383631 0.01248998 0 0.96982 0.0215404 0.008639618 0 0.8093117 0.1889102 0.001777999 0 0.8034472 0.1965528 0 0 0.5868104 0.3989238 0.01426581 0 0.9370487 0.0399655 0.02298578 0 0.8071142 0.1352484 0.0576374 0 0.6687591 0.2932934 0.036708 0.001239523 0.5490818 0.2479949 0.2029233 0 0.5440176 0.4559824 0 0 0.547231 0.4493791 0.003389888 0 0.8039116 0.1960884 0 0 0.8076984 0.1923016 0 0 0.8822119 0.1177881 0 0 0.9044237 0.09084859 0.004727751 0 0.9126583 0.08734171 0 0 0.9633371 0.02817191 0.008490994 0 0.8419118 0.1580882 0 0 0.9612729 0.03872709 0 0 0.9741856 0.01559472 0.006633743 0.003585909 0.7758623 0.2241377 0 0 0.6166996 0.2702022 0.1104595 0.002638713 0.8523744 0.08929569 0.05832989 0 0.6071666 0.3928334 0 0 0.6419612 0.1894155 0.1686233 0 0.8158267 0.183064 0.001109379 0 0.5496125 0.439087 0.01130059 0 0.8404292 0.1595708 0 0 0.8418727 0.1581273 0 0 0.6962868 0.3037132 0 0 0.5390711 0.458051 0.002877851 0 0.6104274 0.3895726 0 0 0.5121439 0.481399 0.006457155 0 0.7416335 0.2583665 0 0 0.6634108 0.3365892 0 0 0.6633677 0.3366323 0 0 0.9024826 0.09751735 0 0 0.9148859 0.08511413 0 0 0.8954805 0.1045195 0 0 0.9120027 0.08799734 0 0 0.800906 0.199094 0 0 0.8777768 0.1222232 0 0 0.595828 0.404172 0 0 0.5463798 0.4536202 0 0 0.5893201 0.4106799 0 0 0.6969832 0.2975902 0.003759963 0.001666674 0.6539563 0.3438298 0.002213967 0 0.654883 0.3424021 0.002714983 0 0.7858838 0.2006012 0.00690781 0.006607196 0.8010734 0.1836561 0.007801914 0.007468576 0.8301055 0.1513554 0.00986152 0.00867758 0.8236457 0.159265 0.01131518 0.005774172 0.8563536 0.1219062 0.01738716 0.00435308 0.7903519 0.1927131 0.008476521 0.008458517 0.6308739 0.3651876 0.002698219 0.001240342 0.6260714 0.3720831 0.001845485 0 0.7633901 0.2172209 0.0104191 0.008969846 0.5228056 0.4771944 0 0 0.8008147 0.1840668 0.01227548 0.002843003 0.7245315 0.2520108 0.01486123 0.008596516 0.5931131 0.3961504 0.01073647 0 0.5945097 0.3714452 0.03136162 0.002683461 0.7251197 0.2674676 0.007412671 0 0.5528176 0.2704932 0.155315 0.02137419 0.7821534 0.2054752 0.01107586 0.001295509 0.8151075 0.161842 0.01576603 0.00728456 0.3970529 0.3390592 0.1658894 0.09799846 0.6567051 0.1584342 0.1241335 0.06072724 0.7807305 0.1106839 0.06757697 0.04100861 0.8134103 0.1865897 0 0 0.8682814 0.1086213 0.01996032 0.003136951 0.8681433 0.09696162 0.02147692 0.01341814 0.8797166 0.09398604 0.02254011 0.003757241 0.9099963 0.04794925 0.03956116 0.002493279 0.8322135 0.1045044 0.03539941 0.02788274 0.8815697 0.08756597 0.01841447 0.01244984 0.838211 0.1410064 0.01089074 0.009891863 0.862044 0.1106311 0.01564767 0.01167729 0.9010539 0.05197024 0.02691557 0.02006033 0.892826 0.07401033 0.02298566 0.01017804 0.8579376 0.1139525 0.01852539 0.00958443 0.7288392 0.2606454 0.007641119 0.002874147 0.7654707 0.2203561 0.009821274 0.004351857 0.9176307 0.03793646 0.03690685 0.007526063 0.9220124 0.0350906 0.02734356 0.01555346 0.9199405 0.05990604 0.01557048 0.004583064 0.9085213 0.04316474 0.02423977 0.02407418 0.9126014 0.06726972 0.01773323 0.002395662 0.8652107 0.06595514 0.05495688 0.01387734 0.8369154 0.09792561 0.05600449 0.009154463 0.7289618 0.1958003 0.06242033 0.01281768 0.5017998 0.2439895 0.2142027 0.04000808 0.4410979 0.304536 0.254366 0 0.8209488 0.1790511 0 0 0.8362081 0.1565137 0.007278127 0 0.5900311 0.3619638 0.04800507 0 0.9074001 0.07723693 0.01324109 0.002121894 0.9238008 0.05749929 0.00955524 0.00914461 0.9164457 0.06839054 0.01109652 0.004067269 0.9262495 0.04670728 0.01969549 0.007347768 0.923314 0.06257784 0.007702544 0.006405651 0.923004 0.03345518 0.02732438 0.01621649 0.8652773 0.1335781 0.001144528 0 0.8333052 0.1633939 0.003300962 0 0.8842482 0.1133876 0.002364215 0 0.925878 0.05159114 0.01790373 0.004627059 0.8916603 0.1040684 0.00427126 0 0.8649168 0.1331908 0.00189238 0 0.8422939 0.1577061 0 0 0.7671009 0.2328991 0 0 0.7812026 0.2171966 0.001600758 0 0.8776736 0.1187844 0.003542017 0 0.8127176 0.1808987 0.006383756 0 0.798346 0.1712469 0.03040706 0 0.7265989 0.2000642 0.07333688 0 0.7778686 0.1812734 0.04085804 0 0.7659231 0.2340769 0 0 0.4684518 0.4599741 0.07157413 0 0.713347 0.2298974 0.05675561 0 0.754052 0.2459479 0 0 0.63188 0.2725912 0.08515675 0.01037204 0.717025 0.2829749 0 0 0.7278947 0.2721053 0 0 0.6836648 0.2868656 0.02946955 0 0.7272229 0.2727771 0 0 0.7250187 0.2738755 0.001105805 0 0.6957656 0.3042344 0 0 0.7286548 0.2689895 0.002355635 0 0.6633943 0.3147978 0.02180789 0 0.6450158 0.3391234 0.01586087 0 0.6395131 0.3452103 0.01527653 0 0.6855456 0.2810007 0.03345365 0 0.6492875 0.3507125 0 0 0.7195247 0.2481262 0.0323491 0 0.6969252 0.2501557 0.05291914 0 0.7211104 0.2282423 0.05064727 0 0.6948974 0.1855622 0.1114024 0.008138015 0.6941971 0.2300519 0.07575099 0 0.5576174 0.3306197 0.05967629 0.0520866 0.5972165 0.2763011 0.09947813 0.02700431 0.4924951 0.4060003 0.1015046 0 0.47821 0.3925922 0.1291978 0 0.5461996 0.2384383 0.2153621 0 0.5381782 0.2330593 0.2287625 0 0.5021408 0.3566154 0.1388201 0.002423619 0.5320696 0.2935743 0.1743562 0 0.5162881 0.3356566 0.1480554 0 0.5718383 0.3503806 0.06057577 0.01720543 0.5344122 0.2501129 0.2154749 0 0.5767473 0.3500414 0.06327064 0.009940661 0.5287968 0.3295645 0.1416387 0 0.5466732 0.2589603 0.1943665 0 0.4954074 0.3551024 0.1464275 0.003062689 0.4973519 0.2850208 0.2176272 0 0.5646929 0.3483886 0.08691835 0 0.7076733 0.2452416 0.03501616 0.01206897 0.8451167 0.1206603 0.03422299 0 0.8086123 0.1269902 0.06439751 0 0.4705966 0.3707081 0.1567576 0.001937726 0.5032648 0.3780173 0.1093652 0.009352609 0.504698 0.3881831 0.09631035 0.01080845 0.8085995 0.09847316 0.09292741 0 0.6063187 0.3637613 0.02992001 0 0.4483764 0.4420403 0.1039569 0.005626405 0.6408201 0.2920034 0.05055748 0.01661901 0.8347633 0.1123019 0.05293483 0 0.8120131 0.1201227 0.06786428 0 0.7969045 0.1217074 0.08138812 0 0.650212 0.3225178 0.02727018 0 0.7117383 0.2581033 0.03015842 0 0.5319268 0.4565723 0.01150096 0 0.6919854 0.2752166 0.03279814 0 0.5088835 0.4754742 0.01564224 0 0.7005344 0.2905481 0.008917491 0 0.555548 0.4175994 0.02685268 0 0.5394281 0.4453972 0.01517465 0 0.7049333 0.2871899 0.007876728 0 0.6644428 0.3234378 0.01211946 0 0.8029462 0.1920085 0.005045319 0 0.8805761 0.1194239 0 0 0.8978507 0.1021493 0 0 0.725289 0.2702744 0.004436625 0 0.9428716 0.05712843 0 0 0.9397545 0.06024551 0 0 0.9795305 0.02046951 0 0 0.9762945 0.02370552 0 0 0.9778436 0.02215635 0 0 0.9576304 0.04236963 0 0 0.9933193 0.006680713 0 0 0.9898787 0.01012127 0 0 0.998323 0.001677065 0 0 0.9916159 0.008384092 0 0 0.9975173 0.002482634 0 0 0.9979339 0.002066086 0 0 0.9974165 0.00258353 0 0 0.996141 0.003858984 0 0 0.9955009 0.004499075 0 0 0.9845339 0.01546611 0 0 0.7677889 0.2293221 0.002888983 0 0.7435194 0.2522587 0.004221969 0 0.7926865 0.2023472 0.00496633 0 0.7697938 0.2237408 0.006465348 0 0.8188819 0.1771807 0.003937439 0 0.8212898 0.1758918 0.002818424 0 0.8851367 0.1092223 0.005641052 0 0.8257263 0.1692276 0.00504607 0 0.8992263 0.09445819 0.006315543 0 0.8840077 0.1088346 0.007157732 0 0.8691137 0.1214803 0.009405934 0 0.8108575 0.181203 0.007939452 0 0.8276856 0.161682 0.01063237 0 0.7998334 0.1910768 0.009089757 0 0.8073829 0.1826602 0.009956833 0 0.8325019 0.1544441 0.01305403 0 0.8712238 0.1109518 0.01782435 0 0.8745073 0.1021615 0.02333121 0 0.8616833 0.1234616 0.01485508 0 0.8894117 0.09861409 0.01197415 0 0.8980284 0.09344338 0.008528241 0 0.8893455 0.06776725 0.04288722 0 0.8881082 0.06665471 0.04523714 0 0.8967993 0.06700229 0.0361984 0 0.8917125 0.06450384 0.04378359 0 0.8578045 0.102401 0.03979454 0 0.8708611 0.09426562 0.03487328 0 0.7859171 0.1815256 0.02432024 0.008237051 0.7611182 0.203833 0.0208717 0.01417707 0.6069107 0.3298702 0.04789791 0.0153212 0.6425222 0.3118076 0.0305739 0.01509638 0.7612391 0.2185095 0.01870619 0.00154528 0.4948981 0.4090999 0.0874864 0.008515663 0.6283767 0.2317749 0.1353326 0.004515806 0.8996603 0.06355806 0.0367817 0 0.902611 0.07479621 0.0225928 0 0.9048433 0.07359159 0.02156515 0 0.5973679 0.3058822 0.09150702 0.005242822 0.6006557 0.3039829 0.09103873 0.004322735 0.7431026 0.1767774 0.07904215 0.001077905 0.7815034 0.1610534 0.05744321 0 0.897891 0.06375474 0.03835424 0 0.9001846 0.08617639 0.013639 0 0.9178417 0.04264175 0.03951648 0 0.5873024 0.3609827 0.03871062 0.01300418 0.7665938 0.2114106 0.02199574 0 0.781126 0.2104992 0.008374881 0 0.9248247 0.04593947 0.02725365 0.001982185 0.9249855 0.04122453 0.03064626 0.003143701 0.9144807 0.04795649 0.03756286 0 0.9153625 0.04885502 0.03273593 0.003046561 0.9026942 0.06520361 0.03210216 0 0.8891234 0.07643437 0.03444221 0 0.8996708 0.06765804 0.02501355 0.007657644 0.8728356 0.09713277 0.03003167 0 0.8727657 0.09345513 0.03377922 0 0.8267996 0.1496072 0.02359315 0 0.8054273 0.1657062 0.0233392 0.005527311 0.8501188 0.1238752 0.024578 0.001428095 0.7952256 0.1826734 0.02103563 0.001065358 0.8193126 0.157131 0.02181091 0.001745415 0.7857181 0.1932664 0.01909359 0.00192182 0.8756559 0.0916004 0.02175821 0.01098554 0.7980062 0.1784982 0.01748227 0.006013405 0.7824306 0.197292 0.01752287 0.002754573 0.9056085 0.04883666 0.02453645 0.02101842 0.8951681 0.05978238 0.02427332 0.02077619 0.5222015 0.409027 0.06314947 0.005622035 0.7365839 0.2407558 0.01648453 0.006175852 0.5099499 0.4214315 0.06248679 0.006131839 0.6575531 0.3057811 0.0227477 0.01391804 0.5053894 0.4255661 0.06278265 0.006261871 0.6578571 0.3041022 0.02306603 0.01497472 0.7888542 0.1276096 0.08353621 0 0.4805128 0.4494672 0.06299902 0.007020965 0.7827423 0.1489617 0.06829605 0 0.5341836 0.3821553 0.07754771 0.006113373 0.7798254 0.1438052 0.07636936 0 0.7622511 0.1197765 0.1179723 0 0.7857249 0.1419367 0.07233835 0 0.757315 0.1342442 0.1084408 0 0.795635 0.1665399 0.03782514 0 0.7450584 0.221873 0.03306852 0 0.7780792 0.2070289 0.0148919 0 0.7601582 0.2154271 0.02441465 0 0.6218951 0.3781049 0 0 0.5898066 0.4087321 0.001461325 0 0.7530739 0.2122354 0.03469068 0 0.5677815 0.430338 0.001880467 0 0.7799548 0.1341401 0.08590514 0 0.7470806 0.1937821 0.04488565 0.01425167 0.7592331 0.1240632 0.1167038 0 0.3747705 0.3249218 0.2940713 0.006236367 0.7658643 0.1927899 0.04134594 0 0.7078179 0.216029 0.0761531 0 0.6065519 0.3934481 0 0 0.552662 0.447338 0 0 0.7201238 0.2270151 0.05286108 0 0.5629814 0.3675171 0.06553672 0.003964776 0.7584542 0.1829429 0.05860296 0 0.7383445 0.1963024 0.06535318 0 0.699844 0.2478966 0.05225937 0 0.6690995 0.2985957 0.03230497 0 0.5728596 0.4271404 0 0 0.5195635 0.3859612 0.06526463 0.02921076 0.6815715 0.2885438 0.02988465 0 0.6089607 0.3910393 0 0 0.6910406 0.3089594 0 0 0.6985748 0.264025 0.03740017 0 0.7488111 0.1935896 0.05759934 0 0.6185905 0.3814096 0 0 0.7112632 0.2887368 0 0 0.7544767 0.2455233 0 0 0.5442629 0.4557371 0 0 0.5169138 0.4662535 0.01683275 0 0.6710759 0.3289241 0 0 0.7001101 0.2998899 0 0 0.750541 0.249459 0 0 0.7052811 0.2947189 0 0 0.7453269 0.2546731 0 0 0.7611868 0.2388133 0 0 0.7426301 0.2573698 0 0 0.7243242 0.2756758 0 0 0.5464879 0.3916388 0.05810092 0.00377233 0.7917554 0.1875516 0.01554721 0.005145788 0.8356391 0.1345112 0.01665068 0.01319896 0.8784502 0.07903368 0.02645241 0.01606366 0.5352756 0.4137948 0.03826785 0.01266171 0.4704787 0.4504786 0.04931404 0.02972864 0.7611626 0.2196243 0.0120377 0.007175295 0.7060401 0.2602722 0.02805225 0.005635474 0.5440498 0.3471292 0.08406083 0.02476008 0.8075499 0.1703564 0.01352243 0.008571273 0.8497637 0.1136776 0.02246319 0.01409559 0.8327942 0.131633 0.02367518 0.0118976 0.7764056 0.1713542 0.03397916 0.01826096 0.4850326 0.3515352 0.1376391 0.02579314 0.7954403 0.1369761 0.04036695 0.02721669 0.7046238 0.2114174 0.07614248 0.007816358 0.7954403 0.1369761 0.04036695 0.02721669 0.692407 0.1940041 0.1012378 0.01235112 0.40152 0.3709561 0.1972272 0.03029658 0.8834 0.06942878 0.03161431 0.01555694 0.8852521 0.06169462 0.0374967 0.01555665 0.7310969 0.1305181 0.1018709 0.03651419 0.8048867 0.1197016 0.04369552 0.03171613 0.8129285 0.1118577 0.03945097 0.0357628 0.825956 0.08970022 0.05329309 0.03105064 0.6053713 0.229564 0.11809 0.04697471 0.716561 0.1471923 0.08109794 0.05514877 0.7419151 0.1389929 0.07088799 0.048204 0.8805263 0.06310949 0.04390839 0.01245578 0.9626815 0.03731848 0 0 0.7741391 0.222461 0.00339984 0 0.8098765 0.1804859 0.009637607 0 0.7377202 0.2599369 0.002342881 0 0.8508031 0.09212038 0.04250258 0.01457391 0.3422046 0.2890049 0.2705787 0.09821181 0.6983429 0.3016571 0 0 0.5784094 0.1713187 0.1345386 0.1157333 0.5150211 0.4820956 0.00288327 0 0.757305 0.2411816 0.001513347 0 0.6711462 0.3288538 0 0 0.5564393 0.4435607 0 0 0.8633209 0.1203993 0.01627973 0 0.8205338 0.1193354 0.06013084 0 0.5613809 0.4358892 0.002729944 0 0.6221614 0.3721201 0.00571848 0 0.8747063 0.122847 0.002446728 0 0.7646031 0.2339749 0.001422055 0 0.6005102 0.3490146 0.05047525 0 0.7974291 0.2009743 0.001596666 0 0.7163929 0.2667626 0.01684454 0 0.7207431 0.2773534 0.001903508 0 0.9944571 0.005542899 0 0 0.9893492 0.01065073 0 0 0.9962996 0.003700421 0 0 0.9935158 0.004834564 0.001649579 0 0.9945393 0.005460747 0 0 1 0 0 0 0.9946463 0.005353645 0 0 1 0 0 0 0.9693696 0.03063033 0 0 1 0 0 0 1 0 0 0 1 0 0 0 0.995058 0.004942004 0 0 1 0 0 0 1 0 0 0 1 0 0 0 0.7744688 0.2255312 0 0 0.7836444 0.2163556 0 0 0.7731772 0.2268228 0 0 0.71442 0.2855799 0 0 0.7083028 0.2916972 0 0 0.5726669 0.4198763 0.007456855 0 0.6143816 0.3856184 0 0 0.633793 0.366207 0 0 0.7076946 0.2285655 0.06373989 0 0.7303857 0.2696144 0 0 0.7762371 0.2237629 0 0 0.5812911 0.3586193 0.06008967 0 0.7725843 0.2274157 0 0 0.7785125 0.2214875 0 0 0.7469435 0.2530565 0 0 0.7449965 0.2550035 0 0 0.5384332 0.4425316 0.0190353 0 0.6297542 0.3702458 0 0 0.563287 0.4083611 0.02835192 0 0.6978393 0.2561472 0.04601345 0 0.7704034 0.1361683 0.09342825 0 0.7416815 0.1654382 0.09288029 0 0.7144978 0.2738223 0.01167991 0 0.631303 0.3293895 0.03930754 0 0.7887493 0.1187889 0.0924618 0 0.7998502 0.110272 0.08987778 0 0.7790991 0.1180965 0.1028044 0 0.7658091 0.2078846 0.02630638 0 0.6982175 0.2946314 0.007151122 0 0.5581357 0.4332092 0.008655095 0 0.7154751 0.2615793 0.02294557 0 0.5354771 0.4578465 0.006676413 0 0.7430091 0.2284459 0.02854499 0 0.5239506 0.4652674 0.01078203 0 0.5966775 0.3905189 0.007914267 0.004889417 0.6586056 0.3218882 0.01434391 0.005162129 0.5891483 0.4047043 0.006147429 0 0.7473779 0.2426395 0.006237924 0.003744734 0.7861663 0.2088598 0.004973872 0 0.8256069 0.08166726 0.08161602 0.01110978 0.695547 0.2946458 0.005971224 0.003836008 0.7276728 0.2645743 0.004573275 0.003179573 0.8317831 0.1293908 0.03359438 0.00523183 0.5280244 0.2991758 0.1614004 0.01139938 0.6962128 0.1625748 0.1333281 0.00788434 0.8143142 0.1234525 0.05672601 0.005507237 0.7226011 0.1703709 0.0974604 0.009567674 0.561245 0.2018858 0.1765376 0.06033159 0.7238281 0.1548593 0.06486158 0.05645094 0.8193553 0.09140839 0.05344205 0.03579426 0.5048512 0.2373937 0.1313541 0.1264009 0.4520147 0.3279278 0.1769444 0.04311315 0.719375 0.1187405 0.1122437 0.04964086 0.5036839 0.246553 0.1287483 0.1210147 0.7201303 0.1195082 0.1115731 0.04878847 0.5222935 0.2402457 0.1268062 0.1106546 0.5277263 0.4274155 0.04189897 0.002959237 0.7085323 0.2803142 0.006219402 0.004934055 0.5277263 0.4274155 0.04189897 0.002959237 0.7146827 0.2780839 0.004917473 0.002315908 0.6217331 0.3644349 0.01383196 0 0.6217331 0.3644349 0.01383196 0 0.5314085 0.4554517 0.01177948 0.001360256 0.4998523 0.4901538 0.009993917 0 0.7142093 0.2788342 0.004751584 0.002204981 0.6786349 0.3213651 0 0 0.5892847 0.2506893 0.1600261 0 0.513149 0.2837709 0.2030802 0 0.7262934 0.2492184 0.02270688 0.001781216 0.6752452 0.2920602 0.03269458 0 0.9108573 0.06795546 0.01165183 0.009535511 0.7818166 0.1258825 0.04737488 0.04492602 0.6634048 0.3116659 0.02492931 0 0.949147 0.03836605 0.01248701 0 0.9698238 0.02153579 0.008640321 0 0.8093185 0.1889034 0.001778041 0 0.8034499 0.1965501 0 0 0.5868104 0.3989235 0.01426621 0 0.9370478 0.03996561 0.02298654 0 0.8071105 0.1352506 0.05763881 0 0.668748 0.2933036 0.03670922 0.001239325 0.5490904 0.2480005 0.2029091 0 0.5440176 0.4559824 0 0 0.5472314 0.4493785 0.003390065 0 0.8039112 0.1960888 0 0 0.8076984 0.1923016 0 0 0.882217 0.117783 0 0 0.9044192 0.09085378 0.004726999 0 0.9126662 0.08733377 0 0 0.9633399 0.02816823 0.008491873 0 0.8419178 0.1580822 0 0 0.9612766 0.03872337 0 0 0.9741912 0.01559552 0.006629121 0.003584145 0.7758691 0.2241309 0 0 0.6167244 0.2701757 0.110463 0.002636911 0.8523881 0.08929271 0.05831916 0 0.6071671 0.3928329 0 0 0.6419725 0.1894167 0.1686108 0 0.8158317 0.1830638 0.001104517 0 0.5496126 0.4390862 0.01130122 0 0.8404338 0.1595661 0 0 0.841872 0.1581281 0 0 0.6962847 0.3037153 0 0 0.5390636 0.4580584 0.002878025 0 0.6104157 0.3895843 0 0 0.512149 0.4813935 0.006457547 0 0.7416374 0.2583626 0 0 0.6634045 0.3365955 0 0 0.6633656 0.3366344 0 0 0.9024932 0.09750677 0 0 0.9148893 0.08511068 0 0 0.8954882 0.1045118 0 0 0.9120079 0.08799213 0 0 0.8009056 0.1990944 0 0 0.8777855 0.1222145 0 0 0.595822 0.404178 0 0 0.5463819 0.4536181 0 0 0.5893114 0.4106886 0 0 0.6969911 0.2975822 0.003759997 0.001666621 0.653968 0.3438179 0.002214069 0 0.6548898 0.3423952 0.00271502 0 0.7858868 0.2005979 0.006908086 0.00660721 0.8010775 0.1836517 0.007802083 0.007468716 0.83011 0.1513505 0.009861868 0.008677571 0.8236473 0.1592632 0.01131546 0.005774022 0.8563547 0.1219049 0.01738749 0.004352891 0.7903547 0.1927091 0.008476849 0.008459358 0.6308822 0.365179 0.002698444 0.00124034 0.6260802 0.3720743 0.001845574 0 0.7633948 0.2172154 0.01041964 0.008970148 0.5227953 0.4772047 0 0 0.8008178 0.1840634 0.01227567 0.002843078 0.5931232 0.3961396 0.01073721 0 0.5945156 0.3714373 0.03136345 0.002683655 0.7251258 0.2674611 0.007412975 0 0.5528209 0.2704857 0.1553168 0.02137667 0.7245364 0.2520041 0.01486252 0.008596903 0.7821597 0.2054684 0.01107626 0.001295562 0.8151121 0.1618365 0.01576653 0.007284964 0.3970731 0.3390392 0.1658793 0.09800845 0.6567352 0.1584446 0.1241065 0.06071375 0.7807533 0.1106795 0.06756073 0.04100654 0.8134111 0.1865889 0 0 0.8682876 0.1086149 0.0199609 0.003136642 0.8681504 0.09695636 0.02147759 0.01341556 0.87972 0.09398202 0.02254086 0.003757146 0.9099976 0.04794724 0.03956181 0.002493288 0.8322139 0.1045035 0.03539886 0.02788368 0.8815711 0.08756458 0.01841498 0.01244941 0.8382165 0.1410003 0.01089091 0.009892252 0.8620493 0.1106249 0.015648 0.01167768 0.9010549 0.05197119 0.0269133 0.02006063 0.8928275 0.07400879 0.0229864 0.01017733 0.857943 0.1139464 0.01852585 0.009584739 0.7288446 0.2606399 0.007641413 0.002874066 0.7654738 0.220353 0.009821469 0.004351705 0.9176315 0.03793712 0.03690564 0.007525751 0.9199404 0.05990686 0.01556993 0.004582825 0.922013 0.03509121 0.02734313 0.01555259 0.9085226 0.0431641 0.02424045 0.02407282 0.9126014 0.0672707 0.01773238 0.002395575 0.8652132 0.06595115 0.05495804 0.01387759 0.8369171 0.09792271 0.05600561 0.00915458 0.728958 0.1958045 0.06241998 0.01281755 0.5018148 0.2439951 0.2141836 0.04000654 0.4411054 0.3045502 0.2543444 0 0.8209438 0.1790563 0 0 0.8362067 0.1565194 0.007273915 0 0.5900351 0.3619651 0.04799979 0 0.9074001 0.07723693 0.01324109 0.002121894 0.5646772 0.3483993 0.08692356 0 0.7076671 0.245251 0.03501831 0.01206368 0.8451204 0.120666 0.03421361 0 0.8086298 0.1269699 0.0644004 0 0.808617 0.09845096 0.092932 0 0.6063497 0.3637283 0.02992195 0 0.7266002 0.2000611 0.07333876 0 0.4684561 0.4599733 0.07157049 0 0.9164454 0.06839075 0.01109669 0.004067138 0.9238008 0.05749961 0.009555511 0.009144132 0.833307 0.1633922 0.003300767 0 0.7983475 0.1712454 0.03040706 0 0.865279 0.1335765 0.00114451 0 0.9262497 0.04670817 0.01969464 0.007347508 0.9233139 0.06257838 0.007702041 0.006405738 0.8842492 0.1133866 0.002364172 0 0.9230054 0.03345579 0.02732215 0.01621668 0.8127172 0.180899 0.006383833 0 0.8422933 0.1577067 0 0 0.7670987 0.2329013 0 0 0.8649163 0.1331914 0.001892319 0 0.7812007 0.2171986 0.001600698 0 0.77787 0.1812763 0.04085372 0 0.8776732 0.1187848 0.003541923 0 0.7659217 0.2340783 0 0 0.8916612 0.1040675 0.004271222 0 0.9258781 0.05159144 0.01790323 0.004627201 0.7133481 0.2298988 0.05675308 0 0.7540526 0.2459474 0 0 0.6318831 0.2725874 0.08515888 0.01037068 0.7170246 0.2829754 0 0 0.7278947 0.2721053 0 0 0.6836643 0.286867 0.02946876 0 0.7272214 0.2727786 0 0 0.7250155 0.2738788 0.001105742 0 0.6957647 0.3042352 0 0 0.728651 0.2689935 0.002355531 0 0.6633934 0.3147991 0.02180747 0 0.6450152 0.3391242 0.01586065 0 0.63951 0.3452141 0.01527587 0 0.6855442 0.2810021 0.0334537 0 0.6492811 0.3507189 0 0 0.7195219 0.2481278 0.03235021 0 0.6969243 0.2501566 0.05291923 0 0.7211083 0.2282444 0.05064726 0 0.6948959 0.1855664 0.1113999 0.008137909 0.6941975 0.2300545 0.07574796 0 0.5576186 0.3306156 0.05968024 0.05208549 0.5972217 0.2762948 0.09948137 0.02700198 0.4924928 0.4060076 0.1014997 0 0.4782076 0.3925994 0.1291929 0 0.5462011 0.238445 0.2153539 0 0.5381812 0.2330504 0.2287684 0 0.5021577 0.3565914 0.1388288 0.002422076 0.5320716 0.2935788 0.1743497 0 0.534418 0.2501008 0.2154813 0 0.5163023 0.3356349 0.1480628 0 0.5718215 0.3503971 0.06058014 0.01720123 0.4973576 0.2850107 0.2176317 0 0.470611 0.3706866 0.1567653 0.001937107 0.4954205 0.3550852 0.1464324 0.003061903 0.5466776 0.2589492 0.1943732 0 0.5288094 0.3295475 0.1416431 0 0.5767324 0.3500558 0.06327447 0.009937338 0.5032467 0.3780291 0.1093719 0.009352317 0.5046837 0.3881941 0.09631438 0.01080792 0.4483572 0.4420551 0.1039623 0.005625351 0.6408049 0.292017 0.0505614 0.01661662 0.8120183 0.1201285 0.06785318 0 0.7969106 0.1217134 0.08137599 0 0.8347747 0.1123073 0.05291795 0 0.7117613 0.2580782 0.03016063 0 0.6920053 0.2751946 0.03280014 0 0.5319554 0.4565431 0.01150156 0 0.508907 0.4754498 0.01564316 0 0.7005177 0.2905642 0.008918107 0 0.6502408 0.3224875 0.02727171 0 0.555577 0.4175682 0.02685474 0 0.5394056 0.445419 0.01517555 0 0.7049213 0.2872014 0.007877269 0 0.6644263 0.3234534 0.01212033 0 0.8029324 0.1920217 0.005045916 0 0.8805709 0.1194291 0 0 0.8978465 0.1021535 0 0 0.7252666 0.2702965 0.004436922 0 0.9428688 0.0571312 0 0 0.9397519 0.0602481 0 0 0.9795291 0.02047092 0 0 0.9762938 0.02370617 0 0 0.9778436 0.02215635 0 0 0.9576285 0.04237148 0 0 0.9933193 0.006680713 0 0 0.9898786 0.01012141 0 0 0.998323 0.001677009 0 0 0.9916158 0.008384209 0 0 0.9975175 0.00248256 0 0 0.9979339 0.00206609 0 0 0.9974164 0.00258354 0 0 0.9961408 0.003859136 0 0 0.9955006 0.004499351 0 0 0.9845329 0.0154671 0 0 0.7677861 0.2293251 0.002888876 0 0.7435154 0.2522628 0.004221818 0 0.7926835 0.2023504 0.004966105 0 0.7697896 0.2237452 0.006465114 0 0.8188794 0.1771833 0.00393731 0 0.8212875 0.1758943 0.002818306 0 0.8851367 0.1092223 0.005640984 0 0.8257238 0.1692304 0.005045862 0 0.8992255 0.09445941 0.006315112 0 0.8840074 0.1088351 0.007157484 0 0.8691126 0.121482 0.009405444 0 0.8108549 0.1812061 0.007939017 0 0.8276836 0.1616846 0.01063183 0 0.7998309 0.1910796 0.00908952 0 0.8073805 0.182663 0.009956499 0 0.8324999 0.1544468 0.01305344 0 0.8712232 0.1109534 0.01782341 0 0.8745068 0.1021629 0.02333033 0 0.861682 0.1234637 0.01485432 0 0.8894111 0.09861536 0.01197358 0 0.8980276 0.09344483 0.008527556 0 0.8893455 0.06776766 0.04288686 0 0.8881088 0.06665569 0.0452355 0 0.8967997 0.06700249 0.03619779 0 0.8917142 0.06450468 0.04378112 0 0.8578066 0.1023983 0.0397951 0 0.8708664 0.09425968 0.03487399 0 0.7859247 0.1815194 0.02432057 0.008235285 0.7611281 0.2038247 0.02087209 0.01417516 0.6069221 0.3298606 0.04789565 0.01532158 0.6425377 0.3117948 0.03057071 0.01509683 0.7612516 0.2184995 0.01870658 0.001542314 0.4948917 0.4091084 0.08748408 0.008515855 0.6283728 0.2317795 0.1353317 0.004515918 0.899662 0.06355891 0.03677915 0 0.9026113 0.07479668 0.02259198 0 0.9048436 0.07359278 0.02156358 0 0.5973623 0.3058894 0.0915053 0.005242998 0.6006495 0.3039906 0.09103703 0.004322905 0.7431017 0.1767761 0.07904432 0.001077946 0.7815039 0.1610542 0.057442 0 0.8978929 0.06375267 0.03835448 0 0.9001841 0.08617768 0.01363821 0 0.9178429 0.04264199 0.03951509 0 0.5873188 0.3609691 0.03870758 0.01300463 0.7665958 0.2114082 0.0219961 0 0.7811296 0.210496 0.008374401 0 0.9248251 0.04593965 0.02725297 0.001982294 0.9249867 0.04122526 0.03064425 0.003143858 0.914483 0.04795354 0.03756352 0 0.9153659 0.04885099 0.03273652 0.003046581 0.9026991 0.06519823 0.03210273 0 0.8891268 0.07643045 0.0344428 0 0.8996769 0.06765167 0.02501413 0.007657371 0.872841 0.0971268 0.03003223 0 0.8727695 0.09345088 0.03377964 0 0.826804 0.1496025 0.02359344 0 0.8054337 0.1657007 0.02333956 0.005526053 0.8501249 0.1238686 0.0245785 0.001428071 0.7952358 0.1826627 0.02103606 0.001065395 0.8193184 0.1571248 0.02181138 0.001745385 0.7857274 0.1932568 0.01909399 0.001921819 0.8756624 0.09159318 0.0217587 0.01098574 0.7980202 0.1784832 0.01748267 0.006013892 0.7824465 0.1972752 0.01752321 0.002755061 0.9056112 0.04883339 0.02453708 0.02101839 0.8951704 0.05977944 0.02427353 0.02077663 0.5221943 0.4090364 0.06314711 0.00562219 0.7365991 0.2407429 0.01648503 0.006172915 0.5099413 0.4214419 0.06248477 0.006132029 0.6575679 0.3057689 0.02274474 0.01391845 0.5053802 0.4255772 0.0627806 0.00626207 0.6578665 0.3040945 0.02306392 0.01497499 0.788855 0.1276099 0.08353515 0 0.4805003 0.449482 0.06299646 0.007021229 0.7827424 0.1489614 0.06829622 0 0.5341747 0.3821662 0.07754543 0.006113598 0.7798254 0.1438059 0.07636868 0 0.7622511 0.1197765 0.1179723 0 0.7857249 0.1419368 0.07233826 0 0.7573142 0.134244 0.1084418 0 0.7956355 0.1665411 0.03782344 0 0.7450626 0.2218682 0.03306919 0 0.7780824 0.2070256 0.01489202 0 0.7601615 0.2154237 0.02441486 0 0.6218876 0.3781124 0 0 0.5897965 0.4087421 0.001461395 0 0.753073 0.212238 0.03468899 0 0.5677736 0.4303458 0.001880555 0 0.7799592 0.1341413 0.08589946 0 0.7470892 0.1937868 0.04488342 0.01424055 0.7592332 0.1240632 0.1167035 0 0.3747399 0.3249397 0.294085 0.006235324 0.7658677 0.1927979 0.04133445 0 0.7078156 0.2160385 0.07614587 0 0.606544 0.393456 0 0 0.5526515 0.4473485 0 0 0.7201222 0.2270241 0.05285377 0 0.5629762 0.3675239 0.06553511 0.003964877 0.7584559 0.1829471 0.05859694 0 0.7383462 0.1963098 0.065344 0 0.6998597 0.2478759 0.05226435 0 0.6691096 0.298584 0.03230627 0 0.5728544 0.4271456 0 0 0.5195593 0.3859671 0.06526359 0.02921002 0.681581 0.2885335 0.02988561 0 0.6089579 0.3910421 0 0 0.691039 0.308961 0 0 0.6985877 0.2640102 0.03740215 0 0.7488332 0.1935631 0.05760374 0 0.7112635 0.2887365 0 0 0.7544772 0.2455228 0 0 0.6185891 0.3814109 0 0 0.5442609 0.4557391 0 0 0.5169029 0.4662634 0.01683376 0 0.6710738 0.3289262 0 0 0.7001101 0.2998899 0 0 0.7505429 0.2494571 0 0 0.7453271 0.2546729 0 0 0.7611883 0.2388117 0 0 0.7052811 0.2947189 0 0 0.7426317 0.2573683 0 0 0.7243242 0.2756758 0 0 0.5464822 0.3916465 0.05809897 0.003772439 0.7917742 0.1875322 0.01554764 0.005145983 0.8356437 0.1345057 0.01665085 0.01319978 0.8784528 0.07903054 0.02645243 0.01606414 0.5352888 0.4137837 0.03826593 0.01266159 0.4704867 0.4504721 0.04931255 0.02972869 0.7611823 0.219604 0.01203808 0.007175621 0.7060599 0.260256 0.02805231 0.005631788 0.5440573 0.3471254 0.08405821 0.02475918 0.8075547 0.1703506 0.01352272 0.008572022 0.8497647 0.1136764 0.02246292 0.01409601 0.8327996 0.131626 0.02367641 0.01189795 0.7764115 0.1713494 0.03397701 0.01826206 0.4850445 0.3515267 0.1376376 0.02579116 0.7954461 0.1369733 0.04036318 0.02721741 0.7046369 0.2114074 0.0761392 0.007816547 0.7954461 0.1369733 0.04036318 0.02721741 0.6924226 0.1939935 0.101232 0.01235182 0.4015287 0.370963 0.1972113 0.03029697 0.8834037 0.06942352 0.03161545 0.01555737 0.8852537 0.06169151 0.03749793 0.01555694 0.7311057 0.1305202 0.1018624 0.03651157 0.8048919 0.1196984 0.04369167 0.03171794 0.8129331 0.1118554 0.03944668 0.03576477 0.8259588 0.08969603 0.05329632 0.03104887 0.6053894 0.2295407 0.1180938 0.0469762 0.7165549 0.1471955 0.08109971 0.05514997 0.7419109 0.1389952 0.07088911 0.04820476 0.8805294 0.06310423 0.0439105 0.01245589 0.9626811 0.03731895 0 0 0.7741411 0.2224591 0.003399866 0 0.8098819 0.1804801 0.009637962 0 0.8508005 0.09212202 0.04250332 0.01457417 0.3422278 0.2889881 0.270597 0.09818727 0.6983424 0.3016576 0 0 0.5784225 0.1713095 0.1345361 0.115732 0.7377205 0.2599366 0.002342829 0 0.5150167 0.4820999 0.002883485 0 0.7573518 0.2411348 0.001513394 0 0.6711684 0.3288316 0 0 0.556452 0.4435481 0 0 0.8633503 0.1203682 0.01628151 0 0.8205363 0.1193273 0.06013641 0 0.5613766 0.4358934 0.002730045 0 0.6221733 0.372108 0.005718661 0 0.8747379 0.1228152 0.002446879 0 0.7645927 0.2339852 0.001422111 0 0.6005037 0.3490212 0.05047511 0 0.7974167 0.2009872 0.001596083 0 0.716383 0.2667722 0.01684477 0 0.7207318 0.2773648 0.00190339 0 0.9944588 0.005541217 0 0 0.9893508 0.0106492 0 0 0.9962992 0.003700786 0 0 0.9935152 0.004835154 0.001649652 0 0.9945386 0.005461369 0 0 1 0 0 0 0.9946455 0.005354495 0 0 1 0 0 0 0.9693674 0.0306326 0 0 1 0 0 0 1 0 0 0 1 0 0 0 0.9950578 0.004942207 0 0 1 0 0 0 1 0 0 0 1 0 0 0 0.9516024 0.04839763 0 0 0.9563888 0.04361126 0 0 0.9530036 0.04699639 0 0 0.952443 0.04755701 0 0 0.9544946 0.04550542 0 0 0.9418464 0.0581536 0 0 0.9401671 0.05983291 0 0 0.9396068 0.06039314 0 0 0.9364984 0.06350156 0 0 0.9343235 0.06567647 0 0 0.9399868 0.06001319 0 0 0.955766 0.04423401 0 0 0.9352963 0.06470371 0 0 0.9165089 0.08349111 0 0 0.9547351 0.04526493 0 0 0.9103673 0.08963273 0 0 0.9140545 0.08594558 0 0 0.9089471 0.09105286 0 0 0.9154704 0.08452958 0 0 0.9090669 0.09093318 0 0 0.9192705 0.08072952 0 0 0.9171141 0.08288594 0 0 0.9647142 0.03528574 0 0 0.9642654 0.0357346 0 0 0.9669251 0.03307488 0 0 0.969405 0.03059497 0 0 0.9678975 0.03210248 0 0 0.9677327 0.03226734 0 0 0.9694347 0.03056534 0 0 0.9683903 0.03160971 0 0 0.6 0.4 0 0 0.6 0.4 0 0 0.6 0.4 0 0 0.6 0.4 0 0 0.6 0.4 0 0 0.6 0.4 0 0 0.6 0.4 0 0 0.6 0.4 0 0 0.6 0.4 0 0 0.6 0.4 0 0 0.6 0.4 0 0 0.6 0.4 0 0 0.6 0.4 0 0 0.6 0.4 0 0 0.6 0.4 0 0 0.6 0.4 0 0 0.6 0.4 0 0 0.6 0.4 0 0 0.6 0.4 0 0 0.6 0.4 0 0 0.6 0.4 0 0 0.6 0.4 0 0 0.6 0.4 0 0 0.6 0.4 0 0 0.6 0.4 0 0 0.6 0.4 0 0 0.6 0.4 0 0 0.6 0.4 0 0 0.6 0.4 0 0 0.6 0.4 0 0 0.6 0.4 0 0 0.6 0.4 0 0 0.6 0.4 0 0 0.6 0.4 0 0 0.6 0.4 0 0 0.6 0.4 0 0 0.6 0.4 0 0 0.6 0.4 0 0 0.6 0.4 0 0 0.6 0.4 0 0 0.6 0.4 0 0 0.6 0.4 0 0 0.6 0.4 0 0 0.6 0.4 0 0 0.6 0.4 0 0 0.6 0.4 0 0 0.6 0.4 0 0 0.6 0.4 0 0 0.6 0.4 0 0 0.6 0.4 0 0 0.6 0.4 0 0 0.6 0.4 0 0 0.6 0.4 0 0 0.6 0.4 0 0 0.6 0.4 0 0 0.6 0.4 0 0 0.6 0.4 0 0 0.6 0.4 0 0 0.6 0.4 0 0 0.6 0.4 0 0 0.9171141 0.08288594 0 0 0.9090415 0.09095849 0 0 0.9051296 0.09487046 0 0 0.8981524 0.1018476 0 0 0.922237 0.07776302 0 0 0.90896 0.09103999 0 0 0.9121581 0.08784189 0 0 0.9055539 0.09444617 0 0 0.9645394 0.03546054 0 0 0.9651928 0.03480721 0 0 0.9688001 0.03119989 0 0 0.9687067 0.0312933 0 0 0.9699374 0.03006257 0 0 0.9665326 0.03346736 0 0 0.9698938 0.0301062 0 0 0.9655929 0.03440709 0 0 0.9335607 0.06643933 0 0 0.955962 0.044038 0 0 0.933634 0.06636596 0 0 0.9544379 0.0455621 0 0 0.9381876 0.06181239 0 0 0.933226 0.06677398 0 0 0.9514304 0.0485696 0 0 0.9375133 0.06248671 0 0 0.9397506 0.06024943 0 0 0.9367386 0.06326139 0 0 0.9493541 0.05064588 0 0 0.9512631 0.04873687 0 0 0.9515219 0.0484781 0 0 0.9544564 0.04554352 0 0 0.9222786 0.07772142 0 0 0.9616548 0.03834516 0 0 0.9247562 0.07524377 0 0 0.9217852 0.07821477 0 0 0.9620634 0.03793652 0 0 0.9157392 0.08426081 0 0 0.9650651 0.03493489 0 0 0.9214059 0.07859415 0 0 0.9635643 0.03643576 0 0 0.9163001 0.08369998 0 0 0.9664401 0.03355994 0 0 0.9267614 0.07323862 0 0 0.964151 0.03584904 0 0 0.9188148 0.08118521 0 0 0.9653721 0.03462786 0 0 0.9619577 0.03804231 0 0 0.935478 0.064522 0 0 0.9556961 0.04430391 0 0 0.9545617 0.0454383 0 0 0.9344125 0.06558757 0 0 0.9523756 0.04762444 0 0 0.9561417 0.04385839 0 0 0.93992 0.06007995 0 0 0.9527547 0.04724524 0 0 0.9399888 0.06001118 0 0 0.9367813 0.06321867 0 0 0.954246 0.04575405 0 0 0.9513556 0.04864435 0 0 0.9422252 0.05777487 0 0 0.9405484 0.05945166 0 0 0.9394957 0.06050427 0 0 0.9263138 0.07368623 0 0 0.9320349 0.06796507 0 0 0.8821149 0.117885 0 0 0.9281448 0.07185517 0 0 0.9292349 0.07076516 0 0 0.929942 0.07005806 0 0 0.926544 0.07345601 0 0 0.9240981 0.07590192 0 0 0.6839215 0.3160785 0 0 0.6555918 0.3444082 0 0 0.6242367 0.3757633 0 0 0.6647895 0.3352105 0 0 0.6428753 0.3571247 0 0 0.6611056 0.3388944 0 0 0.6493003 0.3506997 0 0 0.680873 0.319127 0 0 0.7224626 0.2775374 0 0 0.7361348 0.2638652 0 0 0.7609432 0.2390568 0 0 0.8642501 0.1357499 0 0 0.7594661 0.2405339 0 0 0.7303559 0.2696441 0 0 0.7465343 0.2534656 0 0 0.7729256 0.2270745 0 0 0.8559744 0.1440256 0 0 0.8537759 0.1462241 0 0 0.9064259 0.09357408 0 0 0.8621439 0.1378561 0 0 0.8868288 0.1131712 0 0 0.6724311 0.3275689 0 0 0.6680553 0.3319447 0 0 0.6945789 0.305421 0 0 0.9152766 0.08472343 0 0 0.6315452 0.3684548 0 0 0.9201877 0.07981227 0 0 0.9328738 0.06712615 0 0 0.9229979 0.07700209 0 0 0.9395923 0.06040768 0 0 0.9254097 0.07459032 0 0 0.9298928 0.0701072 0 0 0.9204571 0.07954287 0 0 0.6410193 0.3589807 0 0 0.6674327 0.3325673 0 0 0.6851696 0.3148304 0 0 0.6494979 0.3505021 0 0 0.8838714 0.1161285 0 0 0.7533456 0.2466544 0 0 0.8850086 0.1149914 0 0 0.7399702 0.2600298 0 0 0.8659025 0.1340975 0 0 0.8819672 0.1180328 0 0 0.7773846 0.2226155 0 0 0.8643872 0.1356128 0 0 0.7759715 0.2240286 0 0 0.7506203 0.2493797 0 0 0.8637116 0.1362884 0 0 0.8559976 0.1440024 0 0 0.7906222 0.2093778 0 0 0.7790211 0.2209789 0 0 0.9563889 0.04361109 0 0 0.9516017 0.04839827 0 0 0.9530038 0.04699617 0 0 0.952443 0.047557 0 0 0.9544945 0.04550548 0 0 0.9418467 0.05815322 0 0 0.940167 0.05983299 0 0 0.9396067 0.06039329 0 0 0.9361961 0.06380381 0 0 0.9343237 0.06567631 0 0 0.9399869 0.06001304 0 0 0.9557657 0.04423428 0 0 0.9352961 0.06470389 0 0 0.9165089 0.08349112 0 0 0.9547346 0.04526538 0 0 0.9103668 0.08963318 0 0 0.9140539 0.08594606 0 0 0.9089469 0.09105311 0 0 0.9154702 0.08452975 0 0 0.9090661 0.09093389 0 0 0.9192702 0.08072978 0 0 0.9171141 0.08288594 0 0 0.9647145 0.03528552 0 0 0.9642655 0.03573449 0 0 0.9669248 0.03307518 0 0 0.9694053 0.03059469 0 0 0.9678982 0.03210174 0 0 0.9677332 0.0322668 0 0 0.969435 0.03056495 0 0 0.9683905 0.03160955 0 0 0.6 0.4 0 0 0.6 0.4 0 0 0.6 0.4 0 0 0.6 0.4 0 0 0.6 0.4 0 0 0.6 0.4 0 0 0.6 0.4 0 0 0.6 0.4 0 0 0.6 0.4 0 0 0.6 0.4 0 0 0.6 0.4 0 0 0.6 0.4 0 0 0.6 0.4 0 0 0.6 0.4 0 0 0.6 0.4 0 0 0.6 0.4 0 0 0.6 0.4 0 0 0.6 0.4 0 0 0.6 0.4 0 0 0.6 0.4 0 0 0.6 0.4 0 0 0.6 0.4 0 0 0.6 0.4 0 0 0.6 0.4 0 0 0.6 0.4 0 0 0.6 0.4 0 0 0.6 0.4 0 0 0.6 0.4 0 0 0.6 0.4 0 0 0.6 0.4 0 0 0.6 0.4 0 0 0.6 0.4 0 0 0.6 0.4 0 0 0.6 0.4 0 0 0.6 0.4 0 0 0.6 0.4 0 0 0.6 0.4 0 0 0.6 0.4 0 0 0.6 0.4 0 0 0.6 0.4 0 0 0.6 0.4 0 0 0.6 0.4 0 0 0.6 0.4 0 0 0.6 0.4 0 0 0.6 0.4 0 0 0.6 0.4 0 0 0.6 0.4 0 0 0.6 0.4 0 0 0.6 0.4 0 0 0.6 0.4 0 0 0.6 0.4 0 0 0.6 0.4 0 0 0.6 0.4 0 0 0.6 0.4 0 0 0.6 0.4 0 0 0.6 0.4 0 0 0.6 0.4 0 0 0.6 0.4 0 0 0.6 0.4 0 0 0.6 0.4 0 0 0.9090409 0.09095906 0 0 0.9171141 0.08288594 0 0 0.905129 0.09487099 0 0 0.8981516 0.1018484 0 0 0.9222376 0.07776241 0 0 0.9089593 0.09104067 0 0 0.9121575 0.08784252 0 0 0.9055533 0.09444666 0 0 0.9645395 0.03546044 0 0 0.9651929 0.03480712 0 0 0.9688005 0.03119951 0 0 0.9687078 0.03129218 0 0 0.9699379 0.03006204 0 0 0.9665331 0.03346695 0 0 0.9698946 0.03010538 0 0 0.9655933 0.03440667 0 0 0.9335607 0.06643929 0 0 0.955962 0.04403795 0 0 0.9336342 0.06636582 0 0 0.9544377 0.04556236 0 0 0.9381878 0.06181221 0 0 0.9332259 0.06677412 0 0 0.9514304 0.04856965 0 0 0.9375131 0.06248693 0 0 0.9397505 0.06024948 0 0 0.9367386 0.06326145 0 0 0.9493541 0.0506459 0 0 0.9512631 0.04873688 0 0 0.9515219 0.04847813 0 0 0.9544565 0.04554345 0 0 0.9616549 0.03834511 0 0 0.9222785 0.07772153 0 0 0.9247561 0.07524393 0 0 0.9217851 0.0782149 0 0 0.9620634 0.03793652 0 0 0.9157387 0.0842613 0 0 0.9650655 0.03493456 0 0 0.9214057 0.07859423 0 0 0.9635644 0.0364356 0 0 0.9163 0.08370004 0 0 0.9664403 0.03355977 0 0 0.9267622 0.07323783 0 0 0.964151 0.03584901 0 0 0.9188142 0.08118585 0 0 0.9653723 0.03462768 0 0 0.961957 0.03804306 0 0 0.9354778 0.06452218 0 0 0.955696 0.04430395 0 0 0.9545614 0.04543858 0 0 0.9344124 0.06558762 0 0 0.9523756 0.04762442 0 0 0.9561417 0.04385827 0 0 0.9399201 0.06007983 0 0 0.9527547 0.04724531 0 0 0.9399888 0.06001116 0 0 0.9367813 0.06321873 0 0 0.9542459 0.04575412 0 0 0.951355 0.04864504 0 0 0.9422256 0.05777447 0 0 0.9405482 0.0594518 0 0 0.9263138 0.07368623 0 0 0.9394957 0.06050427 0 0 0.9320349 0.06796507 0 0 0.8821149 0.117885 0 0 0.9281448 0.07185516 0 0 0.9292349 0.07076515 0 0 0.929942 0.07005807 0 0 0.926544 0.07345601 0 0 0.924098 0.07590199 0 0 0.683921 0.316079 0 0 0.655591 0.344409 0 0 0.624236 0.375764 0 0 0.664789 0.335211 0 0 0.6428747 0.3571253 0 0 0.6611052 0.3388948 0 0 0.6492993 0.3507007 0 0 0.6808725 0.3191275 0 0 0.7224621 0.277538 0 0 0.7361342 0.2638658 0 0 0.7609426 0.2390575 0 0 0.7594661 0.2405339 0 0 0.7303555 0.2696445 0 0 0.7465338 0.2534663 0 0 0.7729248 0.2270751 0 0 0.8559744 0.1440256 0 0 0.8537759 0.1462241 0 0 0.8642499 0.1357501 0 0 0.9064259 0.09357408 0 0 0.8621433 0.1378567 0 0 0.8868288 0.1131712 0 0 0.6680546 0.3319454 0 0 0.6724305 0.3275695 0 0 0.6945785 0.3054215 0 0 0.9152766 0.08472343 0 0 0.6315449 0.3684551 0 0 0.9201877 0.07981227 0 0 0.9328738 0.06712615 0 0 0.9229979 0.07700209 0 0 0.9395923 0.06040768 0 0 0.9254097 0.07459032 0 0 0.9298928 0.0701072 0 0 0.9204571 0.07954287 0 0 0.6410192 0.3589808 0 0 0.6674322 0.3325677 0 0 0.6851693 0.3148307 0 0 0.6494967 0.3505033 0 0 0.8838714 0.1161285 0 0 0.7533451 0.2466549 0 0 0.8850086 0.1149914 0 0 0.7399697 0.2600303 0 0 0.8659025 0.1340975 0 0 0.8819672 0.1180328 0 0 0.777384 0.222616 0 0 0.8643872 0.1356128 0 0 0.7759714 0.2240286 0 0 0.7506203 0.2493797 0 0 0.8637116 0.1362884 0 0 0.8559976 0.1440024 0 0 0.7906216 0.2093784 0 0 0.7790206 0.2209794 0 0 1 0 0 0 1 0 0 0 1 0 0 0 1 0 0 0 1 0 0 0 1 0 0 0 1 0 0 0 1 0 0 0 1 0 0 0 1 0 0 0 1 0 0 0 1 0 0 0 1 0 0 0 1 0 0 0 1 0 0 0 1 0 0 0 1 0 0 0 1 0 0 0 1 0 0 0 1 0 0 0 1 0 0 0 1 0 0 0 1 0 0 0 1 0 0 0 1 0 0 0 1 0 0 0 1 0 0 0 1 0 0 0 1 0 0 0 1 0 0 0 1 0 0 0 1 0 0 0 1 0 0 0 1 0 0 0 1 0 0 0 1 0 0 0 1 0 0 0 1 0 0 0 1 0 0 0 1 0 0 0 1 0 0 0 1 0 0 0 1 0 0 0 1 0 0 0 1 0 0 0 1 0 0 0 1 0 0 0 1 0 0 0 1 0 0 0 1 0 0 0 1 0 0 0 1 0 0 0 1 0 0 0 1 0 0 0 1 0 0 0 1 0 0 0 1 0 0 0 0.8721095 0.1278904 0 0 1 0 0 0 0.7267587 0.2732413 0 0 1 0 0 0 1 0 0 0 1 0 0 0 0.6816897 0.3183103 0 0 1 0 0 0 1 0 0 0 1 0 0 0 1 0 0 0 1 0 0 0 1 0 0 0 1 0 0 0 1 0 0 0 1 0 0 0 1 0 0 0 1 0 0 0 1 0 0 0 1 0 0 0 1 0 0 0 1 0 0 0 1 0 0 0 1 0 0 0 1 0 0 0 1 0 0 0 1 0 0 0 1 0 0 0 1 0 0 0 1 0 0 0 1 0 0 0 1 0 0 0 1 0 0 0 1 0 0 0 1 0 0 0 1 0 0 0 1 0 0 0 1 0 0 0 1 0 0 0 1 0 0 0 1 0 0 0 1 0 0 0 1 0 0 0 1 0 0 0 1 0 0 0 1 0 0 0 1 0 0 0 1 0 0 0 1 0 0 0 1 0 0 0 1 0 0 0 1 0 0 0 1 0 0 0 1 0 0 0 1 0 0 0 1 0 0 0 1 0 0 0 1 0 0 0 1 0 0 0 1 0 0 0 1 0 0 0 1 0 0 0 1 0 0 0 1 0 0 0 1 0 0 0 1 0 0 0 1 0 0 0 1 0 0 0 1 0 0 0 1 0 0 0 1 0 0 0 1 0 0 0 1 0 0 0 1 0 0 0 1 0 0 0 1 0 0 0 1 0 0 0 1 0 0 0 1 0 0 0 1 0 0 0 1 0 0 0 1 0 0 0 1 0 0 0 1 0 0 0 1 0 0 0 1 0 0 0 1 0 0 0 1 0 0 0 1 0 0 0 1 0 0 0 1 0 0 0 1 0 0 0 1 0 0 0 1 0 0 0 1 0 0 0 1 0 0 0 1 0 0 0 1 0 0 0 1 0 0 0 1 0 0 0 1 0 0 0 1 0 0 0 1 0 0 0 1 0 0 0 1 0 0 0 1 0 0 0 1 0 0 0 1 0 0 0 1 0 0 0 1 0 0 0 1 0 0 0 1 0 0 0 1 0 0 0 1 0 0 0 1 0 0 0 1 0 0 0 1 0 0 0 1 0 0 0 1 0 0 0 1 0 0 0 1 0 0 0 1 0 0 0 1 0 0 0 1 0 0 0 1 0 0 0 1 0 0 0 1 0 0 0 1 0 0 0 1 0 0 0 1 0 0 0 1 0 0 0 1 0 0 0 0.9755749 0.02442506 0 0 0.9454757 0.05452428 0 0 1 0 0 0 1 0 0 0 1 0 0 0 1 0 0 0 1 0 0 0 1 0 0 0 1 0 0 0 1 0 0 0 1 0 0 0 1 0 0 0 1 0 0 0 1 0 0 0 1 0 0 0 0.8619087 0.1380913 0 0 0.7314958 0.2685042 0 0 0.92058 0.07942004 0 0 1 0 0 0 1 0 0 0 1 0 0 0 1 0 0 0 1 0 0 0 1 0 0 0 1 0 0 0 1 0 0 0 1 0 0 0 1 0 0 0 0.682874 0.3171261 0 0 1 0 0 0 1 0 0 0 1 0 0 0 1 0 0 0 1 0 0 0 1 0 0 0 1 0 0 0 1 0 0 0 1 0 0 0 1 0 0 0 1 0 0 0 1 0 0 0 1 0 0 0 1 0 0 0 1 0 0 0 1 0 0 0 1 0 0 0 1 0 0 0 1 0 0 0 1 0 0 0 1 0 0 0 1 0 0 0 1 0 0 0 1 0 0 0 1 0 0 0 1 0 0 0 1 0 0 0 1 0 0 0 1 0 0 0 1 0 0 0 1 0 0 0 1 0 0 0 1 0 0 0 1 0 0 0 1 0 0 0 1 0 0 0 1 0 0 0 1 0 0 0 1 0 0 0 1 0 0 0 1 0 0 0 1 0 0 0 1 0 0 0 1 0 0 0 1 0 0 0 1 0 0 0 1 0 0 0 1 0 0 0 1 0 0 0 1 0 0 0 1 0 0 0 1 0 0 0 1 0 0 0 1 0 0 0 1 0 0 0 1 0 0 0 1 0 0 0 1 0 0 0 1 0 0 0 1 0 0 0 1 0 0 0 1 0 0 0 1 0 0 0 1 0 0 0 1 0 0 0 1 0 0 0 1 0 0 0 1 0 0 0 1 0 0 0 1 0 0 0 1 0 0 0 1 0 0 0 1 0 0 0 1 0 0 0 1 0 0 0 1 0 0 0 1 0 0 0 1 0 0 0 1 0 0 0 1 0 0 0 1 0 0 0 1 0 0 0 1 0 0 0 1 0 0 0 1 0 0 0 1 0 0 0 1 0 0 0 1 0 0 0 1 0 0 0 1 0 0 0 1 0 0 0 1 0 0 0 1 0 0 0 1 0 0 0 1 0 0 0 1 0 0 0 1 0 0 0 1 0 0 0 1 0 0 0 0.985994 0.01400603 0 0 1 0 0 0 0.8646342 0.1353658 0 0 0.989392 0.01060799 0 0 0.731823 0.268177 0 0 1 0 0 0 0.9986991 0.001300907 0 0 1 0 0 0 0.7312106 0.2687894 0 0 0.952023 0.04797695 0 0 1 0 0 0 1 0 0 0 1 0 0 0 1 0 0 0 1 0 0 0 1 0 0 0 1 0 0 0 1 0 0 0 1 0 0 0 0.9451399 0.05486005 0 0 1 0 0 0 1 0 0 0 1 0 0 0 1 0 0 0 1 0 0 0 1 0 0 0 1 0 0 0 1 0 0 0 1 0 0 0 1 0 0 0 0.937342 0.06265799 0 0 1 0 0 0 1 0 0 0 1 0 0 0 1 0 0 0 1 0 0 0 1 0 0 0 1 0 0 0 1 0 0 0 1 0 0 0 1 0 0 0 1 0 0 0 1 0 0 0 1 0 0 0 1 0 0 0 1 0 0 0 1 0 0 0 1 0 0 0 1 0 0 0 1 0 0 0 1 0 0 0 1 0 0 0 1 0 0 0 1 0 0 0 1 0 0 0 1 0 0 0 1 0 0 0 1 0 0 0 1 0 0 0 0.8235838 0.1764162 0 0 1 0 0 0 1 0 0 0 1 0 0 0 1 0 0 0 1 0 0 0 1 0 0 0 1 0 0 0 1 0 0 0 1 0 0 0 1 0 0 0 1 0 0 0 1 0 0 0 1 0 0 0 1 0 0 0 1 0 0 0 1 0 0 0 1 0 0 0 1 0 0 0 1 0 0 0 1 0 0 0 1 0 0 0 1 0 0 0 1 0 0 0 1 0 0 0 1 0 0 0 1 0 0 0 1 0 0 0 1 0 0 0 1 0 0 0 1 0 0 0 1 0 0 0 1 0 0 0 1 0 0 0 1 0 0 0 1 0 0 0 1 0 0 0 1 0 0 0 1 0 0 0 1 0 0 0 1 0 0 0 1 0 0 0 1 0 0 0 1 0 0 0 1 0 0 0 1 0 0 0 1 0 0 0 1 0 0 0 1 0 0 0 1 0 0 0 1 0 0 0 1 0 0 0 1 0 0 0 1 0 0 0 1 0 0 0 1 0 0 0 1 0 0 0 1 0 0 0 1 0 0 0 1 0 0 0 1 0 0 0 1 0 0 0 1 0 0 0 1 0 0 0 1 0 0 0 1 0 0 0 1 0 0 0 1 0 0 0 1 0 0 0 1 0 0 0 1 0 0 0 1 0 0 0 1 0 0 0 1 0 0 0 0.9543226 0.04567744 0 0 0.9727294 0.02727059 0 0 1 0 0 0 1 0 0 0 1 0 0 0 1 0 0 0 1 0 0 0 1 0 0 0 1 0 0 0 1 0 0 0 1 0 0 0 1 0 0 0 1 0 0 0 1 0 0 0 1 0 0 0 0.627178 0.372822 0 0 0.8486552 0.1513448 0 0 1 0 0 0 0.9481843 0.05181574 0 0 1 0 0 0 1 0 0 0 1 0 0 0 1 0 0 0 1 0 0 0 1 0 0 0 1 0 0 0 0.9286988 0.07130124 0 0 1 0 0 0 0.8508587 0.1491413 0 0 0.6856189 0.3143811 0 0 1 0 0 0 0.9653187 0.03468125 0 0 1 0 0 0 1 0 0 0 1 0 0 0 1 0 0 0 1 0 0 0 1 0 0 0 1 0 0 0 1 0 0 0 1 0 0 0 1 0 0 0 1 0 0 0 1 0 0 0 1 0 0 0 1 0 0 0 1 0 0 0 1 0 0 0 1 0 0 0 1 0 0 0 1 0 0 0 1 0 0 0 1 0 0 0 1 0 0 0 1 0 0 0 1 0 0 0 1 0 0 0 1 0 0 0 1 0 0 0 1 0 0 0 1 0 0 0 1 0 0 0 1 0 0 0 1 0 0 0 1 0 0 0 1 0 0 0 1 0 0 0 1 0 0 0 1 0 0 0 1 0 0 0 1 0 0 0 1 0 0 0 1 0 0 0 1 0 0 0 1 0 0 0 1 0 0 0 1 0 0 0 1 0 0 0 1 0 0 0 1 0 0 0 1 0 0 0 1 0 0 0 1 0 0 0 1 0 0 0 1 0 0 0 1 0 0 0 1 0 0 0 1 0 0 0 1 0 0 0 1 0 0 0 1 0 0 0 1 0 0 0 1 0 0 0 1 0 0 0 1 0 0 0 1 0 0 0 1 0 0 0 1 0 0 0 1 0 0 0 1 0 0 0 1 0 0 0 1 0 0 0 1 0 0 0 1 0 0 0 1 0 0 0 1 0 0 0 1 0 0 0 1 0 0 0 1 0 0 0 1 0 0 0 1 0 0 0 1 0 0 0 1 0 0 0 1 0 0 0 1 0 0 0 1 0 0 0 1 0 0 0 1 0 0 0 1 0 0 0 1 0 0 0 1 0 0 0 1 0 0 0 1 0 0 0 1 0 0 0 1 0 0 0 1 0 0 0 1 0 0 0 1 0 0 0 1 0 0 0 1 0 0 0 1 0 0 0 1 0 0 0 1 0 0 0 1 0 0 0 1 0 0 0 1 0 0 0 1 0 0 0 1 0 0 0 1 0 0 0 1 0 0 0 1 0 0 0 1 0 0 0 1 0 0 0 1 0 0 0 1 0 0 0 1 0 0 0 1 0 0 0 1 0 0 0 1 0 0 0 1 0 0 0 1 0 0 0 1 0 0 0 1 0 0 0 1 0 0 0 1 0 0 0 1 0 0 0 1 0 0 0 1 0 0 0 1 0 0 0 1 0 0 0 1 0 0 0 1 0 0 0 1 0 0 0 1 0 0 0 1 0 0 0 1 0 0 0 1 0 0 0 1 0 0 0 1 0 0 0 1 0 0 0 1 0 0 0 1 0 0 0 1 0 0 0 1 0 0 0 1 0 0 0 1 0 0 0 1 0 0 0 1 0 0 0 1 0 0 0 1 0 0 0 1 0 0 0 1 0 0 0 1 0 0 0 1 0 0 0 1 0 0 0 1 0 0 0 1 0 0 0 1 0 0 0 1 0 0 0 1 0 0 0 1 0 0 0 1 0 0 0 1 0 0 0 1 0 0 0 1 0 0 0 1 0 0 0 1 0 0 0 1 0 0 0 1 0 0 0 1 0 0 0 1 0 0 0 1 0 0 0 1 0 0 0 1 0 0 0 1 0 0 0 1 0 0 0 1 0 0 0 1 0 0 0 1 0 0 0 1 0 0 0 1 0 0 0 1 0 0 0 1 0 0 0 1 0 0 0 1 0 0 0 1 0 0 0 1 0 0 0 0.9901764 0.008723483 0.001100133 0 1 0 0 0 1 0 0 0 0.9504456 0.04955441 0 0 0.9505603 0.04943968 0 0 0.9820357 0.01796429 0 0 1 0 0 0 1 0 0 0 1 0 0 0 1 0 0 0 0.9920561 0.007943924 0 0 1 0 0 0 0.9977903 0.002209719 0 0 0.9504457 0.04955438 0 0 0.9820357 0.0179643 0 0 0.9505603 0.04943966 0 0 0.9710568 0.01967245 0.007754694 0.001516026 0.9696986 0.02074068 0.008047138 0.001513557 0.9654406 0.02428099 0.008996493 0.001281981 0.9718658 0.01905509 0.007588263 0.001490822 0.9675809 0.02245202 0.008521733 0.001445366 0.9718857 0.01908456 0.007594481 0.001435196 0.9654797 0.02415238 0.008967506 0.00140043 0.9705417 0.02018974 0.007913728 0.001354864 0.9623062 0.02674621 0.00961029 0.001337309 0.9696226 0.02095627 0.008130421 0.001290675 0.9595186 0.02903643 0.01017748 0.001267569 0.9682786 0.02205841 0.008436783 0.001226206 0.9574993 0.03070899 0.0105913 0.001200364 0.9654201 0.02439326 0.009021461 0.001165207 0.9564418 0.03160271 0.0108119 0.001143587 0.9622941 0.02693665 0.009652091 0.00111715 0.9564317 0.03164401 0.01082114 0.001103114 0.9595466 0.02916056 0.01020388 0.001088937 0.9574972 0.03080622 0.01061255 0.001084024 0.9724966 0.01849668 0.007425926 0.001580815 0.9653057 0.0243906 0.009023739 0.001279969 0.97086 0.01978349 0.00777828 0.001578242 0.9728823 0.0182357 0.007348566 0.001533508 0.9687435 0.02147102 0.008243578 0.001541923 0.9728874 0.01828654 0.007359959 0.001466096 0.9653438 0.02421783 0.008985437 0.001452982 0.9722437 0.01885019 0.007522444 0.001383615 0.9601876 0.02841628 0.01004177 0.001354402 0.9710376 0.01985176 0.007814388 0.001296199 0.9563199 0.03159463 0.01083384 0.001251613 0.9695278 0.02108447 0.008171848 0.001215837 0.9531838 0.03419118 0.01146955 0.001155444 0.9646932 0.0250356 0.009180242 0.001090915 0.9521672 0.03508079 0.01167433 0.001077666 0.9606336 0.02832947 0.01000106 0.001035908 0.9517308 0.03548891 0.01177568 0.001004563 0.9568287 0.03140477 0.01076567 0.001000897 0.9546662 0.03393743 0.01139639 0 0.9494565 0.05054344 0 0 0.9387293 0.06127067 0 0 0.9357095 0.06429045 0 0 0.9364814 0.06351856 0 0 0.9513661 0.04863388 0 0 0.9322024 0.06779763 0 0 0.9547477 0.04525233 0 0 0.9517812 0.04821882 0 0 0.9370508 0.06294915 0 0 0.9562728 0.04372717 0 0 0.9518326 0.04816742 0 0 0.9324501 0.06754991 0 0 0.9547556 0.04524441 0 0 0.9646777 0.0353223 0 0 0.9321862 0.06781383 0 0 0.9627872 0.0372128 0 0 0.9184039 0.08159613 0 0 0.966776 0.03322401 0 0 0.9117457 0.08825435 0 0 0.9630554 0.03694466 0 0 0.9155511 0.08444896 0 0 0.9663709 0.03362907 0 0 0.9065705 0.09342949 0 0 0.9638595 0.03614046 0 0 0.9174629 0.08253712 0 0 0.9630744 0.03692558 0 0 0.9133545 0.08664553 0 0 0.9619412 0.03805874 0 0 0.9235891 0.0764109 0 0 0.9208836 0.07911637 0 0 0.9357094 0.06429062 0 0 0.9387292 0.06127081 0 0 0.9494563 0.05054362 0 0 0.9364812 0.06351872 0 0 0.9513661 0.04863388 0 0 0.9322022 0.06779787 0 0 0.9547477 0.04525224 0 0 0.951781 0.04821898 0 0 0.9370509 0.0629491 0 0 0.9562729 0.0437271 0 0 0.9518324 0.0481676 0 0 0.9324501 0.0675499 0 0 0.9547554 0.04524459 0 0 0.9646777 0.0353223 0 0 0.9321859 0.06781407 0 0 0.962787 0.03721299 0 0 0.9184039 0.08159617 0 0 0.9667761 0.03322396 0 0 0.9117457 0.08825435 0 0 0.9630554 0.03694465 0 0 0.9155509 0.08444914 0 0 0.9663709 0.03362909 0 0 0.9065704 0.09342966 0 0 0.9638593 0.03614064 0 0 0.917463 0.08253697 0 0 0.9630742 0.0369258 0 0 0.9133546 0.08664537 0 0 0.9619409 0.03805901 0 0 0.9235895 0.07641055 0 0 0.9208836 0.0791164 0 0 1 0 0 0 1 0 0 0 1 0 0 0 1 0 0 0 1 0 0 0 1 0 0 0 1 0 0 0 1 0 0 0 1 0 0 0 1 0 0 0 1 0 0 0 1 0 0 0 1 0 0 0 1 0 0 0 1 0 0 0 1 0 0 0 1 0 0 0 1 0 0 0 1 0 0 0 1 0 0 0 1 0 0 0 1 0 0 0 1 0 0 0 1 0 0 0 1 0 0 0 1 0 0 0 1 0 0 0 1 0 0 0 1 0 0 0 1 0 0 0 1 0 0 0 1 0 0 0 1 0 0 0 1 0 0 0 1 0 0 0 1 0 0 0 1 0 0 0 1 0 0 0 1 0 0 0 1 0 0 0 1 0 0 0 1 0 0 0 1 0 0 0 1 0 0 0 1 0 0 0 1 0 0 0 0.9959306 0.004069477 0 0 1 0 0 0 1 0 0 0 1 0 0 0 1 0 0 0 1 0 0 0 1 0 0 0 1 0 0 0 1 0 0 0 1 0 0 0 1 0 0 0 1 0 0 0 1 0 0 0 1 0 0 0 1 0 0 0 1 0 0 0 1 0 0 0 1 0 0 0 1 0 0 0 1 0 0 0 1 0 0 0 1 0 0 0 1 0 0 0 1 0 0 0 1 0 0 0 1 0 0 0 1 0 0 0 1 0 0 0 1 0 0 0 1 0 0 0 1 0 0 0 1 0 0 0 1 0 0 0 1 0 0 0 1 0 0 0 1 0 0 0 0.8880121 0.0520242 0.04524019 0.01472347 0.8730479 0.06028247 0.05744651 0.009223061 0.8383769 0.06979895 0.06858354 0.02324057 0.880115 0.08155665 0.02429766 0.0140307 0.8773716 0.06652712 0.04400376 0.0120975 0.8682702 0.09258076 0.02824745 0.01090162 0.8556675 0.1150395 0.02092178 0.008371251 0.8253924 0.1377828 0.027429 0.009395798 0.8067844 0.1687948 0.01711644 0.007304334 0.7731186 0.2010307 0.01718572 0.008665029 0.8481886 0.09063067 0.04563287 0.01554774 0.7649158 0.1488389 0.05154312 0.03470218 0.8000086 0.08476979 0.06712216 0.04809947 0.6779376 0.1470019 0.1052901 0.06977046 0.7767485 0.09905739 0.07216349 0.05203052 0.8199814 0.07672258 0.07161318 0.0316828 0.8801155 0.08155481 0.02429896 0.01403074 0.8880112 0.05202317 0.04524245 0.01472318 0.8682699 0.09258074 0.02824819 0.01090122 0.8730469 0.0602857 0.05744419 0.009223139 0.8773717 0.0665252 0.04400585 0.01209728 0.8383741 0.06980196 0.06858176 0.02324212 0.8556668 0.1150398 0.02092243 0.008370963 0.8253931 0.1377808 0.0274302 0.009395891 0.8067824 0.1687965 0.0171167 0.007304487 0.7731208 0.2010279 0.01718621 0.008665074 0.8481864 0.09062847 0.04563602 0.01554918 0.764906 0.1488315 0.05154983 0.03471264 0.8000059 0.08476623 0.06712569 0.0481022 0.6779333 0.1469971 0.1052939 0.06977572 0.7767451 0.09906282 0.072159 0.05203305 0.819982 0.07672474 0.07161032 0.03168296 1 0 0 0 1 0 0 0 1 0 0 0 1 0 0 0 1 0 0 0 1 0 0 0 1 0 0 0 1 0 0 0 1 0 0 0 1 0 0 0 1 0 0 0 1 0 0 0 1 0 0 0 1 0 0 0 1 0 0 0 1 0 0 0 1 0 0 0 1 0 0 0 1 0 0 0 1 0 0 0 1 0 0 0 1 0 0 0 1 0 0 0 1 0 0 0 1 0 0 0 1 0 0 0 1 0 0 0 1 0 0 0 1 0 0 0 1 0 0 0 1 0 0 0 1 0 0 0 1 0 0 0 1 0 0 0 1 0 0 0 1 0 0 0 1 0 0 0 1 0 0 0 1 0 0 0 1 0 0 0 1 0 0 0 1 0 0 0 1 0 0 0 1 0 0 0 1 0 0 0 1 0 0 0 1 0 0 0 1 0 0 0 1 0 0 0 1 0 0 0 1 0 0 0 1 0 0 0 1 0 0 0 1 0 0 0 1 0 0 0 1 0 0 0 1 0 0 0 1 0 0 0 1 0 0 0 1 0 0 0 1 0 0 0 1 0 0 0 1 0 0 0 1 0 0 0 1 0 0 0 1 0 0 0 1 0 0 0 1 0 0 0 1 0 0 0 1 0 0 0 1 0 0 0 1 0 0 0 1 0 0 0 1 0 0 0 1 0 0 0 1 0 0 0 1 0 0 0 1 0 0 0 1 0 0 0 1 0 0 0 1 0 0 0 1 0 0 0 1 0 0 0 1 0 0 0 1 0 0 0 1 0 0 0 1 0 0 0 1 0 0 0 1 0 0 0 1 0 0 0 1 0 0 0 1 0 0 0 1 0 0 0 1 0 0 0 1 0 0 0 1 0 0 0 1 0 0 0 1 0 0 0 1 0 0 0 1 0 0 0 1 0 0 0 1 0 0 0 1 0 0 0 1 0 0 0 1 0 0 0 1 0 0 0 1 0 0 0 1 0 0 0 1 0 0 0 1 0 0 0 1 0 0 0 1 0 0 0 1 0 0 0 1 0 0 0 1 0 0 0 1 0 0 0 1 0 0 0 1 0 0 0 1 0 0 0 1 0 0 0 1 0 0 0 1 0 0 0 1 0 0 0 1 0 0 0 1 0 0 0 1 0 0 0 1 0 0 0 1 0 0 0 1 0 0 0 1 0 0 0 1 0 0 0 1 0 0 0 1 0 0 0 1 0 0 0 1 0 0 0 1 0 0 0 1 0 0 0 1 0 0 0 1 0 0 0 1 0 0 0 1 0 0 0 1 0 0 0 1 0 0 0 1 0 0 0 1 0 0 0 1 0 0 0 1 0 0 0 1 0 0 0 1 0 0 0 1 0 0 0 1 0 0 0 1 0 0 0 1 0 0 0 1 0 0 0 1 0 0 0 1 0 0 0 1 0 0 0 1 0 0 0 1 0 0 0 1 0 0 0 1 0 0 0 1 0 0 0 1 0 0 0 1 0 0 0 1 0 0 0 1 0 0 0 1 0 0 0 1 0 0 0 1 0 0 0 1 0 0 0 1 0 0 0 1 0 0 0 1 0 0 0 1 0 0 0 1 0 0 0 1 0 0 0 1 0 0 0 1 0 0 0 1 0 0 0 1 0 0 0 1 0 0 0 1 0 0 0 1 0 0 0 1 0 0 0 1 0 0 0 1 0 0 0 1 0 0 0 1 0 0 0 1 0 0 0 1 0 0 0 1 0 0 0 1 0 0 0 1 0 0 0 1 0 0 0 1 0 0 0 1 0 0 0 1 0 0 0 1 0 0 0 1 0 0 0 1 0 0 0 1 0 0 0 1 0 0 0 1 0 0 0 1 0 0 0 1 0 0 0 1 0 0 0 1 0 0 0 1 0 0 0 1 0 0 0 1 0 0 0 1 0 0 0 1 0 0 0 1 0 0 0 1 0 0 0 1 0 0 0 1 0 0 0 1 0 0 0 1 0 0 0 1 0 0 0 1 0 0 0 1 0 0 0 1 0 0 0 1 0 0 0 1 0 0 0 1 0 0 0 1 0 0 0 1 0 0 0 1 0 0 0 1 0 0 0 1 0 0 0 1 0 0 0 1 0 0 0 1 0 0 0 1 0 0 0 1 0 0 0 1 0 0 0 1 0 0 0 1 0 0 0 1 0 0 0 1 0 0 0 1 0 0 0 1 0 0 0 1 0 0 0 1 0 0 0 1 0 0 0 1 0 0 0 1 0 0 0 1 0 0 0 1 0 0 0 1 0 0 0 1 0 0 0 1 0 0 0 1 0 0 0 1 0 0 0 1 0 0 0 1 0 0 0 1 0 0 0 1 0 0 0 1 0 0 0 1 0 0 0 1 0 0 0 1 0 0 0 1 0 0 0 1 0 0 0 1 0 0 0 1 0 0 0 1 0 0 0 1 0 0 0 1 0 0 0 1 0 0 0 1 0 0 0 1 0 0 0 1 0 0 0 1 0 0 0 1 0 0 0 1 0 0 0 1 0 0 0 1 0 0 0 1 0 0 0 1 0 0 0 1 0 0 0 1 0 0 0 1 0 0 0 1 0 0 0 1 0 0 0 1 0 0 0 1 0 0 0 1 0 0 0 1 0 0 0 1 0 0 0 1 0 0 0 1 0 0 0 1 0 0 0 1 0 0 0 1 0 0 0 1 0 0 0 1 0 0 0 1 0 0 0 1 0 0 0 1 0 0 0 1 0 0 0 1 0 0 0 1 0 0 0 1 0 0 0 1 0 0 0 1 0 0 0 1 0 0 0 1 0 0 0 1 0 0 0 1 0 0 0 1 0 0 0 1 0 0 0 1 0 0 0 1 0 0 0 1 0 0 0 1 0 0 0 1 0 0 0 1 0 0 0 1 0 0 0 1 0 0 0 1 0 0 0 1 0 0 0 1 0 0 0 1 0 0 0 1 0 0 0 1 0 0 0 1 0 0 0 1 0 0 0 1 0 0 0 1 0 0 0 1 0 0 0 1 0 0 0 1 0 0 0 1 0 0 0 1 0 0 0 1 0 0 0 1 0 0 0 1 0 0 0 1 0 0 0 1 0 0 0 1 0 0 0 1 0 0 0 1 0 0 0 1 0 0 0 1 0 0 0 1 0 0 0 1 0 0 0 1 0 0 0 1 0 0 0 1 0 0 0 1 0 0 0 1 0 0 0 1 0 0 0 1 0 0 0 1 0 0 0 1 0 0 0 1 0 0 0 1 0 0 0 1 0 0 0 1 0 0 0 1 0 0 0 1 0 0 0 1 0 0 0 1 0 0 0 1 0 0 0 1 0 0 0 1 0 0 0 1 0 0 0 1 0 0 0 1 0 0 0 1 0 0 0 1 0 0 0 1 0 0 0 1 0 0 0 1 0 0 0 1 0 0 0 1 0 0 0 1 0 0 0 1 0 0 0 1 0 0 0 1 0 0 0 1 0 0 0 1 0 0 0 1 0 0 0 1 0 0 0 1 0 0 0 1 0 0 0 1 0 0 0 1 0 0 0 1 0 0 0 1 0 0 0 1 0 0 0 1 0 0 0 1 0 0 0 1 0 0 0 1 0 0 0 1 0 0 0 1 0 0 0 1 0 0 0 1 0 0 0 1 0 0 0 1 0 0 0 1 0 0 0 1 0 0 0 1 0 0 0 1 0 0 0 1 0 0 0 1 0 0 0 1 0 0 0 1 0 0 0 1 0 0 0 1 0 0 0 1 0 0 0 1 0 0 0 1 0 0 0 1 0 0 0 1 0 0 0 1 0 0 0 1 0 0 0 1 0 0 0 1 0 0 0 1 0 0 0 1 0 0 0 1 0 0 0 1 0 0 0 1 0 0 0 1 0 0 0 1 0 0 0 1 0 0 0 1 0 0 0 1 0 0 0 1 0 0 0 1 0 0 0 1 0 0 0 1 0 0 0 1 0 0 0 1 0 0 0 1 0 0 0 1 0 0 0 1 0 0 0 1 0 0 0 1 0 0 0 1 0 0 0 1 0 0 0 1 0 0 0 1 0 0 0 1 0 0 0 1 0 0 0 1 0 0 0 1 0 0 0 1 0 0 0 1 0 0 0 1 0 0 0 1 0 0 0 1 0 0 0 1 0 0 0 1 0 0 0 1 0 0 0 1 0 0 0 1 0 0 0 1 0 0 0 1 0 0 0 1 0 0 0 1 0 0 0 1 0 0 0 1 0 0 0 1 0 0 0 1 0 0 0 1 0 0 0 1 0 0 0 1 0 0 0 1 0 0 0 1 0 0 0 1 0 0 0 1 0 0 0 1 0 0 0 1 0 0 0 1 0 0 0 1 0 0 0 1 0 0 0 1 0 0 0 1 0 0 0 1 0 0 0 1 0 0 0 1 0 0 0 1 0 0 0 1 0 0 0 1 0 0 0 1 0 0 0 1 0 0 0 1 0 0 0 1 0 0 0 1 0 0 0 1 0 0 0 1 0 0 0 1 0 0 0 1 0 0 0 1 0 0 0 1 0 0 0 1 0 0 0 1 0 0 0 1 0 0 0 1 0 0 0 1 0 0 0 1 0 0 0 1 0 0 0 1 0 0 0 1 0 0 0 1 0 0 0 1 0 0 0 1 0 0 0 1 0 0 0 1 0 0 0 1 0 0 0 1 0 0 0 1 0 0 0 1 0 0 0 1 0 0 0 1 0 0 0 1 0 0 0 1 0 0 0 1 0 0 0 1 0 0 0 1 0 0 0 1 0 0 0 1 0 0 0 1 0 0 0 1 0 0 0 1 0 0 0 1 0 0 0 1 0 0 0 1 0 0 0 1 0 0 0 1 0 0 0 1 0 0 0 1 0 0 0 1 0 0 0 1 0 0 0 1 0 0 0 1 0 0 0 1 0 0 0 1 0 0 0 1 0 0 0 1 0 0 0 1 0 0 0 1 0 0 0 1 0 0 0 1 0 0 0 1 0 0 0 1 0 0 0 1 0 0 0 1 0 0 0 1 0 0 0 1 0 0 0 1 0 0 0 1 0 0 0 1 0 0 0 1 0 0 0 1 0 0 0 1 0 0 0 1 0 0 0 1 0 0 0 1 0 0 0 1 0 0 0 1 0 0 0 1 0 0 0 1 0 0 0 1 0 0 0 1 0 0 0 1 0 0 0 1 0 0 0 1 0 0 0 1 0 0 0 1 0 0 0 1 0 0 0 1 0 0 0 1 0 0 0 1 0 0 0 1 0 0 0 1 0 0 0 1 0 0 0 1 0 0 0 1 0 0 0 1 0 0 0 1 0 0 0 1 0 0 0 1 0 0 0 1 0 0 0 1 0 0 0 1 0 0 0 1 0 0 0 1 0 0 0 1 0 0 0 1 0 0 0 1 0 0 0 1 0 0 0 1 0 0 0 1 0 0 0 1 0 0 0 1 0 0 0 1 0 0 0 1 0 0 0 1 0 0 0 1 0 0 0 1 0 0 0 1 0 0 0 1 0 0 0 1 0 0 0 1 0 0 0 1 0 0 0 1 0 0 0 1 0 0 0 1 0 0 0 1 0 0 0 1 0 0 0 1 0 0 0 1 0 0 0 1 0 0 0 1 0 0 0 1 0 0 0 1 0 0 0 1 0 0 0 1 0 0 0 1 0 0 0 1 0 0 0 1 0 0 0 1 0 0 0 1 0 0 0 1 0 0 0 1 0 0 0 1 0 0 0 1 0 0 0 1 0 0 0 1 0 0 0 1 0 0 0 1 0 0 0 1 0 0 0 1 0 0 0 1 0 0 0 1 0 0 0 1 0 0 0 1 0 0 0 1 0 0 0 1 0 0 0 1 0 0 0 1 0 0 0 1 0 0 0 1 0 0 0 1 0 0 0 1 0 0 0 1 0 0 0 1 0 0 0 1 0 0 0 1 0 0 0 1 0 0 0 1 0 0 0 1 0 0 0 1 0 0 0 1 0 0 0 1 0 0 0 1 0 0 0 1 0 0 0 1 0 0 0 1 0 0 0 1 0 0 0 1 0 0 0 1 0 0 0 1 0 0 0 1 0 0 0 1 0 0 0 1 0 0 0 1 0 0 0 1 0 0 0 1 0 0 0 1 0 0 0 1 0 0 0 1 0 0 0 1 0 0 0 1 0 0 0 1 0 0 0 1 0 0 0 1 0 0 0 1 0 0 0 1 0 0 0 1 0 0 0 1 0 0 0 1 0 0 0 1 0 0 0 1 0 0 0 1 0 0 0 1 0 0 0 1 0 0 0 1 0 0 0 1 0 0 0 1 0 0 0 1 0 0 0 1 0 0 0 1 0 0 0 1 0 0 0 1 0 0 0 1 0 0 0 1 0 0 0 1 0 0 0 1 0 0 0 1 0 0 0 1 0 0 0 1 0 0 0 1 0 0 0 1 0 0 0 1 0 0 0 1 0 0 0 1 0 0 0 1 0 0 0 1 0 0 0 1 0 0 0 1 0 0 0 1 0 0 0 1 0 0 0 1 0 0 0 1 0 0 0 1 0 0 0 1 0 0 0 1 0 0 0 1 0 0 0 1 0 0 0 1 0 0 0 1 0 0 0 1 0 0 0 1 0 0 0 1 0 0 0 1 0 0 0 1 0 0 0 1 0 0 0 1 0 0 0 1 0 0 0 1 0 0 0 1 0 0 0 1 0 0 0 1 0 0 0 1 0 0 0 1 0 0 0 1 0 0 0 1 0 0 0 1 0 0 0 1 0 0 0 1 0 0 0 1 0 0 0 1 0 0 0 1 0 0 0 1 0 0 0 1 0 0 0 1 0 0 0 1 0 0 0 1 0 0 0 1 0 0 0 1 0 0 0 1 0 0 0 1 0 0 0 1 0 0 0 1 0 0 0 1 0 0 0 1 0 0 0 1 0 0 0 1 0 0 0 1 0 0 0 1 0 0 0 1 0 0 0 1 0 0 0 1 0 0 0 1 0 0 0 1 0 0 0 1 0 0 0 1 0 0 0 1 0 0 0 1 0 0 0 1 0 0 0 1 0 0 0 1 0 0 0 1 0 0 0 1 0 0 0 1 0 0 0 1 0 0 0 1 0 0 0 1 0 0 0 1 0 0 0 1 0 0 0 1 0 0 0 1 0 0 0 1 0 0 0 1 0 0 0 1 0 0 0 1 0 0 0 1 0 0 0 1 0 0 0 1 0 0 0 1 0 0 0 1 0 0 0 1 0 0 0 1 0 0 0 1 0 0 0 1 0 0 0 1 0 0 0 1 0 0 0 1 0 0 0 1 0 0 0 1 0 0 0 1 0 0 0 1 0 0 0 1 0 0 0 1 0 0 0 1 0 0 0 1 0 0 0 1 0 0 0 1 0 0 0 1 0 0 0 1 0 0 0 1 0 0 0 1 0 0 0 1 0 0 0 1 0 0 0 1 0 0 0 1 0 0 0 1 0 0 0 1 0 0 0 1 0 0 0 1 0 0 0 1 0 0 0 1 0 0 0 1 0 0 0 1 0 0 0 1 0 0 0 1 0 0 0 1 0 0 0 1 0 0 0 1 0 0 0 1 0 0 0 1 0 0 0 1 0 0 0 1 0 0 0 1 0 0 0 1 0 0 0 1 0 0 0 1 0 0 0 1 0 0 0 1 0 0 0 1 0 0 0 1 0 0 0 1 0 0 0 1 0 0 0 1 0 0 0 1 0 0 0 1 0 0 0 1 0 0 0 1 0 0 0 1 0 0 0 1 0 0 0 1 0 0 0 1 0 0 0 1 0 0 0 1 0 0 0 1 0 0 0 1 0 0 0 1 0 0 0 1 0 0 0 1 0 0 0 1 0 0 0 1 0 0 0 1 0 0 0 1 0 0 0 1 0 0 0 1 0 0 0 1 0 0 0 1 0 0 0 1 0 0 0 1 0 0 0 1 0 0 0 1 0 0 0 1 0 0 0 1 0 0 0 1 0 0 0 1 0 0 0 1 0 0 0 1 0 0 0 1 0 0 0 1 0 0 0 1 0 0 0 1 0 0 0 1 0 0 0 1 0 0 0 1 0 0 0 1 0 0 0 1 0 0 0 1 0 0 0 1 0 0 0 1 0 0 0 1 0 0 0 1 0 0 0 1 0 0 0 1 0 0 0 1 0 0 0 1 0 0 0 1 0 0 0 1 0 0 0 1 0 0 0 1 0 0 0 1 0 0 0 1 0 0 0 1 0 0 0 1 0 0 0 1 0 0 0 1 0 0 0 1 0 0 0 1 0 0 0 1 0 0 0 1 0 0 0 1 0 0 0 1 0 0 0 1 0 0 0 1 0 0 0 1 0 0 0 1 0 0 0 1 0 0 0 1 0 0 0 1 0 0 0 1 0 0 0 1 0 0 0 1 0 0 0 1 0 0 0 1 0 0 0 1 0 0 0 1 0 0 0 1 0 0 0 1 0 0 0 1 0 0 0 1 0 0 0 1 0 0 0 1 0 0 0 1 0 0 0 1 0 0 0 1 0 0 0 1 0 0 0 1 0 0 0 1 0 0 0 1 0 0 0 1 0 0 0 1 0 0 0 1 0 0 0 1 0 0 0 1 0 0 0 1 0 0 0 1 0 0 0 1 0 0 0 1 0 0 0 1 0 0 0 1 0 0 0 1 0 0 0 1 0 0 0 1 0 0 0 1 0 0 0 1 0 0 0 1 0 0 0 1 0 0 0 1 0 0 0 1 0 0 0 1 0 0 0 1 0 0 0 1 0 0 0 1 0 0 0 1 0 0 0 1 0 0 0 1 0 0 0 1 0 0 0 1 0 0 0 1 0 0 0 1 0 0 0 1 0 0 0 1 0 0 0 1 0 0 0 1 0 0 0 1 0 0 0 1 0 0 0 1 0 0 0 1 0 0 0 1 0 0 0 1 0 0 0 1 0 0 0 1 0 0 0 1 0 0 0 1 0 0 0 1 0 0 0 1 0 0 0 1 0 0 0 1 0 0 0 1 0 0 0 1 0 0 0 1 0 0 0 1 0 0 0 0.9733945 0.02660548 0 0 1 0 0 0 1 0 0 0 1 0 0 0 0.9733945 0.02660548 0 0 1 0 0 0 1 0 0 0 1 0 0 0 1 0 0 0 1 0 0 0 1 0 0 0 1 0 0 0 1 0 0 0 1 0 0 0 1 0 0 0 0.9733945 0.02660548 0 0 1 0 0 0 1 0 0 0 1 0 0 0 1 0 0 0 1 0 0 0 0.9733945 0.02660548 0 0 1 0 0 0 1 0 0 0 1 0 0 0 1 0 0 0 1 0 0 0 1 0 0 0 1 0 0 0 1 0 0 0 1 0 0 0 1 0 0 0 1 0 0 0 1 0 0 0 1 0 0 0 1 0 0 0 0.9733945 0.02660548 0 0 1 0 0 0 0.9733945 0.02660548 0 0 1 0 0 0 0.998303 0.001697003 0 0 1 0 0 0 1 0 0 0 1 0 0 0 0.9889081 0.01109186 0 0 1 0 0 0 1 0 0 0 0.9923319 0.007668161 0 0 0.9889196 0.01108045 0 0 1 0 0 0 1 0 0 0 0.9856339 0.01436607 0 0 0.996467 0.003533023 0 0 1 0 0 0 1 0 0 0 0.9938578 0.006142194 0 0 1 0 0 0 1 0 0 0 1 0 0 0 1 0 0 0 1 0 0 0 1 0 0 0 1 0 0 0 1 0 0 0 1 0 0 0 1 0 0 0 1 0 0 0 1 0 0 0 1 0 0 0 1 0 0 0 1 0 0 0 1 0 0 0 1 0 0 0 1 0 0 0 1 0 0 0 1 0 0 0 1 0 0 0 1 0 0 0 1 0 0 0 0.9989105 0.001089466 0 0 1 0 0 0 1 0 0 0 1 0 0 0 0.997844 0.002156044 0 0 1 0 0 0 0.9987792 0.00122083 0 0 1 0 0 0 0.9980842 0.001915733 0 0 1 0 0 0 1 0 0 0 0.9987283 0.001271706 0 0 1 0 0 0 1 0 0 0 1 0 0 0 0.9988818 0.001118209 0 0 1 0 0 0 0.9983554 0.001644572 0 0 1 0 0 0 1 0 0 0 1 0 0 0 1 0 0 0 1 0 0 0 1 0 0 0 1 0 0 0 1 0 0 0 1 0 0 0 1 0 0 0 1 0 0 0 0.997741 0.002258958 0 0 0.9987366 0.001263448 0 0 0.9863172 0.01368287 0 0 0.9940971 0.005902933 0 0 0.99057 0.009430003 0 0 1 0 0 0 1 0 0 0 1 0 0 0 1 0 0 0 1 0 0 0 1 0 0 0 1 0 0 0 1 0 0 0 1 0 0 0 1 0 0 0 1 0 0 0 1 0 0 0 1 0 0 0 1 0 0 0 1 0 0 0 1 0 0 0 1 0 0 0 1 0 0 0 1 0 0 0 1 0 0 0 1 0 0 0 1 0 0 0 1 0 0 0 1 0 0 0 1 0 0 0 1 0 0 0 1 0 0 0 1 0 0 0 1 0 0 0 1 0 0 0 1 0 0 0 1 0 0 0 1 0 0 0 1 0 0 0 1 0 0 0 1 0 0 0 1 0 0 0 1 0 0 0 1 0 0 0 1 0 0 0 1 0 0 0 1 0 0 0 1 0 0 0 1 0 0 0 1 0 0 0 1 0 0 0 1 0 0 0 1 0 0 0 1 0 0 0 1 0 0 0 1 0 0 0 1 0 0 0 1 0 0 0 1 0 0 0 1 0 0 0 1 0 0 0 1 0 0 0 1 0 0 0 1 0 0 0 1 0 0 0 1 0 0 0 1 0 0 0 1 0 0 0 1 0 0 0 1 0 0 0 1 0 0 0 1 0 0 0 1 0 0 0 1 0 0 0 1 0 0 0 1 0 0 0 1 0 0 0 1 0 0 0 1 0 0 0 1 0 0 0 1 0 0 0 1 0 0 0 1 0 0 0 1 0 0 0 1 0 0 0 1 0 0 0 1 0 0 0 1 0 0 0 1 0 0 0 1 0 0 0 1 0 0 0 1 0 0 0 1 0 0 0 1 0 0 0 1 0 0 0 1 0 0 0 1 0 0 0 1 0 0 0 1 0 0 0 1 0 0 0 1 0 0 0 1 0 0 0 1 0 0 0 1 0 0 0 1 0 0 0 1 0 0 0 1 0 0 0 1 0 0 0 1 0 0 0 1 0 0 0 1 0 0 0 1 0 0 0 1 0 0 0 1 0 0 0 1 0 0 0 1 0 0 0 1 0 0 0 1 0 0 0 1 0 0 0 1 0 0 0 1 0 0 0 1 0 0 0 1 0 0 0 1 0 0 0 1 0 0 0 1 0 0 0 1 0 0 0 1 0 0 0 1 0 0 0 1 0 0 0 1 0 0 0 1 0 0 0 1 0 0 0 1 0 0 0 1 0 0 0 1 0 0 0 1 0 0 0 1 0 0 0 1 0 0 0 1 0 0 0 1 0 0 0 1 0 0 0 1 0 0 0 1 0 0 0 1 0 0 0 1 0 0 0 1 0 0 0 1 0 0 0 1 0 0 0 1 0 0 0 1 0 0 0 1 0 0 0 1 0 0 0 1 0 0 0 1 0 0 0 1 0 0 0 1 0 0 0 1 0 0 0 1 0 0 0 1 0 0 0 1 0 0 0 1 0 0 0 1 0 0 0 1 0 0 0 1 0 0 0 1 0 0 0 1 0 0 0 1 0 0 0 1 0 0 0 1 0 0 0 1 0 0 0 1 0 0 0 1 0 0 0 1 0 0 0 1 0 0 0 1 0 0 0 1 0 0 0 1 0 0 0 1 0 0 0 1 0 0 0 1 0 0 0 1 0 0 0 1 0 0 0 1 0 0 0 1 0 0 0 1 0 0 0 1 0 0 0 1 0 0 0 1 0 0 0 1 0 0 0 1 0 0 0 1 0 0 0 1 0 0 0 1 0 0 0 1 0 0 0 1 0 0 0 1 0 0 0 1 0 0 0 1 0 0 0 1 0 0 0 1 0 0 0 1 0 0 0 1 0 0 0 1 0 0 0 1 0 0 0 1 0 0 0 1 0 0 0 1 0 0 0 1 0 0 0 1 0 0 0 1 0 0 0 1 0 0 0 1 0 0 0 1 0 0 0 1 0 0 0 1 0 0 0 1 0 0 0 1 0 0 0 1 0 0 0 1 0 0 0 1 0 0 0 1 0 0 0 1 0 0 0 1 0 0 0 1 0 0 0 1 0 0 0 1 0 0 0 1 0 0 0 1 0 0 0 1 0 0 0 1 0 0 0 1 0 0 0 1 0 0 0 1 0 0 0 1 0 0 0 1 0 0 0 1 0 0 0 1 0 0 0 1 0 0 0 1 0 0 0 1 0 0 0 1 0 0 0 1 0 0 0 1 0 0 0 1 0 0 0 1 0 0 0 1 0 0 0 1 0 0 0 1 0 0 0 1 0 0 0 1 0 0 0 1 0 0 0 1 0 0 0 1 0 0 0 1 0 0 0 1 0 0 0 1 0 0 0 1 0 0 0 1 0 0 0 1 0 0 0 1 0 0 0 1 0 0 0 1 0 0 0 1 0 0 0 1 0 0 0 1 0 0 0 1 0 0 0 1 0 0 0 1 0 0 0 1 0 0 0 1 0 0 0 1 0 0 0 1 0 0 0 1 0 0 0 1 0 0 0 1 0 0 0 1 0 0 0 1 0 0 0 1 0 0 0 1 0 0 0 1 0 0 0 1 0 0 0 1 0 0 0 1 0 0 0 1 0 0 0 1 0 0 0 1 0 0 0 1 0 0 0 1 0 0 0 1 0 0 0 1 0 0 0 1 0 0 0 1 0 0 0 1 0 0 0 1 0 0 0 1 0 0 0 1 0 0 0 1 0 0 0 1 0 0 0 1 0 0 0 1 0 0 0 1 0 0 0 1 0 0 0 1 0 0 0 1 0 0 0 1 0 0 0 1 0 0 0 1 0 0 0 1 0 0 0 1 0 0 0 1 0 0 0 1 0 0 0 1 0 0 0 1 0 0 0 1 0 0 0 1 0 0 0 1 0 0 0 1 0 0 0 1 0 0 0 1 0 0 0 1 0 0 0 1 0 0 0 1 0 0 0 1 0 0 0 1 0 0 0 1 0 0 0 1 0 0 0 1 0 0 0 1 0 0 0 1 0 0 0 1 0 0 0 1 0 0 0 1 0 0 0 1 0 0 0 1 0 0 0 1 0 0 0 1 0 0 0 1 0 0 0 1 0 0 0 1 0 0 0 1 0 0 0 1 0 0 0 1 0 0 0 1 0 0 0 1 0 0 0 1 0 0 0 1 0 0 0 1 0 0 0 1 0 0 0 1 0 0 0 1 0 0 0 1 0 0 0 1 0 0 0 1 0 0 0 1 0 0 0 1 0 0 0 1 0 0 0 1 0 0 0 1 0 0 0 1 0 0 0 1 0 0 0 1 0 0 0 1 0 0 0 1 0 0 0 1 0 0 0 1 0 0 0 1 0 0 0 1 0 0 0 1 0 0 0 1 0 0 0 1 0 0 0 1 0 0 0 1 0 0 0 1 0 0 0 1 0 0 0 1 0 0 0 1 0 0 0 1 0 0 0 1 0 0 0 1 0 0 0 1 0 0 0 1 0 0 0 1 0 0 0 1 0 0 0 1 0 0 0 1 0 0 0 1 0 0 0 1 0 0 0 1 0 0 0 1 0 0 0 1 0 0 0 1 0 0 0 1 0 0 0 1 0 0 0 1 0 0 0 1 0 0 0 1 0 0 0 1 0 0 0 1 0 0 0 1 0 0 0 1 0 0 0 1 0 0 0 1 0 0 0 1 0 0 0 1 0 0 0 1 0 0 0 1 0 0 0 1 0 0 0 1 0 0 0 1 0 0 0 1 0 0 0 1 0 0 0 1 0 0 0 1 0 0 0 1 0 0 0 1 0 0 0 1 0 0 0 1 0 0 0 1 0 0 0 1 0 0 0 1 0 0 0 1 0 0 0 1 0 0 0 1 0 0 0 1 0 0 0 1 0 0 0 1 0 0 0 1 0 0 0 1 0 0 0 1 0 0 0 1 0 0 0 1 0 0 0 1 0 0 0 1 0 0 0 1 0 0 0 1 0 0 0 1 0 0 0 1 0 0 0 1 0 0 0 1 0 0 0 1 0 0 0 1 0 0 0 1 0 0 0 1 0 0 0 1 0 0 0 1 0 0 0 1 0 0 0 1 0 0 0 1 0 0 0 1 0 0 0 1 0 0 0 1 0 0 0 1 0 0 0 1 0 0 0 1 0 0 0 1 0 0 0 1 0 0 0 1 0 0 0 1 0 0 0 1 0 0 0 1 0 0 0 1 0 0 0 1 0 0 0 1 0 0 0 1 0 0 0 1 0 0 0 1 0 0 0 1 0 0 0 1 0 0 0 1 0 0 0 1 0 0 0 1 0 0 0 1 0 0 0 1 0 0 0 1 0 0 0 1 0 0 0 1 0 0 0 1 0 0 0 1 0 0 0 1 0 0 0 1 0 0 0 1 0 0 0 1 0 0 0 1 0 0 0 1 0 0 0 1 0 0 0 1 0 0 0 1 0 0 0 1 0 0 0 1 0 0 0 1 0 0 0 1 0 0 0 1 0 0 0 1 0 0 0 1 0 0 0 1 0 0 0 1 0 0 0 1 0 0 0 1 0 0 0 1 0 0 0 1 0 0 0 1 0 0 0 1 0 0 0 1 0 0 0 1 0 0 0 1 0 0 0 1 0 0 0 1 0 0 0 1 0 0 0 1 0 0 0 1 0 0 0 1 0 0 0 1 0 0 0 1 0 0 0 1 0 0 0 1 0 0 0 1 0 0 0 1 0 0 0 1 0 0 0 1 0 0 0 1 0 0 0 1 0 0 0 1 0 0 0 1 0 0 0 1 0 0 0 1 0 0 0 1 0 0 0 1 0 0 0 1 0 0 0 1 0 0 0 1 0 0 0 1 0 0 0 1 0 0 0 1 0 0 0 1 0 0 0 1 0 0 0 1 0 0 0 1 0 0 0 1 0 0 0 1 0 0 0 1 0 0 0 1 0 0 0 1 0 0 0 1 0 0 0 1 0 0 0 1 0 0 0 1 0 0 0 1 0 0 0 1 0 0 0 1 0 0 0 1 0 0 0 1 0 0 0 1 0 0 0 1 0 0 0 1 0 0 0 1 0 0 0 1 0 0 0 1 0 0 0 1 0 0 0 1 0 0 0 1 0 0 0 1 0 0 0 1 0 0 0 1 0 0 0 1 0 0 0 1 0 0 0 1 0 0 0 1 0 0 0 1 0 0 0 1 0 0 0 1 0 0 0 1 0 0 0 1 0 0 0 1 0 0 0 1 0 0 0 1 0 0 0 1 0 0 0 1 0 0 0 1 0 0 0 1 0 0 0 1 0 0 0 1 0 0 0 1 0 0 0 1 0 0 0 1 0 0 0 1 0 0 0 1 0 0 0 1 0 0 0 1 0 0 0 1 0 0 0 1 0 0 0 1 0 0 0 1 0 0 0 1 0 0 0 1 0 0 0 1 0 0 0 1 0 0 0 1 0 0 0 1 0 0 0 1 0 0 0 1 0 0 0 1 0 0 0 1 0 0 0 1 0 0 0 1 0 0 0 1 0 0 0 1 0 0 0 1 0 0 0 1 0 0 0 1 0 0 0 1 0 0 0 1 0 0 0 1 0 0 0 1 0 0 0 1 0 0 0 1 0 0 0 1 0 0 0 1 0 0 0 1 0 0 0 1 0 0 0 1 0 0 0 1 0 0 0 1 0 0 0 1 0 0 0 1 0 0 0 1 0 0 0 1 0 0 0 1 0 0 0 1 0 0 0 1 0 0 0 1 0 0 0 1 0 0 0 1 0 0 0 1 0 0 0 1 0 0 0 1 0 0 0 1 0 0 0 1 0 0 0 1 0 0 0 1 0 0 0 1 0 0 0 1 0 0 0 1 0 0 0 1 0 0 0 1 0 0 0 1 0 0 0 1 0 0 0 1 0 0 0 1 0 0 0 1 0 0 0 1 0 0 0 1 0 0 0 1 0 0 0 1 0 0 0 1 0 0 0 1 0 0 0 1 0 0 0 1 0 0 0 1 0 0 0 1 0 0 0 1 0 0 0 1 0 0 0 1 0 0 0 1 0 0 0 1 0 0 0 1 0 0 0 1 0 0 0 1 0 0 0 1 0 0 0 1 0 0 0 1 0 0 0 1 0 0 0 1 0 0 0 1 0 0 0 1 0 0 0 1 0 0 0 1 0 0 0 1 0 0 0 1 0 0 0 1 0 0 0 1 0 0 0 1 0 0 0 1 0 0 0 1 0 0 0 1 0 0 0 1 0 0 0 1 0 0 0 1 0 0 0 1 0 0 0 1 0 0 0 1 0 0 0 1 0 0 0 1 0 0 0 1 0 0 0 1 0 0 0 1 0 0 0 1 0 0 0 1 0 0 0 1 0 0 0 1 0 0 0 1 0 0 0 1 0 0 0 1 0 0 0 1 0 0 0 1 0 0 0 1 0 0 0 1 0 0 0 1 0 0 0 1 0 0 0 1 0 0 0 1 0 0 0 1 0 0 0 1 0 0 0 1 0 0 0 1 0 0 0 1 0 0 0 1 0 0 0 1 0 0 0 1 0 0 0 1 0 0 0 1 0 0 0 1 0 0 0 1 0 0 0 1 0 0 0 1 0 0 0 1 0 0 0 1 0 0 0 1 0 0 0 1 0 0 0 1 0 0 0 1 0 0 0 1 0 0 0 1 0 0 0 1 0 0 0 1 0 0 0 1 0 0 0 1 0 0 0 1 0 0 0 1 0 0 0 1 0 0 0 1 0 0 0 1 0 0 0 1 0 0 0 1 0 0 0 1 0 0 0 1 0 0 0 1 0 0 0 1 0 0 0 1 0 0 0 1 0 0 0 1 0 0 0 1 0 0 0 1 0 0 0 1 0 0 0 1 0 0 0 1 0 0 0 1 0 0 0 1 0 0 0 1 0 0 0 1 0 0 0 1 0 0 0 1 0 0 0 1 0 0 0 1 0 0 0 1 0 0 0 1 0 0 0 1 0 0 0 1 0 0 0 1 0 0 0 1 0 0 0 1 0 0 0 1 0 0 0 1 0 0 0 1 0 0 0 1 0 0 0 1 0 0 0 1 0 0 0 1 0 0 0 1 0 0 0 1 0 0 0 1 0 0 0 1 0 0 0 1 0 0 0 1 0 0 0 1 0 0 0 1 0 0 0 1 0 0 0 1 0 0 0 1 0 0 0 1 0 0 0 1 0 0 0 1 0 0 0 1 0 0 0 1 0 0 0 1 0 0 0 1 0 0 0 1 0 0 0 1 0 0 0 1 0 0 0 1 0 0 0 1 0 0 0 1 0 0 0 1 0 0 0 1 0 0 0 1 0 0 0 1 0 0 0 1 0 0 0 1 0 0 0 1 0 0 0 1 0 0 0 1 0 0 0 1 0 0 0 1 0 0 0 1 0 0 0 1 0 0 0 1 0 0 0 1 0 0 0 1 0 0 0 1 0 0 0 1 0 0 0 1 0 0 0 1 0 0 0 1 0 0 0 1 0 0 0 1 0 0 0 1 0 0 0 1 0 0 0 1 0 0 0 1 0 0 0 1 0 0 0 1 0 0 0 1 0 0 0 1 0 0 0 1 0 0 0 0.9733945 0.02660548 0 0 1 0 0 0 1 0 0 0 1 0 0 0 0.9733945 0.02660548 0 0 1 0 0 0 1 0 0 0 1 0 0 0 1 0 0 0 1 0 0 0 1 0 0 0 1 0 0 0 1 0 0 0 1 0 0 0 1 0 0 0 0.9733945 0.02660548 0 0 1 0 0 0 1 0 0 0 1 0 0 0 1 0 0 0 1 0 0 0 0.9733945 0.02660548 0 0 1 0 0 0 1 0 0 0 1 0 0 0 1 0 0 0 1 0 0 0 0.9733945 0.02660548 0 0 0.9733945 0.02660548 0 0 1 0 0 0 1 0 0 0 1 0 0 0 1 0 0 0 1 0 0 0 1 0 0 0 1 0 0 0 1 0 0 0 1 0 0 0 1 0 0 0 1 0 0 0 1 0 0 0 1 0 0 0 0.998303 0.001697003 0 0 1 0 0 0 0.9889081 0.01109186 0 0 1 0 0 0 1 0 0 0 0.9923319 0.007668161 0 0 0.9889196 0.01108045 0 0 1 0 0 0 1 0 0 0 0.9856339 0.01436607 0 0 0.996467 0.003533023 0 0 1 0 0 0 1 0 0 0 0.9938578 0.006142194 0 0 1 0 0 0 1 0 0 0 1 0 0 0 1 0 0 0 1 0 0 0 1 0 0 0 1 0 0 0 1 0 0 0 1 0 0 0 1 0 0 0 1 0 0 0 1 0 0 0 1 0 0 0 1 0 0 0 1 0 0 0 1 0 0 0 1 0 0 0 1 0 0 0 1 0 0 0 1 0 0 0 1 0 0 0 1 0 0 0 1 0 0 0 0.9989105 0.001089466 0 0 1 0 0 0 1 0 0 0 1 0 0 0 0.997844 0.002156044 0 0 1 0 0 0 0.9987792 0.00122083 0 0 1 0 0 0 0.9980842 0.001915733 0 0 1 0 0 0 1 0 0 0 0.9987283 0.001271706 0 0 1 0 0 0 1 0 0 0 1 0 0 0 0.9988818 0.001118209 0 0 1 0 0 0 0.9983554 0.001644572 0 0 1 0 0 0 1 0 0 0 1 0 0 0 1 0 0 0 1 0 0 0 1 0 0 0 1 0 0 0 1 0 0 0 1 0 0 0 1 0 0 0 1 0 0 0 0.997741 0.002258958 0 0 0.9987366 0.001263448 0 0 0.9863172 0.01368286 0 0 0.9940971 0.005902933 0 0 0.99057 0.009430003 0 0 1 0 0 0 1 0 0 0 1 0 0 0 1 0 0 0 1 0 0 0 1 0 0 0 1 0 0 0 1 0 0 0 1 0 0 0 1 0 0 0 1 0 0 0 1 0 0 0 1 0 0 0 1 0 0 0 1 0 0 0 1 0 0 0 1 0 0 0 1 0 0 0 1 0 0 0 1 0 0 0 1 0 0 0 1 0 0 0 1 0 0 0 1 0 0 0 1 0 0 0 1 0 0 0 1 0 0 0 1 0 0 0 1 0 0 0 1 0 0 0 1 0 0 0 1 0 0 0 1 0 0 0 1 0 0 0 1 0 0 0 1 0 0 0 1 0 0 0 1 0 0 0 1 0 0 0 1 0 0 0 1 0 0 0 1 0 0 0 1 0 0 0 1 0 0 0 1 0 0 0 1 0 0 0 1 0 0 0 1 0 0 0 1 0 0 0 1 0 0 0 1 0 0 0 1 0 0 0 1 0 0 0 1 0 0 0 1 0 0 0 1 0 0 0 1 0 0 0 1 0 0 0 1 0 0 0 1 0 0 0 1 0 0 0 1 0 0 0 1 0 0 0 1 0 0 0 1 0 0 0 1 0 0 0 1 0 0 0 1 0 0 0 1 0 0 0 1 0 0 0 1 0 0 0 1 0 0 0 1 0 0 0 1 0 0 0 1 0 0 0 1 0 0 0 1 0 0 0 1 0 0 0 1 0 0 0 1 0 0 0 1 0 0 0 1 0 0 0 1 0 0 0 1 0 0 0 1 0 0 0  
						</SkinningInfo>
						<Mesh>: 31707 Ch15
							<Bounds>: 0 0.8954579 0.003191315 0.890864 0.9078776 0.1966243
							<Positions>: 0  
							<Colors>: 0  
							<TextureCoords0>: 0  
							<TextureCoords1>: 0  
							<Normals>: 0  
							<SubMeshes>: 2
								<SubMesh>: 0 0  
								<SubMesh>: 1 0  
						</Mesh>
						<Materials>: 2
							<Material>: 0
								<AlbedoColor>: 0.8 0.8 0.8 1
								<EmissiveColor>: 0 0 0 1
								<Glossiness>: 0.4472136
								<Metallic>: 0
								<SpecularHighlight>: 1
								<GlossyReflection>: 1
								<AlbedoMap>: Ch15_1001_Diffuse
								<MetallicMap>: null
								<NormalMap>: Ch15_1001_Normal
								<EmissionMap>: null
								<DetailAlbedoMap>: null
								<DetailNormalMap>: null
							<Material>: 1
								<AlbedoColor>: 0.8 0.8 0.8 1
								<EmissiveColor>: 1 1 1 1
								<Glossiness>: 0.4472136
								<Metallic>: 0
								<SpecularHighlight>: 1
								<GlossyReflection>: 1
								<AlbedoMap>: Ch15_1002_Diffuse
								<MetallicMap>: null
								<NormalMap>: Ch15_1002_Normal
								<EmissionMap>: Ch15_1002_Emissive
								<DetailAlbedoMap>: null
								<DetailNormalMap>: null
						</Materials>
						<Children>: 0
					</Frame>
					<Frame>: 3 0 mixamorig:Hips
						<Transform>: 2.47641E-06 0.9534753 0.004832433 -2.917617E-06 5.015884E-05 -0.001112471 1 1 1 -2.546526E-08 4.377182E-07 -9.708137E-06 1  
						<TransformMatrix>: 1 -1.941627E-05 -8.754358E-07 0 1.941627E-05 1 -5.093903E-08 0 8.754369E-07 5.092203E-08 1 0 2.47641E-06 0.9534753 0.004832433 1  
						<Children>: 3
							<Frame>: 4 0 mixamorig:LeftUpLeg
								<Transform>: -0.1340027 -0.06039596 -0.007268008 359.1977 0.01313202 181.0905 1 1 1 0.0001812128 0.006999587 0.9999302 -0.009516698  
								<TransformMatrix>: -0.9998188 -0.01902953 0.0004956263 0 0.01903461 -0.9997209 0.01399475 0 0.0002291745 0.01400165 0.999902 0 -0.1340027 -0.06039596 -0.007268008 1  
								<Children>: 1
									<Frame>: 5 0 mixamorig:LeftLeg
										<Transform>: 0 0.4106476 -1.410334E-10 354.4239 0.1938626 357.678 1 1 1 -0.04866547 0.0007038749 -0.02015524 0.9986115  
										<TransformMatrix>: 0.9991865 -0.04032302 0.0005559337 0 0.04018601 0.9944509 -0.09722417 0 0.003367524 0.09716742 0.9952623 0 0 0.4106476 -1.410334E-10 1  
										<Children>: 1
											<Frame>: 6 0 mixamorig:LeftFoot
												<Transform>: 1.171359E-10 0.3668282 -9.031002E-10 57.13973 1.155913 358.0193 1 1 1 0.4779811 0.01712276 -0.02000178 0.8779754  
												<TransformMatrix>: 0.9986135 -0.01875344 -0.04918767 0 0.05149085 0.542268 0.8386263 0 0.01094577 -0.8399963 0.5424818 0 1.171359E-10 0.3668282 -9.031002E-10 1  
												<Children>: 1
													<Frame>: 7 0 mixamorig:LeftToeBase
														<Transform>: 1.179705E-10 0.1780802 1.199634E-09 37.88591 1.563621 -2.704434E-07 1 1 1 0.3245964 0.01290578 -0.00442945 0.9457542  
														<TransformMatrix>: 0.9996276 -3.72529E-09 -0.02728695 0 0.01675668 0.7892351 0.6138626 0 0.02153582 -0.6140912 0.7889412 0 1.179705E-10 0.1780802 1.199634E-09 1  
														<Children>: 1
															<Frame>: 8 0 mixamorig:LeftToe_End
																<Transform>: -5.441381E-11 0.07206394 -1.125402E-11 0 0 0 1 1 1 0 0 0 1  
																<TransformMatrix>: 1 0 0 0 0 1 0 0 0 0 1 0 -5.441381E-11 0.07206394 -1.125402E-11 1  
																<Children>: 0
															</Frame>
													</Frame>
											</Frame>
									</Frame>
							</Frame>
							<Frame>: 9 0 mixamorig:RightUpLeg
								<Transform>: 0.1340027 -0.06039596 -0.007971215 359.2961 359.9861 178.9116 1 1 1 -0.0001792422 0.006140906 0.999936 0.009498902  
								<TransformMatrix>: -0.9998196 0.01899439 -0.0004751251 0 -0.01899879 -0.9997443 0.01227762 0 -0.0002417977 0.01228443 0.9999245 0 0.1340027 -0.06039596 -0.007971215 1  
								<Children>: 1
									<Frame>: 10 0 mixamorig:RightLeg
										<Transform>: 0 0.4106505 -4.326274E-11 354.7412 359.8177 2.320861 1 1 1 -0.04589856 -0.0006601705 0.02015762 0.9987425  
										<TransformMatrix>: 0.9991865 0.04032514 -0.0005317305 0 -0.04020394 0.994974 -0.0917083 0 -0.003169092 0.09165508 0.9957858 0 0 0.4106505 -4.326274E-11 1  
										<Children>: 1
											<Frame>: 11 0 mixamorig:RightFoot
												<Transform>: -2.16837E-10 0.3666973 -7.25601E-10 57.02869 355.3725 358.7482 1 1 1 0.4773487 -0.03026171 0.009680472 0.8781394  
												<TransformMatrix>: 0.997981 -0.01188916 0.06238992 0 -0.04589238 0.5440891 0.8377714 0 -0.04390608 -0.8389432 0.542445 0 -2.16837E-10 0.3666973 -7.25601E-10 1  
												<Children>: 1
													<Frame>: 12 0 mixamorig:RightToeBase
														<Transform>: -1.035291E-10 0.1784883 -7.240182E-09 37.78276 358.4827 6.751636E-08 1 1 1 0.3237467 -0.01252734 0.004286961 0.9460512  
														<TransformMatrix>: 0.9996493 9.313226E-10 0.02647879 0 -0.01622274 0.7903395 0.6124544 0 -0.02092723 -0.6126692 0.7900624 0 -1.035291E-10 0.1784883 -7.240182E-09 1  
														<Children>: 1
															<Frame>: 13 0 mixamorig:RightToe_End
																<Transform>: -2.089541E-11 0.07267511 6.675902E-12 0 0 0 1 1 1 0 0 0 1  
																<TransformMatrix>: 1 0 0 0 0 1 0 0 0 0 1 0 -2.089541E-11 0.07267511 6.675902E-12 1  
																<Children>: 0
															</Frame>
													</Frame>
											</Frame>
									</Frame>
							</Frame>
							<Frame>: 14 0 mixamorig:Spine
								<Transform>: 0 0.1087127 -0.0095144 354.9983 -0.0001475206 0.001116723 1 1 1 -0.04363427 -8.609073E-07 9.67979E-06 0.9990476  
								<TransformMatrix>: 1 1.941627E-05 8.754336E-07 0 -1.926601E-05 0.9961921 -0.08718541 0 -2.564916E-06 0.08718541 0.9961921 0 0 0.1087127 -0.0095144 1  
								<Children>: 1
									<Frame>: 15 0 mixamorig:Spine1
										<Transform>: 0 0.1273163 7.130271E-10 -7.951387E-16 -1.16816E-11 7.744174E-11 1 1 1 -6.938894E-18 -1.019412E-13 6.758067E-13 1  
										<TransformMatrix>: 1 1.351613E-12 2.038823E-13 0 -1.351613E-12 1 -1.387779E-17 0 -2.038823E-13 1.387779E-17 1 0 0 0.1273163 7.130271E-10 1  
										<Children>: 1
											<Frame>: 16 0 mixamorig:Spine2
												<Transform>: 0 0.1455044 -2.818632E-10 -7.951387E-16 -7.231744E-28 -2.214722E-27 1 1 1 -6.938894E-18 -6.310887E-30 -1.932709E-29 1  
												<TransformMatrix>: 1 -3.865418E-29 1.262177E-29 0 3.865418E-29 1 -1.387779E-17 0 -1.262177E-29 1.387779E-17 1 0 0 0.1455044 -2.818632E-10 1  
												<Children>: 3
													<Frame>: 17 0 mixamorig:LeftShoulder
														<Transform>: -0.07670616 0.1426041 -0.003436967 76.63064 87.0623 179.2884 1 1 1 0.5431805 -0.4461275 0.5661803 0.4305406  
														<TransformMatrix>: -0.0391798 0.002871633 0.9992281 0 -0.9721827 -0.2312105 -0.03745469 0 0.2309242 -0.9728997 0.01185036 0 -0.07670616 0.1426041 -0.003436967 1  
														<Children>: 1
															<Frame>: 18 0 mixamorig:LeftArm
																<Transform>: -0.002684089 0.1258347 0.01716999 348.7442 0.4849088 357.662 1 1 1 -0.0981323 0.002209609 -0.01988831 0.9949722  
																<TransformMatrix>: 0.9991992 -0.04001029 -0.0004936294 0 0.03914296 0.979949 -0.1953657 0 0.00830037 0.1951899 0.9807304 0 -0.002684089 0.1258347 0.01716999 1  
																<Children>: 1
																	<Frame>: 19 0 mixamorig:LeftForeArm
																		<Transform>: 9.129065E-05 0.2493829 -0.009080708 357.9146 0.04685055 359.9774 1 1 1 -0.01819799 0.0004051836 -0.0001901802 0.9998344  
																		<TransformMatrix>: 0.9999996 -0.0003950445 -0.0008033111 0 0.0003655504 0.9993376 -0.0363901 0 0.0008171547 0.03638979 0.9993373 0 9.129065E-05 0.2493829 -0.009080708 1  
																		<Children>: 1
																			<Frame>: 20 0 mixamorig:LeftHand
																				<Transform>: -4.334011E-10 0.2481004 -1.042061E-09 0.3711965 355.9784 5.287043 1 1 1 0.001615549 -0.03519966 0.04620668 0.9983103  
																				<TransformMatrix>: 0.9932519 0.09214348 0.07042966 0 -0.09237094 0.9957247 -2.728147E-05 0 -0.07013107 -0.006478556 0.9975168 0 -4.334011E-10 0.2481004 -1.042061E-09 1  
																				<Children>: 5
																					<Frame>: 21 0 mixamorig:LeftHandIndex1
																						<Transform>: 0.03535614 0.1029047 0.0008335298 359.6322 0.05402582 354.0967 1 1 1 -0.00322991 0.0003055495 -0.05149118 0.9986682  
																						<TransformMatrix>: 0.9946972 -0.1028472 -0.0002776615 0 0.1028432 0.9946765 -0.006482683 0 0.0009429089 0.006419751 0.999979 0 0.03535614 0.1029047 0.0008335298 1  
																						<Children>: 1
																							<Frame>: 22 0 mixamorig:LeftHandIndex2
																								<Transform>: -0.0003593773 0.03339123 -1.688218E-10 0.000336881 359.9686 0.9117479 1 1 1 7.602989E-07 -0.0002739382 0.007956417 0.9999683  
																								<TransformMatrix>: 0.9998732 0.01591233 0.0005478711 0 -0.01591233 0.9998734 -2.838583E-06 0 -0.0005478469 -5.879683E-06 0.9999998 0 -0.0003593773 0.03339123 -1.688218E-10 1  
																								<Children>: 1
																									<Frame>: 23 0 mixamorig:LeftHandIndex3
																										<Transform>: 0.0001705402 0.0331277 -7.518E-10 -3.081939E-06 0.007927607 0.1062934 1 1 1 3.727664E-08 6.918141E-05 0.0009275847 0.9999996  
																										<TransformMatrix>: 0.9999983 0.001855168 -0.0001383627 0 -0.001855168 0.9999983 2.028965E-07 0 0.0001383628 5.378998E-08 1 0 0.0001705402 0.0331277 -7.518E-10 1  
																										<Children>: 1
																											<Frame>: 24 0 mixamorig:LeftHandIndex4
																												<Transform>: 0.0001888366 0.02693398 9.708145E-11 0 0 0 1 1 1 0 0 0 1  
																												<TransformMatrix>: 1 0 0 0 0 1 0 0 0 0 1 0 0.0001888366 0.02693398 9.708145E-11 1  
																												<Children>: 0
																											</Frame>
																									</Frame>
																							</Frame>
																					</Frame>
																					<Frame>: 25 0 mixamorig:LeftHandMiddle1
																						<Transform>: 0.01024001 0.1106564 -0.0007201232 359.6302 0.03272503 354.3382 1 1 1 -0.003236793 0.0001258721 -0.04938715 0.9987745  
																						<TransformMatrix>: 0.9951218 -0.09865405 6.827631E-05 0 0.09865243 0.9951009 -0.006478086 0 0.0005711475 0.006453219 0.999979 0 0.01024001 0.1106564 -0.0007201232 1  
																						<Children>: 1
																							<Frame>: 26 0 mixamorig:LeftHandMiddle2
																								<Transform>: -0.0002277814 0.03486525 7.496237E-10 6.847055E-05 359.9871 0.5705953 1 1 1 3.528771E-08 -0.0001129122 0.004979363 0.9999876  
																								<TransformMatrix>: 0.9999504 0.009958602 0.000225822 0 -0.009958602 0.9999504 -1.053888E-06 0 -0.0002258213 -1.195037E-06 1 0 -0.0002277814 0.03486525 7.496237E-10 1  
																								<Children>: 1
																									<Frame>: 27 0 mixamorig:LeftHandMiddle3
																										<Transform>: 0.0001143374 0.03333781 4.691901E-10 4.421289E-05 0.002033637 0.03671423 1 1 1 3.915162E-07 1.774671E-05 0.0003203921 0.9999999  
																										<TransformMatrix>: 0.9999998 0.0006407841 -3.549317E-05 0 -0.0006407841 0.9999998 7.944041E-07 0 3.549367E-05 -7.716604E-07 1 0 0.0001143374 0.03333781 4.691901E-10 1  
																										<Children>: 1
																											<Frame>: 28 0 mixamorig:LeftHandMiddle4
																												<Transform>: 0.0001134442 0.02783091 9.288459E-10 0 0 0 1 1 1 0 0 0 1  
																												<TransformMatrix>: 1 0 0 0 0 1 0 0 0 0 1 0 0.0001134442 0.02783091 9.288459E-10 1  
																												<Children>: 0
																											</Frame>
																									</Frame>
																							</Frame>
																					</Frame>
																					<Frame>: 29 0 mixamorig:LeftHandPinky1
																						<Transform>: -0.03261792 0.09494009 -0.001102499 359.6826 0.5982071 354.5846 1 1 1 -0.003013351 0.005083621 -0.04722541 0.9988668  
																						<TransformMatrix>: 0.9954878 -0.09437442 -0.009871108 0 0.09431314 0.9955214 -0.006500024 0 0.01044033 0.00553972 0.9999301 0 -0.03261792 0.09494009 -0.001102499 1  
																						<Children>: 1
																							<Frame>: 30 0 mixamorig:LeftHandPinky2
																								<Transform>: -5.951696E-05 0.02752865 2.586205E-11 -3.262252E-05 0.03907626 0.6537745 1 1 1 1.660829E-06 0.0003410007 0.005705228 0.9999837  
																								<TransformMatrix>: 0.9999347 0.01141027 -0.0006819713 0 -0.01141027 0.9999349 7.212577E-06 0 0.0006820093 5.693703E-07 0.9999998 0 -5.951696E-05 0.02752865 2.586205E-11 1  
																								<Children>: 1
																									<Frame>: 31 0 mixamorig:LeftHandPinky3
																										<Transform>: 0.0002310465 0.02502313 5.050342E-10 2.255133E-05 0.003369636 358.9215 1 1 1 -7.995826E-08 2.940617E-05 -0.009411365 0.9999557  
																										<TransformMatrix>: 0.9998229 -0.0188219 -5.880824E-05 0 0.0188219 0.9998229 -7.134139E-07 0 5.881125E-05 -3.93595E-07 1 0 0.0002310465 0.02502313 5.050342E-10 1  
																										<Children>: 1
																											<Frame>: 32 0 mixamorig:LeftHandPinky4
																												<Transform>: -0.0001715297 0.01793109 2.286217E-10 0 0 0 1 1 1 0 0 0 1  
																												<TransformMatrix>: 1 0 0 0 0 1 0 0 0 0 1 0 -0.0001715297 0.01793109 2.286217E-10 1  
																												<Children>: 0
																											</Frame>
																									</Frame>
																							</Frame>
																					</Frame>
																					<Frame>: 33 0 mixamorig:LeftHandRing1
																						<Transform>: -0.01297824 0.1132935 -0.001383728 359.685 0.6248876 354.8657 1 1 1 -0.002990253 0.005324534 -0.04477474 0.9989784  
																						<TransformMatrix>: 0.9959338 -0.08948984 -0.01037041 0 0.08942615 0.9959726 -0.006451205 0 0.01090597 0.005497587 0.9999254 0 -0.01297824 0.1132935 -0.001383728 1  
																						<Children>: 1
																							<Frame>: 34 0 mixamorig:LeftHandRing2
																								<Transform>: 7.51496E-05 0.02748911 1.060355E-09 -1.160906E-06 0.003994003 0.07538524 1 1 1 1.279841E-08 3.485425E-05 0.0006578602 0.9999998  
																								<TransformMatrix>: 0.9999991 0.00131572 -6.970848E-05 0 -0.00131572 0.9999991 7.145527E-08 0 6.970851E-05 2.026164E-08 1 0 7.51496E-05 0.02748911 1.060355E-09 1  
																								<Children>: 1
																									<Frame>: 35 0 mixamorig:LeftHandRing3
																										<Transform>: 0.0001081195 0.0267039 -1.53839E-10 4.639577E-05 0.02061836 359.3165 1 1 1 -6.683846E-07 0.0001799284 -0.005964886 0.9999822  
																										<TransformMatrix>: 0.9999288 -0.01192956 -0.0003598424 0 0.01192956 0.9999288 -3.48325E-06 0 0.0003598583 -8.097589E-07 0.9999999 0 0.0001081195 0.0267039 -1.53839E-10 1  
																										<Children>: 1
																											<Frame>: 36 0 mixamorig:LeftHandRing4
																												<Transform>: -0.0001832687 0.02320568 7.130126E-11 0 0 0 1 1 1 0 0 0 1  
																												<TransformMatrix>: 1 0 0 0 0 1 0 0 0 0 1 0 -0.0001832687 0.02320568 7.130126E-11 1  
																												<Children>: 0
																											</Frame>
																									</Frame>
																							</Frame>
																					</Frame>
																					<Frame>: 37 0 mixamorig:LeftHandThumb1
																						<Transform>: 0.02984703 0.03328346 0.01067988 22.15783 343.9771 333.7728 1 1 1 0.2163548 -0.09003464 -0.1943981 0.9525197  
																						<TransformMatrix>: 0.9082062 -0.409295 0.08740161 0 0.3313773 0.8307999 0.4471695 0 -0.2556375 -0.3771593 0.8901687 0 0.02984703 0.03328346 0.01067988 1  
																						<Children>: 1
																							<Frame>: 38 0 mixamorig:LeftHandThumb2
																								<Transform>: 0.007215567 0.0360564 9.725716E-10 0.2125366 1.061902 348.1897 1 1 1 0.0008914339 0.009408334 -0.1028944 0.9946474  
																								<TransformMatrix>: 0.9786485 -0.2046705 -0.0188994 0 0.204704 0.9788239 -0.0001628046 0 0.0185325 -0.003709454 0.9998214 0 0.007215567 0.0360564 9.725716E-10 1  
																								<Children>: 1
																									<Frame>: 39 0 mixamorig:LeftHandThumb3
																										<Transform>: -0.0003167852 0.03668723 -5.730527E-10 359.9825 2.028708 346.875 1 1 1 -0.002175405 0.01756939 -0.1142667 0.9932924  
																										<TransformMatrix>: 0.9732689 -0.227077 -0.03440594 0 0.2269241 0.9738768 -0.008336822 0 0.03540025 0.0003064326 0.9993732 0 -0.0003167852 0.03668723 -5.730527E-10 1  
																										<Children>: 1
																											<Frame>: 40 0 mixamorig:LeftHandThumb4
																												<Transform>: -0.006898788 0.02847444 1.400712E-09 0 0 0 1 1 1 0 0 0 1  
																												<TransformMatrix>: 1 0 0 0 0 1 0 0 0 0 1 0 -0.006898788 0.02847444 1.400712E-09 1  
																												<Children>: 0
																											</Frame>
																									</Frame>
																							</Frame>
																					</Frame>
																			</Frame>
																	</Frame>
															</Frame>
													</Frame>
													<Frame>: 41 0 mixamorig:Neck
														<Transform>: 0 0.1636923 -4.000827E-09 5.00171 4.904048E-12 2.648267E-11 1 1 1 0.0436343 3.267103E-14 2.290174E-13 0.9990476  
														<TransformMatrix>: 1 4.604498E-13 -4.52938E-14 0 -4.547474E-13 0.9961921 0.08718548 0 8.526585E-14 -0.08718548 0.9961921 0 0 0.1636923 -4.000827E-09 1  
														<Children>: 1
															<Frame>: 42 0 mixamorig:Head
																<Transform>: 0 0.06116714 0.02423307 0 0 1.872354E-34 1 1 1 0 0 1.633937E-36 1  
																<TransformMatrix>: 1 3.267874E-36 0 0 -3.267874E-36 1 0 0 0 0 1 0 0 0.06116714 0.02423307 1  
																<Children>: 1
																	<Frame>: 43 0 mixamorig:HeadTop_End
																		<Transform>: 0 0.2371275 0.09394469 7.951387E-16 0 0 1 1 1 6.938894E-18 0 0 1  
																		<TransformMatrix>: 1 0 0 0 0 1 1.387779E-17 0 0 -1.387779E-17 1 0 0 0.2371275 0.09394469 1  
																		<Children>: 0
																	</Frame>
															</Frame>
													</Frame>
													<Frame>: 44 0 mixamorig:RightShoulder
														<Transform>: 0.07670616 0.1423277 -0.0002784547 76.4548 270.0723 179.8824 1 1 1 -0.5546756 -0.4383917 0.5562742 -0.4366999  
														<TransformMatrix>: -0.00325644 0.0004805624 -0.9999946 0 0.97218 -0.2342119 -0.003278375 0 -0.2342122 -0.9721854 0.0002955198 0 0.07670616 0.1423277 -0.0002784547 1  
														<Children>: 1
															<Frame>: 45 0 mixamorig:RightArm
																<Transform>: 0.00994322 0.1256711 0.01656346 348.3051 0.3629647 357.2126 1 1 1 -0.1019262 0.000672107 -0.02387291 0.9945052  
																<TransformMatrix>: 0.9988593 -0.04762048 0.003529723 0 0.04734645 0.9780822 -0.2027644 0 0.006203379 0.2027002 0.9792212 0 0.00994322 0.1256711 0.01656346 1  
																<Children>: 1
																	<Frame>: 46 0 mixamorig:RightForeArm
																		<Transform>: -0.01257083 0.249098 -0.008060717 358.1536 359.8601 2.892085 1 1 1 -0.01613819 -0.0008134055 0.02521257 0.9995515  
																		<TransformMatrix>: 0.9987273 0.05042878 0.0008123109 0 -0.05037628 0.9982077 -0.03230292 0 -0.002439852 0.03222089 0.9994778 0 -0.01257083 0.249098 -0.008060717 1  
																		<Children>: 1
																			<Frame>: 47 0 mixamorig:RightHand
																				<Transform>: -1.749795E-10 0.2481196 3.393683E-10 0.8694333 3.500006 355.886 1 1 1 0.006482618 0.03079022 -0.0361078 0.9988524  
																				<TransformMatrix>: 0.9954964 -0.07173353 -0.06197792 0 0.07253193 0.9973084 0.01072682 0 0.06104162 -0.01517389 0.9980199 0 -1.749795E-10 0.2481196 3.393683E-10 1  
																				<Children>: 5
																					<Frame>: 48 0 mixamorig:RightHandIndex1
																						<Transform>: -0.03502077 0.1067519 0.0005310999 359.134 359.9203 4.524957 1 1 1 -0.007578859 -0.0003970502 0.03947104 0.9991919  
																						<TransformMatrix>: 0.9968837 0.07888431 0.0001951678 0 -0.07887227 0.9967692 -0.01517681 0 -0.00139175 0.01511412 0.9998848 0 -0.03502077 0.1067519 0.0005310999 1  
																						<Children>: 1
																							<Frame>: 49 0 mixamorig:RightHandIndex2
																								<Transform>: 0.0002412998 0.03366283 9.210333E-10 0.0001438176 0.02163409 359.4371 1 1 1 3.276615E-07 0.000188797 -0.004912091 0.999988  
																								<TransformMatrix>: 0.9999517 -0.009824064 -0.0003775926 0 0.009824064 0.9999517 -1.199461E-06 0 0.0003775862 -2.510091E-06 0.9999999 0 0.0002412998 0.03366283 9.210333E-10 1  
																								<Children>: 1
																									<Frame>: 50 0 mixamorig:RightHandIndex3
																										<Transform>: -8.420341E-05 0.03151953 -2.36839E-09 2.57431E-05 359.9859 359.8009 1 1 1 4.385545E-07 -0.0001231017 -0.001737611 0.9999985  
																										<TransformMatrix>: 0.9999939 -0.003475217 0.0002462015 0 0.003475217 0.999994 1.304914E-06 0 -0.0002462046 -4.493019E-07 0.9999999 0 -8.420341E-05 0.03151953 -2.36839E-09 1  
																										<Children>: 1
																											<Frame>: 51 0 mixamorig:RightHandIndex4
																												<Transform>: -0.0001570943 0.02556778 -9.548216E-11 0 0 0 1 1 1 0 0 0 1  
																												<TransformMatrix>: 1 0 0 0 0 1 0 0 0 0 1 0 -0.0001570943 0.02556778 -9.548216E-11 1  
																												<Children>: 0
																											</Frame>
																									</Frame>
																							</Frame>
																					</Frame>
																					<Frame>: 52 0 mixamorig:RightHandMiddle1
																						<Transform>: -0.00859887 0.1195504 -0.001818983 359.1312 359.959 4.123609 1 1 1 -0.007589353 -8.434439E-05 0.03597376 0.9993239  
																						<TransformMatrix>: 0.9974118 0.07190017 -0.0003774605 0 -0.0718976 0.9972966 -0.01517451 0 -0.00071461 0.01516238 0.9998848 0 -0.00859887 0.1195504 -0.001818983 1  
																						<Children>: 1
																							<Frame>: 53 0 mixamorig:RightHandMiddle2
																								<Transform>: 5.203323E-06 0.03070264 7.228306E-10 -7.074169E-06 359.9657 359.5394 1 1 1 1.140697E-06 -0.0002991338 -0.004019678 0.9999919  
																								<TransformMatrix>: 0.9999675 -0.008039291 0.0005982536 0 0.008039289 0.9999677 4.686218E-06 0 -0.000598272 1.234675E-07 0.9999998 0 5.203323E-06 0.03070264 7.228306E-10 1  
																								<Children>: 1
																									<Frame>: 54 0 mixamorig:RightHandMiddle3
																										<Transform>: -0.0002518079 0.03199291 -2.783563E-10 0.0002609872 359.9612 1.113818 1 1 1 -1.017379E-06 -0.0003389877 0.009719745 0.9999527  
																										<TransformMatrix>: 0.9998108 0.01943857 0.0006779234 0 -0.01943857 0.9998111 -8.624408E-06 0 -0.000677963 -4.555086E-06 0.9999998 0 -0.0002518079 0.03199291 -2.783563E-10 1  
																										<Children>: 1
																											<Frame>: 55 0 mixamorig:RightHandMiddle4
																												<Transform>: 0.0002466039 0.02135968 4.745345E-11 0 0 0 1 1 1 0 0 0 1  
																												<TransformMatrix>: 1 0 0 0 0 1 0 0 0 0 1 0 0.0002466039 0.02135968 4.745345E-11 1  
																												<Children>: 0
																											</Frame>
																									</Frame>
																							</Frame>
																					</Frame>
																					<Frame>: 56 0 mixamorig:RightHandPinky1
																						<Transform>: 0.03038237 0.09039024 -0.001747454 359.1673 359.4588 4.181191 1 1 1 -0.007434084 -0.004454586 0.03644401 0.9992982  
																						<TransformMatrix>: 0.997304 0.0729031 0.008361063 0 -0.07277064 0.9972332 -0.01518242 0 -0.009444774 0.01453305 0.9998498 0 0.03038237 0.09039024 -0.001747454 1  
																						<Children>: 1
																							<Frame>: 57 0 mixamorig:RightHandPinky2
																								<Transform>: 3.123525E-05 0.02984967 8.015695E-10 2.046504E-05 359.9843 359.6711 1 1 1 5.720836E-07 -0.0001370897 -0.002870311 0.9999959  
																								<TransformMatrix>: 0.9999835 -0.005740598 0.000274175 0 0.005740598 0.9999835 1.931143E-06 0 -0.0002741816 -3.571823E-07 0.9999999 0 3.123525E-05 0.02984967 8.015695E-10 1  
																								<Children>: 1
																									<Frame>: 58 0 mixamorig:RightHandPinky3
																										<Transform>: -0.0001206613 0.02573152 -2.74174E-10 2.9727E-05 0.0001878549 0.5371844 1 1 1 2.670991E-07 1.638109E-06 0.004687801 0.999989  
																										<TransformMatrix>: 0.9999561 0.009375499 -3.273679E-06 0 -0.009375499 0.9999561 5.495505E-07 0 3.278687E-06 -5.18834E-07 1 0 -0.0001206613 0.02573152 -2.74174E-10 1  
																										<Children>: 1
																											<Frame>: 59 0 mixamorig:RightHandPinky4
																												<Transform>: 8.942615E-05 0.019043 -1.288762E-10 0 0 0 1 1 1 0 0 0 1  
																												<TransformMatrix>: 1 0 0 0 0 1 0 0 0 0 1 0 8.942615E-05 0.019043 -1.288762E-10 1  
																												<Children>: 0
																											</Frame>
																									</Frame>
																							</Frame>
																					</Frame>
																					<Frame>: 60 0 mixamorig:RightHandRing1
																						<Transform>: 0.01323727 0.1240205 0.0008643078 359.147 359.7403 4.046871 1 1 1 -0.007519057 -0.002002126 0.03529035 0.9993469  
																						<TransformMatrix>: 0.9975012 0.0705647 0.003470936 0 -0.07050449 0.9973961 -0.0151696 0 -0.004532336 0.01488698 0.9998789 0 0.01323727 0.1240205 0.0008643078 1  
																						<Children>: 1
																							<Frame>: 61 0 mixamorig:RightHandRing2
																								<Transform>: -3.10114E-05 0.025134 1.996517E-10 -6.969104E-06 -0.005684159 359.8778 1 1 1 -7.930406E-09 -4.960369E-05 -0.001066181 0.9999995  
																								<TransformMatrix>: 0.9999977 -0.002132361 9.920734E-05 0 0.002132361 0.9999977 8.991221E-08 0 -9.920731E-05 1.216338E-07 1 0 -3.10114E-05 0.025134 1.996517E-10 1  
																								<Children>: 1
																									<Frame>: 62 0 mixamorig:RightHandRing3
																										<Transform>: -7.862796E-05 0.02347059 6.970683E-10 0.0001148759 359.978 0.5833494 1 1 1 2.420374E-08 -0.000192171 0.005090662 0.9999871  
																										<TransformMatrix>: 0.9999481 0.01018119 0.0003843372 0 -0.01018119 0.9999481 -1.908148E-06 0 -0.0003843368 -2.004962E-06 0.9999999 0 -7.862796E-05 0.02347059 6.970683E-10 1  
																										<Children>: 1
																											<Frame>: 63 0 mixamorig:RightHandRing4
																												<Transform>: 0.0001096391 0.01613894 -1.49592E-11 0 0 0 1 1 1 0 0 0 1  
																												<TransformMatrix>: 1 0 0 0 0 1 0 0 0 0 1 0 0.0001096391 0.01613894 -1.49592E-11 1  
																												<Children>: 0
																											</Frame>
																									</Frame>
																							</Frame>
																					</Frame>
																					<Frame>: 64 0 mixamorig:RightHandThumb1
																						<Transform>: -0.03041437 0.03360931 0.01238048 21.86912 15.14629 24.47014 1 1 1 0.2111849 0.08661136 0.181829 0.9564715  
																						<TransformMatrix>: 0.9188734 0.3844106 -0.08888353 0 -0.3112465 0.8446783 0.4354815 0 0.2424817 -0.3724877 0.8957989 0 -0.03041437 0.03360931 0.01238048 1  
																						<Children>: 1
																							<Frame>: 65 0 mixamorig:RightHandThumb2
																								<Transform>: -0.007701923 0.03679318 -9.618532E-11 0.1050236 359.4983 15.28507 1 1 1 0.0003261258 -0.004460911 0.1329948 0.9911066  
																								<TransformMatrix>: 0.9645849 0.2636212 0.008929224 0 -0.2636271 0.9646245 -0.0005401056 0 -0.008755731 -0.001833007 0.99996 0 -0.007701923 0.03679318 -9.618532E-11 1  
																								<Children>: 1
																									<Frame>: 66 0 mixamorig:RightHandThumb3
																										<Transform>: 0.002163303 0.03574977 5.364711E-11 359.8742 357.921 7.983473 1 1 1 -0.002357965 -0.01802145 0.06958123 0.9974108  
																										<TransformMatrix>: 0.9896674 0.1388871 0.03562143 0 -0.1387172 0.9903058 -0.007211627 0 -0.03627771 0.00219581 0.9993393 0 0.002163303 0.03574977 5.364711E-11 1  
																										<Children>: 1
																											<Frame>: 67 0 mixamorig:RightHandThumb4
																												<Transform>: 0.005538614 0.02736288 -4.369403E-10 0 0 0 1 1 1 0 0 0 1  
																												<TransformMatrix>: 1 0 0 0 0 1 0 0 0 0 1 0 0.005538614 0.02736288 -4.369403E-10 1  
																												<Children>: 0
																											</Frame>
																									</Frame>
																							</Frame>
																					</Frame>
																			</Frame>
																	</Frame>
															</Frame>
													</Frame>
											</Frame>
									</Frame>
							</Frame>
					</Frame>
			</Frame>
	</Frame>
</Hierarchy>
